{
"type": "FeatureCollection",
"name": "s24p_blocks",
"crs": { "type": "name", "properties": { "name": "urn:ogc:def:crs:OGC:1.3:CRS84" } },
"xy_coordinate_resolution": 1e-06,
"features": [
{ "type": "Feature", "properties": { "census2011_code": "02412", "block_name": "Thakurpukur Mahestola", "geoboundaries_shape_id": "7132399B61821868380391", "area_km2": 96.0, "land_area_km2": 96.0, "water_area_km2": 0.0 }, "geometry": { "type": "Polygon", "coordinates": [ [ [ 88.244157, 22.546711 ], [ 88.246604, 22.545602 ], [ 88.249254, 22.543862 ], [ 88.249797, 22.543742 ], [ 88.250471, 22.543992 ], [ 88.251348, 22.544192 ], [ 88.254878, 22.545 ], [ 88.255073, 22.545044 ], [ 88.255018, 22.544124 ], [ 88.25513, 22.543078 ], [ 88.255275, 22.542843 ], [ 88.255549, 22.542397 ], [ 88.256336, 22.542023 ], [ 88.25797, 22.541333 ], [ 88.258105, 22.541124 ], [ 88.2583, 22.540822 ], [ 88.258564, 22.539803 ], [ 88.25816, 22.538715 ], [ 88.257331, 22.537818 ], [ 88.256449, 22.53774 ], [ 88.256021, 22.537377 ], [ 88.25581, 22.537008 ], [ 88.255619, 22.536674 ], [ 88.255677, 22.536278 ], [ 88.256162, 22.536217 ], [ 88.256803, 22.536551 ], [ 88.257441, 22.536546 ], [ 88.258072, 22.535779 ], [ 88.258435, 22.535074 ], [ 88.258699, 22.53456 ], [ 88.259689, 22.53314 ], [ 88.260101, 22.532905 ], [ 88.260293, 22.532796 ], [ 88.26072, 22.532934 ], [ 88.260969, 22.533638 ], [ 88.260855, 22.53443 ], [ 88.261088, 22.534641 ], [ 88.262391, 22.534291 ], [ 88.263454, 22.534283 ], [ 88.264247, 22.534616 ], [ 88.264684, 22.535855 ], [ 88.265058, 22.536954 ], [ 88.265627, 22.537352 ], [ 88.265728, 22.537356 ], [ 88.266385, 22.537612 ], [ 88.267161, 22.537643 ], [ 88.267305, 22.537715 ], [ 88.26778, 22.537951 ], [ 88.268168, 22.538144 ], [ 88.268617, 22.53819 ], [ 88.269171, 22.538249 ], [ 88.270353, 22.537844 ], [ 88.270779, 22.537925 ], [ 88.270877, 22.538744 ], [ 88.271246, 22.539192 ], [ 88.271702, 22.539217 ], [ 88.272489, 22.539375 ], [ 88.272799, 22.54005 ], [ 88.272873, 22.540141 ], [ 88.273167, 22.540499 ], [ 88.273419, 22.540618 ], [ 88.274686, 22.540296 ], [ 88.275182, 22.54155 ], [ 88.275545, 22.542259 ], [ 88.275799, 22.542568 ], [ 88.275914, 22.542595 ], [ 88.277565, 22.542978 ], [ 88.27823, 22.54274 ], [ 88.278772, 22.541825 ], [ 88.279684, 22.540623 ], [ 88.280424, 22.540371 ], [ 88.282384, 22.539703 ], [ 88.285434, 22.537924 ], [ 88.286806, 22.53764 ], [ 88.289621, 22.537058 ], [ 88.290024, 22.536188 ], [ 88.29085, 22.531968 ], [ 88.290816, 22.531737 ], [ 88.290718, 22.531004 ], [ 88.291163, 22.529871 ], [ 88.290855, 22.529421 ], [ 88.289567, 22.528132 ], [ 88.289196, 22.527401 ], [ 88.289432, 22.526637 ], [ 88.289884, 22.526294 ], [ 88.290015, 22.526121 ], [ 88.290265, 22.525793 ], [ 88.290844, 22.525031 ], [ 88.290624, 22.524299 ], [ 88.290161, 22.523455 ], [ 88.290156, 22.522975 ], [ 88.290155, 22.522967 ], [ 88.289962, 22.521649 ], [ 88.290023, 22.520935 ], [ 88.290044, 22.520688 ], [ 88.290315, 22.52008 ], [ 88.290461, 22.519753 ], [ 88.291152, 22.518928 ], [ 88.291395, 22.518359 ], [ 88.291479, 22.518163 ], [ 88.291651, 22.517089 ], [ 88.292227, 22.516915 ], [ 88.292392, 22.516949 ], [ 88.292879, 22.517049 ], [ 88.297455, 22.514791 ], [ 88.300394, 22.514466 ], [ 88.299867, 22.51072 ], [ 88.29878, 22.507482 ], [ 88.300035, 22.506702 ], [ 88.300646, 22.505383 ], [ 88.300216, 22.504443 ], [ 88.299831, 22.5036 ], [ 88.297399, 22.500624 ], [ 88.29269, 22.493644 ], [ 88.291064, 22.492657 ], [ 88.2894, 22.492597 ], [ 88.28789, 22.491511 ], [ 88.286897, 22.488689 ], [ 88.286385, 22.487639 ], [ 88.281686, 22.488398 ], [ 88.277866, 22.489394 ], [ 88.272652, 22.491057 ], [ 88.272639, 22.491134 ], [ 88.272396, 22.49155 ], [ 88.272051, 22.491835 ], [ 88.271258, 22.491775 ], [ 88.270703, 22.491577 ], [ 88.270113, 22.491515 ], [ 88.2698, 22.491232 ], [ 88.269326, 22.49024 ], [ 88.26971, 22.489372 ], [ 88.270362, 22.487771 ], [ 88.271943, 22.48679 ], [ 88.273213, 22.486224 ], [ 88.273832, 22.485584 ], [ 88.274468, 22.483915 ], [ 88.275815, 22.483075 ], [ 88.276172, 22.481944 ], [ 88.276377, 22.478648 ], [ 88.275992, 22.475577 ], [ 88.27705, 22.474977 ], [ 88.278884, 22.474464 ], [ 88.283837, 22.471985 ], [ 88.285789, 22.470359 ], [ 88.288617, 22.466236 ], [ 88.289015, 22.464308 ], [ 88.288938, 22.462971 ], [ 88.288702, 22.462278 ], [ 88.28867, 22.462183 ], [ 88.288521, 22.461745 ], [ 88.287457, 22.458866 ], [ 88.28794, 22.458416 ], [ 88.287519, 22.456937 ], [ 88.286296, 22.453901 ], [ 88.287603, 22.453696 ], [ 88.287833, 22.453823 ], [ 88.288438, 22.453935 ], [ 88.288986, 22.453655 ], [ 88.289625, 22.453071 ], [ 88.289813, 22.453404 ], [ 88.289454, 22.454785 ], [ 88.290041, 22.455328 ], [ 88.290846, 22.455623 ], [ 88.292353, 22.45543 ], [ 88.292561, 22.455403 ], [ 88.293392, 22.45521 ], [ 88.294636, 22.454921 ], [ 88.295117, 22.454949 ], [ 88.296297, 22.455016 ], [ 88.29859, 22.455067 ], [ 88.300265, 22.455456 ], [ 88.302675, 22.455421 ], [ 88.303666, 22.455598 ], [ 88.303838, 22.457005 ], [ 88.303841, 22.457031 ], [ 88.303905, 22.457548 ], [ 88.303995, 22.45828 ], [ 88.304713, 22.459039 ], [ 88.305588, 22.458809 ], [ 88.306223, 22.459012 ], [ 88.307331, 22.459365 ], [ 88.308536, 22.458973 ], [ 88.309291, 22.457496 ], [ 88.30948, 22.457127 ], [ 88.309709, 22.456976 ], [ 88.310296, 22.45659 ], [ 88.310976, 22.456468 ], [ 88.311996, 22.456617 ], [ 88.313356, 22.456785 ], [ 88.31425, 22.456785 ], [ 88.314718, 22.456824 ], [ 88.314734, 22.456773 ], [ 88.315314, 22.456151 ], [ 88.316116, 22.455814 ], [ 88.318487, 22.455206 ], [ 88.320167, 22.455172 ], [ 88.322101, 22.455238 ], [ 88.324431, 22.455351 ], [ 88.324384, 22.456026 ], [ 88.324439, 22.456147 ], [ 88.32498, 22.457337 ], [ 88.325262, 22.457982 ], [ 88.325307, 22.459418 ], [ 88.325598, 22.460295 ], [ 88.326154, 22.460377 ], [ 88.327688, 22.459896 ], [ 88.328225, 22.459949 ], [ 88.328539, 22.460048 ], [ 88.328897, 22.460476 ], [ 88.329254, 22.462506 ], [ 88.329437, 22.463401 ], [ 88.329091, 22.463819 ], [ 88.32893, 22.463856 ], [ 88.328419, 22.463715 ], [ 88.327973, 22.464025 ], [ 88.327502, 22.464968 ], [ 88.327619, 22.465627 ], [ 88.327604, 22.466131 ], [ 88.327083, 22.467297 ], [ 88.326684, 22.46794 ], [ 88.327416, 22.46801 ], [ 88.328672, 22.468033 ], [ 88.32896, 22.468038 ], [ 88.331186, 22.467673 ], [ 88.33257, 22.467429 ], [ 88.333511, 22.467183 ], [ 88.33303, 22.466897 ], [ 88.332835, 22.466711 ], [ 88.331686, 22.465614 ], [ 88.331629, 22.465559 ], [ 88.331136, 22.46406 ], [ 88.331725, 22.463244 ], [ 88.332048, 22.463018 ], [ 88.332441, 22.462268 ], [ 88.332835, 22.462108 ], [ 88.334105, 22.461591 ], [ 88.334171, 22.461564 ], [ 88.334228, 22.461576 ], [ 88.334315, 22.461594 ], [ 88.335992, 22.460692 ], [ 88.336068, 22.460695 ], [ 88.337533, 22.460748 ], [ 88.338762, 22.460792 ], [ 88.341104, 22.461198 ], [ 88.341889, 22.460646 ], [ 88.342347, 22.459632 ], [ 88.341988, 22.458267 ], [ 88.340084, 22.457361 ], [ 88.3395, 22.456374 ], [ 88.340014, 22.455684 ], [ 88.341354, 22.455153 ], [ 88.342023, 22.455177 ], [ 88.344124, 22.455252 ], [ 88.34487, 22.455314 ], [ 88.345711, 22.455385 ], [ 88.346819, 22.455477 ], [ 88.34762, 22.455758 ], [ 88.34928, 22.456338 ], [ 88.349988, 22.456782 ], [ 88.350172, 22.456827 ], [ 88.350614, 22.454882 ], [ 88.350629, 22.454816 ], [ 88.351137, 22.452578 ], [ 88.351361, 22.45226 ], [ 88.351851, 22.451567 ], [ 88.352423, 22.450756 ], [ 88.353145, 22.449733 ], [ 88.353008, 22.449381 ], [ 88.35294, 22.449207 ], [ 88.352881, 22.449055 ], [ 88.352599, 22.447963 ], [ 88.352817, 22.446501 ], [ 88.352181, 22.444433 ], [ 88.351352, 22.443223 ], [ 88.351211, 22.442966 ], [ 88.35107, 22.44271 ], [ 88.351234, 22.441928 ], [ 88.351356, 22.440765 ], [ 88.351448, 22.439703 ], [ 88.351015, 22.438857 ], [ 88.350679, 22.436771 ], [ 88.350068, 22.434781 ], [ 88.349785, 22.434293 ], [ 88.348751, 22.433532 ], [ 88.347672, 22.433924 ], [ 88.346722, 22.433926 ], [ 88.344722, 22.433879 ], [ 88.343412, 22.434636 ], [ 88.342725, 22.435193 ], [ 88.342033, 22.436374 ], [ 88.34136, 22.437524 ], [ 88.341123, 22.437768 ], [ 88.338286, 22.440692 ], [ 88.336604, 22.441249 ], [ 88.335509, 22.44129 ], [ 88.334231, 22.441149 ], [ 88.333086, 22.440614 ], [ 88.332356, 22.440442 ], [ 88.330502, 22.440442 ], [ 88.330066, 22.440366 ], [ 88.329629, 22.440289 ], [ 88.328807, 22.440005 ], [ 88.327955, 22.439952 ], [ 88.326886, 22.439886 ], [ 88.325043, 22.439064 ], [ 88.32416, 22.438951 ], [ 88.320679, 22.439877 ], [ 88.31999, 22.439861 ], [ 88.319425, 22.439824 ], [ 88.317066, 22.440029 ], [ 88.316959, 22.44007 ], [ 88.316621, 22.440201 ], [ 88.314175, 22.44115 ], [ 88.31303, 22.441594 ], [ 88.312631, 22.441748 ], [ 88.311161, 22.442086 ], [ 88.309823, 22.442393 ], [ 88.30515, 22.442519 ], [ 88.303714, 22.442649 ], [ 88.300649, 22.44347 ], [ 88.300142, 22.443295 ], [ 88.299898, 22.442937 ], [ 88.299469, 22.441319 ], [ 88.29899, 22.44112 ], [ 88.298487, 22.441208 ], [ 88.29532, 22.442047 ], [ 88.294397, 22.442291 ], [ 88.293456, 22.442835 ], [ 88.293432, 22.442668 ], [ 88.293503, 22.442365 ], [ 88.293667, 22.44227 ], [ 88.29246, 22.440889 ], [ 88.290938, 22.439147 ], [ 88.290094, 22.438448 ], [ 88.290076, 22.438251 ], [ 88.290058, 22.438061 ], [ 88.290025, 22.437931 ], [ 88.292472, 22.437424 ], [ 88.292564, 22.437405 ], [ 88.295001, 22.436482 ], [ 88.295118, 22.436298 ], [ 88.295397, 22.435814 ], [ 88.295463, 22.432627 ], [ 88.295709, 22.432117 ], [ 88.296006, 22.431857 ], [ 88.296902, 22.431612 ], [ 88.297159, 22.430986 ], [ 88.297316, 22.43025 ], [ 88.297359, 22.429256 ], [ 88.29736, 22.429223 ], [ 88.297504, 22.425921 ], [ 88.297529, 22.425209 ], [ 88.297387, 22.424961 ], [ 88.296998, 22.424975 ], [ 88.295929, 22.425229 ], [ 88.295884, 22.42524 ], [ 88.295461, 22.425125 ], [ 88.294817, 22.424549 ], [ 88.294434, 22.424549 ], [ 88.294315, 22.424549 ], [ 88.294022, 22.424671 ], [ 88.293165, 22.425576 ], [ 88.292961, 22.425792 ], [ 88.292639, 22.426131 ], [ 88.291146, 22.426974 ], [ 88.28916, 22.427182 ], [ 88.287787, 22.427217 ], [ 88.287372, 22.427061 ], [ 88.286946, 22.426901 ], [ 88.286905, 22.426849 ], [ 88.285578, 22.425176 ], [ 88.285273, 22.42439 ], [ 88.285327, 22.424126 ], [ 88.285582, 22.423503 ], [ 88.285779, 22.422721 ], [ 88.285619, 22.422461 ], [ 88.284901, 22.422425 ], [ 88.284072, 22.421972 ], [ 88.283314, 22.421875 ], [ 88.282609, 22.422075 ], [ 88.281705, 22.422879 ], [ 88.28095, 22.42355 ], [ 88.277935, 22.425289 ], [ 88.275727, 22.426563 ], [ 88.27411, 22.427442 ], [ 88.273945, 22.427446 ], [ 88.273479, 22.427457 ], [ 88.273135, 22.427133 ], [ 88.27308, 22.426929 ], [ 88.273049, 22.426815 ], [ 88.273109, 22.426049 ], [ 88.272841, 22.425381 ], [ 88.272433, 22.42504 ], [ 88.27158, 22.424914 ], [ 88.271187, 22.424604 ], [ 88.271168, 22.424227 ], [ 88.270859, 22.423829 ], [ 88.270269, 22.423589 ], [ 88.269825, 22.422871 ], [ 88.269537, 22.421918 ], [ 88.269572, 22.420942 ], [ 88.269853, 22.420696 ], [ 88.271442, 22.419807 ], [ 88.271653, 22.419475 ], [ 88.271985, 22.4174 ], [ 88.271807, 22.416923 ], [ 88.271656, 22.416618 ], [ 88.270754, 22.416113 ], [ 88.270616, 22.41589 ], [ 88.270353, 22.413594 ], [ 88.27031, 22.413464 ], [ 88.27024, 22.413252 ], [ 88.269797, 22.412927 ], [ 88.269449, 22.412878 ], [ 88.268486, 22.413232 ], [ 88.268219, 22.413042 ], [ 88.268051, 22.41255 ], [ 88.268145, 22.411139 ], [ 88.267751, 22.410824 ], [ 88.266798, 22.410598 ], [ 88.266296, 22.41025 ], [ 88.266124, 22.409372 ], [ 88.266268, 22.40814 ], [ 88.266345, 22.407491 ], [ 88.265918, 22.406896 ], [ 88.265504, 22.406756 ], [ 88.265422, 22.406744 ], [ 88.264725, 22.406646 ], [ 88.264154, 22.406789 ], [ 88.263405, 22.4077 ], [ 88.263156, 22.407784 ], [ 88.262644, 22.408303 ], [ 88.259312, 22.407983 ], [ 88.259284, 22.407981 ], [ 88.258865, 22.407941 ], [ 88.257287, 22.408367 ], [ 88.256232, 22.409102 ], [ 88.255662, 22.409499 ], [ 88.25532, 22.410184 ], [ 88.255194, 22.410437 ], [ 88.255167, 22.410899 ], [ 88.255137, 22.411426 ], [ 88.2558, 22.412695 ], [ 88.256283, 22.414514 ], [ 88.256137, 22.415793 ], [ 88.255592, 22.418602 ], [ 88.255551, 22.418816 ], [ 88.255584, 22.419668 ], [ 88.255625, 22.419742 ], [ 88.255906, 22.420243 ], [ 88.256139, 22.420497 ], [ 88.256748, 22.4205 ], [ 88.257569, 22.420295 ], [ 88.25793, 22.420319 ], [ 88.258845, 22.421243 ], [ 88.259207, 22.421476 ], [ 88.259272, 22.42165 ], [ 88.259036, 22.421869 ], [ 88.258481, 22.42228 ], [ 88.258428, 22.422404 ], [ 88.25817, 22.423014 ], [ 88.258164, 22.423186 ], [ 88.25853, 22.423287 ], [ 88.258772, 22.423293 ], [ 88.259424, 22.422964 ], [ 88.25975, 22.422985 ], [ 88.260012, 22.42323 ], [ 88.260325, 22.423237 ], [ 88.260905, 22.421742 ], [ 88.261066, 22.421203 ], [ 88.261711, 22.421073 ], [ 88.262426, 22.421395 ], [ 88.262587, 22.42165 ], [ 88.262727, 22.423297 ], [ 88.263033, 22.425235 ], [ 88.263464, 22.426478 ], [ 88.264505, 22.429027 ], [ 88.264892, 22.429658 ], [ 88.265392, 22.430151 ], [ 88.265825, 22.430723 ], [ 88.265931, 22.431367 ], [ 88.264406, 22.433636 ], [ 88.26389, 22.434205 ], [ 88.263418, 22.434134 ], [ 88.261973, 22.433558 ], [ 88.261063, 22.433075 ], [ 88.260649, 22.433205 ], [ 88.260378, 22.43354 ], [ 88.259799, 22.434669 ], [ 88.258626, 22.435515 ], [ 88.257972, 22.435819 ], [ 88.257672, 22.43643 ], [ 88.258137, 22.437817 ], [ 88.258119, 22.438315 ], [ 88.257656, 22.438683 ], [ 88.257466, 22.43912 ], [ 88.257691, 22.439705 ], [ 88.258403, 22.440439 ], [ 88.258825, 22.441471 ], [ 88.259028, 22.442208 ], [ 88.258909, 22.442864 ], [ 88.258818, 22.443186 ], [ 88.258347, 22.444441 ], [ 88.258225, 22.444766 ], [ 88.257664, 22.445258 ], [ 88.257237, 22.445327 ], [ 88.256687, 22.445519 ], [ 88.255543, 22.446186 ], [ 88.254015, 22.447143 ], [ 88.252777, 22.447587 ], [ 88.249623, 22.447405 ], [ 88.248713, 22.447139 ], [ 88.246854, 22.446135 ], [ 88.245311, 22.445731 ], [ 88.244309, 22.445445 ], [ 88.243874, 22.445539 ], [ 88.242032, 22.44614 ], [ 88.241322, 22.446071 ], [ 88.240917, 22.445834 ], [ 88.23951, 22.444265 ], [ 88.238886, 22.444407 ], [ 88.238562, 22.444556 ], [ 88.238532, 22.444869 ], [ 88.238513, 22.445375 ], [ 88.238351, 22.44572 ], [ 88.237898, 22.446017 ], [ 88.237327, 22.446538 ], [ 88.237019, 22.447106 ], [ 88.235893, 22.447696 ], [ 88.235645, 22.449047 ], [ 88.235962, 22.449465 ], [ 88.236597, 22.449625 ], [ 88.238172, 22.449478 ], [ 88.23834, 22.449708 ], [ 88.238667, 22.451073 ], [ 88.239201, 22.452833 ], [ 88.239021, 22.453528 ], [ 88.238663, 22.453663 ], [ 88.237938, 22.453522 ], [ 88.237472, 22.452956 ], [ 88.237143, 22.452269 ], [ 88.236171, 22.451629 ], [ 88.234153, 22.449977 ], [ 88.233364, 22.449793 ], [ 88.232319, 22.450134 ], [ 88.229282, 22.451025 ], [ 88.229059, 22.451013 ], [ 88.228498, 22.451258 ], [ 88.227248, 22.452201 ], [ 88.226549, 22.452098 ], [ 88.224853, 22.45167 ], [ 88.223323, 22.451275 ], [ 88.221142, 22.450787 ], [ 88.219507, 22.450323 ], [ 88.218033, 22.449626 ], [ 88.217768, 22.449599 ], [ 88.217734, 22.449859 ], [ 88.217838, 22.451152 ], [ 88.217813, 22.451847 ], [ 88.217943, 22.452369 ], [ 88.218525, 22.452852 ], [ 88.218848, 22.453264 ], [ 88.221031, 22.459726 ], [ 88.2212, 22.460108 ], [ 88.221758, 22.460405 ], [ 88.223185, 22.461383 ], [ 88.223339, 22.461998 ], [ 88.223373, 22.463377 ], [ 88.223375, 22.463464 ], [ 88.223505, 22.463993 ], [ 88.226401, 22.469151 ], [ 88.226851, 22.469876 ], [ 88.228121, 22.471921 ], [ 88.229009, 22.474531 ], [ 88.229108, 22.474822 ], [ 88.229701, 22.475407 ], [ 88.230759, 22.475971 ], [ 88.230907, 22.47605 ], [ 88.231476, 22.477428 ], [ 88.231901, 22.483536 ], [ 88.231774, 22.484732 ], [ 88.231539, 22.485039 ], [ 88.230271, 22.485231 ], [ 88.227705, 22.485585 ], [ 88.227178, 22.485884 ], [ 88.226969, 22.486003 ], [ 88.226924, 22.486073 ], [ 88.226577, 22.486609 ], [ 88.226636, 22.48768 ], [ 88.226301, 22.488324 ], [ 88.225882, 22.488586 ], [ 88.223846, 22.488666 ], [ 88.222528, 22.488412 ], [ 88.220296, 22.487457 ], [ 88.219762, 22.487532 ], [ 88.219269, 22.487601 ], [ 88.218438, 22.487717 ], [ 88.21769, 22.487782 ], [ 88.21616, 22.488868 ], [ 88.215429, 22.489237 ], [ 88.213202, 22.48954 ], [ 88.212977, 22.489618 ], [ 88.210167, 22.490606 ], [ 88.209663, 22.49049 ], [ 88.209341, 22.490148 ], [ 88.209321, 22.487733 ], [ 88.209185, 22.487317 ], [ 88.208288, 22.486359 ], [ 88.207479, 22.485987 ], [ 88.206137, 22.485926 ], [ 88.20513, 22.485881 ], [ 88.204888, 22.485831 ], [ 88.204258, 22.485701 ], [ 88.202961, 22.486523 ], [ 88.202016, 22.487122 ], [ 88.201555, 22.487415 ], [ 88.201165, 22.487662 ], [ 88.19952, 22.488469 ], [ 88.198575, 22.489429 ], [ 88.198372, 22.490161 ], [ 88.198687, 22.491206 ], [ 88.198667, 22.493031 ], [ 88.198198, 22.494376 ], [ 88.197669, 22.496017 ], [ 88.197588, 22.496888 ], [ 88.198401, 22.498333 ], [ 88.198761, 22.499867 ], [ 88.198612, 22.50082 ], [ 88.19709, 22.502421 ], [ 88.196774, 22.502924 ], [ 88.195623, 22.503108 ], [ 88.194594, 22.503742 ], [ 88.192815, 22.505183 ], [ 88.194656, 22.506962 ], [ 88.194896, 22.507165 ], [ 88.199976, 22.511458 ], [ 88.200343, 22.511769 ], [ 88.200771, 22.512004 ], [ 88.204317, 22.513951 ], [ 88.204318, 22.513951 ], [ 88.207339, 22.515611 ], [ 88.209246, 22.516658 ], [ 88.209276, 22.516674 ], [ 88.21069, 22.517457 ], [ 88.211124, 22.517697 ], [ 88.213472, 22.517964 ], [ 88.219914, 22.518698 ], [ 88.222836, 22.518572 ], [ 88.228901, 22.518536 ], [ 88.229094, 22.518535 ], [ 88.230166, 22.518806 ], [ 88.233171, 22.519566 ], [ 88.239161, 22.523225 ], [ 88.241175, 22.52572 ], [ 88.241483, 22.526792 ], [ 88.241792, 22.527864 ], [ 88.241677, 22.528556 ], [ 88.242203, 22.529279 ], [ 88.241176, 22.53517 ], [ 88.234891, 22.545538 ], [ 88.23469, 22.545869 ], [ 88.234358, 22.546417 ], [ 88.234098, 22.546846 ], [ 88.234, 22.547329 ], [ 88.233724, 22.548689 ], [ 88.233643, 22.549089 ], [ 88.235376, 22.548952 ], [ 88.237379, 22.548444 ], [ 88.244157, 22.546711 ] ] ] } },
{ "type": "Feature", "properties": { "census2011_code": "02413", "block_name": "Budge Budge-I", "geoboundaries_shape_id": "7132399B15579509596825", "area_km2": 53.1, "land_area_km2": 53.1, "water_area_km2": 0.0 }, "geometry": { "type": "Polygon", "coordinates": [ [ [ 88.15061, 22.47608 ], [ 88.155773, 22.475846 ], [ 88.155889, 22.475841 ], [ 88.158809, 22.476182 ], [ 88.161917, 22.4768 ], [ 88.168754, 22.480408 ], [ 88.169027, 22.48114 ], [ 88.176865, 22.487372 ], [ 88.179839, 22.489891 ], [ 88.181821, 22.491633 ], [ 88.183076, 22.494017 ], [ 88.184343, 22.49593 ], [ 88.185611, 22.497844 ], [ 88.186662, 22.499233 ], [ 88.189315, 22.501799 ], [ 88.192519, 22.504898 ], [ 88.192522, 22.5049 ], [ 88.192815, 22.505183 ], [ 88.194594, 22.503742 ], [ 88.195623, 22.503108 ], [ 88.196774, 22.502924 ], [ 88.19709, 22.502421 ], [ 88.198612, 22.50082 ], [ 88.198761, 22.499867 ], [ 88.198401, 22.498333 ], [ 88.197588, 22.496888 ], [ 88.197669, 22.496017 ], [ 88.198198, 22.494376 ], [ 88.198667, 22.493031 ], [ 88.198687, 22.491206 ], [ 88.198372, 22.490161 ], [ 88.198575, 22.489429 ], [ 88.19952, 22.488469 ], [ 88.201165, 22.487662 ], [ 88.201555, 22.487415 ], [ 88.202016, 22.487122 ], [ 88.202961, 22.486523 ], [ 88.204258, 22.485701 ], [ 88.204888, 22.485831 ], [ 88.20513, 22.485881 ], [ 88.206137, 22.485926 ], [ 88.207479, 22.485987 ], [ 88.208288, 22.486359 ], [ 88.209185, 22.487317 ], [ 88.209321, 22.487733 ], [ 88.209341, 22.490148 ], [ 88.209663, 22.49049 ], [ 88.210167, 22.490606 ], [ 88.212977, 22.489618 ], [ 88.213202, 22.48954 ], [ 88.215429, 22.489237 ], [ 88.21616, 22.488868 ], [ 88.21769, 22.487782 ], [ 88.218438, 22.487717 ], [ 88.219269, 22.487601 ], [ 88.219762, 22.487532 ], [ 88.220296, 22.487457 ], [ 88.222528, 22.488412 ], [ 88.223846, 22.488666 ], [ 88.225882, 22.488586 ], [ 88.226301, 22.488324 ], [ 88.226636, 22.48768 ], [ 88.226577, 22.486609 ], [ 88.226924, 22.486073 ], [ 88.226969, 22.486003 ], [ 88.227178, 22.485884 ], [ 88.227705, 22.485585 ], [ 88.230271, 22.485231 ], [ 88.231539, 22.485039 ], [ 88.231774, 22.484732 ], [ 88.231901, 22.483536 ], [ 88.231476, 22.477428 ], [ 88.230907, 22.47605 ], [ 88.230759, 22.475971 ], [ 88.229701, 22.475407 ], [ 88.229108, 22.474822 ], [ 88.229009, 22.474531 ], [ 88.228121, 22.471921 ], [ 88.226851, 22.469876 ], [ 88.226401, 22.469151 ], [ 88.223505, 22.463993 ], [ 88.223375, 22.463464 ], [ 88.223373, 22.463377 ], [ 88.223339, 22.461998 ], [ 88.223185, 22.461383 ], [ 88.221758, 22.460405 ], [ 88.2212, 22.460108 ], [ 88.221031, 22.459726 ], [ 88.218848, 22.453264 ], [ 88.218525, 22.452852 ], [ 88.217943, 22.452369 ], [ 88.217813, 22.451847 ], [ 88.217838, 22.451152 ], [ 88.217734, 22.449859 ], [ 88.217768, 22.449599 ], [ 88.217248, 22.44954 ], [ 88.21604, 22.449424 ], [ 88.215678, 22.449273 ], [ 88.215332, 22.448058 ], [ 88.215308, 22.447803 ], [ 88.215273, 22.447834 ], [ 88.214927, 22.448004 ], [ 88.21384, 22.447623 ], [ 88.212905, 22.447481 ], [ 88.21221, 22.447687 ], [ 88.21196, 22.448234 ], [ 88.212036, 22.449261 ], [ 88.211981, 22.449827 ], [ 88.211711, 22.449865 ], [ 88.211471, 22.449682 ], [ 88.210988, 22.449191 ], [ 88.210775, 22.449026 ], [ 88.210163, 22.44855 ], [ 88.208528, 22.447897 ], [ 88.207616, 22.447855 ], [ 88.207206, 22.447613 ], [ 88.207095, 22.447176 ], [ 88.206679, 22.447018 ], [ 88.20655, 22.446969 ], [ 88.205867, 22.446943 ], [ 88.204489, 22.44689 ], [ 88.202902, 22.446863 ], [ 88.202654, 22.446943 ], [ 88.201863, 22.4472 ], [ 88.200662, 22.447854 ], [ 88.199922, 22.447934 ], [ 88.199629, 22.447888 ], [ 88.198872, 22.447769 ], [ 88.196098, 22.447518 ], [ 88.19403, 22.447125 ], [ 88.192303, 22.44685 ], [ 88.191105, 22.446124 ], [ 88.189175, 22.444316 ], [ 88.188898, 22.444008 ], [ 88.188825, 22.443341 ], [ 88.189201, 22.441842 ], [ 88.18906, 22.441174 ], [ 88.188538, 22.440309 ], [ 88.187992, 22.439766 ], [ 88.188002, 22.438773 ], [ 88.187712, 22.438646 ], [ 88.187684, 22.438634 ], [ 88.187621, 22.438635 ], [ 88.186312, 22.439132 ], [ 88.185602, 22.439674 ], [ 88.185353, 22.439825 ], [ 88.184884, 22.439923 ], [ 88.18384, 22.439596 ], [ 88.183058, 22.43976 ], [ 88.182697, 22.440498 ], [ 88.182552, 22.441027 ], [ 88.182082, 22.441096 ], [ 88.180849, 22.440773 ], [ 88.180067, 22.442368 ], [ 88.179638, 22.442874 ], [ 88.17968, 22.44337 ], [ 88.17999, 22.444218 ], [ 88.180366, 22.445158 ], [ 88.180077, 22.446002 ], [ 88.179071, 22.446664 ], [ 88.177396, 22.447121 ], [ 88.175725, 22.447085 ], [ 88.174429, 22.447114 ], [ 88.173733, 22.447043 ], [ 88.173356, 22.44675 ], [ 88.172295, 22.446903 ], [ 88.170923, 22.447708 ], [ 88.170275, 22.44768 ], [ 88.169755, 22.447218 ], [ 88.169361, 22.446151 ], [ 88.169309, 22.446125 ], [ 88.168519, 22.445739 ], [ 88.167174, 22.44564 ], [ 88.165917, 22.445324 ], [ 88.164643, 22.444233 ], [ 88.163927, 22.443259 ], [ 88.163234, 22.445426 ], [ 88.162235, 22.446352 ], [ 88.161129, 22.446549 ], [ 88.160607, 22.4467 ], [ 88.159688, 22.445499 ], [ 88.159365, 22.444461 ], [ 88.159154, 22.443386 ], [ 88.158943, 22.442277 ], [ 88.158953, 22.441023 ], [ 88.159266, 22.439937 ], [ 88.160236, 22.439776 ], [ 88.16144, 22.439993 ], [ 88.1624, 22.439345 ], [ 88.163218, 22.43879 ], [ 88.164355, 22.43841 ], [ 88.16514, 22.437611 ], [ 88.165613, 22.436499 ], [ 88.165514, 22.435471 ], [ 88.16545, 22.434336 ], [ 88.165054, 22.43367 ], [ 88.164992, 22.432958 ], [ 88.164952, 22.432501 ], [ 88.164698, 22.431405 ], [ 88.164828, 22.430337 ], [ 88.164012, 22.429716 ], [ 88.163186, 22.429056 ], [ 88.162177, 22.428923 ], [ 88.16222, 22.42763 ], [ 88.161916, 22.426836 ], [ 88.160907, 22.426702 ], [ 88.159999, 22.426811 ], [ 88.159005, 22.426277 ], [ 88.157802, 22.426036 ], [ 88.15665, 22.425951 ], [ 88.155722, 22.426238 ], [ 88.155382, 22.427114 ], [ 88.155435, 22.428405 ], [ 88.154475, 22.428359 ], [ 88.153207, 22.42841 ], [ 88.152996, 22.427524 ], [ 88.152465, 22.426811 ], [ 88.152015, 22.426303 ], [ 88.151388, 22.4258 ], [ 88.150993, 22.425127 ], [ 88.150768, 22.424234 ], [ 88.150411, 22.423996 ], [ 88.149943, 22.424007 ], [ 88.148852, 22.423704 ], [ 88.14811, 22.423258 ], [ 88.147981, 22.422689 ], [ 88.147684, 22.422293 ], [ 88.147558, 22.422126 ], [ 88.14679, 22.421816 ], [ 88.146496, 22.421795 ], [ 88.146012, 22.422405 ], [ 88.145625, 22.423503 ], [ 88.14545, 22.423534 ], [ 88.145331, 22.423428 ], [ 88.144033, 22.421687 ], [ 88.143718, 22.421444 ], [ 88.142512, 22.422849 ], [ 88.139828, 22.424817 ], [ 88.138737, 22.426949 ], [ 88.136236, 22.429687 ], [ 88.131756, 22.434592 ], [ 88.12587, 22.441036 ], [ 88.125518, 22.441422 ], [ 88.125266, 22.44187 ], [ 88.12108, 22.449346 ], [ 88.120852, 22.449752 ], [ 88.120717, 22.450191 ], [ 88.117757, 22.45985 ], [ 88.117618, 22.460302 ], [ 88.118144, 22.463798 ], [ 88.118486, 22.466069 ], [ 88.118555, 22.466525 ], [ 88.120194, 22.467859 ], [ 88.120195, 22.467859 ], [ 88.126774, 22.473212 ], [ 88.127095, 22.473473 ], [ 88.127708, 22.473972 ], [ 88.128216, 22.474109 ], [ 88.138318, 22.476845 ], [ 88.141813, 22.476416 ], [ 88.147095, 22.476087 ], [ 88.15061, 22.47608 ] ] ] } },
{ "type": "Feature", "properties": { "census2011_code": "02414", "block_name": "Budge Budge-II", "geoboundaries_shape_id": "7132399B37107523777269", "area_km2": 88.9, "land_area_km2": 88.9, "water_area_km2": 0.0 }, "geometry": { "type": "Polygon", "coordinates": [ [ [ 88.116626, 22.38846 ], [ 88.120689, 22.389064 ], [ 88.121523, 22.389187 ], [ 88.125724, 22.39029 ], [ 88.126164, 22.390443 ], [ 88.126939, 22.390711 ], [ 88.131014, 22.393386 ], [ 88.134724, 22.396574 ], [ 88.134784, 22.396625 ], [ 88.137476, 22.398939 ], [ 88.138219, 22.399577 ], [ 88.141147, 22.40339 ], [ 88.143394, 22.408592 ], [ 88.145125, 22.416023 ], [ 88.14512, 22.418649 ], [ 88.144043, 22.421065 ], [ 88.143718, 22.421444 ], [ 88.144033, 22.421687 ], [ 88.145331, 22.423428 ], [ 88.14545, 22.423534 ], [ 88.145625, 22.423503 ], [ 88.146012, 22.422405 ], [ 88.146496, 22.421795 ], [ 88.14679, 22.421816 ], [ 88.147558, 22.422126 ], [ 88.147684, 22.422293 ], [ 88.147981, 22.422689 ], [ 88.14811, 22.423258 ], [ 88.148852, 22.423704 ], [ 88.149943, 22.424007 ], [ 88.150411, 22.423996 ], [ 88.150768, 22.424234 ], [ 88.150993, 22.425127 ], [ 88.151388, 22.4258 ], [ 88.152015, 22.426303 ], [ 88.152465, 22.426811 ], [ 88.152996, 22.427524 ], [ 88.153207, 22.42841 ], [ 88.154475, 22.428359 ], [ 88.155435, 22.428405 ], [ 88.155382, 22.427114 ], [ 88.155722, 22.426238 ], [ 88.15665, 22.425951 ], [ 88.157802, 22.426036 ], [ 88.159005, 22.426277 ], [ 88.159999, 22.426811 ], [ 88.160907, 22.426702 ], [ 88.161916, 22.426836 ], [ 88.16222, 22.42763 ], [ 88.162177, 22.428923 ], [ 88.163186, 22.429056 ], [ 88.164012, 22.429716 ], [ 88.164828, 22.430337 ], [ 88.164698, 22.431405 ], [ 88.164952, 22.432501 ], [ 88.164992, 22.432958 ], [ 88.165054, 22.43367 ], [ 88.16545, 22.434336 ], [ 88.165514, 22.435471 ], [ 88.165613, 22.436499 ], [ 88.16514, 22.437611 ], [ 88.164355, 22.43841 ], [ 88.163218, 22.43879 ], [ 88.1624, 22.439345 ], [ 88.16144, 22.439993 ], [ 88.160236, 22.439776 ], [ 88.159266, 22.439937 ], [ 88.158953, 22.441023 ], [ 88.158943, 22.442277 ], [ 88.159154, 22.443386 ], [ 88.159365, 22.444461 ], [ 88.159688, 22.445499 ], [ 88.160607, 22.4467 ], [ 88.161129, 22.446549 ], [ 88.162235, 22.446352 ], [ 88.163234, 22.445426 ], [ 88.163927, 22.443259 ], [ 88.164643, 22.444233 ], [ 88.165917, 22.445324 ], [ 88.167174, 22.44564 ], [ 88.168519, 22.445739 ], [ 88.169309, 22.446125 ], [ 88.169361, 22.446151 ], [ 88.169755, 22.447218 ], [ 88.170275, 22.44768 ], [ 88.170923, 22.447708 ], [ 88.172295, 22.446903 ], [ 88.173356, 22.44675 ], [ 88.173733, 22.447043 ], [ 88.174429, 22.447114 ], [ 88.175725, 22.447085 ], [ 88.177396, 22.447121 ], [ 88.179071, 22.446664 ], [ 88.180077, 22.446002 ], [ 88.180366, 22.445158 ], [ 88.17999, 22.444218 ], [ 88.17968, 22.44337 ], [ 88.179638, 22.442874 ], [ 88.180067, 22.442368 ], [ 88.180849, 22.440773 ], [ 88.182082, 22.441096 ], [ 88.182552, 22.441027 ], [ 88.182697, 22.440498 ], [ 88.183058, 22.43976 ], [ 88.18384, 22.439596 ], [ 88.184884, 22.439923 ], [ 88.185353, 22.439825 ], [ 88.185602, 22.439674 ], [ 88.186312, 22.439132 ], [ 88.187621, 22.438635 ], [ 88.187684, 22.438634 ], [ 88.187712, 22.438646 ], [ 88.188002, 22.438773 ], [ 88.187992, 22.439766 ], [ 88.188538, 22.440309 ], [ 88.18906, 22.441174 ], [ 88.189201, 22.441842 ], [ 88.188825, 22.443341 ], [ 88.188898, 22.444008 ], [ 88.189175, 22.444316 ], [ 88.191105, 22.446124 ], [ 88.192303, 22.44685 ], [ 88.19403, 22.447125 ], [ 88.196098, 22.447518 ], [ 88.198872, 22.447769 ], [ 88.199629, 22.447888 ], [ 88.199922, 22.447934 ], [ 88.200662, 22.447854 ], [ 88.201863, 22.4472 ], [ 88.202654, 22.446943 ], [ 88.202902, 22.446863 ], [ 88.204489, 22.44689 ], [ 88.205867, 22.446943 ], [ 88.20655, 22.446969 ], [ 88.206679, 22.447018 ], [ 88.207095, 22.447176 ], [ 88.207206, 22.447613 ], [ 88.207616, 22.447855 ], [ 88.208528, 22.447897 ], [ 88.210163, 22.44855 ], [ 88.210775, 22.449026 ], [ 88.210988, 22.449191 ], [ 88.211471, 22.449682 ], [ 88.211711, 22.449865 ], [ 88.211981, 22.449827 ], [ 88.212036, 22.449261 ], [ 88.21196, 22.448234 ], [ 88.21221, 22.447687 ], [ 88.212905, 22.447481 ], [ 88.21384, 22.447623 ], [ 88.214927, 22.448004 ], [ 88.215273, 22.447834 ], [ 88.215308, 22.447803 ], [ 88.215287, 22.447573 ], [ 88.214888, 22.446063 ], [ 88.214651, 22.444719 ], [ 88.214832, 22.443994 ], [ 88.214939, 22.443278 ], [ 88.214902, 22.44256 ], [ 88.21466, 22.44101 ], [ 88.214073, 22.439558 ], [ 88.213744, 22.438953 ], [ 88.213594, 22.438665 ], [ 88.213609, 22.437665 ], [ 88.213535, 22.437446 ], [ 88.21292, 22.437839 ], [ 88.212645, 22.437999 ], [ 88.212309, 22.438023 ], [ 88.211699, 22.437002 ], [ 88.21165, 22.4369 ], [ 88.210983, 22.435511 ], [ 88.209869, 22.434509 ], [ 88.209263, 22.433772 ], [ 88.208819, 22.433115 ], [ 88.208727, 22.432405 ], [ 88.208298, 22.431932 ], [ 88.207616, 22.431179 ], [ 88.206612, 22.429997 ], [ 88.206083, 22.429555 ], [ 88.206037, 22.429136 ], [ 88.206793, 22.428375 ], [ 88.208483, 22.428412 ], [ 88.209267, 22.427116 ], [ 88.208995, 22.426445 ], [ 88.209384, 22.425945 ], [ 88.208937, 22.425655 ], [ 88.20879, 22.425271 ], [ 88.208783, 22.424948 ], [ 88.209087, 22.424586 ], [ 88.21054, 22.423868 ], [ 88.210845, 22.423216 ], [ 88.210878, 22.422274 ], [ 88.210312, 22.420799 ], [ 88.210247, 22.420434 ], [ 88.210129, 22.419762 ], [ 88.210329, 22.419163 ], [ 88.210263, 22.418619 ], [ 88.210251, 22.418074 ], [ 88.210385, 22.416931 ], [ 88.210845, 22.416028 ], [ 88.211414, 22.415222 ], [ 88.211076, 22.414437 ], [ 88.210477, 22.413855 ], [ 88.210406, 22.413064 ], [ 88.21034, 22.412199 ], [ 88.210331, 22.412074 ], [ 88.209941, 22.411339 ], [ 88.20945, 22.410854 ], [ 88.208549, 22.411073 ], [ 88.208243, 22.411013 ], [ 88.207885, 22.410641 ], [ 88.207857, 22.410612 ], [ 88.207523, 22.409741 ], [ 88.207577, 22.409359 ], [ 88.207647, 22.409322 ], [ 88.207982, 22.409145 ], [ 88.20836, 22.409195 ], [ 88.208578, 22.409073 ], [ 88.208477, 22.408754 ], [ 88.208246, 22.408083 ], [ 88.208559, 22.407331 ], [ 88.208927, 22.406884 ], [ 88.209335, 22.406129 ], [ 88.209284, 22.405644 ], [ 88.209275, 22.40556 ], [ 88.208969, 22.404558 ], [ 88.208946, 22.403505 ], [ 88.208123, 22.402559 ], [ 88.207387, 22.401303 ], [ 88.206899, 22.400569 ], [ 88.205666, 22.400289 ], [ 88.205525, 22.400292 ], [ 88.205289, 22.400298 ], [ 88.204762, 22.399915 ], [ 88.204516, 22.399482 ], [ 88.204169, 22.398744 ], [ 88.203501, 22.398408 ], [ 88.203023, 22.398112 ], [ 88.202882, 22.398115 ], [ 88.202547, 22.397903 ], [ 88.202086, 22.397772 ], [ 88.202027, 22.397683 ], [ 88.201987, 22.39765 ], [ 88.20191, 22.397696 ], [ 88.201658, 22.397528 ], [ 88.201594, 22.397486 ], [ 88.201436, 22.396998 ], [ 88.20134, 22.396702 ], [ 88.201347, 22.394859 ], [ 88.201185, 22.393141 ], [ 88.20157, 22.391501 ], [ 88.20189, 22.390124 ], [ 88.201806, 22.389506 ], [ 88.201485, 22.388548 ], [ 88.201243, 22.387823 ], [ 88.20107, 22.387571 ], [ 88.200735, 22.387084 ], [ 88.20044, 22.386438 ], [ 88.200355, 22.385755 ], [ 88.200968, 22.383963 ], [ 88.201552, 22.383154 ], [ 88.201605, 22.382678 ], [ 88.201468, 22.382236 ], [ 88.201139, 22.381433 ], [ 88.20113, 22.381412 ], [ 88.201154, 22.381055 ], [ 88.202187, 22.380111 ], [ 88.203092, 22.37917 ], [ 88.204658, 22.377798 ], [ 88.205574, 22.377332 ], [ 88.205757, 22.376942 ], [ 88.205622, 22.376619 ], [ 88.204619, 22.376018 ], [ 88.20376, 22.376185 ], [ 88.203153, 22.376169 ], [ 88.202574, 22.375975 ], [ 88.202351, 22.375732 ], [ 88.201985, 22.375334 ], [ 88.201715, 22.374687 ], [ 88.202404, 22.372753 ], [ 88.203209, 22.371392 ], [ 88.203846, 22.370989 ], [ 88.2043, 22.370902 ], [ 88.204674, 22.370617 ], [ 88.204686, 22.370308 ], [ 88.204698, 22.36998 ], [ 88.206136, 22.369736 ], [ 88.20736, 22.364973 ], [ 88.208246, 22.363786 ], [ 88.208225, 22.363332 ], [ 88.208188, 22.362555 ], [ 88.208276, 22.362453 ], [ 88.208632, 22.362041 ], [ 88.209259, 22.362054 ], [ 88.210059, 22.362168 ], [ 88.211035, 22.362491 ], [ 88.211204, 22.362407 ], [ 88.211855, 22.362234 ], [ 88.21202, 22.361965 ], [ 88.211863, 22.361333 ], [ 88.211852, 22.36083 ], [ 88.212465, 22.360207 ], [ 88.212859, 22.360039 ], [ 88.213168, 22.359847 ], [ 88.213387, 22.359445 ], [ 88.213437, 22.359126 ], [ 88.213396, 22.358544 ], [ 88.213387, 22.358173 ], [ 88.213383, 22.357961 ], [ 88.213701, 22.356921 ], [ 88.214034, 22.356516 ], [ 88.214196, 22.356142 ], [ 88.214845, 22.355862 ], [ 88.214605, 22.355312 ], [ 88.213938, 22.35477 ], [ 88.213367, 22.354777 ], [ 88.213203, 22.355025 ], [ 88.212952, 22.355243 ], [ 88.212605, 22.355447 ], [ 88.21253, 22.355491 ], [ 88.212161, 22.355552 ], [ 88.211526, 22.355169 ], [ 88.211241, 22.355123 ], [ 88.210926, 22.355077 ], [ 88.210443, 22.355114 ], [ 88.210046, 22.355203 ], [ 88.209676, 22.355211 ], [ 88.20936, 22.355059 ], [ 88.209015, 22.354908 ], [ 88.208466, 22.354576 ], [ 88.2084, 22.35418 ], [ 88.208273, 22.353099 ], [ 88.207884, 22.352904 ], [ 88.206933, 22.352057 ], [ 88.206615, 22.35135 ], [ 88.206102, 22.350468 ], [ 88.205653, 22.350044 ], [ 88.205374, 22.349847 ], [ 88.20537, 22.349643 ], [ 88.20561, 22.349356 ], [ 88.205913, 22.349375 ], [ 88.206325, 22.349391 ], [ 88.206543, 22.349335 ], [ 88.206807, 22.34887 ], [ 88.207231, 22.348223 ], [ 88.208095, 22.347591 ], [ 88.207971, 22.34693 ], [ 88.207986, 22.346368 ], [ 88.208085, 22.34607 ], [ 88.208114, 22.345982 ], [ 88.207669, 22.345712 ], [ 88.206376, 22.345537 ], [ 88.205376, 22.344972 ], [ 88.205197, 22.344904 ], [ 88.204933, 22.344804 ], [ 88.204429, 22.34433 ], [ 88.204337, 22.343924 ], [ 88.204269, 22.343313 ], [ 88.204204, 22.34288 ], [ 88.204247, 22.342318 ], [ 88.204342, 22.341652 ], [ 88.204438, 22.341038 ], [ 88.204781, 22.340798 ], [ 88.205227, 22.340725 ], [ 88.205752, 22.341151 ], [ 88.206276, 22.341536 ], [ 88.208062, 22.343226 ], [ 88.208421, 22.343238 ], [ 88.208544, 22.342735 ], [ 88.208616, 22.341942 ], [ 88.208805, 22.341395 ], [ 88.208706, 22.340981 ], [ 88.2085, 22.340777 ], [ 88.207888, 22.340478 ], [ 88.207683, 22.340316 ], [ 88.207147, 22.34037 ], [ 88.206694, 22.340171 ], [ 88.206549, 22.339695 ], [ 88.206513, 22.339071 ], [ 88.206505, 22.338716 ], [ 88.206299, 22.338533 ], [ 88.206008, 22.33854 ], [ 88.205692, 22.338443 ], [ 88.205683, 22.338047 ], [ 88.205745, 22.337796 ], [ 88.205923, 22.337421 ], [ 88.205189, 22.337318 ], [ 88.204799, 22.337206 ], [ 88.204535, 22.336972 ], [ 88.204459, 22.336904 ], [ 88.203203, 22.337187 ], [ 88.202519, 22.33712 ], [ 88.202194, 22.336965 ], [ 88.201806, 22.336658 ], [ 88.201483, 22.33629 ], [ 88.201097, 22.335771 ], [ 88.200912, 22.334676 ], [ 88.200917, 22.334251 ], [ 88.201084, 22.333828 ], [ 88.201414, 22.333437 ], [ 88.201781, 22.332712 ], [ 88.201913, 22.332501 ], [ 88.201883, 22.332258 ], [ 88.201299, 22.331919 ], [ 88.201071, 22.331916 ], [ 88.200252, 22.332212 ], [ 88.200173, 22.332308 ], [ 88.200054, 22.332452 ], [ 88.199952, 22.332846 ], [ 88.19975, 22.333451 ], [ 88.199681, 22.333875 ], [ 88.199513, 22.334359 ], [ 88.199283, 22.334539 ], [ 88.199215, 22.33472 ], [ 88.198984, 22.335052 ], [ 88.198852, 22.335141 ], [ 88.198493, 22.335168 ], [ 88.19833, 22.335136 ], [ 88.197877, 22.334798 ], [ 88.197684, 22.334553 ], [ 88.197393, 22.334307 ], [ 88.197264, 22.334154 ], [ 88.196582, 22.333844 ], [ 88.196289, 22.33375 ], [ 88.195019, 22.333556 ], [ 88.194198, 22.334094 ], [ 88.193936, 22.334212 ], [ 88.192496, 22.33466 ], [ 88.192382, 22.334967 ], [ 88.192365, 22.335128 ], [ 88.19249, 22.335276 ], [ 88.192724, 22.335484 ], [ 88.192912, 22.335662 ], [ 88.193036, 22.335869 ], [ 88.193049, 22.336118 ], [ 88.192999, 22.336338 ], [ 88.192048, 22.336797 ], [ 88.19086, 22.337256 ], [ 88.190006, 22.337409 ], [ 88.189607, 22.33786 ], [ 88.18949, 22.33849 ], [ 88.188728, 22.338922 ], [ 88.187849, 22.338853 ], [ 88.187, 22.33833 ], [ 88.186709, 22.338291 ], [ 88.186523, 22.338424 ], [ 88.186406, 22.338932 ], [ 88.186408, 22.340446 ], [ 88.185941, 22.341165 ], [ 88.18466, 22.341844 ], [ 88.183517, 22.342202 ], [ 88.183134, 22.342322 ], [ 88.181751, 22.342555 ], [ 88.180275, 22.342412 ], [ 88.180178, 22.342386 ], [ 88.1792, 22.342127 ], [ 88.178202, 22.341498 ], [ 88.178027, 22.341387 ], [ 88.176983, 22.34102 ], [ 88.175653, 22.341212 ], [ 88.174453, 22.341626 ], [ 88.173885, 22.342293 ], [ 88.173855, 22.342575 ], [ 88.17382, 22.342896 ], [ 88.174131, 22.344285 ], [ 88.174408, 22.345752 ], [ 88.174188, 22.34654 ], [ 88.17364, 22.347079 ], [ 88.172414, 22.348021 ], [ 88.17085, 22.348488 ], [ 88.169996, 22.348534 ], [ 88.169976, 22.348528 ], [ 88.16938, 22.34835 ], [ 88.167771, 22.347352 ], [ 88.167743, 22.347334 ], [ 88.166775, 22.347078 ], [ 88.16457, 22.347015 ], [ 88.163539, 22.347087 ], [ 88.163138, 22.34752 ], [ 88.16292, 22.348607 ], [ 88.162652, 22.349265 ], [ 88.162269, 22.349636 ], [ 88.161534, 22.349694 ], [ 88.160638, 22.349641 ], [ 88.159691, 22.349579 ], [ 88.159451, 22.349563 ], [ 88.158267, 22.349507 ], [ 88.157364, 22.349762 ], [ 88.156929, 22.350595 ], [ 88.156604, 22.352222 ], [ 88.156219, 22.352791 ], [ 88.155816, 22.352831 ], [ 88.155062, 22.352427 ], [ 88.15407, 22.35213 ], [ 88.153075, 22.352142 ], [ 88.152122, 22.352617 ], [ 88.152012, 22.352692 ], [ 88.151363, 22.353133 ], [ 88.150778, 22.35311 ], [ 88.150496, 22.352925 ], [ 88.150518, 22.352496 ], [ 88.150703, 22.351962 ], [ 88.150774, 22.351756 ], [ 88.150744, 22.351293 ], [ 88.150393, 22.350926 ], [ 88.15004, 22.350724 ], [ 88.149649, 22.350753 ], [ 88.149432, 22.351049 ], [ 88.149263, 22.351988 ], [ 88.148954, 22.352662 ], [ 88.148435, 22.35307 ], [ 88.147742, 22.353046 ], [ 88.146237, 22.352667 ], [ 88.145421, 22.352626 ], [ 88.144288, 22.352251 ], [ 88.143694, 22.351353 ], [ 88.14334, 22.349904 ], [ 88.143201, 22.349333 ], [ 88.142764, 22.348701 ], [ 88.141991, 22.347884 ], [ 88.141123, 22.347743 ], [ 88.140463, 22.348017 ], [ 88.140326, 22.348393 ], [ 88.140479, 22.349017 ], [ 88.140588, 22.349464 ], [ 88.140867, 22.349793 ], [ 88.141188, 22.350172 ], [ 88.141371, 22.350388 ], [ 88.141577, 22.351082 ], [ 88.141688, 22.351459 ], [ 88.141133, 22.352216 ], [ 88.140333, 22.352869 ], [ 88.139179, 22.353442 ], [ 88.138142, 22.353203 ], [ 88.136746, 22.353316 ], [ 88.135868, 22.353637 ], [ 88.13489, 22.353606 ], [ 88.134693, 22.353599 ], [ 88.134208, 22.35375 ], [ 88.133618, 22.353933 ], [ 88.131742, 22.354119 ], [ 88.130986, 22.353788 ], [ 88.130864, 22.353734 ], [ 88.129193, 22.351836 ], [ 88.127435, 22.351202 ], [ 88.12593, 22.351016 ], [ 88.124448, 22.352095 ], [ 88.12392, 22.352302 ], [ 88.123117, 22.352619 ], [ 88.122418, 22.352894 ], [ 88.118938, 22.35273 ], [ 88.118807, 22.353051 ], [ 88.118382, 22.354098 ], [ 88.114843, 22.354465 ], [ 88.114389, 22.354617 ], [ 88.113654, 22.354864 ], [ 88.112414, 22.355065 ], [ 88.111407, 22.355005 ], [ 88.110686, 22.354701 ], [ 88.109558, 22.354311 ], [ 88.108188, 22.354357 ], [ 88.106582, 22.354865 ], [ 88.105446, 22.355444 ], [ 88.104705, 22.356531 ], [ 88.10425, 22.35727 ], [ 88.104082, 22.357376 ], [ 88.103634, 22.357658 ], [ 88.101323, 22.358093 ], [ 88.0986, 22.359618 ], [ 88.096802, 22.360431 ], [ 88.094372, 22.361018 ], [ 88.094147, 22.36105 ], [ 88.094081, 22.363753 ], [ 88.094065, 22.364384 ], [ 88.094144, 22.365011 ], [ 88.09431, 22.366318 ], [ 88.094384, 22.366909 ], [ 88.094617, 22.367359 ], [ 88.100108, 22.377972 ], [ 88.100299, 22.378341 ], [ 88.103568, 22.382512 ], [ 88.105361, 22.384799 ], [ 88.105654, 22.385172 ], [ 88.106082, 22.385406 ], [ 88.109419, 22.387231 ], [ 88.112728, 22.387876 ], [ 88.112856, 22.3879 ], [ 88.116626, 22.38846 ] ] ] } },
{ "type": "Feature", "properties": { "census2011_code": "02415", "block_name": "Bishnupur-I", "geoboundaries_shape_id": "7132399B89669187450970", "area_km2": 116.9, "land_area_km2": 116.9, "water_area_km2": 0.0 }, "geometry": { "type": "Polygon", "coordinates": [ [ [ 88.380526, 22.365639 ], [ 88.379975, 22.365302 ], [ 88.379809, 22.365155 ], [ 88.379041, 22.364823 ], [ 88.378378, 22.364388 ], [ 88.37808, 22.363388 ], [ 88.377883, 22.362134 ], [ 88.378331, 22.361133 ], [ 88.37844, 22.360056 ], [ 88.37858, 22.358418 ], [ 88.378703, 22.358307 ], [ 88.379121, 22.35793 ], [ 88.380494, 22.35742 ], [ 88.380763, 22.357111 ], [ 88.381099, 22.355898 ], [ 88.380787, 22.354617 ], [ 88.380268, 22.354244 ], [ 88.379581, 22.354478 ], [ 88.378984, 22.354624 ], [ 88.378522, 22.354636 ], [ 88.378189, 22.354302 ], [ 88.377884, 22.353278 ], [ 88.377908, 22.353189 ], [ 88.378135, 22.352326 ], [ 88.379027, 22.35114 ], [ 88.379605, 22.350307 ], [ 88.380425, 22.349855 ], [ 88.381805, 22.349575 ], [ 88.381895, 22.349556 ], [ 88.383642, 22.349207 ], [ 88.384473, 22.349184 ], [ 88.385744, 22.348332 ], [ 88.386418, 22.347915 ], [ 88.386632, 22.346767 ], [ 88.386043, 22.346354 ], [ 88.385796, 22.34618 ], [ 88.384063, 22.345695 ], [ 88.382804, 22.344587 ], [ 88.38183, 22.344918 ], [ 88.381173, 22.34486 ], [ 88.380827, 22.344184 ], [ 88.380876, 22.343398 ], [ 88.380941, 22.342353 ], [ 88.381261, 22.341963 ], [ 88.381867, 22.341225 ], [ 88.382605, 22.340326 ], [ 88.384227, 22.339748 ], [ 88.385852, 22.339586 ], [ 88.386351, 22.339537 ], [ 88.387885, 22.338733 ], [ 88.388012, 22.338486 ], [ 88.38944, 22.335718 ], [ 88.38997, 22.33418 ], [ 88.389539, 22.333188 ], [ 88.389446, 22.332975 ], [ 88.387921, 22.331492 ], [ 88.387847, 22.33142 ], [ 88.387551, 22.329599 ], [ 88.387505, 22.327931 ], [ 88.387425, 22.325032 ], [ 88.3874, 22.324115 ], [ 88.387398, 22.324042 ], [ 88.386582, 22.324141 ], [ 88.385434, 22.324262 ], [ 88.384622, 22.324347 ], [ 88.383434, 22.324911 ], [ 88.383086, 22.325075 ], [ 88.38278, 22.325846 ], [ 88.382822, 22.327368 ], [ 88.382024, 22.328152 ], [ 88.38138, 22.328551 ], [ 88.380476, 22.328424 ], [ 88.377163, 22.327067 ], [ 88.374607, 22.326452 ], [ 88.374179, 22.326464 ], [ 88.372234, 22.326518 ], [ 88.369605, 22.326209 ], [ 88.367043, 22.325365 ], [ 88.365902, 22.325456 ], [ 88.365572, 22.325482 ], [ 88.36383, 22.326385 ], [ 88.363554, 22.326528 ], [ 88.361019, 22.326674 ], [ 88.360542, 22.326592 ], [ 88.359867, 22.326477 ], [ 88.358721, 22.326508 ], [ 88.357586, 22.32692 ], [ 88.35644, 22.326952 ], [ 88.354646, 22.32727 ], [ 88.351465, 22.32922 ], [ 88.349406, 22.331048 ], [ 88.348064, 22.331718 ], [ 88.346297, 22.331766 ], [ 88.345701, 22.331509 ], [ 88.345471, 22.331409 ], [ 88.344591, 22.33156 ], [ 88.34426, 22.331885 ], [ 88.343803, 22.332594 ], [ 88.343261, 22.332672 ], [ 88.342304, 22.332508 ], [ 88.342168, 22.332389 ], [ 88.341607, 22.331895 ], [ 88.340317, 22.331993 ], [ 88.339922, 22.332447 ], [ 88.339354, 22.331577 ], [ 88.338786, 22.330706 ], [ 88.337982, 22.331171 ], [ 88.33577, 22.332371 ], [ 88.334627, 22.332845 ], [ 88.333128, 22.332759 ], [ 88.332261, 22.333416 ], [ 88.332193, 22.333444 ], [ 88.330984, 22.333957 ], [ 88.330032, 22.333983 ], [ 88.32956, 22.334122 ], [ 88.328212, 22.334602 ], [ 88.327698, 22.335692 ], [ 88.327303, 22.336209 ], [ 88.327245, 22.336218 ], [ 88.326829, 22.336285 ], [ 88.326407, 22.335996 ], [ 88.326206, 22.335859 ], [ 88.325453, 22.335689 ], [ 88.323915, 22.335682 ], [ 88.32348, 22.33568 ], [ 88.323327, 22.335051 ], [ 88.323262, 22.334197 ], [ 88.323221, 22.333662 ], [ 88.323263, 22.332712 ], [ 88.322577, 22.332477 ], [ 88.321353, 22.332511 ], [ 88.320826, 22.332746 ], [ 88.320143, 22.33305 ], [ 88.319678, 22.333079 ], [ 88.318515, 22.333153 ], [ 88.318378, 22.333161 ], [ 88.317494, 22.333185 ], [ 88.316534, 22.332895 ], [ 88.315642, 22.332603 ], [ 88.31457, 22.333162 ], [ 88.314298, 22.33306 ], [ 88.313263, 22.332668 ], [ 88.311703, 22.33206 ], [ 88.310101, 22.331891 ], [ 88.308098, 22.331627 ], [ 88.307142, 22.33179 ], [ 88.306622, 22.331879 ], [ 88.306214, 22.33191 ], [ 88.30554, 22.331962 ], [ 88.304843, 22.331503 ], [ 88.303776, 22.329993 ], [ 88.302544, 22.328753 ], [ 88.301802, 22.32872 ], [ 88.300948, 22.328796 ], [ 88.299938, 22.329407 ], [ 88.299024, 22.329718 ], [ 88.298921, 22.329753 ], [ 88.298235, 22.329719 ], [ 88.298002, 22.329653 ], [ 88.297891, 22.329622 ], [ 88.295987, 22.328824 ], [ 88.294097, 22.32854 ], [ 88.293295, 22.32842 ], [ 88.292911, 22.32852 ], [ 88.292615, 22.328597 ], [ 88.291956, 22.329517 ], [ 88.291588, 22.330695 ], [ 88.291466, 22.33079 ], [ 88.291029, 22.331134 ], [ 88.290455, 22.331053 ], [ 88.2904, 22.331045 ], [ 88.289764, 22.330744 ], [ 88.288681, 22.330773 ], [ 88.288003, 22.331004 ], [ 88.287547, 22.331016 ], [ 88.287074, 22.330392 ], [ 88.286994, 22.329545 ], [ 88.286417, 22.329295 ], [ 88.28565, 22.328361 ], [ 88.28479, 22.328172 ], [ 88.28423, 22.328559 ], [ 88.283892, 22.328727 ], [ 88.28338, 22.328794 ], [ 88.283131, 22.328729 ], [ 88.282461, 22.328553 ], [ 88.28176, 22.327935 ], [ 88.280539, 22.327066 ], [ 88.28008, 22.326973 ], [ 88.279418, 22.327786 ], [ 88.279435, 22.328451 ], [ 88.27945, 22.329006 ], [ 88.279597, 22.330222 ], [ 88.280275, 22.332114 ], [ 88.280595, 22.334705 ], [ 88.280496, 22.336906 ], [ 88.280114, 22.338333 ], [ 88.2791, 22.33909 ], [ 88.278367, 22.339825 ], [ 88.278555, 22.34033 ], [ 88.279006, 22.341421 ], [ 88.279655, 22.342321 ], [ 88.280701, 22.342881 ], [ 88.28176, 22.343264 ], [ 88.282589, 22.343953 ], [ 88.283317, 22.344866 ], [ 88.28339, 22.345985 ], [ 88.283475, 22.347033 ], [ 88.283919, 22.348123 ], [ 88.284975, 22.348741 ], [ 88.285907, 22.349253 ], [ 88.287083, 22.349353 ], [ 88.288173, 22.349109 ], [ 88.28915, 22.348742 ], [ 88.289314, 22.348828 ], [ 88.290186, 22.349287 ], [ 88.291057, 22.349957 ], [ 88.291796, 22.350819 ], [ 88.292854, 22.351246 ], [ 88.293168, 22.35168 ], [ 88.293554, 22.352211 ], [ 88.294072, 22.353197 ], [ 88.294237, 22.353667 ], [ 88.294456, 22.354293 ], [ 88.294194, 22.355276 ], [ 88.29379, 22.356402 ], [ 88.293297, 22.357355 ], [ 88.293175, 22.35766 ], [ 88.29305, 22.357974 ], [ 88.293436, 22.359041 ], [ 88.294784, 22.360789 ], [ 88.295873, 22.360863 ], [ 88.297068, 22.360808 ], [ 88.298288, 22.360873 ], [ 88.299393, 22.361215 ], [ 88.300254, 22.361863 ], [ 88.301194, 22.362644 ], [ 88.301695, 22.363629 ], [ 88.30209, 22.364714 ], [ 88.302977, 22.365432 ], [ 88.303418, 22.366348 ], [ 88.302431, 22.366909 ], [ 88.3017, 22.367674 ], [ 88.300999, 22.368582 ], [ 88.300028, 22.369192 ], [ 88.29922, 22.369266 ], [ 88.298942, 22.369291 ], [ 88.298675, 22.370367 ], [ 88.298659, 22.371462 ], [ 88.298653, 22.372557 ], [ 88.297642, 22.373211 ], [ 88.296611, 22.373439 ], [ 88.295675, 22.373488 ], [ 88.295342, 22.373505 ], [ 88.295019, 22.374547 ], [ 88.295551, 22.375415 ], [ 88.294503, 22.375669 ], [ 88.294292, 22.375763 ], [ 88.293649, 22.376051 ], [ 88.292142, 22.376157 ], [ 88.292079, 22.376165 ], [ 88.290948, 22.376306 ], [ 88.289743, 22.376339 ], [ 88.288723, 22.375918 ], [ 88.28776, 22.375421 ], [ 88.286775, 22.375282 ], [ 88.286652, 22.375264 ], [ 88.285591, 22.375374 ], [ 88.284581, 22.375423 ], [ 88.28337, 22.375483 ], [ 88.282183, 22.375659 ], [ 88.280993, 22.37574 ], [ 88.279908, 22.375962 ], [ 88.278734, 22.376379 ], [ 88.278165, 22.377371 ], [ 88.277898, 22.378361 ], [ 88.277796, 22.379535 ], [ 88.27783, 22.380476 ], [ 88.277836, 22.380659 ], [ 88.27734, 22.381354 ], [ 88.276193, 22.381007 ], [ 88.27587, 22.380763 ], [ 88.275312, 22.380344 ], [ 88.274307, 22.380635 ], [ 88.273418, 22.38048 ], [ 88.272315, 22.380192 ], [ 88.271079, 22.380281 ], [ 88.271058, 22.379157 ], [ 88.270997, 22.378048 ], [ 88.271013, 22.376924 ], [ 88.270423, 22.375925 ], [ 88.270898, 22.375056 ], [ 88.270758, 22.373945 ], [ 88.271957, 22.373562 ], [ 88.272826, 22.374265 ], [ 88.273873, 22.374881 ], [ 88.274719, 22.374584 ], [ 88.275316, 22.373828 ], [ 88.275273, 22.373113 ], [ 88.275222, 22.372263 ], [ 88.274089, 22.372192 ], [ 88.272798, 22.372155 ], [ 88.271687, 22.371957 ], [ 88.270557, 22.371632 ], [ 88.269354, 22.371225 ], [ 88.26826, 22.371069 ], [ 88.267074, 22.370959 ], [ 88.266218, 22.371484 ], [ 88.266078, 22.37157 ], [ 88.265553, 22.372281 ], [ 88.264701, 22.373066 ], [ 88.263679, 22.373674 ], [ 88.262575, 22.374073 ], [ 88.261428, 22.374409 ], [ 88.260331, 22.375033 ], [ 88.260092, 22.375439 ], [ 88.258542, 22.37807 ], [ 88.258284, 22.379305 ], [ 88.257986, 22.380295 ], [ 88.25773, 22.381347 ], [ 88.257845, 22.382465 ], [ 88.258092, 22.383504 ], [ 88.257514, 22.384496 ], [ 88.256439, 22.384878 ], [ 88.25582, 22.385406 ], [ 88.255465, 22.385709 ], [ 88.254546, 22.386391 ], [ 88.253445, 22.386822 ], [ 88.253562, 22.387228 ], [ 88.253593, 22.387335 ], [ 88.254375, 22.388052 ], [ 88.254795, 22.389002 ], [ 88.255752, 22.389614 ], [ 88.256642, 22.390096 ], [ 88.257425, 22.390859 ], [ 88.257745, 22.392015 ], [ 88.258638, 22.392654 ], [ 88.259509, 22.392102 ], [ 88.260156, 22.391247 ], [ 88.26068, 22.390439 ], [ 88.26178, 22.3901 ], [ 88.261845, 22.39008 ], [ 88.262905, 22.390384 ], [ 88.26403, 22.390926 ], [ 88.263825, 22.392039 ], [ 88.264106, 22.393096 ], [ 88.263539, 22.394054 ], [ 88.263777, 22.395096 ], [ 88.264184, 22.39616 ], [ 88.263263, 22.396888 ], [ 88.263448, 22.397943 ], [ 88.264569, 22.398207 ], [ 88.264565, 22.398537 ], [ 88.264595, 22.399598 ], [ 88.264572, 22.400107 ], [ 88.264832, 22.401058 ], [ 88.264489, 22.401979 ], [ 88.263742, 22.402835 ], [ 88.263628, 22.403899 ], [ 88.263532, 22.405208 ], [ 88.263363, 22.406302 ], [ 88.263256, 22.407186 ], [ 88.262522, 22.40793 ], [ 88.26268, 22.407945 ], [ 88.263156, 22.407784 ], [ 88.263405, 22.4077 ], [ 88.264154, 22.406789 ], [ 88.264725, 22.406646 ], [ 88.265422, 22.406744 ], [ 88.265504, 22.406756 ], [ 88.265918, 22.406896 ], [ 88.266345, 22.407491 ], [ 88.266268, 22.40814 ], [ 88.266124, 22.409372 ], [ 88.266296, 22.41025 ], [ 88.266798, 22.410598 ], [ 88.267751, 22.410824 ], [ 88.268145, 22.411139 ], [ 88.268051, 22.41255 ], [ 88.268219, 22.413042 ], [ 88.268486, 22.413232 ], [ 88.269449, 22.412878 ], [ 88.269797, 22.412927 ], [ 88.27024, 22.413252 ], [ 88.27031, 22.413464 ], [ 88.270353, 22.413594 ], [ 88.270616, 22.41589 ], [ 88.270754, 22.416113 ], [ 88.271656, 22.416618 ], [ 88.271807, 22.416923 ], [ 88.271985, 22.4174 ], [ 88.271653, 22.419475 ], [ 88.271442, 22.419807 ], [ 88.269853, 22.420696 ], [ 88.269572, 22.420942 ], [ 88.269537, 22.421918 ], [ 88.269825, 22.422871 ], [ 88.270269, 22.423589 ], [ 88.270859, 22.423829 ], [ 88.271168, 22.424227 ], [ 88.271187, 22.424604 ], [ 88.27158, 22.424914 ], [ 88.272433, 22.42504 ], [ 88.272841, 22.425381 ], [ 88.273109, 22.426049 ], [ 88.273049, 22.426815 ], [ 88.27308, 22.426929 ], [ 88.273135, 22.427133 ], [ 88.273479, 22.427457 ], [ 88.273945, 22.427446 ], [ 88.27411, 22.427442 ], [ 88.275727, 22.426563 ], [ 88.277935, 22.425289 ], [ 88.28095, 22.42355 ], [ 88.281705, 22.422879 ], [ 88.282609, 22.422075 ], [ 88.283314, 22.421875 ], [ 88.284072, 22.421972 ], [ 88.284901, 22.422425 ], [ 88.285619, 22.422461 ], [ 88.285779, 22.422721 ], [ 88.285582, 22.423503 ], [ 88.285327, 22.424126 ], [ 88.285273, 22.42439 ], [ 88.285578, 22.425176 ], [ 88.286905, 22.426849 ], [ 88.286946, 22.426901 ], [ 88.287372, 22.427061 ], [ 88.287787, 22.427217 ], [ 88.28916, 22.427182 ], [ 88.291146, 22.426974 ], [ 88.292639, 22.426131 ], [ 88.292961, 22.425792 ], [ 88.293165, 22.425576 ], [ 88.294022, 22.424671 ], [ 88.294315, 22.424549 ], [ 88.294434, 22.424549 ], [ 88.294817, 22.424549 ], [ 88.295461, 22.425125 ], [ 88.295884, 22.42524 ], [ 88.295929, 22.425229 ], [ 88.296998, 22.424975 ], [ 88.297387, 22.424961 ], [ 88.297529, 22.425209 ], [ 88.297504, 22.425921 ], [ 88.29736, 22.429223 ], [ 88.297359, 22.429256 ], [ 88.297316, 22.43025 ], [ 88.297159, 22.430986 ], [ 88.296902, 22.431612 ], [ 88.296006, 22.431857 ], [ 88.295709, 22.432117 ], [ 88.295463, 22.432627 ], [ 88.295397, 22.435814 ], [ 88.295118, 22.436298 ], [ 88.295001, 22.436482 ], [ 88.292564, 22.437405 ], [ 88.292472, 22.437424 ], [ 88.290025, 22.437931 ], [ 88.290058, 22.438061 ], [ 88.290076, 22.438251 ], [ 88.290094, 22.438448 ], [ 88.290938, 22.439147 ], [ 88.29246, 22.440889 ], [ 88.293667, 22.44227 ], [ 88.293503, 22.442365 ], [ 88.293432, 22.442668 ], [ 88.293456, 22.442835 ], [ 88.294397, 22.442291 ], [ 88.29532, 22.442047 ], [ 88.298487, 22.441208 ], [ 88.29899, 22.44112 ], [ 88.299469, 22.441319 ], [ 88.299898, 22.442937 ], [ 88.300142, 22.443295 ], [ 88.300649, 22.44347 ], [ 88.303714, 22.442649 ], [ 88.30515, 22.442519 ], [ 88.309823, 22.442393 ], [ 88.311161, 22.442086 ], [ 88.312631, 22.441748 ], [ 88.31303, 22.441594 ], [ 88.314175, 22.44115 ], [ 88.316621, 22.440201 ], [ 88.316959, 22.44007 ], [ 88.317066, 22.440029 ], [ 88.319425, 22.439824 ], [ 88.31999, 22.439861 ], [ 88.320679, 22.439877 ], [ 88.32416, 22.438951 ], [ 88.325043, 22.439064 ], [ 88.326886, 22.439886 ], [ 88.327955, 22.439952 ], [ 88.328807, 22.440005 ], [ 88.329629, 22.440289 ], [ 88.330066, 22.440366 ], [ 88.330502, 22.440442 ], [ 88.332356, 22.440442 ], [ 88.333086, 22.440614 ], [ 88.334231, 22.441149 ], [ 88.335509, 22.44129 ], [ 88.336604, 22.441249 ], [ 88.338286, 22.440692 ], [ 88.341123, 22.437768 ], [ 88.34136, 22.437524 ], [ 88.342033, 22.436374 ], [ 88.342725, 22.435193 ], [ 88.343412, 22.434636 ], [ 88.344722, 22.433879 ], [ 88.346722, 22.433926 ], [ 88.347672, 22.433924 ], [ 88.348751, 22.433532 ], [ 88.349785, 22.434293 ], [ 88.350105, 22.433919 ], [ 88.351624, 22.432147 ], [ 88.352356, 22.431247 ], [ 88.352614, 22.429129 ], [ 88.352892, 22.426324 ], [ 88.352194, 22.424432 ], [ 88.351501, 22.422704 ], [ 88.35171, 22.42177 ], [ 88.351825, 22.421658 ], [ 88.351952, 22.421619 ], [ 88.352407, 22.421478 ], [ 88.35388, 22.421656 ], [ 88.354132, 22.421602 ], [ 88.354756, 22.421469 ], [ 88.355262, 22.420636 ], [ 88.354743, 22.418029 ], [ 88.353195, 22.415769 ], [ 88.352827, 22.414416 ], [ 88.352495, 22.413193 ], [ 88.352447, 22.411436 ], [ 88.35307, 22.409535 ], [ 88.353921, 22.407712 ], [ 88.355211, 22.407133 ], [ 88.355864, 22.406319 ], [ 88.356759, 22.406127 ], [ 88.357488, 22.406442 ], [ 88.357919, 22.407393 ], [ 88.357935, 22.407492 ], [ 88.358134, 22.408685 ], [ 88.358706, 22.409841 ], [ 88.358971, 22.411299 ], [ 88.359296, 22.413299 ], [ 88.359788, 22.414943 ], [ 88.360539, 22.415683 ], [ 88.361126, 22.415776 ], [ 88.361882, 22.415619 ], [ 88.362771, 22.414997 ], [ 88.362928, 22.414313 ], [ 88.36315, 22.41084 ], [ 88.363304, 22.40829 ], [ 88.363628, 22.407865 ], [ 88.364352, 22.407586 ], [ 88.366338, 22.407842 ], [ 88.367416, 22.40841 ], [ 88.368385, 22.409111 ], [ 88.36907, 22.410652 ], [ 88.369605, 22.414583 ], [ 88.369631, 22.414772 ], [ 88.369955, 22.415579 ], [ 88.370347, 22.415874 ], [ 88.371089, 22.41593 ], [ 88.372697, 22.415529 ], [ 88.373892, 22.414093 ], [ 88.373969, 22.413696 ], [ 88.374276, 22.412119 ], [ 88.373821, 22.411519 ], [ 88.372348, 22.41082 ], [ 88.371871, 22.410425 ], [ 88.370886, 22.404415 ], [ 88.370784, 22.400683 ], [ 88.370381, 22.39755 ], [ 88.370768, 22.397539 ], [ 88.371331, 22.397524 ], [ 88.373418, 22.396665 ], [ 88.373892, 22.396471 ], [ 88.374793, 22.395963 ], [ 88.377014, 22.394714 ], [ 88.377639, 22.393664 ], [ 88.378607, 22.392449 ], [ 88.380204, 22.391474 ], [ 88.381083, 22.390775 ], [ 88.381514, 22.390121 ], [ 88.38153, 22.389478 ], [ 88.3813, 22.389038 ], [ 88.380984, 22.388433 ], [ 88.380024, 22.387464 ], [ 88.378837, 22.386983 ], [ 88.377318, 22.387025 ], [ 88.37733, 22.386189 ], [ 88.377284, 22.386128 ], [ 88.376864, 22.38556 ], [ 88.376018, 22.384941 ], [ 88.37594, 22.384726 ], [ 88.375682, 22.384019 ], [ 88.375802, 22.383543 ], [ 88.375837, 22.383404 ], [ 88.376523, 22.383225 ], [ 88.377451, 22.38307 ], [ 88.378151, 22.383404 ], [ 88.378833, 22.383065 ], [ 88.37934, 22.382665 ], [ 88.379728, 22.381691 ], [ 88.379828, 22.378211 ], [ 88.379517, 22.377132 ], [ 88.379489, 22.377035 ], [ 88.378699, 22.376109 ], [ 88.378169, 22.375365 ], [ 88.378052, 22.3748 ], [ 88.378279, 22.373798 ], [ 88.37854, 22.373161 ], [ 88.378614, 22.372983 ], [ 88.37862, 22.371371 ], [ 88.378693, 22.370176 ], [ 88.378795, 22.368475 ], [ 88.378401, 22.367031 ], [ 88.377414, 22.366605 ], [ 88.376439, 22.366632 ], [ 88.375891, 22.366395 ], [ 88.376152, 22.366035 ], [ 88.37662, 22.365689 ], [ 88.377002, 22.365407 ], [ 88.378477, 22.36587 ], [ 88.379561, 22.366019 ], [ 88.380371, 22.365896 ], [ 88.380395, 22.365856 ], [ 88.380526, 22.365639 ] ] ] } },
{ "type": "Feature", "properties": { "census2011_code": "02416", "block_name": "Bishnupur-II", "geoboundaries_shape_id": "7132399B26597956459245", "area_km2": 86.8, "land_area_km2": 86.8, "water_area_km2": 0.0 }, "geometry": { "type": "Polygon", "coordinates": [ [ [ 88.221142, 22.450787 ], [ 88.223323, 22.451275 ], [ 88.224853, 22.45167 ], [ 88.226549, 22.452098 ], [ 88.227248, 22.452201 ], [ 88.228498, 22.451258 ], [ 88.229059, 22.451013 ], [ 88.229282, 22.451025 ], [ 88.232319, 22.450134 ], [ 88.233364, 22.449793 ], [ 88.234153, 22.449977 ], [ 88.236171, 22.451629 ], [ 88.237143, 22.452269 ], [ 88.237472, 22.452956 ], [ 88.237938, 22.453522 ], [ 88.238663, 22.453663 ], [ 88.239021, 22.453528 ], [ 88.239201, 22.452833 ], [ 88.238667, 22.451073 ], [ 88.23834, 22.449708 ], [ 88.238172, 22.449478 ], [ 88.236597, 22.449625 ], [ 88.235962, 22.449465 ], [ 88.235645, 22.449047 ], [ 88.235893, 22.447696 ], [ 88.237019, 22.447106 ], [ 88.237327, 22.446538 ], [ 88.237898, 22.446017 ], [ 88.238351, 22.44572 ], [ 88.238513, 22.445375 ], [ 88.238532, 22.444869 ], [ 88.238562, 22.444556 ], [ 88.238886, 22.444407 ], [ 88.23951, 22.444265 ], [ 88.240917, 22.445834 ], [ 88.241322, 22.446071 ], [ 88.242032, 22.44614 ], [ 88.243874, 22.445539 ], [ 88.244309, 22.445445 ], [ 88.245311, 22.445731 ], [ 88.246854, 22.446135 ], [ 88.248713, 22.447139 ], [ 88.249623, 22.447405 ], [ 88.252777, 22.447587 ], [ 88.254015, 22.447143 ], [ 88.255543, 22.446186 ], [ 88.256687, 22.445519 ], [ 88.257237, 22.445327 ], [ 88.257664, 22.445258 ], [ 88.258225, 22.444766 ], [ 88.258347, 22.444441 ], [ 88.258818, 22.443186 ], [ 88.258909, 22.442864 ], [ 88.259028, 22.442208 ], [ 88.258825, 22.441471 ], [ 88.258403, 22.440439 ], [ 88.257691, 22.439705 ], [ 88.257466, 22.43912 ], [ 88.257656, 22.438683 ], [ 88.258119, 22.438315 ], [ 88.258137, 22.437817 ], [ 88.257672, 22.43643 ], [ 88.257972, 22.435819 ], [ 88.258626, 22.435515 ], [ 88.259799, 22.434669 ], [ 88.260378, 22.43354 ], [ 88.260649, 22.433205 ], [ 88.261063, 22.433075 ], [ 88.261973, 22.433558 ], [ 88.263418, 22.434134 ], [ 88.26389, 22.434205 ], [ 88.264406, 22.433636 ], [ 88.265931, 22.431367 ], [ 88.265825, 22.430723 ], [ 88.265392, 22.430151 ], [ 88.264892, 22.429658 ], [ 88.264505, 22.429027 ], [ 88.263464, 22.426478 ], [ 88.263033, 22.425235 ], [ 88.262727, 22.423297 ], [ 88.262587, 22.42165 ], [ 88.262426, 22.421395 ], [ 88.261711, 22.421073 ], [ 88.261066, 22.421203 ], [ 88.260905, 22.421742 ], [ 88.260325, 22.423237 ], [ 88.260012, 22.42323 ], [ 88.25975, 22.422985 ], [ 88.259424, 22.422964 ], [ 88.258772, 22.423293 ], [ 88.25853, 22.423287 ], [ 88.258164, 22.423186 ], [ 88.25817, 22.423014 ], [ 88.258428, 22.422404 ], [ 88.258481, 22.42228 ], [ 88.259036, 22.421869 ], [ 88.259272, 22.42165 ], [ 88.259207, 22.421476 ], [ 88.258845, 22.421243 ], [ 88.25793, 22.420319 ], [ 88.257569, 22.420295 ], [ 88.256748, 22.4205 ], [ 88.256139, 22.420497 ], [ 88.255906, 22.420243 ], [ 88.255625, 22.419742 ], [ 88.255584, 22.419668 ], [ 88.255551, 22.418816 ], [ 88.255592, 22.418602 ], [ 88.256137, 22.415793 ], [ 88.256283, 22.414514 ], [ 88.2558, 22.412695 ], [ 88.255137, 22.411426 ], [ 88.255167, 22.410899 ], [ 88.255194, 22.410437 ], [ 88.25532, 22.410184 ], [ 88.255662, 22.409499 ], [ 88.256232, 22.409102 ], [ 88.257287, 22.408367 ], [ 88.258865, 22.407941 ], [ 88.259284, 22.407981 ], [ 88.259312, 22.407983 ], [ 88.262644, 22.408303 ], [ 88.263156, 22.407784 ], [ 88.26268, 22.407945 ], [ 88.262522, 22.40793 ], [ 88.263256, 22.407186 ], [ 88.263363, 22.406302 ], [ 88.263532, 22.405208 ], [ 88.263628, 22.403899 ], [ 88.263742, 22.402835 ], [ 88.264489, 22.401979 ], [ 88.264832, 22.401058 ], [ 88.264572, 22.400107 ], [ 88.264595, 22.399598 ], [ 88.264565, 22.398537 ], [ 88.264569, 22.398207 ], [ 88.263448, 22.397943 ], [ 88.263263, 22.396888 ], [ 88.264184, 22.39616 ], [ 88.263777, 22.395096 ], [ 88.263539, 22.394054 ], [ 88.264106, 22.393096 ], [ 88.263825, 22.392039 ], [ 88.26403, 22.390926 ], [ 88.262905, 22.390384 ], [ 88.261845, 22.39008 ], [ 88.26178, 22.3901 ], [ 88.26068, 22.390439 ], [ 88.260156, 22.391247 ], [ 88.259509, 22.392102 ], [ 88.258638, 22.392654 ], [ 88.257745, 22.392015 ], [ 88.257425, 22.390859 ], [ 88.256642, 22.390096 ], [ 88.255752, 22.389614 ], [ 88.254795, 22.389002 ], [ 88.254375, 22.388052 ], [ 88.253593, 22.387335 ], [ 88.253562, 22.387228 ], [ 88.253445, 22.386822 ], [ 88.254546, 22.386391 ], [ 88.255465, 22.385709 ], [ 88.25582, 22.385406 ], [ 88.256439, 22.384878 ], [ 88.257514, 22.384496 ], [ 88.258092, 22.383504 ], [ 88.257845, 22.382465 ], [ 88.25773, 22.381347 ], [ 88.257986, 22.380295 ], [ 88.258284, 22.379305 ], [ 88.258542, 22.37807 ], [ 88.260092, 22.375439 ], [ 88.260331, 22.375033 ], [ 88.261428, 22.374409 ], [ 88.262575, 22.374073 ], [ 88.263679, 22.373674 ], [ 88.264701, 22.373066 ], [ 88.265553, 22.372281 ], [ 88.266078, 22.37157 ], [ 88.266218, 22.371484 ], [ 88.267074, 22.370959 ], [ 88.26826, 22.371069 ], [ 88.269354, 22.371225 ], [ 88.270557, 22.371632 ], [ 88.271687, 22.371957 ], [ 88.272798, 22.372155 ], [ 88.274089, 22.372192 ], [ 88.275222, 22.372263 ], [ 88.275273, 22.373113 ], [ 88.275316, 22.373828 ], [ 88.274719, 22.374584 ], [ 88.273873, 22.374881 ], [ 88.272826, 22.374265 ], [ 88.271957, 22.373562 ], [ 88.270758, 22.373945 ], [ 88.270898, 22.375056 ], [ 88.270423, 22.375925 ], [ 88.271013, 22.376924 ], [ 88.270997, 22.378048 ], [ 88.271058, 22.379157 ], [ 88.271079, 22.380281 ], [ 88.272315, 22.380192 ], [ 88.273418, 22.38048 ], [ 88.274307, 22.380635 ], [ 88.275312, 22.380344 ], [ 88.27587, 22.380763 ], [ 88.276193, 22.381007 ], [ 88.27734, 22.381354 ], [ 88.277836, 22.380659 ], [ 88.27783, 22.380476 ], [ 88.277796, 22.379535 ], [ 88.277898, 22.378361 ], [ 88.278165, 22.377371 ], [ 88.278734, 22.376379 ], [ 88.279908, 22.375962 ], [ 88.280993, 22.37574 ], [ 88.282183, 22.375659 ], [ 88.28337, 22.375483 ], [ 88.284581, 22.375423 ], [ 88.285591, 22.375374 ], [ 88.286652, 22.375264 ], [ 88.286775, 22.375282 ], [ 88.28776, 22.375421 ], [ 88.288723, 22.375918 ], [ 88.289743, 22.376339 ], [ 88.290948, 22.376306 ], [ 88.292079, 22.376165 ], [ 88.292142, 22.376157 ], [ 88.293649, 22.376051 ], [ 88.294292, 22.375763 ], [ 88.294503, 22.375669 ], [ 88.295551, 22.375415 ], [ 88.295019, 22.374547 ], [ 88.295342, 22.373505 ], [ 88.295675, 22.373488 ], [ 88.296611, 22.373439 ], [ 88.297642, 22.373211 ], [ 88.298653, 22.372557 ], [ 88.298659, 22.371462 ], [ 88.298675, 22.370367 ], [ 88.298942, 22.369291 ], [ 88.29922, 22.369266 ], [ 88.300028, 22.369192 ], [ 88.300999, 22.368582 ], [ 88.3017, 22.367674 ], [ 88.302431, 22.366909 ], [ 88.303418, 22.366348 ], [ 88.302977, 22.365432 ], [ 88.30209, 22.364714 ], [ 88.301695, 22.363629 ], [ 88.301194, 22.362644 ], [ 88.300254, 22.361863 ], [ 88.299393, 22.361215 ], [ 88.298288, 22.360873 ], [ 88.297068, 22.360808 ], [ 88.295873, 22.360863 ], [ 88.294784, 22.360789 ], [ 88.293436, 22.359041 ], [ 88.29305, 22.357974 ], [ 88.293175, 22.35766 ], [ 88.293297, 22.357355 ], [ 88.29379, 22.356402 ], [ 88.294194, 22.355276 ], [ 88.294456, 22.354293 ], [ 88.294237, 22.353667 ], [ 88.294072, 22.353197 ], [ 88.293554, 22.352211 ], [ 88.293168, 22.35168 ], [ 88.292854, 22.351246 ], [ 88.291796, 22.350819 ], [ 88.291057, 22.349957 ], [ 88.290186, 22.349287 ], [ 88.289314, 22.348828 ], [ 88.28915, 22.348742 ], [ 88.288173, 22.349109 ], [ 88.287083, 22.349353 ], [ 88.285907, 22.349253 ], [ 88.284975, 22.348741 ], [ 88.283919, 22.348123 ], [ 88.283475, 22.347033 ], [ 88.28339, 22.345985 ], [ 88.283317, 22.344866 ], [ 88.282589, 22.343953 ], [ 88.28176, 22.343264 ], [ 88.280701, 22.342881 ], [ 88.279655, 22.342321 ], [ 88.279006, 22.341421 ], [ 88.278555, 22.34033 ], [ 88.278367, 22.339825 ], [ 88.276213, 22.340085 ], [ 88.275257, 22.33992 ], [ 88.274083, 22.339716 ], [ 88.272919, 22.338862 ], [ 88.272393, 22.338162 ], [ 88.271783, 22.337764 ], [ 88.270538, 22.336953 ], [ 88.270123, 22.335857 ], [ 88.27051, 22.334472 ], [ 88.270518, 22.333678 ], [ 88.269949, 22.331936 ], [ 88.268729, 22.331329 ], [ 88.266858, 22.331092 ], [ 88.266598, 22.331059 ], [ 88.266324, 22.331209 ], [ 88.265794, 22.331498 ], [ 88.265147, 22.332186 ], [ 88.265138, 22.333079 ], [ 88.264437, 22.333766 ], [ 88.264105, 22.334087 ], [ 88.263522, 22.33465 ], [ 88.261969, 22.33523 ], [ 88.261169, 22.335222 ], [ 88.259831, 22.335705 ], [ 88.259408, 22.334993 ], [ 88.259149, 22.334557 ], [ 88.259106, 22.333564 ], [ 88.260182, 22.332682 ], [ 88.259982, 22.331341 ], [ 88.258228, 22.330827 ], [ 88.257005, 22.330467 ], [ 88.256586, 22.329669 ], [ 88.256542, 22.328776 ], [ 88.254597, 22.328305 ], [ 88.254101, 22.326219 ], [ 88.254074, 22.326105 ], [ 88.25564, 22.324143 ], [ 88.258162, 22.32321 ], [ 88.255839, 22.321958 ], [ 88.254957, 22.32199 ], [ 88.253619, 22.32221 ], [ 88.253071, 22.322645 ], [ 88.251582, 22.324119 ], [ 88.250326, 22.324355 ], [ 88.249088, 22.325484 ], [ 88.247902, 22.326787 ], [ 88.24653, 22.32794 ], [ 88.245507, 22.328972 ], [ 88.244902, 22.329143 ], [ 88.244571, 22.329236 ], [ 88.244288, 22.329285 ], [ 88.243476, 22.329424 ], [ 88.24313, 22.329346 ], [ 88.242785, 22.329095 ], [ 88.242495, 22.328819 ], [ 88.242258, 22.328519 ], [ 88.242153, 22.328369 ], [ 88.24189, 22.327945 ], [ 88.241815, 22.327498 ], [ 88.241768, 22.326827 ], [ 88.241853, 22.326307 ], [ 88.241858, 22.325836 ], [ 88.241863, 22.325315 ], [ 88.241787, 22.324942 ], [ 88.241685, 22.324395 ], [ 88.24161, 22.323923 ], [ 88.241566, 22.323005 ], [ 88.241307, 22.322209 ], [ 88.241124, 22.32186 ], [ 88.24103, 22.321771 ], [ 88.240939, 22.321684 ], [ 88.240674, 22.321533 ], [ 88.240222, 22.321429 ], [ 88.239875, 22.321401 ], [ 88.239529, 22.321348 ], [ 88.239156, 22.321344 ], [ 88.238065, 22.321859 ], [ 88.237362, 22.32207 ], [ 88.236659, 22.32228 ], [ 88.235491, 22.322296 ], [ 88.23385, 22.322824 ], [ 88.232268, 22.323379 ], [ 88.231329, 22.323804 ], [ 88.230337, 22.323767 ], [ 88.229869, 22.323763 ], [ 88.229666, 22.323625 ], [ 88.228468, 22.323695 ], [ 88.228087, 22.323881 ], [ 88.227676, 22.324122 ], [ 88.227528, 22.324256 ], [ 88.226939, 22.324794 ], [ 88.226818, 22.325227 ], [ 88.226786, 22.325498 ], [ 88.226897, 22.326043 ], [ 88.22701, 22.326397 ], [ 88.227095, 22.32667 ], [ 88.227268, 22.326943 ], [ 88.227264, 22.32735 ], [ 88.227171, 22.327811 ], [ 88.22711, 22.328164 ], [ 88.226755, 22.328595 ], [ 88.22643, 22.328972 ], [ 88.225902, 22.329184 ], [ 88.225578, 22.329426 ], [ 88.225577, 22.329534 ], [ 88.225397, 22.330179 ], [ 88.225182, 22.330318 ], [ 88.224785, 22.330314 ], [ 88.224328, 22.33031 ], [ 88.223932, 22.330278 ], [ 88.22332, 22.330414 ], [ 88.223045, 22.330496 ], [ 88.222633, 22.330658 ], [ 88.22185, 22.330967 ], [ 88.221147, 22.33113 ], [ 88.220146, 22.33061 ], [ 88.21945, 22.329978 ], [ 88.219089, 22.329549 ], [ 88.218938, 22.329321 ], [ 88.218699, 22.328893 ], [ 88.218061, 22.328574 ], [ 88.215621, 22.327856 ], [ 88.215, 22.327671 ], [ 88.214519, 22.327756 ], [ 88.213219, 22.328189 ], [ 88.212782, 22.328721 ], [ 88.212586, 22.329121 ], [ 88.211569, 22.329959 ], [ 88.211137, 22.329999 ], [ 88.211038, 22.330311 ], [ 88.210889, 22.330845 ], [ 88.210837, 22.331246 ], [ 88.210686, 22.331914 ], [ 88.210914, 22.333032 ], [ 88.210955, 22.333792 ], [ 88.210799, 22.334951 ], [ 88.210459, 22.335304 ], [ 88.209787, 22.335387 ], [ 88.2094, 22.335651 ], [ 88.207282, 22.336344 ], [ 88.206946, 22.336341 ], [ 88.204459, 22.336904 ], [ 88.204535, 22.336972 ], [ 88.204799, 22.337206 ], [ 88.205189, 22.337318 ], [ 88.205923, 22.337421 ], [ 88.205745, 22.337796 ], [ 88.205683, 22.338047 ], [ 88.205692, 22.338443 ], [ 88.206008, 22.33854 ], [ 88.206299, 22.338533 ], [ 88.206505, 22.338716 ], [ 88.206513, 22.339071 ], [ 88.206549, 22.339695 ], [ 88.206694, 22.340171 ], [ 88.207147, 22.34037 ], [ 88.207683, 22.340316 ], [ 88.207888, 22.340478 ], [ 88.2085, 22.340777 ], [ 88.208706, 22.340981 ], [ 88.208805, 22.341395 ], [ 88.208616, 22.341942 ], [ 88.208544, 22.342735 ], [ 88.208421, 22.343238 ], [ 88.208062, 22.343226 ], [ 88.206276, 22.341536 ], [ 88.205752, 22.341151 ], [ 88.205227, 22.340725 ], [ 88.204781, 22.340798 ], [ 88.204438, 22.341038 ], [ 88.204342, 22.341652 ], [ 88.204247, 22.342318 ], [ 88.204204, 22.34288 ], [ 88.204269, 22.343313 ], [ 88.204337, 22.343924 ], [ 88.204429, 22.34433 ], [ 88.204933, 22.344804 ], [ 88.205197, 22.344904 ], [ 88.205376, 22.344972 ], [ 88.206376, 22.345537 ], [ 88.207669, 22.345712 ], [ 88.208114, 22.345982 ], [ 88.208085, 22.34607 ], [ 88.207986, 22.346368 ], [ 88.207971, 22.34693 ], [ 88.208095, 22.347591 ], [ 88.207231, 22.348223 ], [ 88.206807, 22.34887 ], [ 88.206543, 22.349335 ], [ 88.206325, 22.349391 ], [ 88.205913, 22.349375 ], [ 88.20561, 22.349356 ], [ 88.20537, 22.349643 ], [ 88.205374, 22.349847 ], [ 88.205653, 22.350044 ], [ 88.206102, 22.350468 ], [ 88.206615, 22.35135 ], [ 88.206933, 22.352057 ], [ 88.207884, 22.352904 ], [ 88.208273, 22.353099 ], [ 88.2084, 22.35418 ], [ 88.208466, 22.354576 ], [ 88.209015, 22.354908 ], [ 88.20936, 22.355059 ], [ 88.209676, 22.355211 ], [ 88.210046, 22.355203 ], [ 88.210443, 22.355114 ], [ 88.210926, 22.355077 ], [ 88.211241, 22.355123 ], [ 88.211526, 22.355169 ], [ 88.212161, 22.355552 ], [ 88.21253, 22.355491 ], [ 88.212605, 22.355447 ], [ 88.212952, 22.355243 ], [ 88.213203, 22.355025 ], [ 88.213367, 22.354777 ], [ 88.213938, 22.35477 ], [ 88.214605, 22.355312 ], [ 88.214845, 22.355862 ], [ 88.214196, 22.356142 ], [ 88.214034, 22.356516 ], [ 88.213701, 22.356921 ], [ 88.213383, 22.357961 ], [ 88.213387, 22.358173 ], [ 88.213396, 22.358544 ], [ 88.213437, 22.359126 ], [ 88.213387, 22.359445 ], [ 88.213168, 22.359847 ], [ 88.212859, 22.360039 ], [ 88.212465, 22.360207 ], [ 88.211852, 22.36083 ], [ 88.211863, 22.361333 ], [ 88.21202, 22.361965 ], [ 88.211855, 22.362234 ], [ 88.211204, 22.362407 ], [ 88.211035, 22.362491 ], [ 88.210059, 22.362168 ], [ 88.209259, 22.362054 ], [ 88.208632, 22.362041 ], [ 88.208276, 22.362453 ], [ 88.208188, 22.362555 ], [ 88.208225, 22.363332 ], [ 88.208246, 22.363786 ], [ 88.20736, 22.364973 ], [ 88.206136, 22.369736 ], [ 88.204698, 22.36998 ], [ 88.204686, 22.370308 ], [ 88.204674, 22.370617 ], [ 88.2043, 22.370902 ], [ 88.203846, 22.370989 ], [ 88.203209, 22.371392 ], [ 88.202404, 22.372753 ], [ 88.201715, 22.374687 ], [ 88.201985, 22.375334 ], [ 88.202351, 22.375732 ], [ 88.202574, 22.375975 ], [ 88.203153, 22.376169 ], [ 88.20376, 22.376185 ], [ 88.204619, 22.376018 ], [ 88.205622, 22.376619 ], [ 88.205757, 22.376942 ], [ 88.205574, 22.377332 ], [ 88.204658, 22.377798 ], [ 88.203092, 22.37917 ], [ 88.202187, 22.380111 ], [ 88.201154, 22.381055 ], [ 88.20113, 22.381412 ], [ 88.201139, 22.381433 ], [ 88.201468, 22.382236 ], [ 88.201605, 22.382678 ], [ 88.201552, 22.383154 ], [ 88.200968, 22.383963 ], [ 88.200355, 22.385755 ], [ 88.20044, 22.386438 ], [ 88.200735, 22.387084 ], [ 88.20107, 22.387571 ], [ 88.201243, 22.387823 ], [ 88.201485, 22.388548 ], [ 88.201806, 22.389506 ], [ 88.20189, 22.390124 ], [ 88.20157, 22.391501 ], [ 88.201185, 22.393141 ], [ 88.201347, 22.394859 ], [ 88.20134, 22.396702 ], [ 88.201436, 22.396998 ], [ 88.201594, 22.397486 ], [ 88.201658, 22.397528 ], [ 88.20191, 22.397696 ], [ 88.201987, 22.39765 ], [ 88.202027, 22.397683 ], [ 88.202086, 22.397772 ], [ 88.202547, 22.397903 ], [ 88.202882, 22.398115 ], [ 88.203023, 22.398112 ], [ 88.203501, 22.398408 ], [ 88.204169, 22.398744 ], [ 88.204516, 22.399482 ], [ 88.204762, 22.399915 ], [ 88.205289, 22.400298 ], [ 88.205525, 22.400292 ], [ 88.205666, 22.400289 ], [ 88.206899, 22.400569 ], [ 88.207387, 22.401303 ], [ 88.208123, 22.402559 ], [ 88.208946, 22.403505 ], [ 88.208969, 22.404558 ], [ 88.209275, 22.40556 ], [ 88.209284, 22.405644 ], [ 88.209335, 22.406129 ], [ 88.208927, 22.406884 ], [ 88.208559, 22.407331 ], [ 88.208246, 22.408083 ], [ 88.208477, 22.408754 ], [ 88.208578, 22.409073 ], [ 88.20836, 22.409195 ], [ 88.207982, 22.409145 ], [ 88.207647, 22.409322 ], [ 88.207577, 22.409359 ], [ 88.207523, 22.409741 ], [ 88.207857, 22.410612 ], [ 88.207885, 22.410641 ], [ 88.208243, 22.411013 ], [ 88.208549, 22.411073 ], [ 88.20945, 22.410854 ], [ 88.209941, 22.411339 ], [ 88.210331, 22.412074 ], [ 88.21034, 22.412199 ], [ 88.210406, 22.413064 ], [ 88.210477, 22.413855 ], [ 88.211076, 22.414437 ], [ 88.211414, 22.415222 ], [ 88.210845, 22.416028 ], [ 88.210385, 22.416931 ], [ 88.210251, 22.418074 ], [ 88.210263, 22.418619 ], [ 88.210329, 22.419163 ], [ 88.210129, 22.419762 ], [ 88.210247, 22.420434 ], [ 88.210312, 22.420799 ], [ 88.210878, 22.422274 ], [ 88.210845, 22.423216 ], [ 88.21054, 22.423868 ], [ 88.209087, 22.424586 ], [ 88.208783, 22.424948 ], [ 88.20879, 22.425271 ], [ 88.208937, 22.425655 ], [ 88.209384, 22.425945 ], [ 88.208995, 22.426445 ], [ 88.209267, 22.427116 ], [ 88.208483, 22.428412 ], [ 88.206793, 22.428375 ], [ 88.206037, 22.429136 ], [ 88.206083, 22.429555 ], [ 88.206612, 22.429997 ], [ 88.207616, 22.431179 ], [ 88.208298, 22.431932 ], [ 88.208727, 22.432405 ], [ 88.208819, 22.433115 ], [ 88.209263, 22.433772 ], [ 88.209869, 22.434509 ], [ 88.210983, 22.435511 ], [ 88.21165, 22.4369 ], [ 88.211699, 22.437002 ], [ 88.212309, 22.438023 ], [ 88.212645, 22.437999 ], [ 88.21292, 22.437839 ], [ 88.213535, 22.437446 ], [ 88.213609, 22.437665 ], [ 88.213594, 22.438665 ], [ 88.213744, 22.438953 ], [ 88.214073, 22.439558 ], [ 88.21466, 22.44101 ], [ 88.214902, 22.44256 ], [ 88.214939, 22.443278 ], [ 88.214832, 22.443994 ], [ 88.214651, 22.444719 ], [ 88.214888, 22.446063 ], [ 88.215287, 22.447573 ], [ 88.215308, 22.447803 ], [ 88.215332, 22.448058 ], [ 88.215678, 22.449273 ], [ 88.21604, 22.449424 ], [ 88.217248, 22.44954 ], [ 88.217768, 22.449599 ], [ 88.218033, 22.449626 ], [ 88.219507, 22.450323 ], [ 88.221142, 22.450787 ] ] ] } },
{ "type": "Feature", "properties": { "census2011_code": "02417", "block_name": "Sonarpur", "geoboundaries_shape_id": "7132399B8668963267585", "area_km2": 160.8, "land_area_km2": 160.8, "water_area_km2": 0.0 }, "geometry": { "type": "Polygon", "coordinates": [ [ [ 88.523833, 22.407261 ], [ 88.523293, 22.40513 ], [ 88.522645, 22.403099 ], [ 88.522155, 22.399909 ], [ 88.518423, 22.400736 ], [ 88.517862, 22.400774 ], [ 88.515982, 22.400483 ], [ 88.515169, 22.400543 ], [ 88.512699, 22.401634 ], [ 88.511692, 22.40181 ], [ 88.511136, 22.401908 ], [ 88.510702, 22.401567 ], [ 88.510345, 22.401002 ], [ 88.510151, 22.399042 ], [ 88.508752, 22.395338 ], [ 88.507583, 22.394239 ], [ 88.506804, 22.394004 ], [ 88.504674, 22.394463 ], [ 88.504146, 22.394845 ], [ 88.50368, 22.395772 ], [ 88.502343, 22.397261 ], [ 88.502243, 22.39771 ], [ 88.502624, 22.399667 ], [ 88.502608, 22.400264 ], [ 88.5024, 22.400615 ], [ 88.501184, 22.401388 ], [ 88.500243, 22.402317 ], [ 88.499958, 22.402892 ], [ 88.499966, 22.403371 ], [ 88.500619, 22.40425 ], [ 88.500604, 22.404775 ], [ 88.500323, 22.405601 ], [ 88.500191, 22.405669 ], [ 88.499959, 22.405789 ], [ 88.49932, 22.405732 ], [ 88.498176, 22.404862 ], [ 88.497658, 22.404711 ], [ 88.497343, 22.404921 ], [ 88.497213, 22.405973 ], [ 88.496849, 22.406207 ], [ 88.4955, 22.406253 ], [ 88.493988, 22.406781 ], [ 88.493306, 22.407198 ], [ 88.492553, 22.408188 ], [ 88.492253, 22.408176 ], [ 88.491364, 22.406673 ], [ 88.490931, 22.406645 ], [ 88.490376, 22.407108 ], [ 88.487796, 22.407693 ], [ 88.486863, 22.408023 ], [ 88.486778, 22.408089 ], [ 88.486159, 22.408576 ], [ 88.485623, 22.409091 ], [ 88.483681, 22.409735 ], [ 88.481246, 22.411427 ], [ 88.481158, 22.411488 ], [ 88.480803, 22.411955 ], [ 88.480632, 22.41276 ], [ 88.480606, 22.412786 ], [ 88.480309, 22.41309 ], [ 88.479858, 22.413136 ], [ 88.477518, 22.41203 ], [ 88.476344, 22.41182 ], [ 88.476018, 22.41194 ], [ 88.474197, 22.413575 ], [ 88.473584, 22.413757 ], [ 88.473067, 22.413537 ], [ 88.472249, 22.412539 ], [ 88.471941, 22.412506 ], [ 88.471472, 22.412724 ], [ 88.471377, 22.413174 ], [ 88.471282, 22.413624 ], [ 88.471509, 22.414919 ], [ 88.472901, 22.415869 ], [ 88.473077, 22.416591 ], [ 88.473038, 22.4169 ], [ 88.472987, 22.417299 ], [ 88.472463, 22.417717 ], [ 88.470419, 22.418934 ], [ 88.469898, 22.419916 ], [ 88.469688, 22.420866 ], [ 88.469929, 22.423564 ], [ 88.469967, 22.423989 ], [ 88.469576, 22.424285 ], [ 88.469265, 22.424317 ], [ 88.468774, 22.423694 ], [ 88.46858, 22.422251 ], [ 88.466721, 22.419338 ], [ 88.465779, 22.418788 ], [ 88.465488, 22.418619 ], [ 88.464178, 22.418279 ], [ 88.463595, 22.418361 ], [ 88.462189, 22.419271 ], [ 88.461437, 22.419664 ], [ 88.461025, 22.419526 ], [ 88.460665, 22.418917 ], [ 88.460675, 22.418338 ], [ 88.460574, 22.418122 ], [ 88.460067, 22.418076 ], [ 88.459155, 22.418309 ], [ 88.457652, 22.419433 ], [ 88.457403, 22.41962 ], [ 88.456656, 22.420179 ], [ 88.45547, 22.420289 ], [ 88.454418, 22.420289 ], [ 88.453893, 22.420297 ], [ 88.452752, 22.420769 ], [ 88.451082, 22.421014 ], [ 88.45065, 22.421125 ], [ 88.447894, 22.422472 ], [ 88.447755, 22.422466 ], [ 88.447265, 22.422445 ], [ 88.446425, 22.421912 ], [ 88.445964, 22.421034 ], [ 88.445577, 22.420871 ], [ 88.444553, 22.421491 ], [ 88.443641, 22.421506 ], [ 88.443147, 22.421062 ], [ 88.44314, 22.420666 ], [ 88.443316, 22.420268 ], [ 88.443471, 22.419831 ], [ 88.443269, 22.419327 ], [ 88.442603, 22.417659 ], [ 88.441737, 22.416769 ], [ 88.440408, 22.416094 ], [ 88.440096, 22.415647 ], [ 88.440129, 22.415216 ], [ 88.44015, 22.414926 ], [ 88.439928, 22.414358 ], [ 88.439445, 22.413707 ], [ 88.43932, 22.413292 ], [ 88.439391, 22.411767 ], [ 88.439407, 22.411422 ], [ 88.439087, 22.409252 ], [ 88.438958, 22.408617 ], [ 88.439274, 22.406839 ], [ 88.439319, 22.405653 ], [ 88.439025, 22.404855 ], [ 88.437866, 22.403951 ], [ 88.437131, 22.403923 ], [ 88.43445, 22.404972 ], [ 88.434035, 22.404738 ], [ 88.432829, 22.402308 ], [ 88.432416, 22.402135 ], [ 88.428578, 22.402479 ], [ 88.427886, 22.402431 ], [ 88.426981, 22.401882 ], [ 88.425972, 22.401154 ], [ 88.425934, 22.400851 ], [ 88.426028, 22.400576 ], [ 88.427509, 22.399214 ], [ 88.42771, 22.398496 ], [ 88.427504, 22.397937 ], [ 88.42679, 22.396478 ], [ 88.426693, 22.396048 ], [ 88.426596, 22.395618 ], [ 88.426696, 22.39531 ], [ 88.428165, 22.393601 ], [ 88.42833, 22.392763 ], [ 88.428145, 22.391499 ], [ 88.427602, 22.391258 ], [ 88.427166, 22.391167 ], [ 88.422805, 22.392757 ], [ 88.422401, 22.39275 ], [ 88.422099, 22.392616 ], [ 88.421573, 22.392279 ], [ 88.419721, 22.392279 ], [ 88.417962, 22.392222 ], [ 88.417835, 22.392218 ], [ 88.417282, 22.392781 ], [ 88.416657, 22.394974 ], [ 88.416168, 22.395382 ], [ 88.415538, 22.395331 ], [ 88.415036, 22.39497 ], [ 88.414758, 22.394144 ], [ 88.414944, 22.392168 ], [ 88.415185, 22.389613 ], [ 88.415095, 22.388189 ], [ 88.415022, 22.387834 ], [ 88.414949, 22.387478 ], [ 88.414957, 22.386603 ], [ 88.414961, 22.386176 ], [ 88.414818, 22.38559 ], [ 88.414588, 22.385372 ], [ 88.413072, 22.383944 ], [ 88.412685, 22.383579 ], [ 88.410061, 22.382073 ], [ 88.409717, 22.381428 ], [ 88.409627, 22.380315 ], [ 88.409595, 22.379925 ], [ 88.409591, 22.37988 ], [ 88.408984, 22.379152 ], [ 88.408423, 22.37834 ], [ 88.407623, 22.377816 ], [ 88.40734, 22.377255 ], [ 88.407201, 22.37621 ], [ 88.407535, 22.374309 ], [ 88.4073, 22.372926 ], [ 88.406842, 22.372821 ], [ 88.406298, 22.373056 ], [ 88.405623, 22.374567 ], [ 88.405177, 22.37455 ], [ 88.405105, 22.374547 ], [ 88.403808, 22.373352 ], [ 88.403108, 22.373335 ], [ 88.402779, 22.373708 ], [ 88.402452, 22.374166 ], [ 88.402117, 22.374172 ], [ 88.401718, 22.373952 ], [ 88.401403, 22.373306 ], [ 88.401573, 22.372511 ], [ 88.40244, 22.371564 ], [ 88.40216, 22.371229 ], [ 88.401339, 22.371214 ], [ 88.399982, 22.371649 ], [ 88.398827, 22.372019 ], [ 88.397426, 22.371957 ], [ 88.39597, 22.371148 ], [ 88.39565, 22.370745 ], [ 88.394501, 22.367101 ], [ 88.394097, 22.366757 ], [ 88.393215, 22.366616 ], [ 88.39115, 22.367137 ], [ 88.390884, 22.367492 ], [ 88.390782, 22.370279 ], [ 88.39037, 22.370695 ], [ 88.389701, 22.370784 ], [ 88.389155, 22.370656 ], [ 88.388708, 22.370216 ], [ 88.388258, 22.369672 ], [ 88.384431, 22.368577 ], [ 88.3839, 22.368585 ], [ 88.383356, 22.368884 ], [ 88.383143, 22.369313 ], [ 88.382663, 22.370723 ], [ 88.382461, 22.371317 ], [ 88.382187, 22.371338 ], [ 88.3818, 22.371157 ], [ 88.381564, 22.37066 ], [ 88.381382, 22.370278 ], [ 88.381065, 22.368751 ], [ 88.380527, 22.367773 ], [ 88.379561, 22.366019 ], [ 88.378477, 22.36587 ], [ 88.377002, 22.365407 ], [ 88.37662, 22.365689 ], [ 88.376152, 22.366035 ], [ 88.375891, 22.366395 ], [ 88.376439, 22.366632 ], [ 88.377414, 22.366605 ], [ 88.378401, 22.367031 ], [ 88.378795, 22.368475 ], [ 88.378693, 22.370176 ], [ 88.37862, 22.371371 ], [ 88.378614, 22.372983 ], [ 88.37854, 22.373161 ], [ 88.378279, 22.373798 ], [ 88.378052, 22.3748 ], [ 88.378169, 22.375365 ], [ 88.378699, 22.376109 ], [ 88.379489, 22.377035 ], [ 88.379517, 22.377132 ], [ 88.379828, 22.378211 ], [ 88.379728, 22.381691 ], [ 88.37934, 22.382665 ], [ 88.378833, 22.383065 ], [ 88.378151, 22.383404 ], [ 88.377451, 22.38307 ], [ 88.376523, 22.383225 ], [ 88.375837, 22.383404 ], [ 88.375802, 22.383543 ], [ 88.375682, 22.384019 ], [ 88.37594, 22.384726 ], [ 88.376018, 22.384941 ], [ 88.376864, 22.38556 ], [ 88.377284, 22.386128 ], [ 88.37733, 22.386189 ], [ 88.377318, 22.387025 ], [ 88.378837, 22.386983 ], [ 88.380024, 22.387464 ], [ 88.380984, 22.388433 ], [ 88.3813, 22.389038 ], [ 88.38153, 22.389478 ], [ 88.381514, 22.390121 ], [ 88.381083, 22.390775 ], [ 88.380204, 22.391474 ], [ 88.378607, 22.392449 ], [ 88.377639, 22.393664 ], [ 88.377014, 22.394714 ], [ 88.374793, 22.395963 ], [ 88.373892, 22.396471 ], [ 88.373418, 22.396665 ], [ 88.371331, 22.397524 ], [ 88.370768, 22.397539 ], [ 88.370381, 22.39755 ], [ 88.370784, 22.400683 ], [ 88.370886, 22.404415 ], [ 88.371871, 22.410425 ], [ 88.372348, 22.41082 ], [ 88.373821, 22.411519 ], [ 88.374276, 22.412119 ], [ 88.373969, 22.413696 ], [ 88.373892, 22.414093 ], [ 88.372697, 22.415529 ], [ 88.371089, 22.41593 ], [ 88.370347, 22.415874 ], [ 88.369955, 22.415579 ], [ 88.369631, 22.414772 ], [ 88.369605, 22.414583 ], [ 88.36907, 22.410652 ], [ 88.368385, 22.409111 ], [ 88.367416, 22.40841 ], [ 88.366338, 22.407842 ], [ 88.364352, 22.407586 ], [ 88.363628, 22.407865 ], [ 88.363304, 22.40829 ], [ 88.36315, 22.41084 ], [ 88.362928, 22.414313 ], [ 88.362771, 22.414997 ], [ 88.361882, 22.415619 ], [ 88.361126, 22.415776 ], [ 88.360539, 22.415683 ], [ 88.359788, 22.414943 ], [ 88.359296, 22.413299 ], [ 88.358971, 22.411299 ], [ 88.358706, 22.409841 ], [ 88.358134, 22.408685 ], [ 88.357935, 22.407492 ], [ 88.357919, 22.407393 ], [ 88.357488, 22.406442 ], [ 88.356759, 22.406127 ], [ 88.355864, 22.406319 ], [ 88.355211, 22.407133 ], [ 88.353921, 22.407712 ], [ 88.35307, 22.409535 ], [ 88.352447, 22.411436 ], [ 88.352495, 22.413193 ], [ 88.352827, 22.414416 ], [ 88.353195, 22.415769 ], [ 88.354743, 22.418029 ], [ 88.355262, 22.420636 ], [ 88.354756, 22.421469 ], [ 88.354132, 22.421602 ], [ 88.35388, 22.421656 ], [ 88.352407, 22.421478 ], [ 88.351952, 22.421619 ], [ 88.351825, 22.421658 ], [ 88.35171, 22.42177 ], [ 88.351501, 22.422704 ], [ 88.352194, 22.424432 ], [ 88.352892, 22.426324 ], [ 88.352614, 22.429129 ], [ 88.352356, 22.431247 ], [ 88.351624, 22.432147 ], [ 88.350105, 22.433919 ], [ 88.349785, 22.434293 ], [ 88.350068, 22.434781 ], [ 88.350679, 22.436771 ], [ 88.351015, 22.438857 ], [ 88.351448, 22.439703 ], [ 88.351356, 22.440765 ], [ 88.351234, 22.441928 ], [ 88.35107, 22.44271 ], [ 88.351211, 22.442966 ], [ 88.351352, 22.443223 ], [ 88.352181, 22.444433 ], [ 88.352817, 22.446501 ], [ 88.352599, 22.447963 ], [ 88.352881, 22.449055 ], [ 88.35294, 22.449207 ], [ 88.353008, 22.449381 ], [ 88.353145, 22.449733 ], [ 88.353654, 22.451062 ], [ 88.355999, 22.453246 ], [ 88.360092, 22.45442 ], [ 88.362101, 22.454997 ], [ 88.362373, 22.45499 ], [ 88.362838, 22.454639 ], [ 88.363887, 22.454174 ], [ 88.365085, 22.454151 ], [ 88.365301, 22.454147 ], [ 88.366417, 22.454895 ], [ 88.369636, 22.454819 ], [ 88.369181, 22.45403 ], [ 88.369124, 22.45393 ], [ 88.36891, 22.452882 ], [ 88.369976, 22.452154 ], [ 88.370013, 22.452129 ], [ 88.370522, 22.452121 ], [ 88.371504, 22.452106 ], [ 88.372029, 22.452029 ], [ 88.373219, 22.453917 ], [ 88.373555, 22.454544 ], [ 88.377829, 22.454137 ], [ 88.383932, 22.454796 ], [ 88.388861, 22.456108 ], [ 88.39046, 22.457002 ], [ 88.3959, 22.46004 ], [ 88.400902, 22.467549 ], [ 88.40317, 22.470954 ], [ 88.406221, 22.473138 ], [ 88.413029, 22.473141 ], [ 88.417488, 22.475762 ], [ 88.417965, 22.476529 ], [ 88.419241, 22.478579 ], [ 88.420068, 22.479909 ], [ 88.419737, 22.483194 ], [ 88.418979, 22.490702 ], [ 88.418424, 22.496195 ], [ 88.417849, 22.501887 ], [ 88.417941, 22.502949 ], [ 88.417982, 22.503423 ], [ 88.418028, 22.503954 ], [ 88.418486, 22.509269 ], [ 88.418816, 22.513095 ], [ 88.421927, 22.517073 ], [ 88.426012, 22.518883 ], [ 88.430417, 22.517229 ], [ 88.434185, 22.515813 ], [ 88.436527, 22.513901 ], [ 88.436487, 22.513764 ], [ 88.436485, 22.513757 ], [ 88.43651, 22.513535 ], [ 88.436528, 22.513365 ], [ 88.437094, 22.513049 ], [ 88.437756, 22.512333 ], [ 88.439736, 22.509491 ], [ 88.440574, 22.509201 ], [ 88.440729, 22.509262 ], [ 88.441126, 22.50942 ], [ 88.441536, 22.509583 ], [ 88.44183, 22.50982 ], [ 88.443528, 22.508586 ], [ 88.445522, 22.507606 ], [ 88.446836, 22.50696 ], [ 88.452284, 22.506058 ], [ 88.456405, 22.506563 ], [ 88.459677, 22.506964 ], [ 88.463374, 22.507688 ], [ 88.463373, 22.510038 ], [ 88.460168, 22.517237 ], [ 88.460656, 22.517836 ], [ 88.461263, 22.518529 ], [ 88.46161, 22.518893 ], [ 88.461712, 22.51888 ], [ 88.464584, 22.518587 ], [ 88.467129, 22.518535 ], [ 88.46974, 22.518362 ], [ 88.471309, 22.517458 ], [ 88.472226, 22.516309 ], [ 88.473016, 22.513943 ], [ 88.473533, 22.512395 ], [ 88.4749, 22.509806 ], [ 88.47551, 22.507915 ], [ 88.476278, 22.505364 ], [ 88.476501, 22.504624 ], [ 88.477479, 22.501584 ], [ 88.477492, 22.501543 ], [ 88.478333, 22.498041 ], [ 88.478946, 22.49545 ], [ 88.479255, 22.493067 ], [ 88.479713, 22.491062 ], [ 88.48053, 22.48835 ], [ 88.480912, 22.485637 ], [ 88.482595, 22.484083 ], [ 88.483657, 22.482412 ], [ 88.486026, 22.480167 ], [ 88.486965, 22.478033 ], [ 88.488712, 22.476018 ], [ 88.490084, 22.474521 ], [ 88.491512, 22.471808 ], [ 88.492352, 22.469849 ], [ 88.492651, 22.468619 ], [ 88.493882, 22.467208 ], [ 88.497271, 22.466581 ], [ 88.499186, 22.466222 ], [ 88.501937, 22.465546 ], [ 88.503889, 22.464194 ], [ 88.504101, 22.464047 ], [ 88.505531, 22.461954 ], [ 88.506392, 22.460459 ], [ 88.507565, 22.459671 ], [ 88.509748, 22.458986 ], [ 88.513449, 22.458625 ], [ 88.513687, 22.458602 ], [ 88.51725, 22.45891 ], [ 88.519166, 22.458965 ], [ 88.520126, 22.458028 ], [ 88.520345, 22.455903 ], [ 88.519556, 22.453131 ], [ 88.519456, 22.450955 ], [ 88.520831, 22.447938 ], [ 88.520862, 22.447887 ], [ 88.521779, 22.446371 ], [ 88.522993, 22.444829 ], [ 88.523774, 22.443837 ], [ 88.523821, 22.443799 ], [ 88.524797, 22.44301 ], [ 88.526962, 22.44126 ], [ 88.529748, 22.439975 ], [ 88.531164, 22.439591 ], [ 88.533627, 22.438924 ], [ 88.534623, 22.438049 ], [ 88.536712, 22.437178 ], [ 88.538876, 22.436578 ], [ 88.539845, 22.436309 ], [ 88.541784, 22.435946 ], [ 88.54412, 22.435768 ], [ 88.545066, 22.434985 ], [ 88.545449, 22.433497 ], [ 88.545304, 22.431043 ], [ 88.545007, 22.428494 ], [ 88.544152, 22.425708 ], [ 88.543396, 22.42363 ], [ 88.542237, 22.420796 ], [ 88.539918, 22.417405 ], [ 88.538963, 22.417895 ], [ 88.53884, 22.419559 ], [ 88.539516, 22.421262 ], [ 88.540197, 22.422222 ], [ 88.541068, 22.423147 ], [ 88.541439, 22.42499 ], [ 88.541201, 22.426759 ], [ 88.540931, 22.427289 ], [ 88.539783, 22.428345 ], [ 88.539054, 22.429368 ], [ 88.537758, 22.429573 ], [ 88.535779, 22.429138 ], [ 88.535166, 22.428062 ], [ 88.534949, 22.427681 ], [ 88.534121, 22.425906 ], [ 88.533822, 22.424807 ], [ 88.532639, 22.422388 ], [ 88.532144, 22.421456 ], [ 88.532115, 22.421415 ], [ 88.531094, 22.419948 ], [ 88.530333, 22.419397 ], [ 88.530311, 22.41814 ], [ 88.530143, 22.416473 ], [ 88.530531, 22.415355 ], [ 88.531093, 22.414702 ], [ 88.531539, 22.413857 ], [ 88.53181, 22.412711 ], [ 88.531102, 22.411897 ], [ 88.530038, 22.409132 ], [ 88.529842, 22.407908 ], [ 88.526669, 22.407422 ], [ 88.524867, 22.407823 ], [ 88.523833, 22.407261 ] ] ] } },
{ "type": "Feature", "properties": { "census2011_code": "02418", "block_name": "Bhangar-I", "geoboundaries_shape_id": "7132399B12552956761235", "area_km2": 153.1, "land_area_km2": 153.1, "water_area_km2": 0.0 }, "geometry": { "type": "Polygon", "coordinates": [ [ [ 88.652939, 22.517665 ], [ 88.653464, 22.516129 ], [ 88.654374, 22.515759 ], [ 88.655163, 22.515253 ], [ 88.656084, 22.513704 ], [ 88.6562, 22.513659 ], [ 88.656116, 22.513624 ], [ 88.65495, 22.513354 ], [ 88.654765, 22.513159 ], [ 88.655057, 22.512789 ], [ 88.655888, 22.511847 ], [ 88.656033, 22.511683 ], [ 88.656723, 22.510477 ], [ 88.656744, 22.510201 ], [ 88.656801, 22.509443 ], [ 88.656758, 22.508834 ], [ 88.656723, 22.508337 ], [ 88.656645, 22.507582 ], [ 88.656594, 22.507097 ], [ 88.656509, 22.506269 ], [ 88.656139, 22.505853 ], [ 88.656128, 22.505853 ], [ 88.65523, 22.505793 ], [ 88.655055, 22.505782 ], [ 88.653943, 22.505461 ], [ 88.652752, 22.504748 ], [ 88.652198, 22.504477 ], [ 88.651834, 22.503507 ], [ 88.651561, 22.50278 ], [ 88.651024, 22.501433 ], [ 88.650778, 22.500815 ], [ 88.650749, 22.500455 ], [ 88.650744, 22.50013 ], [ 88.650666, 22.499661 ], [ 88.650034, 22.498672 ], [ 88.649958, 22.498567 ], [ 88.64933, 22.49771 ], [ 88.64932, 22.497652 ], [ 88.649315, 22.497462 ], [ 88.649271, 22.496965 ], [ 88.649363, 22.495457 ], [ 88.649558, 22.495308 ], [ 88.649703, 22.495311 ], [ 88.650563, 22.495331 ], [ 88.651064, 22.495385 ], [ 88.651166, 22.495488 ], [ 88.651273, 22.495683 ], [ 88.651572, 22.495757 ], [ 88.651663, 22.49549 ], [ 88.652218, 22.494729 ], [ 88.652175, 22.493776 ], [ 88.651412, 22.492538 ], [ 88.650341, 22.492251 ], [ 88.648851, 22.492049 ], [ 88.64799, 22.491677 ], [ 88.647716, 22.490992 ], [ 88.647524, 22.489348 ], [ 88.646791, 22.487569 ], [ 88.646251, 22.48709 ], [ 88.645653, 22.486928 ], [ 88.64474, 22.487003 ], [ 88.643542, 22.486971 ], [ 88.642573, 22.486834 ], [ 88.641804, 22.486459 ], [ 88.640578, 22.48648 ], [ 88.639582, 22.485971 ], [ 88.639329, 22.485255 ], [ 88.639113, 22.483672 ], [ 88.639115, 22.483243 ], [ 88.639118, 22.482594 ], [ 88.639126, 22.480947 ], [ 88.638651, 22.480501 ], [ 88.638314, 22.479613 ], [ 88.638692, 22.478981 ], [ 88.638979, 22.477184 ], [ 88.639169, 22.475495 ], [ 88.63972, 22.474371 ], [ 88.640331, 22.473191 ], [ 88.641428, 22.472013 ], [ 88.642366, 22.469559 ], [ 88.642374, 22.467648 ], [ 88.641446, 22.467189 ], [ 88.640517, 22.467002 ], [ 88.640034, 22.465681 ], [ 88.640136, 22.46468 ], [ 88.639894, 22.464133 ], [ 88.638872, 22.462809 ], [ 88.638296, 22.460792 ], [ 88.637784, 22.458991 ], [ 88.63773, 22.458668 ], [ 88.637666, 22.458282 ], [ 88.637422, 22.456811 ], [ 88.636326, 22.455418 ], [ 88.63508, 22.454446 ], [ 88.635214, 22.45291 ], [ 88.63541, 22.451906 ], [ 88.63484, 22.451233 ], [ 88.633719, 22.450794 ], [ 88.633042, 22.450755 ], [ 88.632235, 22.450708 ], [ 88.63075, 22.45078 ], [ 88.629369, 22.451266 ], [ 88.62869, 22.451518 ], [ 88.627713, 22.451691 ], [ 88.626714, 22.452258 ], [ 88.625184, 22.452881 ], [ 88.623932, 22.453032 ], [ 88.623295, 22.453305 ], [ 88.622531, 22.453499 ], [ 88.622214, 22.453103 ], [ 88.622017, 22.452343 ], [ 88.621682, 22.451586 ], [ 88.620805, 22.450857 ], [ 88.620658, 22.450278 ], [ 88.620572, 22.449943 ], [ 88.621024, 22.448891 ], [ 88.621793, 22.448208 ], [ 88.623001, 22.44735 ], [ 88.623992, 22.445855 ], [ 88.624956, 22.444538 ], [ 88.625155, 22.442963 ], [ 88.624853, 22.441868 ], [ 88.624725, 22.440708 ], [ 88.624685, 22.439693 ], [ 88.62598, 22.43912 ], [ 88.624785, 22.438351 ], [ 88.623883, 22.437711 ], [ 88.62274, 22.437145 ], [ 88.622659, 22.437092 ], [ 88.621337, 22.436241 ], [ 88.620254, 22.435806 ], [ 88.618991, 22.435127 ], [ 88.617567, 22.434429 ], [ 88.616925, 22.434108 ], [ 88.616101, 22.434048 ], [ 88.615458, 22.433951 ], [ 88.614677, 22.433536 ], [ 88.614457, 22.433105 ], [ 88.61414, 22.432188 ], [ 88.6136, 22.431326 ], [ 88.613542, 22.431232 ], [ 88.613444, 22.43109 ], [ 88.612743, 22.43007 ], [ 88.612787, 22.429323 ], [ 88.613094, 22.428817 ], [ 88.613456, 22.428091 ], [ 88.612905, 22.426467 ], [ 88.612436, 22.425178 ], [ 88.611609, 22.423873 ], [ 88.610997, 22.422834 ], [ 88.610713, 22.422351 ], [ 88.610693, 22.422319 ], [ 88.610432, 22.420934 ], [ 88.609575, 22.419629 ], [ 88.608303, 22.418018 ], [ 88.607243, 22.41686 ], [ 88.606797, 22.415569 ], [ 88.607342, 22.414047 ], [ 88.607345, 22.413469 ], [ 88.607376, 22.412838 ], [ 88.606517, 22.411885 ], [ 88.605319, 22.41134 ], [ 88.60379, 22.410909 ], [ 88.60094, 22.410698 ], [ 88.598988, 22.410654 ], [ 88.598282, 22.411035 ], [ 88.597038, 22.411529 ], [ 88.595381, 22.411675 ], [ 88.59493, 22.410826 ], [ 88.594722, 22.41051 ], [ 88.594067, 22.409513 ], [ 88.592873, 22.408275 ], [ 88.592244, 22.406902 ], [ 88.591998, 22.405672 ], [ 88.592005, 22.404297 ], [ 88.592827, 22.40357 ], [ 88.59412, 22.402787 ], [ 88.594691, 22.401853 ], [ 88.594952, 22.40007 ], [ 88.595018, 22.399544 ], [ 88.594459, 22.397991 ], [ 88.593118, 22.396887 ], [ 88.591713, 22.395657 ], [ 88.590784, 22.395052 ], [ 88.589829, 22.39478 ], [ 88.58913, 22.395087 ], [ 88.588013, 22.395673 ], [ 88.587118, 22.396497 ], [ 88.586447, 22.396967 ], [ 88.586266, 22.397024 ], [ 88.58514, 22.397375 ], [ 88.585121, 22.397369 ], [ 88.583615, 22.396894 ], [ 88.58209, 22.396324 ], [ 88.579359, 22.395096 ], [ 88.577644, 22.394496 ], [ 88.576928, 22.394222 ], [ 88.57631, 22.393986 ], [ 88.573352, 22.393526 ], [ 88.571667, 22.393251 ], [ 88.570967, 22.393277 ], [ 88.56915, 22.393771 ], [ 88.567364, 22.394472 ], [ 88.565768, 22.395499 ], [ 88.564296, 22.396911 ], [ 88.562999, 22.399938 ], [ 88.561451, 22.403369 ], [ 88.560358, 22.404837 ], [ 88.5581, 22.405795 ], [ 88.556219, 22.406561 ], [ 88.554549, 22.406668 ], [ 88.552429, 22.407665 ], [ 88.550005, 22.408684 ], [ 88.549406, 22.409602 ], [ 88.547064, 22.410253 ], [ 88.544405, 22.410865 ], [ 88.542863, 22.411746 ], [ 88.542298, 22.41207 ], [ 88.541262, 22.413022 ], [ 88.538679, 22.414298 ], [ 88.538396, 22.415255 ], [ 88.538827, 22.416141 ], [ 88.539918, 22.417405 ], [ 88.542237, 22.420796 ], [ 88.543396, 22.42363 ], [ 88.544152, 22.425708 ], [ 88.545007, 22.428494 ], [ 88.545304, 22.431043 ], [ 88.545449, 22.433497 ], [ 88.545066, 22.434985 ], [ 88.54412, 22.435768 ], [ 88.541784, 22.435946 ], [ 88.539845, 22.436309 ], [ 88.538876, 22.436578 ], [ 88.536712, 22.437178 ], [ 88.534623, 22.438049 ], [ 88.533627, 22.438924 ], [ 88.531164, 22.439591 ], [ 88.529748, 22.439975 ], [ 88.526962, 22.44126 ], [ 88.524797, 22.44301 ], [ 88.523821, 22.443799 ], [ 88.523774, 22.443837 ], [ 88.522993, 22.444829 ], [ 88.521779, 22.446371 ], [ 88.520862, 22.447887 ], [ 88.520831, 22.447938 ], [ 88.519456, 22.450955 ], [ 88.519556, 22.453131 ], [ 88.520345, 22.455903 ], [ 88.520126, 22.458028 ], [ 88.519166, 22.458965 ], [ 88.51725, 22.45891 ], [ 88.513687, 22.458602 ], [ 88.513449, 22.458625 ], [ 88.509748, 22.458986 ], [ 88.507565, 22.459671 ], [ 88.506392, 22.460459 ], [ 88.505531, 22.461954 ], [ 88.504101, 22.464047 ], [ 88.503889, 22.464194 ], [ 88.501937, 22.465546 ], [ 88.499186, 22.466222 ], [ 88.497271, 22.466581 ], [ 88.493882, 22.467208 ], [ 88.492651, 22.468619 ], [ 88.492352, 22.469849 ], [ 88.491512, 22.471808 ], [ 88.490084, 22.474521 ], [ 88.488712, 22.476018 ], [ 88.486965, 22.478033 ], [ 88.486026, 22.480167 ], [ 88.483657, 22.482412 ], [ 88.482595, 22.484083 ], [ 88.480912, 22.485637 ], [ 88.48053, 22.48835 ], [ 88.479713, 22.491062 ], [ 88.479255, 22.493067 ], [ 88.478946, 22.49545 ], [ 88.478333, 22.498041 ], [ 88.477492, 22.501543 ], [ 88.477479, 22.501584 ], [ 88.476501, 22.504624 ], [ 88.476278, 22.505364 ], [ 88.47551, 22.507915 ], [ 88.4749, 22.509806 ], [ 88.473533, 22.512395 ], [ 88.473016, 22.513943 ], [ 88.473777, 22.513726 ], [ 88.475117, 22.513683 ], [ 88.476376, 22.513207 ], [ 88.476568, 22.512951 ], [ 88.478212, 22.51402 ], [ 88.478833, 22.51456 ], [ 88.480547, 22.515751 ], [ 88.482053, 22.516699 ], [ 88.483471, 22.51765 ], [ 88.48356, 22.51771 ], [ 88.485089, 22.517287 ], [ 88.487143, 22.516535 ], [ 88.490474, 22.515867 ], [ 88.492997, 22.515101 ], [ 88.497387, 22.514025 ], [ 88.502036, 22.512629 ], [ 88.503367, 22.512337 ], [ 88.506077, 22.511128 ], [ 88.507942, 22.510756 ], [ 88.50914, 22.510893 ], [ 88.510903, 22.511096 ], [ 88.516624, 22.511783 ], [ 88.519254, 22.512258 ], [ 88.519585, 22.5123 ], [ 88.522015, 22.512605 ], [ 88.522109, 22.513568 ], [ 88.522215, 22.514654 ], [ 88.523408, 22.516297 ], [ 88.524636, 22.516942 ], [ 88.525891, 22.516341 ], [ 88.526769, 22.516562 ], [ 88.527884, 22.515778 ], [ 88.52901, 22.515368 ], [ 88.529505, 22.516161 ], [ 88.530253, 22.516224 ], [ 88.531119, 22.516296 ], [ 88.532789, 22.516117 ], [ 88.533504, 22.515409 ], [ 88.533737, 22.514342 ], [ 88.533843, 22.512821 ], [ 88.53392, 22.51172 ], [ 88.534014, 22.510471 ], [ 88.534314, 22.509402 ], [ 88.535706, 22.508921 ], [ 88.536309, 22.508901 ], [ 88.536798, 22.507453 ], [ 88.537044, 22.506759 ], [ 88.53662, 22.506088 ], [ 88.537332, 22.505317 ], [ 88.537381, 22.504755 ], [ 88.538457, 22.504845 ], [ 88.53897, 22.504143 ], [ 88.539009, 22.503269 ], [ 88.538783, 22.502529 ], [ 88.539148, 22.502167 ], [ 88.539368, 22.501949 ], [ 88.540301, 22.501794 ], [ 88.54158, 22.50194 ], [ 88.542444, 22.501725 ], [ 88.543329, 22.502132 ], [ 88.54433, 22.501975 ], [ 88.545308, 22.501133 ], [ 88.546436, 22.500785 ], [ 88.547678, 22.500533 ], [ 88.547901, 22.500488 ], [ 88.54891, 22.500579 ], [ 88.549539, 22.501369 ], [ 88.549472, 22.501926 ], [ 88.549434, 22.502244 ], [ 88.54973, 22.503107 ], [ 88.550848, 22.504503 ], [ 88.550952, 22.505621 ], [ 88.550453, 22.506758 ], [ 88.550081, 22.507705 ], [ 88.550138, 22.5085 ], [ 88.550205, 22.509445 ], [ 88.550439, 22.510434 ], [ 88.550794, 22.511046 ], [ 88.55081, 22.511543 ], [ 88.550435, 22.512365 ], [ 88.549298, 22.51452 ], [ 88.549311, 22.514894 ], [ 88.548933, 22.515654 ], [ 88.548757, 22.516407 ], [ 88.548698, 22.516658 ], [ 88.548481, 22.518222 ], [ 88.548588, 22.519465 ], [ 88.549473, 22.519872 ], [ 88.550005, 22.51973 ], [ 88.55002, 22.519616 ], [ 88.55022, 22.518103 ], [ 88.550417, 22.515917 ], [ 88.551302, 22.514268 ], [ 88.552302, 22.512055 ], [ 88.553321, 22.510402 ], [ 88.554281, 22.509001 ], [ 88.554652, 22.508054 ], [ 88.556146, 22.506573 ], [ 88.557724, 22.505649 ], [ 88.560969, 22.504422 ], [ 88.563212, 22.503289 ], [ 88.565266, 22.502537 ], [ 88.566593, 22.50212 ], [ 88.567743, 22.502456 ], [ 88.568708, 22.503234 ], [ 88.570072, 22.503937 ], [ 88.570728, 22.504204 ], [ 88.57177, 22.504629 ], [ 88.57324, 22.504456 ], [ 88.574118, 22.504152 ], [ 88.57503, 22.503837 ], [ 88.575336, 22.502955 ], [ 88.575534, 22.502975 ], [ 88.577152, 22.503144 ], [ 88.577485, 22.503245 ], [ 88.579387, 22.503818 ], [ 88.58022, 22.504305 ], [ 88.581506, 22.505057 ], [ 88.583359, 22.506367 ], [ 88.585056, 22.506996 ], [ 88.587437, 22.508039 ], [ 88.590013, 22.508889 ], [ 88.593068, 22.510034 ], [ 88.595715, 22.511006 ], [ 88.59837, 22.512227 ], [ 88.598573, 22.512332 ], [ 88.600621, 22.513399 ], [ 88.60155, 22.514107 ], [ 88.602891, 22.51513 ], [ 88.603644, 22.515604 ], [ 88.605904, 22.517024 ], [ 88.606042, 22.517144 ], [ 88.606687, 22.517467 ], [ 88.607679, 22.517962 ], [ 88.608113, 22.518102 ], [ 88.60856, 22.518245 ], [ 88.610904, 22.518167 ], [ 88.613336, 22.51871 ], [ 88.614361, 22.519299 ], [ 88.614455, 22.520106 ], [ 88.615332, 22.520264 ], [ 88.616048, 22.519617 ], [ 88.616906, 22.520071 ], [ 88.617822, 22.520555 ], [ 88.618574, 22.520966 ], [ 88.61952, 22.521184 ], [ 88.621269, 22.521376 ], [ 88.621872, 22.521609 ], [ 88.6229, 22.522007 ], [ 88.624346, 22.523143 ], [ 88.625775, 22.523781 ], [ 88.626788, 22.523996 ], [ 88.628035, 22.52403 ], [ 88.628869, 22.524052 ], [ 88.630156, 22.524445 ], [ 88.631667, 22.525517 ], [ 88.633584, 22.526699 ], [ 88.634416, 22.526952 ], [ 88.635616, 22.527317 ], [ 88.63697, 22.527708 ], [ 88.63871, 22.527588 ], [ 88.639488, 22.527929 ], [ 88.639633, 22.528055 ], [ 88.641697, 22.530004 ], [ 88.646298, 22.528673 ], [ 88.647893, 22.526737 ], [ 88.64955, 22.525924 ], [ 88.651052, 22.525775 ], [ 88.65131, 22.526052 ], [ 88.652193, 22.527003 ], [ 88.653008, 22.52745 ], [ 88.652996, 22.527364 ], [ 88.652941, 22.527 ], [ 88.652702, 22.525405 ], [ 88.652651, 22.525158 ], [ 88.652573, 22.524782 ], [ 88.651987, 22.52196 ], [ 88.651725, 22.521202 ], [ 88.651485, 22.520959 ], [ 88.651141, 22.52061 ], [ 88.650718, 22.519554 ], [ 88.650903, 22.519332 ], [ 88.651216, 22.519183 ], [ 88.651724, 22.518939 ], [ 88.652814, 22.518739 ], [ 88.652839, 22.518431 ], [ 88.65289, 22.517807 ], [ 88.652939, 22.517665 ] ] ] } },
{ "type": "Feature", "properties": { "census2011_code": "02419", "block_name": "Bhangar-II", "geoboundaries_shape_id": "7132399B47860072797034", "area_km2": 127.3, "land_area_km2": 127.3, "water_area_km2": 0.0 }, "geometry": { "type": "MultiPolygon", "coordinates": [ [ [ [ 88.591273, 22.614067 ], [ 88.592332, 22.613801 ], [ 88.592834, 22.613037 ], [ 88.592904, 22.61116 ], [ 88.592203, 22.609879 ], [ 88.591616, 22.609396 ], [ 88.590955, 22.607977 ], [ 88.590767, 22.606611 ], [ 88.590743, 22.606435 ], [ 88.590679, 22.605812 ], [ 88.590658, 22.605424 ], [ 88.59064, 22.60508 ], [ 88.59067, 22.604671 ], [ 88.590877, 22.604271 ], [ 88.591012, 22.603927 ], [ 88.591441, 22.602758 ], [ 88.591394, 22.601319 ], [ 88.591088, 22.600473 ], [ 88.590266, 22.599074 ], [ 88.590755, 22.59793 ], [ 88.590837, 22.597894 ], [ 88.590653, 22.59743 ], [ 88.590814, 22.597136 ], [ 88.590868, 22.597109 ], [ 88.591315, 22.596888 ], [ 88.592637, 22.596766 ], [ 88.594691, 22.59639 ], [ 88.595049, 22.596324 ], [ 88.596041, 22.59624 ], [ 88.596226, 22.596224 ], [ 88.597062, 22.596153 ], [ 88.59826, 22.596115 ], [ 88.598904, 22.595651 ], [ 88.598884, 22.594619 ], [ 88.59861, 22.593406 ], [ 88.598686, 22.593383 ], [ 88.599697, 22.593084 ], [ 88.600087, 22.593088 ], [ 88.60052, 22.59242 ], [ 88.601342, 22.592298 ], [ 88.602665, 22.592172 ], [ 88.602975, 22.592282 ], [ 88.603564, 22.592492 ], [ 88.604819, 22.592345 ], [ 88.605023, 22.592321 ], [ 88.606239, 22.592028 ], [ 88.606571, 22.591583 ], [ 88.606711, 22.591397 ], [ 88.606847, 22.591215 ], [ 88.607056, 22.591021 ], [ 88.607479, 22.591021 ], [ 88.607772, 22.591193 ], [ 88.607991, 22.591321 ], [ 88.608271, 22.591486 ], [ 88.608465, 22.591518 ], [ 88.608889, 22.590526 ], [ 88.609076, 22.589542 ], [ 88.609881, 22.588211 ], [ 88.609989, 22.586631 ], [ 88.609914, 22.585669 ], [ 88.61024, 22.5843 ], [ 88.610312, 22.583999 ], [ 88.610834, 22.583424 ], [ 88.611756, 22.582103 ], [ 88.612762, 22.582079 ], [ 88.612906, 22.581856 ], [ 88.613359, 22.581734 ], [ 88.615265, 22.581933 ], [ 88.616332, 22.581918 ], [ 88.616832, 22.581623 ], [ 88.617373, 22.581538 ], [ 88.617439, 22.581294 ], [ 88.617506, 22.581048 ], [ 88.617715, 22.580727 ], [ 88.617953, 22.580854 ], [ 88.61806, 22.58112 ], [ 88.618192, 22.58113 ], [ 88.61843, 22.581147 ], [ 88.619704, 22.580777 ], [ 88.619712, 22.580777 ], [ 88.62018, 22.580754 ], [ 88.620356, 22.580917 ], [ 88.621005, 22.579502 ], [ 88.622053, 22.578462 ], [ 88.622495, 22.577673 ], [ 88.623958, 22.576782 ], [ 88.623963, 22.576464 ], [ 88.623986, 22.575088 ], [ 88.623987, 22.574998 ], [ 88.623622, 22.574337 ], [ 88.622848, 22.572874 ], [ 88.622677, 22.572345 ], [ 88.622338, 22.571296 ], [ 88.622186, 22.570167 ], [ 88.622253, 22.568747 ], [ 88.62211, 22.567387 ], [ 88.622086, 22.567158 ], [ 88.621949, 22.566489 ], [ 88.62192, 22.56618 ], [ 88.62189, 22.565853 ], [ 88.621762, 22.565432 ], [ 88.62156, 22.56512 ], [ 88.621431, 22.564664 ], [ 88.62097, 22.563439 ], [ 88.621646, 22.561963 ], [ 88.621664, 22.56196 ], [ 88.622784, 22.561749 ], [ 88.623112, 22.560143 ], [ 88.62325, 22.558544 ], [ 88.623715, 22.557607 ], [ 88.625161, 22.557488 ], [ 88.626846, 22.557681 ], [ 88.627447, 22.557377 ], [ 88.626891, 22.555588 ], [ 88.626843, 22.554137 ], [ 88.627191, 22.553133 ], [ 88.627332, 22.55164 ], [ 88.627091, 22.550124 ], [ 88.626873, 22.549316 ], [ 88.627013, 22.547788 ], [ 88.627542, 22.547263 ], [ 88.627826, 22.546981 ], [ 88.628663, 22.546918 ], [ 88.629117, 22.545663 ], [ 88.630693, 22.544927 ], [ 88.630996, 22.544785 ], [ 88.631834, 22.544758 ], [ 88.633357, 22.543502 ], [ 88.634589, 22.542682 ], [ 88.635102, 22.542062 ], [ 88.635763, 22.539199 ], [ 88.635869, 22.538741 ], [ 88.636374, 22.537874 ], [ 88.636902, 22.536545 ], [ 88.637311, 22.535079 ], [ 88.637695, 22.534003 ], [ 88.639044, 22.533285 ], [ 88.64033, 22.531789 ], [ 88.640802, 22.531065 ], [ 88.641697, 22.530004 ], [ 88.639633, 22.528055 ], [ 88.639488, 22.527929 ], [ 88.63871, 22.527588 ], [ 88.63697, 22.527708 ], [ 88.635616, 22.527317 ], [ 88.634416, 22.526952 ], [ 88.633584, 22.526699 ], [ 88.631667, 22.525517 ], [ 88.630156, 22.524445 ], [ 88.628869, 22.524052 ], [ 88.628035, 22.52403 ], [ 88.626788, 22.523996 ], [ 88.625775, 22.523781 ], [ 88.624346, 22.523143 ], [ 88.6229, 22.522007 ], [ 88.621872, 22.521609 ], [ 88.621269, 22.521376 ], [ 88.61952, 22.521184 ], [ 88.618574, 22.520966 ], [ 88.617822, 22.520555 ], [ 88.616906, 22.520071 ], [ 88.616048, 22.519617 ], [ 88.615332, 22.520264 ], [ 88.614455, 22.520106 ], [ 88.614361, 22.519299 ], [ 88.613336, 22.51871 ], [ 88.610904, 22.518167 ], [ 88.60856, 22.518245 ], [ 88.608113, 22.518102 ], [ 88.607679, 22.517962 ], [ 88.606687, 22.517467 ], [ 88.606042, 22.517144 ], [ 88.605904, 22.517024 ], [ 88.603644, 22.515604 ], [ 88.602891, 22.51513 ], [ 88.60155, 22.514107 ], [ 88.600621, 22.513399 ], [ 88.598573, 22.512332 ], [ 88.59837, 22.512227 ], [ 88.595715, 22.511006 ], [ 88.593068, 22.510034 ], [ 88.590013, 22.508889 ], [ 88.587437, 22.508039 ], [ 88.585056, 22.506996 ], [ 88.583359, 22.506367 ], [ 88.581506, 22.505057 ], [ 88.58022, 22.504305 ], [ 88.579387, 22.503818 ], [ 88.577485, 22.503245 ], [ 88.577152, 22.503144 ], [ 88.575534, 22.502975 ], [ 88.575336, 22.502955 ], [ 88.57503, 22.503837 ], [ 88.574118, 22.504152 ], [ 88.57324, 22.504456 ], [ 88.57177, 22.504629 ], [ 88.570728, 22.504204 ], [ 88.570072, 22.503937 ], [ 88.568708, 22.503234 ], [ 88.567743, 22.502456 ], [ 88.566593, 22.50212 ], [ 88.565266, 22.502537 ], [ 88.563212, 22.503289 ], [ 88.560969, 22.504422 ], [ 88.557724, 22.505649 ], [ 88.556146, 22.506573 ], [ 88.554652, 22.508054 ], [ 88.554281, 22.509001 ], [ 88.553321, 22.510402 ], [ 88.552302, 22.512055 ], [ 88.551302, 22.514268 ], [ 88.550417, 22.515917 ], [ 88.55022, 22.518103 ], [ 88.55002, 22.519616 ], [ 88.550005, 22.51973 ], [ 88.549473, 22.519872 ], [ 88.548588, 22.519465 ], [ 88.548481, 22.518222 ], [ 88.548698, 22.516658 ], [ 88.548757, 22.516407 ], [ 88.548933, 22.515654 ], [ 88.549311, 22.514894 ], [ 88.549298, 22.51452 ], [ 88.550435, 22.512365 ], [ 88.55081, 22.511543 ], [ 88.550794, 22.511046 ], [ 88.550439, 22.510434 ], [ 88.550205, 22.509445 ], [ 88.550138, 22.5085 ], [ 88.550081, 22.507705 ], [ 88.550453, 22.506758 ], [ 88.550952, 22.505621 ], [ 88.550848, 22.504503 ], [ 88.54973, 22.503107 ], [ 88.549434, 22.502244 ], [ 88.549472, 22.501926 ], [ 88.549539, 22.501369 ], [ 88.54891, 22.500579 ], [ 88.547901, 22.500488 ], [ 88.547678, 22.500533 ], [ 88.546436, 22.500785 ], [ 88.545308, 22.501133 ], [ 88.54433, 22.501975 ], [ 88.543329, 22.502132 ], [ 88.542444, 22.501725 ], [ 88.54158, 22.50194 ], [ 88.540301, 22.501794 ], [ 88.539368, 22.501949 ], [ 88.539148, 22.502167 ], [ 88.538783, 22.502529 ], [ 88.539009, 22.503269 ], [ 88.53897, 22.504143 ], [ 88.538457, 22.504845 ], [ 88.537381, 22.504755 ], [ 88.537332, 22.505317 ], [ 88.53662, 22.506088 ], [ 88.537044, 22.506759 ], [ 88.536798, 22.507453 ], [ 88.536309, 22.508901 ], [ 88.535706, 22.508921 ], [ 88.534314, 22.509402 ], [ 88.534014, 22.510471 ], [ 88.53392, 22.51172 ], [ 88.533843, 22.512821 ], [ 88.533737, 22.514342 ], [ 88.533504, 22.515409 ], [ 88.532789, 22.516117 ], [ 88.531119, 22.516296 ], [ 88.530253, 22.516224 ], [ 88.529505, 22.516161 ], [ 88.52901, 22.515368 ], [ 88.527884, 22.515778 ], [ 88.526769, 22.516562 ], [ 88.525891, 22.516341 ], [ 88.524636, 22.516942 ], [ 88.523408, 22.516297 ], [ 88.522215, 22.514654 ], [ 88.522109, 22.513568 ], [ 88.522015, 22.512605 ], [ 88.519585, 22.5123 ], [ 88.519254, 22.512258 ], [ 88.516624, 22.511783 ], [ 88.510903, 22.511096 ], [ 88.50914, 22.510893 ], [ 88.507942, 22.510756 ], [ 88.506077, 22.511128 ], [ 88.503367, 22.512337 ], [ 88.502036, 22.512629 ], [ 88.497387, 22.514025 ], [ 88.492997, 22.515101 ], [ 88.490474, 22.515867 ], [ 88.487143, 22.516535 ], [ 88.485089, 22.517287 ], [ 88.48356, 22.51771 ], [ 88.483471, 22.51765 ], [ 88.482053, 22.516699 ], [ 88.480547, 22.515751 ], [ 88.478833, 22.51456 ], [ 88.478212, 22.51402 ], [ 88.476568, 22.512951 ], [ 88.476376, 22.513207 ], [ 88.475117, 22.513683 ], [ 88.473777, 22.513726 ], [ 88.473016, 22.513943 ], [ 88.472226, 22.516309 ], [ 88.471309, 22.517458 ], [ 88.46974, 22.518362 ], [ 88.467129, 22.518535 ], [ 88.464584, 22.518587 ], [ 88.461712, 22.51888 ], [ 88.46161, 22.518893 ], [ 88.461696, 22.518984 ], [ 88.462107, 22.520088 ], [ 88.462838, 22.521515 ], [ 88.46295, 22.52199 ], [ 88.466233, 22.520985 ], [ 88.470804, 22.519296 ], [ 88.474541, 22.51829 ], [ 88.476862, 22.518106 ], [ 88.478195, 22.518123 ], [ 88.47878, 22.518143 ], [ 88.479598, 22.518621 ], [ 88.480827, 22.519501 ], [ 88.481535, 22.520811 ], [ 88.481687, 22.521457 ], [ 88.481489, 22.521918 ], [ 88.481815, 22.522509 ], [ 88.482573, 22.522826 ], [ 88.483107, 22.523848 ], [ 88.483252, 22.524364 ], [ 88.483439, 22.525033 ], [ 88.483249, 22.526216 ], [ 88.482195, 22.528116 ], [ 88.4814, 22.529878 ], [ 88.481145, 22.530502 ], [ 88.480125, 22.532717 ], [ 88.478585, 22.535431 ], [ 88.477794, 22.537518 ], [ 88.477776, 22.537729 ], [ 88.477386, 22.54213 ], [ 88.47707, 22.545697 ], [ 88.477186, 22.548168 ], [ 88.477639, 22.549784 ], [ 88.478055, 22.550672 ], [ 88.477709, 22.550918 ], [ 88.47465, 22.552809 ], [ 88.473668, 22.553363 ], [ 88.472166, 22.554209 ], [ 88.471138, 22.555194 ], [ 88.470908, 22.555414 ], [ 88.470657, 22.555655 ], [ 88.470187, 22.556105 ], [ 88.470011, 22.556265 ], [ 88.468343, 22.557784 ], [ 88.468398, 22.558562 ], [ 88.468198, 22.559595 ], [ 88.46819, 22.559635 ], [ 88.467607, 22.560616 ], [ 88.467489, 22.561954 ], [ 88.467481, 22.562481 ], [ 88.466752, 22.563635 ], [ 88.466169, 22.564527 ], [ 88.465784, 22.564917 ], [ 88.465714, 22.5663 ], [ 88.466799, 22.567685 ], [ 88.466799, 22.567714 ], [ 88.466807, 22.568647 ], [ 88.466749, 22.568986 ], [ 88.466779, 22.569008 ], [ 88.46687, 22.569358 ], [ 88.466755, 22.569494 ], [ 88.46666, 22.569505 ], [ 88.466646, 22.569592 ], [ 88.466211, 22.570534 ], [ 88.466105, 22.570894 ], [ 88.466483, 22.571279 ], [ 88.466458, 22.571657 ], [ 88.46637, 22.571736 ], [ 88.466344, 22.571759 ], [ 88.466354, 22.571771 ], [ 88.467117, 22.5719 ], [ 88.468604, 22.572275 ], [ 88.469675, 22.572544 ], [ 88.470343, 22.571792 ], [ 88.471231, 22.572041 ], [ 88.471837, 22.572878 ], [ 88.472367, 22.573849 ], [ 88.472537, 22.574562 ], [ 88.472948, 22.575025 ], [ 88.473318, 22.575061 ], [ 88.473348, 22.575064 ], [ 88.474375, 22.574688 ], [ 88.474155, 22.574412 ], [ 88.473863, 22.57428 ], [ 88.473768, 22.5744 ], [ 88.473691, 22.574497 ], [ 88.473606, 22.574714 ], [ 88.473314, 22.574582 ], [ 88.473222, 22.574097 ], [ 88.47284, 22.573722 ], [ 88.472779, 22.573453 ], [ 88.473154, 22.573179 ], [ 88.473236, 22.572665 ], [ 88.473612, 22.572473 ], [ 88.473831, 22.572128 ], [ 88.473824, 22.571534 ], [ 88.47414, 22.571207 ], [ 88.474494, 22.571174 ], [ 88.474458, 22.570782 ], [ 88.474303, 22.570273 ], [ 88.47486, 22.569637 ], [ 88.475395, 22.569239 ], [ 88.47594, 22.567115 ], [ 88.476721, 22.566195 ], [ 88.477564, 22.566934 ], [ 88.478389, 22.566658 ], [ 88.478692, 22.565934 ], [ 88.479268, 22.565266 ], [ 88.479727, 22.565069 ], [ 88.480302, 22.565517 ], [ 88.480879, 22.56588 ], [ 88.481404, 22.566039 ], [ 88.481796, 22.566142 ], [ 88.481784, 22.565952 ], [ 88.482243, 22.565353 ], [ 88.482597, 22.565051 ], [ 88.482608, 22.564838 ], [ 88.48287, 22.564435 ], [ 88.483309, 22.564323 ], [ 88.483495, 22.564318 ], [ 88.483233, 22.563483 ], [ 88.483177, 22.563306 ], [ 88.48348, 22.561711 ], [ 88.48419, 22.560193 ], [ 88.484794, 22.559621 ], [ 88.485512, 22.559443 ], [ 88.485578, 22.559346 ], [ 88.486037, 22.559099 ], [ 88.487114, 22.558927 ], [ 88.488571, 22.558947 ], [ 88.489642, 22.558082 ], [ 88.491075, 22.557323 ], [ 88.492276, 22.55739 ], [ 88.493172, 22.557497 ], [ 88.493045, 22.556873 ], [ 88.493029, 22.555389 ], [ 88.493371, 22.554819 ], [ 88.493523, 22.554794 ], [ 88.493992, 22.553844 ], [ 88.495065, 22.55396 ], [ 88.496186, 22.554484 ], [ 88.498223, 22.555145 ], [ 88.498618, 22.555274 ], [ 88.499203, 22.555094 ], [ 88.499828, 22.555103 ], [ 88.500449, 22.555332 ], [ 88.501135, 22.555259 ], [ 88.501765, 22.554991 ], [ 88.502263, 22.554541 ], [ 88.502339, 22.554473 ], [ 88.502646, 22.553924 ], [ 88.503364, 22.553657 ], [ 88.503892, 22.554162 ], [ 88.504797, 22.555225 ], [ 88.506725, 22.555694 ], [ 88.50743, 22.556256 ], [ 88.50757, 22.556783 ], [ 88.507616, 22.556875 ], [ 88.507858, 22.557362 ], [ 88.508323, 22.55768 ], [ 88.509055, 22.558043 ], [ 88.509314, 22.558063 ], [ 88.509518, 22.557811 ], [ 88.509898, 22.557592 ], [ 88.509941, 22.557567 ], [ 88.51018, 22.557608 ], [ 88.510396, 22.556752 ], [ 88.510296, 22.556044 ], [ 88.510392, 22.555651 ], [ 88.510758, 22.555136 ], [ 88.511125, 22.554601 ], [ 88.511186, 22.553584 ], [ 88.510857, 22.553206 ], [ 88.510416, 22.552784 ], [ 88.510308, 22.552554 ], [ 88.51034, 22.551994 ], [ 88.510726, 22.551646 ], [ 88.511215, 22.551819 ], [ 88.512079, 22.55235 ], [ 88.512141, 22.552339 ], [ 88.512143, 22.552304 ], [ 88.51262, 22.551862 ], [ 88.514234, 22.55152 ], [ 88.514353, 22.551518 ], [ 88.514533, 22.551365 ], [ 88.514919, 22.550975 ], [ 88.514883, 22.550476 ], [ 88.515022, 22.550146 ], [ 88.515539, 22.550028 ], [ 88.515924, 22.549742 ], [ 88.516392, 22.549852 ], [ 88.516589, 22.550063 ], [ 88.517171, 22.550029 ], [ 88.517251, 22.550022 ], [ 88.517799, 22.549975 ], [ 88.518703, 22.549385 ], [ 88.519797, 22.549462 ], [ 88.520663, 22.549868 ], [ 88.521115, 22.550274 ], [ 88.521493, 22.550412 ], [ 88.522251, 22.55069 ], [ 88.522437, 22.550792 ], [ 88.523106, 22.550919 ], [ 88.523884, 22.55122 ], [ 88.524324, 22.551683 ], [ 88.524373, 22.551886 ], [ 88.524905, 22.552206 ], [ 88.52536, 22.55248 ], [ 88.525443, 22.552778 ], [ 88.524494, 22.554001 ], [ 88.523322, 22.554989 ], [ 88.522737, 22.555531 ], [ 88.522953, 22.556152 ], [ 88.523165, 22.556903 ], [ 88.523038, 22.557794 ], [ 88.522979, 22.558708 ], [ 88.522587, 22.559429 ], [ 88.522106, 22.560109 ], [ 88.52193, 22.560457 ], [ 88.521942, 22.560567 ], [ 88.522006, 22.561155 ], [ 88.522129, 22.561406 ], [ 88.522351, 22.561525 ], [ 88.522782, 22.561177 ], [ 88.523097, 22.561015 ], [ 88.523382, 22.561393 ], [ 88.523349, 22.562037 ], [ 88.52305, 22.562531 ], [ 88.522874, 22.562847 ], [ 88.522997, 22.563058 ], [ 88.523378, 22.56371 ], [ 88.524032, 22.564061 ], [ 88.524531, 22.565002 ], [ 88.524838, 22.565595 ], [ 88.525189, 22.565827 ], [ 88.526004, 22.566366 ], [ 88.527297, 22.567221 ], [ 88.527416, 22.5673 ], [ 88.527533, 22.567381 ], [ 88.527535, 22.567382 ], [ 88.527538, 22.567384 ], [ 88.527576, 22.56741 ], [ 88.527715, 22.567505 ], [ 88.528134, 22.567627 ], [ 88.528305, 22.567685 ], [ 88.528957, 22.567908 ], [ 88.531237, 22.569392 ], [ 88.531762, 22.570126 ], [ 88.532177, 22.570714 ], [ 88.533199, 22.571122 ], [ 88.533511, 22.571301 ], [ 88.533864, 22.571505 ], [ 88.534485, 22.571825 ], [ 88.534926, 22.572225 ], [ 88.535034, 22.572476 ], [ 88.535048, 22.572996 ], [ 88.535692, 22.573274 ], [ 88.536651, 22.573432 ], [ 88.538386, 22.574079 ], [ 88.53851, 22.574923 ], [ 88.538527, 22.575036 ], [ 88.538486, 22.576137 ], [ 88.538331, 22.577443 ], [ 88.538225, 22.578481 ], [ 88.538104, 22.578998 ], [ 88.538061, 22.57905 ], [ 88.53835, 22.579494 ], [ 88.538444, 22.579638 ], [ 88.53857, 22.579762 ], [ 88.53901, 22.580198 ], [ 88.539402, 22.580387 ], [ 88.539748, 22.580527 ], [ 88.540033, 22.58028 ], [ 88.540374, 22.579959 ], [ 88.540695, 22.579932 ], [ 88.540986, 22.580181 ], [ 88.540976, 22.580258 ], [ 88.540933, 22.580596 ], [ 88.540603, 22.581026 ], [ 88.541297, 22.581514 ], [ 88.54139, 22.581504 ], [ 88.541778, 22.581459 ], [ 88.542094, 22.581631 ], [ 88.542147, 22.581951 ], [ 88.541911, 22.582498 ], [ 88.541888, 22.582553 ], [ 88.542131, 22.583103 ], [ 88.542659, 22.58365 ], [ 88.543481, 22.584035 ], [ 88.544172, 22.58419 ], [ 88.544946, 22.584719 ], [ 88.545575, 22.585974 ], [ 88.545438, 22.586399 ], [ 88.545316, 22.586781 ], [ 88.544813, 22.587439 ], [ 88.544956, 22.588292 ], [ 88.545412, 22.589088 ], [ 88.545894, 22.589738 ], [ 88.546395, 22.590576 ], [ 88.546586, 22.591243 ], [ 88.546585, 22.591294 ], [ 88.546811, 22.591445 ], [ 88.547087, 22.59163 ], [ 88.547169, 22.592172 ], [ 88.547164, 22.592215 ], [ 88.548205, 22.592116 ], [ 88.549568, 22.592218 ], [ 88.549652, 22.592217 ], [ 88.550544, 22.592025 ], [ 88.552717, 22.591461 ], [ 88.55314, 22.591683 ], [ 88.553271, 22.591953 ], [ 88.553378, 22.592175 ], [ 88.553386, 22.592347 ], [ 88.553503, 22.592353 ], [ 88.553396, 22.592564 ], [ 88.553402, 22.59269 ], [ 88.553248, 22.592857 ], [ 88.553179, 22.592992 ], [ 88.552858, 22.593487 ], [ 88.550739, 22.594477 ], [ 88.550194, 22.59462 ], [ 88.549511, 22.59532 ], [ 88.549241, 22.595411 ], [ 88.548246, 22.595747 ], [ 88.548076, 22.595878 ], [ 88.547735, 22.596425 ], [ 88.54714, 22.598024 ], [ 88.547189, 22.598211 ], [ 88.547818, 22.600795 ], [ 88.547089, 22.601394 ], [ 88.546548, 22.601838 ], [ 88.546132, 22.602642 ], [ 88.546004, 22.603679 ], [ 88.545616, 22.604152 ], [ 88.544355, 22.604634 ], [ 88.543991, 22.604802 ], [ 88.544005, 22.605061 ], [ 88.544404, 22.60578 ], [ 88.544643, 22.606212 ], [ 88.544689, 22.606177 ], [ 88.545837, 22.605504 ], [ 88.545593, 22.606832 ], [ 88.545618, 22.607508 ], [ 88.545779, 22.607694 ], [ 88.546091, 22.608379 ], [ 88.54637, 22.608992 ], [ 88.546517, 22.609316 ], [ 88.546784, 22.609564 ], [ 88.546814, 22.60956 ], [ 88.54713, 22.609515 ], [ 88.548186, 22.60863 ], [ 88.549752, 22.608112 ], [ 88.550544, 22.608139 ], [ 88.550733, 22.608359 ], [ 88.550967, 22.608631 ], [ 88.551561, 22.610028 ], [ 88.551911, 22.61038 ], [ 88.552069, 22.61111 ], [ 88.55242, 22.611743 ], [ 88.552555, 22.612628 ], [ 88.552764, 22.612827 ], [ 88.553227, 22.612958 ], [ 88.553372, 22.612999 ], [ 88.553664, 22.613414 ], [ 88.553868, 22.614086 ], [ 88.553943, 22.614334 ], [ 88.554038, 22.614647 ], [ 88.554125, 22.615382 ], [ 88.554299, 22.615574 ], [ 88.554268, 22.6175 ], [ 88.554668, 22.617402 ], [ 88.554855, 22.617614 ], [ 88.554907, 22.617673 ], [ 88.554941, 22.617929 ], [ 88.554984, 22.618248 ], [ 88.554989, 22.618287 ], [ 88.555436, 22.618459 ], [ 88.556497, 22.618206 ], [ 88.556944, 22.618328 ], [ 88.557581, 22.618107 ], [ 88.558525, 22.618302 ], [ 88.559059, 22.618345 ], [ 88.559137, 22.618352 ], [ 88.559799, 22.618153 ], [ 88.559955, 22.618329 ], [ 88.560061, 22.618722 ], [ 88.560222, 22.619016 ], [ 88.559876, 22.619436 ], [ 88.559506, 22.619607 ], [ 88.558845, 22.619656 ], [ 88.558339, 22.619999 ], [ 88.558245, 22.620561 ], [ 88.558394, 22.620653 ], [ 88.558458, 22.621228 ], [ 88.558552, 22.62155 ], [ 88.558686, 22.621655 ], [ 88.559383, 22.621839 ], [ 88.559583, 22.621892 ], [ 88.559629, 22.622032 ], [ 88.559714, 22.622289 ], [ 88.559726, 22.622745 ], [ 88.560157, 22.623177 ], [ 88.559945, 22.624069 ], [ 88.559767, 22.624399 ], [ 88.559767, 22.624402 ], [ 88.559758, 22.624647 ], [ 88.559752, 22.624788 ], [ 88.559982, 22.625012 ], [ 88.560361, 22.624927 ], [ 88.560457, 22.624905 ], [ 88.560827, 22.624823 ], [ 88.561188, 22.624713 ], [ 88.561368, 22.624659 ], [ 88.562286, 22.624381 ], [ 88.56237, 22.624343 ], [ 88.563371, 22.623889 ], [ 88.56478, 22.623699 ], [ 88.56501, 22.623668 ], [ 88.566148, 22.62315 ], [ 88.566732, 22.622778 ], [ 88.566895, 22.622673 ], [ 88.568342, 22.621751 ], [ 88.569904, 22.621065 ], [ 88.571742, 22.620522 ], [ 88.572287, 22.620361 ], [ 88.572723, 22.620233 ], [ 88.573401, 22.620032 ], [ 88.574007, 22.619757 ], [ 88.574418, 22.619255 ], [ 88.575409, 22.617804 ], [ 88.575931, 22.616965 ], [ 88.576247, 22.615423 ], [ 88.577364, 22.614081 ], [ 88.578079, 22.613519 ], [ 88.578114, 22.613505 ], [ 88.579497, 22.612962 ], [ 88.581006, 22.612402 ], [ 88.58117, 22.612377 ], [ 88.581978, 22.61207 ], [ 88.582931, 22.61207 ], [ 88.583714, 22.612581 ], [ 88.58418, 22.613078 ], [ 88.585143, 22.614107 ], [ 88.586072, 22.61497 ], [ 88.58668, 22.615241 ], [ 88.586842, 22.615241 ], [ 88.588533, 22.615241 ], [ 88.588809, 22.615361 ], [ 88.589265, 22.615558 ], [ 88.589326, 22.615585 ], [ 88.589378, 22.615578 ], [ 88.589657, 22.615544 ], [ 88.589716, 22.61551 ], [ 88.590084, 22.615301 ], [ 88.591273, 22.614067 ] ] ], [ [ [ 88.620078, 22.582248 ], [ 88.620169, 22.581764 ], [ 88.62002, 22.581788 ], [ 88.619858, 22.581955 ], [ 88.619806, 22.582009 ], [ 88.619806, 22.582211 ], [ 88.619806, 22.582353 ], [ 88.620045, 22.582285 ], [ 88.620073, 22.582277 ], [ 88.620078, 22.582248 ] ] ] ] } },
{ "type": "Feature", "properties": { "census2011_code": "02420", "block_name": "Canning-I", "geoboundaries_shape_id": "7132399B11422766927138", "area_km2": 191.5, "land_area_km2": 191.5, "water_area_km2": 0.0 }, "geometry": { "type": "Polygon", "coordinates": [ [ [ 88.697797, 22.323217 ], [ 88.695135, 22.322288 ], [ 88.694702, 22.32224 ], [ 88.68955, 22.32167 ], [ 88.683067, 22.321325 ], [ 88.679045, 22.320233 ], [ 88.67501, 22.317919 ], [ 88.670959, 22.314505 ], [ 88.668768, 22.310563 ], [ 88.668704, 22.310415 ], [ 88.667283, 22.307154 ], [ 88.667243, 22.30486 ], [ 88.667736, 22.303244 ], [ 88.669058, 22.300355 ], [ 88.670489, 22.29689 ], [ 88.670692, 22.296397 ], [ 88.671059, 22.294773 ], [ 88.672278, 22.289379 ], [ 88.672207, 22.285076 ], [ 88.670915, 22.280538 ], [ 88.669236, 22.278061 ], [ 88.668854, 22.277584 ], [ 88.666312, 22.274403 ], [ 88.666195, 22.274256 ], [ 88.665501, 22.27351 ], [ 88.663759, 22.271633 ], [ 88.662685, 22.270296 ], [ 88.661824, 22.269222 ], [ 88.657491, 22.26399 ], [ 88.655734, 22.261244 ], [ 88.654947, 22.260014 ], [ 88.654784, 22.259759 ], [ 88.65315, 22.256735 ], [ 88.65222, 22.254312 ], [ 88.651164, 22.251559 ], [ 88.65051, 22.249853 ], [ 88.649093, 22.246158 ], [ 88.648782, 22.245346 ], [ 88.647637, 22.241752 ], [ 88.645816, 22.23867 ], [ 88.644965, 22.237676 ], [ 88.642826, 22.235179 ], [ 88.640063, 22.233161 ], [ 88.636363, 22.231265 ], [ 88.633394, 22.228642 ], [ 88.6329, 22.227701 ], [ 88.631675, 22.225369 ], [ 88.631013, 22.222515 ], [ 88.631035, 22.219059 ], [ 88.631128, 22.216933 ], [ 88.631136, 22.21676 ], [ 88.631665, 22.215085 ], [ 88.632629, 22.213915 ], [ 88.63526, 22.211848 ], [ 88.639084, 22.209288 ], [ 88.641922, 22.208443 ], [ 88.645351, 22.208464 ], [ 88.648303, 22.208481 ], [ 88.654179, 22.208133 ], [ 88.65777, 22.207927 ], [ 88.657986, 22.207942 ], [ 88.660238, 22.208096 ], [ 88.663147, 22.208588 ], [ 88.66582, 22.208523 ], [ 88.669383, 22.207735 ], [ 88.67062, 22.207461 ], [ 88.6732, 22.206543 ], [ 88.67397, 22.205832 ], [ 88.674015, 22.20579 ], [ 88.674259, 22.204121 ], [ 88.674387, 22.201185 ], [ 88.673402, 22.198956 ], [ 88.67073, 22.196065 ], [ 88.670669, 22.195925 ], [ 88.668434, 22.190754 ], [ 88.665275, 22.184563 ], [ 88.662852, 22.182188 ], [ 88.658248, 22.179012 ], [ 88.651501, 22.174756 ], [ 88.649007, 22.173035 ], [ 88.648199, 22.172479 ], [ 88.645499, 22.169923 ], [ 88.642433, 22.165934 ], [ 88.641457, 22.164462 ], [ 88.640483, 22.162993 ], [ 88.639562, 22.161049 ], [ 88.638914, 22.159681 ], [ 88.638651, 22.157395 ], [ 88.639257, 22.154706 ], [ 88.640584, 22.15072 ], [ 88.641009, 22.148332 ], [ 88.640743, 22.146581 ], [ 88.639697, 22.145222 ], [ 88.638237, 22.143773 ], [ 88.636546, 22.141498 ], [ 88.634153, 22.138731 ], [ 88.63375, 22.138358 ], [ 88.63337, 22.138342 ], [ 88.632767, 22.13906 ], [ 88.632154, 22.139992 ], [ 88.631916, 22.141081 ], [ 88.631464, 22.143197 ], [ 88.631404, 22.148051 ], [ 88.631559, 22.150829 ], [ 88.633263, 22.156165 ], [ 88.633561, 22.157854 ], [ 88.633668, 22.158459 ], [ 88.633322, 22.160564 ], [ 88.63196, 22.162781 ], [ 88.630857, 22.163835 ], [ 88.629761, 22.164882 ], [ 88.627368, 22.167524 ], [ 88.626178, 22.16967 ], [ 88.62565, 22.172081 ], [ 88.625825, 22.173245 ], [ 88.626172, 22.175558 ], [ 88.626086, 22.178006 ], [ 88.62564, 22.181421 ], [ 88.625771, 22.183487 ], [ 88.626684, 22.186206 ], [ 88.627945, 22.189867 ], [ 88.628636, 22.191875 ], [ 88.629283, 22.194884 ], [ 88.629186, 22.196089 ], [ 88.628644, 22.196629 ], [ 88.626712, 22.197268 ], [ 88.625666, 22.197801 ], [ 88.623857, 22.198722 ], [ 88.621632, 22.201185 ], [ 88.62145, 22.201407 ], [ 88.621006, 22.201946 ], [ 88.618192, 22.203359 ], [ 88.617389, 22.204193 ], [ 88.617129, 22.205014 ], [ 88.616954, 22.207712 ], [ 88.616276, 22.210054 ], [ 88.614896, 22.212047 ], [ 88.6147, 22.212919 ], [ 88.614933, 22.214073 ], [ 88.615089, 22.214814 ], [ 88.615061, 22.215458 ], [ 88.614787, 22.215945 ], [ 88.614078, 22.216532 ], [ 88.613643, 22.216892 ], [ 88.612358, 22.218156 ], [ 88.607977, 22.221274 ], [ 88.607081, 22.221631 ], [ 88.606472, 22.221528 ], [ 88.6061, 22.22118 ], [ 88.605673, 22.220621 ], [ 88.604905, 22.220466 ], [ 88.604452, 22.220476 ], [ 88.601172, 22.221681 ], [ 88.598497, 22.222785 ], [ 88.59776, 22.222777 ], [ 88.597476, 22.222774 ], [ 88.597015, 22.222482 ], [ 88.596252, 22.221599 ], [ 88.594401, 22.218903 ], [ 88.591022, 22.216139 ], [ 88.590442, 22.216045 ], [ 88.590185, 22.216103 ], [ 88.587463, 22.216723 ], [ 88.586811, 22.216871 ], [ 88.577599, 22.222967 ], [ 88.575597, 22.224408 ], [ 88.574275, 22.226471 ], [ 88.574264, 22.22656 ], [ 88.573937, 22.229252 ], [ 88.573792, 22.23091 ], [ 88.573621, 22.232874 ], [ 88.573512, 22.234126 ], [ 88.573432, 22.235041 ], [ 88.573389, 22.235171 ], [ 88.573022, 22.236299 ], [ 88.572315, 22.237042 ], [ 88.569992, 22.238437 ], [ 88.566581, 22.24193 ], [ 88.565815, 22.242534 ], [ 88.564354, 22.243072 ], [ 88.556856, 22.245147 ], [ 88.554073, 22.246387 ], [ 88.548658, 22.250213 ], [ 88.548283, 22.250381 ], [ 88.543371, 22.25258 ], [ 88.54259, 22.253158 ], [ 88.541739, 22.25432 ], [ 88.541059, 22.256858 ], [ 88.541012, 22.257077 ], [ 88.540559, 22.259209 ], [ 88.53998, 22.260684 ], [ 88.539944, 22.260776 ], [ 88.539174, 22.261824 ], [ 88.536734, 22.263712 ], [ 88.535372, 22.265332 ], [ 88.535178, 22.265566 ], [ 88.534816, 22.2674 ], [ 88.534644, 22.269688 ], [ 88.534862, 22.270327 ], [ 88.536092, 22.273943 ], [ 88.53758, 22.278118 ], [ 88.538093, 22.279555 ], [ 88.540038, 22.284118 ], [ 88.541609, 22.285616 ], [ 88.542501, 22.287244 ], [ 88.54284, 22.287861 ], [ 88.54317, 22.289505 ], [ 88.543594, 22.291609 ], [ 88.544661, 22.293774 ], [ 88.545728, 22.295005 ], [ 88.546987, 22.296457 ], [ 88.54827, 22.298791 ], [ 88.548924, 22.300359 ], [ 88.549301, 22.301264 ], [ 88.550414, 22.303741 ], [ 88.550887, 22.307783 ], [ 88.552129, 22.310687 ], [ 88.554141, 22.313835 ], [ 88.55525, 22.314441 ], [ 88.556142, 22.314536 ], [ 88.556806, 22.314399 ], [ 88.55774, 22.313551 ], [ 88.558679, 22.312591 ], [ 88.559235, 22.312363 ], [ 88.55941, 22.31229 ], [ 88.560603, 22.312343 ], [ 88.561677, 22.312391 ], [ 88.563133, 22.311997 ], [ 88.563686, 22.3116 ], [ 88.564308, 22.311154 ], [ 88.565822, 22.31057 ], [ 88.567482, 22.310643 ], [ 88.568304, 22.309866 ], [ 88.568347, 22.3089 ], [ 88.568369, 22.308403 ], [ 88.567548, 22.305191 ], [ 88.566037, 22.301786 ], [ 88.565487, 22.300377 ], [ 88.565841, 22.299905 ], [ 88.566138, 22.29951 ], [ 88.566942, 22.299139 ], [ 88.568591, 22.299457 ], [ 88.570542, 22.300846 ], [ 88.571301, 22.301377 ], [ 88.574022, 22.30328 ], [ 88.5744, 22.303987 ], [ 88.575315, 22.305699 ], [ 88.574635, 22.307216 ], [ 88.574335, 22.307333 ], [ 88.571251, 22.308531 ], [ 88.569999, 22.309668 ], [ 88.569883, 22.309773 ], [ 88.5696, 22.312203 ], [ 88.570002, 22.314989 ], [ 88.572578, 22.321283 ], [ 88.572536, 22.322749 ], [ 88.572489, 22.324393 ], [ 88.57371, 22.326828 ], [ 88.575957, 22.329446 ], [ 88.576341, 22.331191 ], [ 88.576377, 22.331243 ], [ 88.577123, 22.332336 ], [ 88.578112, 22.332885 ], [ 88.578724, 22.332946 ], [ 88.57941, 22.332976 ], [ 88.580169, 22.33301 ], [ 88.580846, 22.333242 ], [ 88.581521, 22.334279 ], [ 88.581659, 22.334489 ], [ 88.582391, 22.335128 ], [ 88.583467, 22.335344 ], [ 88.584801, 22.335437 ], [ 88.588297, 22.33576 ], [ 88.590166, 22.336045 ], [ 88.591519, 22.336542 ], [ 88.59292, 22.338468 ], [ 88.594558, 22.341025 ], [ 88.59679, 22.343038 ], [ 88.597596, 22.343589 ], [ 88.59883, 22.344431 ], [ 88.599592, 22.345035 ], [ 88.600194, 22.346897 ], [ 88.600516, 22.349018 ], [ 88.60034, 22.34987 ], [ 88.59986, 22.350278 ], [ 88.599001, 22.350494 ], [ 88.594711, 22.35131 ], [ 88.590733, 22.353213 ], [ 88.589139, 22.35502 ], [ 88.587414, 22.358163 ], [ 88.586601, 22.358596 ], [ 88.586378, 22.358586 ], [ 88.585882, 22.358564 ], [ 88.584982, 22.357719 ], [ 88.582872, 22.354876 ], [ 88.580985, 22.353518 ], [ 88.579254, 22.352851 ], [ 88.577491, 22.352857 ], [ 88.575593, 22.352857 ], [ 88.573654, 22.353779 ], [ 88.573405, 22.353778 ], [ 88.57257, 22.353773 ], [ 88.571816, 22.353446 ], [ 88.57125, 22.352958 ], [ 88.570611, 22.352089 ], [ 88.569624, 22.351919 ], [ 88.56922, 22.352203 ], [ 88.565329, 22.353159 ], [ 88.563322, 22.353069 ], [ 88.561146, 22.352102 ], [ 88.56101, 22.352041 ], [ 88.559379, 22.351314 ], [ 88.558136, 22.351194 ], [ 88.557543, 22.351265 ], [ 88.556931, 22.351012 ], [ 88.556907, 22.350753 ], [ 88.556974, 22.350476 ], [ 88.557091, 22.349986 ], [ 88.557276, 22.349165 ], [ 88.557014, 22.348358 ], [ 88.556445, 22.347779 ], [ 88.555456, 22.347458 ], [ 88.554627, 22.347698 ], [ 88.554415, 22.348277 ], [ 88.554024, 22.348709 ], [ 88.553196, 22.348949 ], [ 88.552454, 22.348915 ], [ 88.552081, 22.349023 ], [ 88.552039, 22.349035 ], [ 88.551953, 22.349308 ], [ 88.551899, 22.350516 ], [ 88.55224, 22.352053 ], [ 88.55322, 22.35341 ], [ 88.553801, 22.354577 ], [ 88.553764, 22.355406 ], [ 88.553523, 22.35581 ], [ 88.552618, 22.356081 ], [ 88.551713, 22.356175 ], [ 88.550557, 22.355667 ], [ 88.549715, 22.355858 ], [ 88.549596, 22.356309 ], [ 88.549636, 22.357634 ], [ 88.549038, 22.358931 ], [ 88.54832, 22.35963 ], [ 88.547487, 22.359593 ], [ 88.54683, 22.358924 ], [ 88.545825, 22.358332 ], [ 88.544419, 22.35795 ], [ 88.543005, 22.355442 ], [ 88.542016, 22.35411 ], [ 88.54051, 22.352082 ], [ 88.538098, 22.351325 ], [ 88.536279, 22.351847 ], [ 88.535291, 22.352731 ], [ 88.534992, 22.353832 ], [ 88.535294, 22.354913 ], [ 88.536205, 22.355742 ], [ 88.536388, 22.357236 ], [ 88.536155, 22.357968 ], [ 88.534981, 22.358565 ], [ 88.532734, 22.359718 ], [ 88.531659, 22.36032 ], [ 88.530661, 22.360322 ], [ 88.529573, 22.360088 ], [ 88.528486, 22.359853 ], [ 88.526792, 22.359778 ], [ 88.525398, 22.359715 ], [ 88.524414, 22.359393 ], [ 88.523798, 22.358669 ], [ 88.523382, 22.357908 ], [ 88.523087, 22.357855 ], [ 88.522343, 22.357722 ], [ 88.521842, 22.357746 ], [ 88.521224, 22.358183 ], [ 88.520666, 22.359504 ], [ 88.520327, 22.361181 ], [ 88.520151, 22.362051 ], [ 88.519013, 22.364829 ], [ 88.51816, 22.367516 ], [ 88.517153, 22.368674 ], [ 88.516319, 22.369634 ], [ 88.514356, 22.371956 ], [ 88.513674, 22.37334 ], [ 88.513353, 22.375759 ], [ 88.512813, 22.377607 ], [ 88.511641, 22.379257 ], [ 88.511291, 22.379923 ], [ 88.511266, 22.380475 ], [ 88.511521, 22.380912 ], [ 88.512724, 22.382668 ], [ 88.515886, 22.386682 ], [ 88.516993, 22.3884 ], [ 88.518143, 22.390167 ], [ 88.519282, 22.392483 ], [ 88.521772, 22.395784 ], [ 88.522055, 22.39616 ], [ 88.522513, 22.397245 ], [ 88.522683, 22.398138 ], [ 88.522606, 22.399035 ], [ 88.522155, 22.399909 ], [ 88.522645, 22.403099 ], [ 88.523293, 22.40513 ], [ 88.523833, 22.407261 ], [ 88.524867, 22.407823 ], [ 88.526669, 22.407422 ], [ 88.529842, 22.407908 ], [ 88.529814, 22.406905 ], [ 88.530091, 22.405527 ], [ 88.530939, 22.404326 ], [ 88.531669, 22.403262 ], [ 88.532969, 22.402921 ], [ 88.533823, 22.40209 ], [ 88.533654, 22.400905 ], [ 88.533162, 22.399509 ], [ 88.533591, 22.398769 ], [ 88.534991, 22.398498 ], [ 88.536389, 22.398529 ], [ 88.537143, 22.397535 ], [ 88.537275, 22.396305 ], [ 88.537754, 22.395379 ], [ 88.538087, 22.393941 ], [ 88.538293, 22.392805 ], [ 88.539068, 22.3926 ], [ 88.540417, 22.392422 ], [ 88.541416, 22.392311 ], [ 88.542514, 22.392433 ], [ 88.542685, 22.393293 ], [ 88.543103, 22.394456 ], [ 88.543545, 22.395782 ], [ 88.543563, 22.397082 ], [ 88.543586, 22.397569 ], [ 88.544057, 22.39806 ], [ 88.544807, 22.39804 ], [ 88.54618, 22.398025 ], [ 88.547954, 22.397895 ], [ 88.549504, 22.397532 ], [ 88.550755, 22.396981 ], [ 88.551427, 22.396124 ], [ 88.551909, 22.394644 ], [ 88.552351, 22.39357 ], [ 88.55211, 22.392603 ], [ 88.551804, 22.391291 ], [ 88.551999, 22.389953 ], [ 88.552099, 22.38876 ], [ 88.552448, 22.387801 ], [ 88.552862, 22.386464 ], [ 88.551644, 22.385963 ], [ 88.551055, 22.384766 ], [ 88.549866, 22.384672 ], [ 88.54864, 22.385539 ], [ 88.547864, 22.384283 ], [ 88.546962, 22.38323 ], [ 88.546968, 22.382066 ], [ 88.546568, 22.380812 ], [ 88.546596, 22.380643 ], [ 88.546794, 22.379445 ], [ 88.546962, 22.379145 ], [ 88.547036, 22.379012 ], [ 88.547363, 22.378429 ], [ 88.547933, 22.377267 ], [ 88.547342, 22.376478 ], [ 88.546785, 22.375369 ], [ 88.548071, 22.374939 ], [ 88.549387, 22.374713 ], [ 88.550145, 22.373524 ], [ 88.550775, 22.373307 ], [ 88.550897, 22.373266 ], [ 88.551738, 22.373075 ], [ 88.552026, 22.37301 ], [ 88.553588, 22.373658 ], [ 88.554836, 22.374422 ], [ 88.556615, 22.37545 ], [ 88.558206, 22.376565 ], [ 88.560106, 22.378497 ], [ 88.561165, 22.379492 ], [ 88.562228, 22.379731 ], [ 88.562911, 22.380899 ], [ 88.56419, 22.381662 ], [ 88.565752, 22.382311 ], [ 88.566914, 22.381793 ], [ 88.568073, 22.381625 ], [ 88.569048, 22.380055 ], [ 88.569411, 22.378818 ], [ 88.56906, 22.37771 ], [ 88.567683, 22.37715 ], [ 88.566285, 22.376036 ], [ 88.565721, 22.374423 ], [ 88.565478, 22.372434 ], [ 88.565401, 22.371125 ], [ 88.565239, 22.369738 ], [ 88.565079, 22.368142 ], [ 88.564859, 22.367094 ], [ 88.564951, 22.365551 ], [ 88.565184, 22.364166 ], [ 88.565329, 22.363225 ], [ 88.565869, 22.362156 ], [ 88.566266, 22.361504 ], [ 88.567505, 22.359837 ], [ 88.568387, 22.358823 ], [ 88.569455, 22.357985 ], [ 88.570553, 22.357495 ], [ 88.571653, 22.356628 ], [ 88.572246, 22.356893 ], [ 88.573592, 22.356842 ], [ 88.574816, 22.356266 ], [ 88.575851, 22.355806 ], [ 88.576884, 22.355695 ], [ 88.579107, 22.355648 ], [ 88.581389, 22.356155 ], [ 88.582355, 22.356887 ], [ 88.583352, 22.357911 ], [ 88.584969, 22.359928 ], [ 88.585556, 22.361328 ], [ 88.586148, 22.361855 ], [ 88.586711, 22.361974 ], [ 88.587341, 22.361221 ], [ 88.587879, 22.360117 ], [ 88.588521, 22.358882 ], [ 88.589286, 22.357826 ], [ 88.590021, 22.356593 ], [ 88.591323, 22.355746 ], [ 88.592463, 22.355575 ], [ 88.593416, 22.354932 ], [ 88.594401, 22.354201 ], [ 88.595608, 22.353471 ], [ 88.596432, 22.353328 ], [ 88.597509, 22.353157 ], [ 88.598808, 22.353046 ], [ 88.600515, 22.353408 ], [ 88.601783, 22.353179 ], [ 88.60381, 22.353012 ], [ 88.607518, 22.351979 ], [ 88.608976, 22.351428 ], [ 88.609446, 22.35125 ], [ 88.611012, 22.350788 ], [ 88.61236, 22.350571 ], [ 88.614119, 22.350199 ], [ 88.615178, 22.350093 ], [ 88.616332, 22.350188 ], [ 88.617414, 22.350395 ], [ 88.619385, 22.350673 ], [ 88.620469, 22.350499 ], [ 88.621817, 22.350327 ], [ 88.623168, 22.349505 ], [ 88.62411, 22.348749 ], [ 88.625197, 22.34786 ], [ 88.626163, 22.347193 ], [ 88.627803, 22.346239 ], [ 88.627869, 22.346202 ], [ 88.628865, 22.34564 ], [ 88.630236, 22.345602 ], [ 88.631682, 22.345139 ], [ 88.632914, 22.344093 ], [ 88.633187, 22.34424 ], [ 88.634568, 22.344983 ], [ 88.63616, 22.345438 ], [ 88.638234, 22.345543 ], [ 88.641185, 22.345047 ], [ 88.643224, 22.345073 ], [ 88.644819, 22.345049 ], [ 88.645248, 22.344987 ], [ 88.647287, 22.345044 ], [ 88.648554, 22.345385 ], [ 88.65023, 22.346159 ], [ 88.651203, 22.347199 ], [ 88.652433, 22.347955 ], [ 88.652705, 22.34798 ], [ 88.654201, 22.347941 ], [ 88.655109, 22.347717 ], [ 88.656605, 22.347451 ], [ 88.657589, 22.346726 ], [ 88.657967, 22.345332 ], [ 88.658326, 22.344636 ], [ 88.658649, 22.343022 ], [ 88.65897, 22.341922 ], [ 88.659213, 22.340601 ], [ 88.659533, 22.339538 ], [ 88.659895, 22.338034 ], [ 88.660298, 22.336347 ], [ 88.660499, 22.335467 ], [ 88.661019, 22.334037 ], [ 88.66142, 22.33268 ], [ 88.66178, 22.331507 ], [ 88.661859, 22.331407 ], [ 88.662534, 22.330556 ], [ 88.663171, 22.329421 ], [ 88.664123, 22.328323 ], [ 88.664731, 22.32757 ], [ 88.665776, 22.326659 ], [ 88.667187, 22.325619 ], [ 88.668568, 22.324867 ], [ 88.670117, 22.324377 ], [ 88.671215, 22.32412 ], [ 88.673128, 22.323972 ], [ 88.675406, 22.32414 ], [ 88.677004, 22.324802 ], [ 88.678615, 22.325268 ], [ 88.680539, 22.32586 ], [ 88.682556, 22.325828 ], [ 88.684527, 22.325837 ], [ 88.686993, 22.325556 ], [ 88.690443, 22.325696 ], [ 88.693041, 22.325875 ], [ 88.694961, 22.326139 ], [ 88.695235, 22.326176 ], [ 88.695905, 22.32668 ], [ 88.69774, 22.327105 ], [ 88.698637, 22.3269 ], [ 88.699703, 22.326801 ], [ 88.69972, 22.325878 ], [ 88.69922, 22.32432 ], [ 88.697797, 22.323217 ] ] ] } },
{ "type": "Feature", "properties": { "census2011_code": "02421", "block_name": "Canning-II", "geoboundaries_shape_id": "7132399B11351329952111", "area_km2": 233.4, "land_area_km2": 233.4, "water_area_km2": 0.0 }, "geometry": { "type": "Polygon", "coordinates": [ [ [ 88.781501, 22.368289 ], [ 88.782448, 22.367303 ], [ 88.782942, 22.365935 ], [ 88.781019, 22.365179 ], [ 88.779872, 22.36464 ], [ 88.778638, 22.364021 ], [ 88.777378, 22.363027 ], [ 88.776375, 22.362061 ], [ 88.775948, 22.361151 ], [ 88.775732, 22.360824 ], [ 88.775752, 22.360244 ], [ 88.776543, 22.358571 ], [ 88.778171, 22.3572 ], [ 88.779317, 22.356176 ], [ 88.779765, 22.35558 ], [ 88.780545, 22.353575 ], [ 88.780713, 22.352083 ], [ 88.780951, 22.350829 ], [ 88.781435, 22.349572 ], [ 88.781979, 22.348658 ], [ 88.782462, 22.347888 ], [ 88.783041, 22.346725 ], [ 88.78368, 22.345926 ], [ 88.784728, 22.345529 ], [ 88.785776, 22.345285 ], [ 88.786574, 22.344833 ], [ 88.786949, 22.344621 ], [ 88.788368, 22.343787 ], [ 88.788821, 22.343349 ], [ 88.789235, 22.342396 ], [ 88.789073, 22.341766 ], [ 88.788317, 22.340942 ], [ 88.787662, 22.340309 ], [ 88.786945, 22.339886 ], [ 88.785757, 22.339213 ], [ 88.784384, 22.338257 ], [ 88.783336, 22.336795 ], [ 88.782653, 22.336109 ], [ 88.781282, 22.336127 ], [ 88.779172, 22.337098 ], [ 88.777553, 22.337866 ], [ 88.775761, 22.339134 ], [ 88.774164, 22.340745 ], [ 88.773132, 22.341697 ], [ 88.772469, 22.341991 ], [ 88.770485, 22.342347 ], [ 88.768819, 22.342523 ], [ 88.767616, 22.343315 ], [ 88.766781, 22.343904 ], [ 88.765752, 22.344105 ], [ 88.764896, 22.343896 ], [ 88.764529, 22.343667 ], [ 88.764067, 22.342982 ], [ 88.764169, 22.341889 ], [ 88.764126, 22.340386 ], [ 88.764032, 22.339292 ], [ 88.763734, 22.338939 ], [ 88.763301, 22.338424 ], [ 88.762299, 22.337737 ], [ 88.760711, 22.336865 ], [ 88.758875, 22.336607 ], [ 88.758016, 22.337218 ], [ 88.757766, 22.338493 ], [ 88.757465, 22.340587 ], [ 88.757336, 22.34218 ], [ 88.756546, 22.343908 ], [ 88.755221, 22.344609 ], [ 88.753701, 22.345081 ], [ 88.752549, 22.345304 ], [ 88.751448, 22.345163 ], [ 88.751033, 22.344774 ], [ 88.750228, 22.343928 ], [ 88.749621, 22.342627 ], [ 88.749358, 22.3411 ], [ 88.749388, 22.33962 ], [ 88.749248, 22.337729 ], [ 88.74916, 22.335314 ], [ 88.748993, 22.334015 ], [ 88.74905, 22.332171 ], [ 88.74885, 22.329875 ], [ 88.749015, 22.328312 ], [ 88.749053, 22.326718 ], [ 88.748834, 22.325802 ], [ 88.748107, 22.325061 ], [ 88.747061, 22.32488 ], [ 88.746479, 22.325351 ], [ 88.745756, 22.325937 ], [ 88.74464, 22.327261 ], [ 88.744284, 22.32903 ], [ 88.7444, 22.331776 ], [ 88.744899, 22.334021 ], [ 88.745908, 22.335737 ], [ 88.747172, 22.336982 ], [ 88.74799, 22.338904 ], [ 88.748045, 22.341088 ], [ 88.747245, 22.342649 ], [ 88.746005, 22.343382 ], [ 88.744926, 22.343466 ], [ 88.743499, 22.343135 ], [ 88.742802, 22.342719 ], [ 88.741662, 22.342242 ], [ 88.7409, 22.34221 ], [ 88.739029, 22.341995 ], [ 88.737379, 22.341841 ], [ 88.736491, 22.341778 ], [ 88.735513, 22.340357 ], [ 88.733933, 22.338757 ], [ 88.732731, 22.33763 ], [ 88.731624, 22.336887 ], [ 88.730578, 22.336499 ], [ 88.729819, 22.336024 ], [ 88.728267, 22.335072 ], [ 88.726747, 22.334535 ], [ 88.72535, 22.334588 ], [ 88.723635, 22.334964 ], [ 88.72151, 22.334837 ], [ 88.719512, 22.334563 ], [ 88.717861, 22.334585 ], [ 88.716846, 22.334495 ], [ 88.71507, 22.334337 ], [ 88.713296, 22.33368 ], [ 88.71279, 22.333117 ], [ 88.711398, 22.332137 ], [ 88.710291, 22.331335 ], [ 88.709216, 22.330356 ], [ 88.708078, 22.329466 ], [ 88.707035, 22.328517 ], [ 88.7058, 22.327862 ], [ 88.704532, 22.327591 ], [ 88.702566, 22.327169 ], [ 88.700601, 22.326717 ], [ 88.699703, 22.326801 ], [ 88.698637, 22.3269 ], [ 88.69774, 22.327105 ], [ 88.695905, 22.32668 ], [ 88.695235, 22.326176 ], [ 88.694961, 22.326139 ], [ 88.693041, 22.325875 ], [ 88.690443, 22.325696 ], [ 88.686993, 22.325556 ], [ 88.684527, 22.325837 ], [ 88.682556, 22.325828 ], [ 88.680539, 22.32586 ], [ 88.678615, 22.325268 ], [ 88.677004, 22.324802 ], [ 88.675406, 22.32414 ], [ 88.673128, 22.323972 ], [ 88.671215, 22.32412 ], [ 88.670117, 22.324377 ], [ 88.668568, 22.324867 ], [ 88.667187, 22.325619 ], [ 88.665776, 22.326659 ], [ 88.664731, 22.32757 ], [ 88.664123, 22.328323 ], [ 88.663171, 22.329421 ], [ 88.662534, 22.330556 ], [ 88.661859, 22.331407 ], [ 88.66178, 22.331507 ], [ 88.66142, 22.33268 ], [ 88.661019, 22.334037 ], [ 88.660499, 22.335467 ], [ 88.660298, 22.336347 ], [ 88.659895, 22.338034 ], [ 88.659533, 22.339538 ], [ 88.659213, 22.340601 ], [ 88.65897, 22.341922 ], [ 88.658649, 22.343022 ], [ 88.658326, 22.344636 ], [ 88.657967, 22.345332 ], [ 88.657589, 22.346726 ], [ 88.656605, 22.347451 ], [ 88.655109, 22.347717 ], [ 88.654201, 22.347941 ], [ 88.652705, 22.34798 ], [ 88.652433, 22.347955 ], [ 88.651203, 22.347199 ], [ 88.65023, 22.346159 ], [ 88.648554, 22.345385 ], [ 88.647287, 22.345044 ], [ 88.645248, 22.344987 ], [ 88.644819, 22.345049 ], [ 88.643224, 22.345073 ], [ 88.641185, 22.345047 ], [ 88.638234, 22.345543 ], [ 88.63616, 22.345438 ], [ 88.634568, 22.344983 ], [ 88.633187, 22.34424 ], [ 88.632914, 22.344093 ], [ 88.631682, 22.345139 ], [ 88.630236, 22.345602 ], [ 88.628865, 22.34564 ], [ 88.627869, 22.346202 ], [ 88.627803, 22.346239 ], [ 88.626163, 22.347193 ], [ 88.625197, 22.34786 ], [ 88.62411, 22.348749 ], [ 88.623168, 22.349505 ], [ 88.621817, 22.350327 ], [ 88.620469, 22.350499 ], [ 88.619385, 22.350673 ], [ 88.617414, 22.350395 ], [ 88.616332, 22.350188 ], [ 88.615178, 22.350093 ], [ 88.614119, 22.350199 ], [ 88.61236, 22.350571 ], [ 88.611012, 22.350788 ], [ 88.609446, 22.35125 ], [ 88.608976, 22.351428 ], [ 88.607518, 22.351979 ], [ 88.60381, 22.353012 ], [ 88.601783, 22.353179 ], [ 88.600515, 22.353408 ], [ 88.598808, 22.353046 ], [ 88.597509, 22.353157 ], [ 88.596432, 22.353328 ], [ 88.595608, 22.353471 ], [ 88.594401, 22.354201 ], [ 88.593416, 22.354932 ], [ 88.592463, 22.355575 ], [ 88.591323, 22.355746 ], [ 88.590021, 22.356593 ], [ 88.589286, 22.357826 ], [ 88.588521, 22.358882 ], [ 88.587879, 22.360117 ], [ 88.587341, 22.361221 ], [ 88.586711, 22.361974 ], [ 88.586148, 22.361855 ], [ 88.585556, 22.361328 ], [ 88.584969, 22.359928 ], [ 88.583352, 22.357911 ], [ 88.582355, 22.356887 ], [ 88.581389, 22.356155 ], [ 88.579107, 22.355648 ], [ 88.576884, 22.355695 ], [ 88.575851, 22.355806 ], [ 88.574816, 22.356266 ], [ 88.573592, 22.356842 ], [ 88.572246, 22.356893 ], [ 88.571653, 22.356628 ], [ 88.570553, 22.357495 ], [ 88.569455, 22.357985 ], [ 88.568387, 22.358823 ], [ 88.567505, 22.359837 ], [ 88.566266, 22.361504 ], [ 88.565869, 22.362156 ], [ 88.565329, 22.363225 ], [ 88.565184, 22.364166 ], [ 88.564951, 22.365551 ], [ 88.564859, 22.367094 ], [ 88.565079, 22.368142 ], [ 88.565239, 22.369738 ], [ 88.565401, 22.371125 ], [ 88.565478, 22.372434 ], [ 88.565721, 22.374423 ], [ 88.566285, 22.376036 ], [ 88.567683, 22.37715 ], [ 88.56906, 22.37771 ], [ 88.569411, 22.378818 ], [ 88.569048, 22.380055 ], [ 88.568073, 22.381625 ], [ 88.566914, 22.381793 ], [ 88.565752, 22.382311 ], [ 88.56419, 22.381662 ], [ 88.562911, 22.380899 ], [ 88.562228, 22.379731 ], [ 88.561165, 22.379492 ], [ 88.560106, 22.378497 ], [ 88.558206, 22.376565 ], [ 88.556615, 22.37545 ], [ 88.554836, 22.374422 ], [ 88.553588, 22.373658 ], [ 88.552026, 22.37301 ], [ 88.551738, 22.373075 ], [ 88.550897, 22.373266 ], [ 88.550775, 22.373307 ], [ 88.550145, 22.373524 ], [ 88.549387, 22.374713 ], [ 88.548071, 22.374939 ], [ 88.546785, 22.375369 ], [ 88.547342, 22.376478 ], [ 88.547933, 22.377267 ], [ 88.547363, 22.378429 ], [ 88.547036, 22.379012 ], [ 88.546962, 22.379145 ], [ 88.546794, 22.379445 ], [ 88.546596, 22.380643 ], [ 88.546568, 22.380812 ], [ 88.546968, 22.382066 ], [ 88.546962, 22.38323 ], [ 88.547864, 22.384283 ], [ 88.54864, 22.385539 ], [ 88.549866, 22.384672 ], [ 88.551055, 22.384766 ], [ 88.551644, 22.385963 ], [ 88.552862, 22.386464 ], [ 88.552448, 22.387801 ], [ 88.552099, 22.38876 ], [ 88.551999, 22.389953 ], [ 88.551804, 22.391291 ], [ 88.55211, 22.392603 ], [ 88.552351, 22.39357 ], [ 88.551909, 22.394644 ], [ 88.551427, 22.396124 ], [ 88.550755, 22.396981 ], [ 88.549504, 22.397532 ], [ 88.547954, 22.397895 ], [ 88.54618, 22.398025 ], [ 88.544807, 22.39804 ], [ 88.544057, 22.39806 ], [ 88.543586, 22.397569 ], [ 88.543563, 22.397082 ], [ 88.543545, 22.395782 ], [ 88.543103, 22.394456 ], [ 88.542685, 22.393293 ], [ 88.542514, 22.392433 ], [ 88.541416, 22.392311 ], [ 88.540417, 22.392422 ], [ 88.539068, 22.3926 ], [ 88.538293, 22.392805 ], [ 88.538087, 22.393941 ], [ 88.537754, 22.395379 ], [ 88.537275, 22.396305 ], [ 88.537143, 22.397535 ], [ 88.536389, 22.398529 ], [ 88.534991, 22.398498 ], [ 88.533591, 22.398769 ], [ 88.533162, 22.399509 ], [ 88.533654, 22.400905 ], [ 88.533823, 22.40209 ], [ 88.532969, 22.402921 ], [ 88.531669, 22.403262 ], [ 88.530939, 22.404326 ], [ 88.530091, 22.405527 ], [ 88.529814, 22.406905 ], [ 88.529842, 22.407908 ], [ 88.530038, 22.409132 ], [ 88.531102, 22.411897 ], [ 88.53181, 22.412711 ], [ 88.531539, 22.413857 ], [ 88.531093, 22.414702 ], [ 88.530531, 22.415355 ], [ 88.530143, 22.416473 ], [ 88.530311, 22.41814 ], [ 88.530333, 22.419397 ], [ 88.531094, 22.419948 ], [ 88.532115, 22.421415 ], [ 88.532144, 22.421456 ], [ 88.532639, 22.422388 ], [ 88.533822, 22.424807 ], [ 88.534121, 22.425906 ], [ 88.534949, 22.427681 ], [ 88.535166, 22.428062 ], [ 88.535779, 22.429138 ], [ 88.537758, 22.429573 ], [ 88.539054, 22.429368 ], [ 88.539783, 22.428345 ], [ 88.540931, 22.427289 ], [ 88.541201, 22.426759 ], [ 88.541439, 22.42499 ], [ 88.541068, 22.423147 ], [ 88.540197, 22.422222 ], [ 88.539516, 22.421262 ], [ 88.53884, 22.419559 ], [ 88.538963, 22.417895 ], [ 88.539918, 22.417405 ], [ 88.538827, 22.416141 ], [ 88.538396, 22.415255 ], [ 88.538679, 22.414298 ], [ 88.541262, 22.413022 ], [ 88.542298, 22.41207 ], [ 88.542863, 22.411746 ], [ 88.544405, 22.410865 ], [ 88.547064, 22.410253 ], [ 88.549406, 22.409602 ], [ 88.550005, 22.408684 ], [ 88.552429, 22.407665 ], [ 88.554549, 22.406668 ], [ 88.556219, 22.406561 ], [ 88.5581, 22.405795 ], [ 88.560358, 22.404837 ], [ 88.561451, 22.403369 ], [ 88.562999, 22.399938 ], [ 88.564296, 22.396911 ], [ 88.565768, 22.395499 ], [ 88.567364, 22.394472 ], [ 88.56915, 22.393771 ], [ 88.570967, 22.393277 ], [ 88.571667, 22.393251 ], [ 88.573352, 22.393526 ], [ 88.57631, 22.393986 ], [ 88.576928, 22.394222 ], [ 88.577644, 22.394496 ], [ 88.579359, 22.395096 ], [ 88.58209, 22.396324 ], [ 88.583615, 22.396894 ], [ 88.585121, 22.397369 ], [ 88.58514, 22.397375 ], [ 88.586266, 22.397024 ], [ 88.586447, 22.396967 ], [ 88.587118, 22.396497 ], [ 88.588013, 22.395673 ], [ 88.58913, 22.395087 ], [ 88.589829, 22.39478 ], [ 88.590784, 22.395052 ], [ 88.591713, 22.395657 ], [ 88.593118, 22.396887 ], [ 88.594459, 22.397991 ], [ 88.595018, 22.399544 ], [ 88.594952, 22.40007 ], [ 88.594691, 22.401853 ], [ 88.59412, 22.402787 ], [ 88.592827, 22.40357 ], [ 88.592005, 22.404297 ], [ 88.591998, 22.405672 ], [ 88.592244, 22.406902 ], [ 88.592873, 22.408275 ], [ 88.594067, 22.409513 ], [ 88.594722, 22.41051 ], [ 88.59493, 22.410826 ], [ 88.595381, 22.411675 ], [ 88.597038, 22.411529 ], [ 88.598282, 22.411035 ], [ 88.598988, 22.410654 ], [ 88.60094, 22.410698 ], [ 88.60379, 22.410909 ], [ 88.605319, 22.41134 ], [ 88.606517, 22.411885 ], [ 88.607376, 22.412838 ], [ 88.607345, 22.413469 ], [ 88.607342, 22.414047 ], [ 88.606797, 22.415569 ], [ 88.607243, 22.41686 ], [ 88.608303, 22.418018 ], [ 88.609575, 22.419629 ], [ 88.610432, 22.420934 ], [ 88.610693, 22.422319 ], [ 88.610713, 22.422351 ], [ 88.610997, 22.422834 ], [ 88.611609, 22.423873 ], [ 88.612436, 22.425178 ], [ 88.612905, 22.426467 ], [ 88.613456, 22.428091 ], [ 88.613094, 22.428817 ], [ 88.612787, 22.429323 ], [ 88.612743, 22.43007 ], [ 88.613444, 22.43109 ], [ 88.613542, 22.431232 ], [ 88.6136, 22.431326 ], [ 88.61414, 22.432188 ], [ 88.614457, 22.433105 ], [ 88.614677, 22.433536 ], [ 88.615458, 22.433951 ], [ 88.616101, 22.434048 ], [ 88.616925, 22.434108 ], [ 88.617567, 22.434429 ], [ 88.618991, 22.435127 ], [ 88.620254, 22.435806 ], [ 88.621337, 22.436241 ], [ 88.622659, 22.437092 ], [ 88.62274, 22.437145 ], [ 88.623883, 22.437711 ], [ 88.624785, 22.438351 ], [ 88.62598, 22.43912 ], [ 88.624685, 22.439693 ], [ 88.624725, 22.440708 ], [ 88.624853, 22.441868 ], [ 88.625155, 22.442963 ], [ 88.624956, 22.444538 ], [ 88.623992, 22.445855 ], [ 88.623001, 22.44735 ], [ 88.621793, 22.448208 ], [ 88.621024, 22.448891 ], [ 88.620572, 22.449943 ], [ 88.620658, 22.450278 ], [ 88.620805, 22.450857 ], [ 88.621682, 22.451586 ], [ 88.622017, 22.452343 ], [ 88.622214, 22.453103 ], [ 88.622531, 22.453499 ], [ 88.623295, 22.453305 ], [ 88.623932, 22.453032 ], [ 88.625184, 22.452881 ], [ 88.626714, 22.452258 ], [ 88.627713, 22.451691 ], [ 88.62869, 22.451518 ], [ 88.629369, 22.451266 ], [ 88.63075, 22.45078 ], [ 88.632235, 22.450708 ], [ 88.633042, 22.450755 ], [ 88.633719, 22.450794 ], [ 88.63484, 22.451233 ], [ 88.63541, 22.451906 ], [ 88.635214, 22.45291 ], [ 88.63508, 22.454446 ], [ 88.636326, 22.455418 ], [ 88.637422, 22.456811 ], [ 88.637666, 22.458282 ], [ 88.63773, 22.458668 ], [ 88.637784, 22.458991 ], [ 88.638296, 22.460792 ], [ 88.638872, 22.462809 ], [ 88.639894, 22.464133 ], [ 88.640136, 22.46468 ], [ 88.640034, 22.465681 ], [ 88.640517, 22.467002 ], [ 88.641446, 22.467189 ], [ 88.642374, 22.467648 ], [ 88.642366, 22.469559 ], [ 88.641428, 22.472013 ], [ 88.640331, 22.473191 ], [ 88.63972, 22.474371 ], [ 88.639169, 22.475495 ], [ 88.638979, 22.477184 ], [ 88.638692, 22.478981 ], [ 88.638314, 22.479613 ], [ 88.638651, 22.480501 ], [ 88.639126, 22.480947 ], [ 88.639118, 22.482594 ], [ 88.639115, 22.483243 ], [ 88.639113, 22.483672 ], [ 88.639329, 22.485255 ], [ 88.639582, 22.485971 ], [ 88.640578, 22.48648 ], [ 88.641804, 22.486459 ], [ 88.642573, 22.486834 ], [ 88.643542, 22.486971 ], [ 88.64474, 22.487003 ], [ 88.645653, 22.486928 ], [ 88.646251, 22.48709 ], [ 88.646791, 22.487569 ], [ 88.647524, 22.489348 ], [ 88.647716, 22.490992 ], [ 88.64799, 22.491677 ], [ 88.648851, 22.492049 ], [ 88.650341, 22.492251 ], [ 88.651412, 22.492538 ], [ 88.652175, 22.493776 ], [ 88.652218, 22.494729 ], [ 88.651663, 22.49549 ], [ 88.651572, 22.495757 ], [ 88.65173, 22.495796 ], [ 88.652323, 22.495859 ], [ 88.652726, 22.495881 ], [ 88.653712, 22.495895 ], [ 88.654961, 22.495393 ], [ 88.65689, 22.494535 ], [ 88.658226, 22.494638 ], [ 88.658945, 22.494796 ], [ 88.659539, 22.494996 ], [ 88.659548, 22.494999 ], [ 88.66069, 22.495008 ], [ 88.66206, 22.494529 ], [ 88.663041, 22.49387 ], [ 88.664115, 22.492903 ], [ 88.665568, 22.492808 ], [ 88.665715, 22.492765 ], [ 88.665782, 22.492745 ], [ 88.665785, 22.492703 ], [ 88.665805, 22.492478 ], [ 88.665823, 22.492264 ], [ 88.665825, 22.492244 ], [ 88.665684, 22.491544 ], [ 88.665538, 22.490998 ], [ 88.666758, 22.490406 ], [ 88.667127, 22.490209 ], [ 88.668779, 22.489331 ], [ 88.669963, 22.488452 ], [ 88.670921, 22.487741 ], [ 88.672022, 22.486988 ], [ 88.672461, 22.486688 ], [ 88.672559, 22.486618 ], [ 88.672966, 22.486324 ], [ 88.6744, 22.485291 ], [ 88.674571, 22.485167 ], [ 88.674783, 22.485015 ], [ 88.674836, 22.484976 ], [ 88.675261, 22.484702 ], [ 88.675392, 22.484618 ], [ 88.675884, 22.484102 ], [ 88.67623, 22.483586 ], [ 88.67623, 22.483545 ], [ 88.675861, 22.483048 ], [ 88.675671, 22.482723 ], [ 88.67587, 22.482524 ], [ 88.676055, 22.482176 ], [ 88.675914, 22.481675 ], [ 88.675875, 22.481346 ], [ 88.676229, 22.48102 ], [ 88.677099, 22.480104 ], [ 88.677409, 22.479751 ], [ 88.677987, 22.479503 ], [ 88.678847, 22.479371 ], [ 88.679882, 22.478671 ], [ 88.680327, 22.478258 ], [ 88.680337, 22.478249 ], [ 88.680712, 22.477899 ], [ 88.681108, 22.477569 ], [ 88.681758, 22.477028 ], [ 88.682116, 22.476729 ], [ 88.683137, 22.475797 ], [ 88.683223, 22.475717 ], [ 88.683311, 22.475639 ], [ 88.683333, 22.47562 ], [ 88.683353, 22.475601 ], [ 88.684496, 22.474584 ], [ 88.684986, 22.474317 ], [ 88.68511, 22.474227 ], [ 88.685233, 22.474137 ], [ 88.685598, 22.47387 ], [ 88.68571, 22.473567 ], [ 88.685711, 22.47355 ], [ 88.685763, 22.472736 ], [ 88.685888, 22.47221 ], [ 88.685913, 22.472104 ], [ 88.68587, 22.472041 ], [ 88.685534, 22.472019 ], [ 88.685525, 22.472018 ], [ 88.685063, 22.471964 ], [ 88.685189, 22.471811 ], [ 88.68521, 22.471763 ], [ 88.685578, 22.470899 ], [ 88.686151, 22.469842 ], [ 88.686276, 22.468763 ], [ 88.686524, 22.467444 ], [ 88.686868, 22.466839 ], [ 88.687635, 22.466367 ], [ 88.687845, 22.466238 ], [ 88.689059, 22.465235 ], [ 88.692084, 22.46285 ], [ 88.69272, 22.462452 ], [ 88.693687, 22.462177 ], [ 88.694741, 22.46223 ], [ 88.695552, 22.462004 ], [ 88.696606, 22.461697 ], [ 88.697291, 22.461507 ], [ 88.698214, 22.46147 ], [ 88.699564, 22.461023 ], [ 88.700594, 22.46099 ], [ 88.701165, 22.461004 ], [ 88.701261, 22.46098 ], [ 88.702561, 22.46037 ], [ 88.702875, 22.460223 ], [ 88.703251, 22.460074 ], [ 88.703767, 22.45987 ], [ 88.703518, 22.459422 ], [ 88.70345, 22.459328 ], [ 88.703168, 22.458809 ], [ 88.703168, 22.458808 ], [ 88.703182, 22.458736 ], [ 88.703823, 22.458253 ], [ 88.705392, 22.457281 ], [ 88.706412, 22.45696 ], [ 88.706594, 22.456865 ], [ 88.706645, 22.456838 ], [ 88.706975, 22.456328 ], [ 88.70714, 22.455881 ], [ 88.707182, 22.45577 ], [ 88.707273, 22.455523 ], [ 88.707804, 22.454092 ], [ 88.707868, 22.453637 ], [ 88.707957, 22.452997 ], [ 88.708041, 22.45239 ], [ 88.708056, 22.451952 ], [ 88.708057, 22.451938 ], [ 88.708075, 22.45141 ], [ 88.707962, 22.45086 ], [ 88.70792, 22.450657 ], [ 88.70787, 22.450412 ], [ 88.707716, 22.449835 ], [ 88.707649, 22.449585 ], [ 88.707602, 22.44941 ], [ 88.707424, 22.449151 ], [ 88.706625, 22.448292 ], [ 88.706332, 22.448082 ], [ 88.7063, 22.448104 ], [ 88.706169, 22.448196 ], [ 88.706062, 22.448097 ], [ 88.706013, 22.448052 ], [ 88.70481, 22.446988 ], [ 88.704636, 22.446863 ], [ 88.704599, 22.446821 ], [ 88.703195, 22.445719 ], [ 88.702851, 22.445136 ], [ 88.70283, 22.4451 ], [ 88.702893, 22.444551 ], [ 88.702902, 22.444468 ], [ 88.702907, 22.444355 ], [ 88.702916, 22.444134 ], [ 88.702922, 22.444003 ], [ 88.702747, 22.443791 ], [ 88.702304, 22.443204 ], [ 88.702246, 22.442671 ], [ 88.702251, 22.441913 ], [ 88.702254, 22.441387 ], [ 88.702255, 22.441308 ], [ 88.702343, 22.44108 ], [ 88.702497, 22.44068 ], [ 88.702534, 22.440602 ], [ 88.70272, 22.440201 ], [ 88.702905, 22.43989 ], [ 88.702918, 22.439639 ], [ 88.702924, 22.439528 ], [ 88.70325, 22.438809 ], [ 88.703327, 22.438639 ], [ 88.703457, 22.437781 ], [ 88.703311, 22.436765 ], [ 88.703202, 22.436549 ], [ 88.703126, 22.436399 ], [ 88.703241, 22.436316 ], [ 88.703345, 22.436241 ], [ 88.703748, 22.43611 ], [ 88.703748, 22.435925 ], [ 88.703806, 22.435487 ], [ 88.703843, 22.433785 ], [ 88.703844, 22.433735 ], [ 88.704009, 22.433496 ], [ 88.704387, 22.433134 ], [ 88.70498, 22.432894 ], [ 88.706179, 22.432483 ], [ 88.707055, 22.4325 ], [ 88.707063, 22.432501 ], [ 88.707656, 22.432428 ], [ 88.707936, 22.432341 ], [ 88.708151, 22.432274 ], [ 88.709277, 22.43138 ], [ 88.710515, 22.430454 ], [ 88.711253, 22.430024 ], [ 88.711377, 22.430022 ], [ 88.712154, 22.430005 ], [ 88.713141, 22.429984 ], [ 88.713874, 22.429695 ], [ 88.71422, 22.429489 ], [ 88.714313, 22.429372 ], [ 88.714832, 22.428785 ], [ 88.715089, 22.428342 ], [ 88.715203, 22.428124 ], [ 88.715472, 22.427606 ], [ 88.715734, 22.427331 ], [ 88.716269, 22.427263 ], [ 88.716691, 22.427452 ], [ 88.716753, 22.427555 ], [ 88.716857, 22.427727 ], [ 88.71707, 22.427616 ], [ 88.717429, 22.427429 ], [ 88.718042, 22.427709 ], [ 88.719309, 22.42746 ], [ 88.720295, 22.4275 ], [ 88.72096, 22.427585 ], [ 88.721791, 22.427517 ], [ 88.722133, 22.427612 ], [ 88.722171, 22.427622 ], [ 88.722214, 22.427634 ], [ 88.722244, 22.427593 ], [ 88.722364, 22.427431 ], [ 88.722825, 22.426947 ], [ 88.723166, 22.427026 ], [ 88.723194, 22.427033 ], [ 88.723242, 22.426982 ], [ 88.72334, 22.426879 ], [ 88.723213, 22.426586 ], [ 88.723654, 22.426331 ], [ 88.723893, 22.426193 ], [ 88.724298, 22.4261 ], [ 88.72502, 22.425935 ], [ 88.725176, 22.425879 ], [ 88.725943, 22.425605 ], [ 88.726462, 22.425419 ], [ 88.726616, 22.425322 ], [ 88.72753, 22.424745 ], [ 88.728398, 22.424126 ], [ 88.729418, 22.423643 ], [ 88.729637, 22.423775 ], [ 88.729753, 22.423846 ], [ 88.729944, 22.423936 ], [ 88.729972, 22.423949 ], [ 88.73006, 22.423829 ], [ 88.730399, 22.423367 ], [ 88.730457, 22.423259 ], [ 88.730573, 22.423045 ], [ 88.730999, 22.422255 ], [ 88.731262, 22.421768 ], [ 88.731669, 22.420873 ], [ 88.731671, 22.420873 ], [ 88.732607, 22.420773 ], [ 88.73313, 22.420734 ], [ 88.733251, 22.420674 ], [ 88.734147, 22.419848 ], [ 88.734121, 22.419436 ], [ 88.733988, 22.417616 ], [ 88.734006, 22.415946 ], [ 88.733894, 22.41483 ], [ 88.733821, 22.414591 ], [ 88.733655, 22.414108 ], [ 88.733522, 22.413323 ], [ 88.733241, 22.41264 ], [ 88.733359, 22.412151 ], [ 88.733323, 22.411738 ], [ 88.733326, 22.411689 ], [ 88.733351, 22.411181 ], [ 88.733357, 22.41107 ], [ 88.733747, 22.410748 ], [ 88.733914, 22.410252 ], [ 88.734794, 22.409886 ], [ 88.735844, 22.409819 ], [ 88.736017, 22.409542 ], [ 88.736337, 22.409345 ], [ 88.736726, 22.408866 ], [ 88.736985, 22.40805 ], [ 88.737868, 22.406894 ], [ 88.739048, 22.406444 ], [ 88.739477, 22.406044 ], [ 88.741204, 22.404305 ], [ 88.741922, 22.403532 ], [ 88.742179, 22.402981 ], [ 88.742732, 22.402741 ], [ 88.743202, 22.40275 ], [ 88.743309, 22.402591 ], [ 88.743899, 22.401978 ], [ 88.745003, 22.401641 ], [ 88.745959, 22.401303 ], [ 88.746624, 22.400452 ], [ 88.747805, 22.399227 ], [ 88.748614, 22.398855 ], [ 88.749495, 22.399098 ], [ 88.750448, 22.399819 ], [ 88.751474, 22.40054 ], [ 88.751637, 22.400491 ], [ 88.752688, 22.40017 ], [ 88.754052, 22.399048 ], [ 88.755268, 22.398096 ], [ 88.755383, 22.397615 ], [ 88.755426, 22.397434 ], [ 88.755417, 22.397407 ], [ 88.753525, 22.39588 ], [ 88.753409, 22.39581 ], [ 88.751598, 22.394722 ], [ 88.751214, 22.394344 ], [ 88.750739, 22.393877 ], [ 88.750617, 22.39358 ], [ 88.750483, 22.393254 ], [ 88.750495, 22.393145 ], [ 88.750566, 22.39254 ], [ 88.750718, 22.392263 ], [ 88.750661, 22.392133 ], [ 88.750887, 22.390836 ], [ 88.751516, 22.389677 ], [ 88.752326, 22.389168 ], [ 88.753646, 22.389857 ], [ 88.755184, 22.391263 ], [ 88.756321, 22.391849 ], [ 88.757273, 22.392809 ], [ 88.758076, 22.394042 ], [ 88.759024, 22.395891 ], [ 88.759683, 22.396679 ], [ 88.761485, 22.396209 ], [ 88.762958, 22.395326 ], [ 88.764541, 22.394479 ], [ 88.765714, 22.393686 ], [ 88.766751, 22.392984 ], [ 88.767747, 22.392134 ], [ 88.768474, 22.391067 ], [ 88.768241, 22.390774 ], [ 88.76713, 22.389988 ], [ 88.765121, 22.388889 ], [ 88.76397, 22.388388 ], [ 88.763864, 22.388342 ], [ 88.761971, 22.387347 ], [ 88.761365, 22.38653 ], [ 88.76138, 22.385685 ], [ 88.761745, 22.384647 ], [ 88.762241, 22.38318 ], [ 88.763009, 22.381997 ], [ 88.764059, 22.380901 ], [ 88.764618, 22.380012 ], [ 88.765099, 22.379538 ], [ 88.765609, 22.379435 ], [ 88.766531, 22.379467 ], [ 88.76707, 22.379702 ], [ 88.767706, 22.379924 ], [ 88.768361, 22.38071 ], [ 88.769219, 22.38234 ], [ 88.770272, 22.383736 ], [ 88.77038, 22.384083 ], [ 88.770557, 22.384653 ], [ 88.771575, 22.386491 ], [ 88.77159, 22.386519 ], [ 88.772861, 22.386331 ], [ 88.773968, 22.38626 ], [ 88.773427, 22.384687 ], [ 88.772855, 22.38279 ], [ 88.770881, 22.380206 ], [ 88.769256, 22.377748 ], [ 88.768336, 22.375734 ], [ 88.768273, 22.374813 ], [ 88.769197, 22.372827 ], [ 88.770218, 22.371166 ], [ 88.771398, 22.370394 ], [ 88.772355, 22.370187 ], [ 88.773277, 22.370188 ], [ 88.774651, 22.370518 ], [ 88.77551, 22.371052 ], [ 88.777131, 22.371202 ], [ 88.777742, 22.37119 ], [ 88.777719, 22.370849 ], [ 88.779701, 22.369782 ], [ 88.781501, 22.368289 ] ] ] } },
{ "type": "Feature", "properties": { "census2011_code": "02422", "block_name": "Baruipur", "geoboundaries_shape_id": "7132399B79003311953344", "area_km2": 218.4, "land_area_km2": 218.4, "water_area_km2": 0.0 }, "geometry": { "type": "Polygon", "coordinates": [ [ [ 88.522513, 22.397245 ], [ 88.522055, 22.39616 ], [ 88.521772, 22.395784 ], [ 88.519282, 22.392483 ], [ 88.518143, 22.390167 ], [ 88.516993, 22.3884 ], [ 88.515886, 22.386682 ], [ 88.512724, 22.382668 ], [ 88.511521, 22.380912 ], [ 88.511266, 22.380475 ], [ 88.511291, 22.379923 ], [ 88.511641, 22.379257 ], [ 88.512813, 22.377607 ], [ 88.513353, 22.375759 ], [ 88.513674, 22.37334 ], [ 88.514356, 22.371956 ], [ 88.516319, 22.369634 ], [ 88.517153, 22.368674 ], [ 88.51816, 22.367516 ], [ 88.519013, 22.364829 ], [ 88.520151, 22.362051 ], [ 88.520327, 22.361181 ], [ 88.520666, 22.359504 ], [ 88.521224, 22.358183 ], [ 88.521842, 22.357746 ], [ 88.522343, 22.357722 ], [ 88.523087, 22.357855 ], [ 88.523382, 22.357908 ], [ 88.523798, 22.358669 ], [ 88.524414, 22.359393 ], [ 88.525398, 22.359715 ], [ 88.526792, 22.359778 ], [ 88.528486, 22.359853 ], [ 88.529573, 22.360088 ], [ 88.530661, 22.360322 ], [ 88.531659, 22.36032 ], [ 88.532734, 22.359718 ], [ 88.534981, 22.358565 ], [ 88.536155, 22.357968 ], [ 88.536388, 22.357236 ], [ 88.536205, 22.355742 ], [ 88.535294, 22.354913 ], [ 88.534992, 22.353832 ], [ 88.535291, 22.352731 ], [ 88.536279, 22.351847 ], [ 88.538098, 22.351325 ], [ 88.54051, 22.352082 ], [ 88.542016, 22.35411 ], [ 88.543005, 22.355442 ], [ 88.544419, 22.35795 ], [ 88.545825, 22.358332 ], [ 88.54683, 22.358924 ], [ 88.547487, 22.359593 ], [ 88.54832, 22.35963 ], [ 88.549038, 22.358931 ], [ 88.549636, 22.357634 ], [ 88.549596, 22.356309 ], [ 88.549715, 22.355858 ], [ 88.550557, 22.355667 ], [ 88.551713, 22.356175 ], [ 88.552618, 22.356081 ], [ 88.553523, 22.35581 ], [ 88.553764, 22.355406 ], [ 88.553801, 22.354577 ], [ 88.55322, 22.35341 ], [ 88.55224, 22.352053 ], [ 88.551899, 22.350516 ], [ 88.551953, 22.349308 ], [ 88.552039, 22.349035 ], [ 88.552081, 22.349023 ], [ 88.552454, 22.348915 ], [ 88.553196, 22.348949 ], [ 88.554024, 22.348709 ], [ 88.554415, 22.348277 ], [ 88.554627, 22.347698 ], [ 88.555456, 22.347458 ], [ 88.556445, 22.347779 ], [ 88.557014, 22.348358 ], [ 88.557276, 22.349165 ], [ 88.557091, 22.349986 ], [ 88.556974, 22.350476 ], [ 88.556907, 22.350753 ], [ 88.556931, 22.351012 ], [ 88.557543, 22.351265 ], [ 88.558136, 22.351194 ], [ 88.559379, 22.351314 ], [ 88.56101, 22.352041 ], [ 88.561146, 22.352102 ], [ 88.563322, 22.353069 ], [ 88.565329, 22.353159 ], [ 88.56922, 22.352203 ], [ 88.569624, 22.351919 ], [ 88.570611, 22.352089 ], [ 88.57125, 22.352958 ], [ 88.571816, 22.353446 ], [ 88.57257, 22.353773 ], [ 88.573405, 22.353778 ], [ 88.573654, 22.353779 ], [ 88.575593, 22.352857 ], [ 88.577491, 22.352857 ], [ 88.579254, 22.352851 ], [ 88.580985, 22.353518 ], [ 88.582872, 22.354876 ], [ 88.584982, 22.357719 ], [ 88.585882, 22.358564 ], [ 88.586378, 22.358586 ], [ 88.586601, 22.358596 ], [ 88.587414, 22.358163 ], [ 88.589139, 22.35502 ], [ 88.590733, 22.353213 ], [ 88.594711, 22.35131 ], [ 88.599001, 22.350494 ], [ 88.59986, 22.350278 ], [ 88.60034, 22.34987 ], [ 88.600516, 22.349018 ], [ 88.600194, 22.346897 ], [ 88.599592, 22.345035 ], [ 88.59883, 22.344431 ], [ 88.597596, 22.343589 ], [ 88.59679, 22.343038 ], [ 88.594558, 22.341025 ], [ 88.59292, 22.338468 ], [ 88.591519, 22.336542 ], [ 88.590166, 22.336045 ], [ 88.588297, 22.33576 ], [ 88.584801, 22.335437 ], [ 88.583467, 22.335344 ], [ 88.582391, 22.335128 ], [ 88.581659, 22.334489 ], [ 88.581521, 22.334279 ], [ 88.580846, 22.333242 ], [ 88.580169, 22.33301 ], [ 88.57941, 22.332976 ], [ 88.578724, 22.332946 ], [ 88.578112, 22.332885 ], [ 88.577123, 22.332336 ], [ 88.576377, 22.331243 ], [ 88.576341, 22.331191 ], [ 88.575957, 22.329446 ], [ 88.57371, 22.326828 ], [ 88.572489, 22.324393 ], [ 88.572536, 22.322749 ], [ 88.572578, 22.321283 ], [ 88.570002, 22.314989 ], [ 88.5696, 22.312203 ], [ 88.569883, 22.309773 ], [ 88.569999, 22.309668 ], [ 88.571251, 22.308531 ], [ 88.574335, 22.307333 ], [ 88.574635, 22.307216 ], [ 88.575315, 22.305699 ], [ 88.5744, 22.303987 ], [ 88.574022, 22.30328 ], [ 88.571301, 22.301377 ], [ 88.570542, 22.300846 ], [ 88.568591, 22.299457 ], [ 88.566942, 22.299139 ], [ 88.566138, 22.29951 ], [ 88.565841, 22.299905 ], [ 88.565487, 22.300377 ], [ 88.566037, 22.301786 ], [ 88.567548, 22.305191 ], [ 88.568369, 22.308403 ], [ 88.568347, 22.3089 ], [ 88.568304, 22.309866 ], [ 88.567482, 22.310643 ], [ 88.565822, 22.31057 ], [ 88.564308, 22.311154 ], [ 88.563686, 22.3116 ], [ 88.563133, 22.311997 ], [ 88.561677, 22.312391 ], [ 88.560603, 22.312343 ], [ 88.55941, 22.31229 ], [ 88.559235, 22.312363 ], [ 88.558679, 22.312591 ], [ 88.55774, 22.313551 ], [ 88.556806, 22.314399 ], [ 88.556142, 22.314536 ], [ 88.55525, 22.314441 ], [ 88.554141, 22.313835 ], [ 88.552129, 22.310687 ], [ 88.550887, 22.307783 ], [ 88.550414, 22.303741 ], [ 88.549301, 22.301264 ], [ 88.548924, 22.300359 ], [ 88.54827, 22.298791 ], [ 88.546987, 22.296457 ], [ 88.545728, 22.295005 ], [ 88.544661, 22.293774 ], [ 88.543594, 22.291609 ], [ 88.54317, 22.289505 ], [ 88.54284, 22.287861 ], [ 88.542501, 22.287244 ], [ 88.541609, 22.285616 ], [ 88.540038, 22.284118 ], [ 88.538093, 22.279555 ], [ 88.53758, 22.278118 ], [ 88.536092, 22.273943 ], [ 88.534862, 22.270327 ], [ 88.534644, 22.269688 ], [ 88.534816, 22.2674 ], [ 88.535178, 22.265566 ], [ 88.534613, 22.265807 ], [ 88.534039, 22.265874 ], [ 88.532493, 22.266077 ], [ 88.531182, 22.266513 ], [ 88.530247, 22.267074 ], [ 88.529481, 22.267469 ], [ 88.528564, 22.267628 ], [ 88.5277, 22.26757 ], [ 88.526741, 22.267248 ], [ 88.525258, 22.267163 ], [ 88.524749, 22.267134 ], [ 88.523223, 22.267366 ], [ 88.522346, 22.267499 ], [ 88.520973, 22.267895 ], [ 88.520182, 22.267687 ], [ 88.519363, 22.267086 ], [ 88.518858, 22.266944 ], [ 88.517725, 22.267099 ], [ 88.516767, 22.267496 ], [ 88.5166, 22.267565 ], [ 88.515351, 22.268376 ], [ 88.513364, 22.270753 ], [ 88.512647, 22.271611 ], [ 88.511982, 22.272406 ], [ 88.51056, 22.273234 ], [ 88.508924, 22.273462 ], [ 88.507873, 22.273381 ], [ 88.504277, 22.272243 ], [ 88.502656, 22.272249 ], [ 88.500721, 22.272256 ], [ 88.496515, 22.273183 ], [ 88.494639, 22.273597 ], [ 88.494181, 22.273831 ], [ 88.49255, 22.274664 ], [ 88.491288, 22.27563 ], [ 88.488, 22.277702 ], [ 88.487928, 22.277708 ], [ 88.48765, 22.277728 ], [ 88.487307, 22.277754 ], [ 88.486874, 22.277467 ], [ 88.486737, 22.276882 ], [ 88.486721, 22.276614 ], [ 88.486692, 22.276115 ], [ 88.486212, 22.275404 ], [ 88.484496, 22.275011 ], [ 88.482895, 22.274905 ], [ 88.482062, 22.274633 ], [ 88.481436, 22.2737 ], [ 88.480669, 22.273404 ], [ 88.48041, 22.273436 ], [ 88.479967, 22.27349 ], [ 88.479368, 22.273777 ], [ 88.477762, 22.276442 ], [ 88.476882, 22.277166 ], [ 88.476485, 22.277348 ], [ 88.47558, 22.277763 ], [ 88.474424, 22.278294 ], [ 88.473954, 22.278509 ], [ 88.472362, 22.278865 ], [ 88.470008, 22.279022 ], [ 88.468687, 22.278813 ], [ 88.468145, 22.278728 ], [ 88.467396, 22.278188 ], [ 88.465298, 22.276063 ], [ 88.464307, 22.274391 ], [ 88.464264, 22.272949 ], [ 88.464479, 22.271755 ], [ 88.46408, 22.27049 ], [ 88.463359, 22.269409 ], [ 88.463111, 22.269037 ], [ 88.461783, 22.268787 ], [ 88.46082, 22.268953 ], [ 88.46012, 22.269705 ], [ 88.460009, 22.270148 ], [ 88.459997, 22.270198 ], [ 88.460115, 22.271722 ], [ 88.459788, 22.274301 ], [ 88.458692, 22.276505 ], [ 88.458646, 22.276546 ], [ 88.457446, 22.277611 ], [ 88.456365, 22.278035 ], [ 88.454849, 22.278103 ], [ 88.452779, 22.277903 ], [ 88.452752, 22.277897 ], [ 88.452671, 22.277878 ], [ 88.451802, 22.277675 ], [ 88.450257, 22.2778 ], [ 88.44764, 22.277838 ], [ 88.446415, 22.277795 ], [ 88.445708, 22.277838 ], [ 88.444753, 22.277737 ], [ 88.444121, 22.277475 ], [ 88.443593, 22.277059 ], [ 88.443367, 22.276735 ], [ 88.443057, 22.276313 ], [ 88.442377, 22.275507 ], [ 88.442242, 22.275347 ], [ 88.441414, 22.274888 ], [ 88.44037, 22.27451 ], [ 88.439703, 22.273945 ], [ 88.439502, 22.273545 ], [ 88.438945, 22.271966 ], [ 88.437386, 22.273352 ], [ 88.436134, 22.274252 ], [ 88.43473, 22.275367 ], [ 88.434388, 22.275584 ], [ 88.433931, 22.275695 ], [ 88.433663, 22.275662 ], [ 88.433128, 22.275666 ], [ 88.432822, 22.275669 ], [ 88.432555, 22.275672 ], [ 88.432326, 22.275745 ], [ 88.432175, 22.275889 ], [ 88.431986, 22.276104 ], [ 88.432027, 22.276423 ], [ 88.432234, 22.277278 ], [ 88.432843, 22.2782 ], [ 88.433111, 22.278722 ], [ 88.433118, 22.279492 ], [ 88.433165, 22.280872 ], [ 88.4332, 22.281916 ], [ 88.432892, 22.2826 ], [ 88.432424, 22.282823 ], [ 88.431954, 22.282876 ], [ 88.431404, 22.282784 ], [ 88.429961, 22.28214 ], [ 88.428456, 22.280476 ], [ 88.428439, 22.280464 ], [ 88.427904, 22.280116 ], [ 88.427351, 22.279683 ], [ 88.426906, 22.279614 ], [ 88.426645, 22.279641 ], [ 88.426464, 22.279837 ], [ 88.426468, 22.280202 ], [ 88.426527, 22.281674 ], [ 88.426568, 22.2827 ], [ 88.426438, 22.282995 ], [ 88.426159, 22.283352 ], [ 88.426013, 22.28377 ], [ 88.425955, 22.284635 ], [ 88.426081, 22.285745 ], [ 88.426507, 22.287415 ], [ 88.426778, 22.288221 ], [ 88.426834, 22.288612 ], [ 88.426923, 22.289064 ], [ 88.426886, 22.289148 ], [ 88.426822, 22.289197 ], [ 88.42659, 22.289175 ], [ 88.426307, 22.289058 ], [ 88.426062, 22.288941 ], [ 88.425921, 22.28893 ], [ 88.425536, 22.288993 ], [ 88.425371, 22.289174 ], [ 88.425105, 22.289571 ], [ 88.424932, 22.291167 ], [ 88.42497, 22.291573 ], [ 88.425044, 22.291995 ], [ 88.424994, 22.292304 ], [ 88.42477, 22.29255 ], [ 88.424457, 22.292699 ], [ 88.423873, 22.292764 ], [ 88.423856, 22.292756 ], [ 88.423322, 22.292807 ], [ 88.422832, 22.292714 ], [ 88.421871, 22.292311 ], [ 88.421529, 22.292223 ], [ 88.42114, 22.292242 ], [ 88.42067, 22.292306 ], [ 88.420199, 22.292616 ], [ 88.419834, 22.293045 ], [ 88.41968, 22.293226 ], [ 88.419104, 22.294441 ], [ 88.418731, 22.295313 ], [ 88.418346, 22.2958 ], [ 88.41798, 22.295944 ], [ 88.417591, 22.295947 ], [ 88.417115, 22.295952 ], [ 88.416618, 22.295916 ], [ 88.416273, 22.29606 ], [ 88.416016, 22.296324 ], [ 88.415846, 22.296667 ], [ 88.415698, 22.29697 ], [ 88.415591, 22.297172 ], [ 88.415702, 22.297433 ], [ 88.415875, 22.297471 ], [ 88.415983, 22.29747 ], [ 88.416135, 22.29755 ], [ 88.416181, 22.297811 ], [ 88.416118, 22.298073 ], [ 88.415968, 22.298215 ], [ 88.415537, 22.298299 ], [ 88.41491, 22.298305 ], [ 88.414413, 22.298289 ], [ 88.413532, 22.298437 ], [ 88.413221, 22.298586 ], [ 88.41298, 22.298846 ], [ 88.412966, 22.299201 ], [ 88.413072, 22.299426 ], [ 88.413316, 22.299569 ], [ 88.413629, 22.299663 ], [ 88.413804, 22.299759 ], [ 88.413909, 22.299854 ], [ 88.413963, 22.300128 ], [ 88.413948, 22.300354 ], [ 88.413812, 22.30063 ], [ 88.413675, 22.300889 ], [ 88.413642, 22.301387 ], [ 88.413639, 22.301435 ], [ 88.414063, 22.303026 ], [ 88.414125, 22.303353 ], [ 88.413981, 22.303668 ], [ 88.413792, 22.303833 ], [ 88.413354, 22.303987 ], [ 88.413208, 22.30407 ], [ 88.413078, 22.304303 ], [ 88.413096, 22.304685 ], [ 88.413026, 22.305289 ], [ 88.412715, 22.305772 ], [ 88.412018, 22.306483 ], [ 88.411698, 22.30692 ], [ 88.411661, 22.307005 ], [ 88.411545, 22.307271 ], [ 88.411509, 22.307621 ], [ 88.411632, 22.30808 ], [ 88.412289, 22.308731 ], [ 88.412408, 22.309158 ], [ 88.412592, 22.309539 ], [ 88.412874, 22.30972 ], [ 88.413268, 22.30964 ], [ 88.41384, 22.309314 ], [ 88.414235, 22.309295 ], [ 88.414383, 22.309324 ], [ 88.414663, 22.309398 ], [ 88.415272, 22.309827 ], [ 88.415647, 22.310447 ], [ 88.415628, 22.310919 ], [ 88.41547, 22.311286 ], [ 88.41531, 22.311545 ], [ 88.415059, 22.311848 ], [ 88.414877, 22.31215 ], [ 88.41472, 22.312646 ], [ 88.414875, 22.313627 ], [ 88.414971, 22.313782 ], [ 88.415255, 22.314242 ], [ 88.4154, 22.314669 ], [ 88.415425, 22.314743 ], [ 88.415396, 22.31506 ], [ 88.415387, 22.315149 ], [ 88.415205, 22.315614 ], [ 88.415085, 22.316117 ], [ 88.415026, 22.316523 ], [ 88.414906, 22.317007 ], [ 88.414738, 22.317507 ], [ 88.41444, 22.317737 ], [ 88.414121, 22.317774 ], [ 88.413633, 22.317779 ], [ 88.413071, 22.317889 ], [ 88.412735, 22.317997 ], [ 88.411424, 22.31834 ], [ 88.410975, 22.318431 ], [ 88.410675, 22.318539 ], [ 88.409983, 22.318702 ], [ 88.409551, 22.318724 ], [ 88.409232, 22.318674 ], [ 88.409043, 22.318519 ], [ 88.409004, 22.318344 ], [ 88.409001, 22.317995 ], [ 88.409017, 22.317681 ], [ 88.409108, 22.317383 ], [ 88.409143, 22.317121 ], [ 88.409067, 22.316965 ], [ 88.408764, 22.316741 ], [ 88.407932, 22.31692 ], [ 88.407689, 22.316899 ], [ 88.406984, 22.316725 ], [ 88.406081, 22.316169 ], [ 88.405634, 22.316174 ], [ 88.405605, 22.316174 ], [ 88.4051, 22.316317 ], [ 88.404729, 22.31659 ], [ 88.404568, 22.316709 ], [ 88.404095, 22.317157 ], [ 88.403622, 22.317521 ], [ 88.403068, 22.318166 ], [ 88.401818, 22.318503 ], [ 88.40106, 22.318564 ], [ 88.400275, 22.318761 ], [ 88.399927, 22.318927 ], [ 88.399348, 22.319366 ], [ 88.398798, 22.319777 ], [ 88.398201, 22.320724 ], [ 88.397871, 22.321306 ], [ 88.397634, 22.321598 ], [ 88.397088, 22.322137 ], [ 88.396874, 22.32234 ], [ 88.396661, 22.322564 ], [ 88.395946, 22.32295 ], [ 88.394668, 22.32396 ], [ 88.394032, 22.324523 ], [ 88.393598, 22.324907 ], [ 88.393179, 22.325216 ], [ 88.393016, 22.325262 ], [ 88.392781, 22.325329 ], [ 88.391893, 22.325417 ], [ 88.391821, 22.325425 ], [ 88.390906, 22.325367 ], [ 88.38947, 22.325343 ], [ 88.38893, 22.325334 ], [ 88.388465, 22.325199 ], [ 88.387398, 22.324042 ], [ 88.3874, 22.324115 ], [ 88.387425, 22.325032 ], [ 88.387505, 22.327931 ], [ 88.387551, 22.329599 ], [ 88.387847, 22.33142 ], [ 88.387921, 22.331492 ], [ 88.389446, 22.332975 ], [ 88.389539, 22.333188 ], [ 88.38997, 22.33418 ], [ 88.38944, 22.335718 ], [ 88.388012, 22.338486 ], [ 88.387885, 22.338733 ], [ 88.386351, 22.339537 ], [ 88.385852, 22.339586 ], [ 88.384227, 22.339748 ], [ 88.382605, 22.340326 ], [ 88.381867, 22.341225 ], [ 88.381261, 22.341963 ], [ 88.380941, 22.342353 ], [ 88.380876, 22.343398 ], [ 88.380827, 22.344184 ], [ 88.381173, 22.34486 ], [ 88.38183, 22.344918 ], [ 88.382804, 22.344587 ], [ 88.384063, 22.345695 ], [ 88.385796, 22.34618 ], [ 88.386043, 22.346354 ], [ 88.386632, 22.346767 ], [ 88.386418, 22.347915 ], [ 88.385744, 22.348332 ], [ 88.384473, 22.349184 ], [ 88.383642, 22.349207 ], [ 88.381895, 22.349556 ], [ 88.381805, 22.349575 ], [ 88.380425, 22.349855 ], [ 88.379605, 22.350307 ], [ 88.379027, 22.35114 ], [ 88.378135, 22.352326 ], [ 88.377908, 22.353189 ], [ 88.377884, 22.353278 ], [ 88.378189, 22.354302 ], [ 88.378522, 22.354636 ], [ 88.378984, 22.354624 ], [ 88.379581, 22.354478 ], [ 88.380268, 22.354244 ], [ 88.380787, 22.354617 ], [ 88.381099, 22.355898 ], [ 88.380763, 22.357111 ], [ 88.380494, 22.35742 ], [ 88.379121, 22.35793 ], [ 88.378703, 22.358307 ], [ 88.37858, 22.358418 ], [ 88.37844, 22.360056 ], [ 88.378331, 22.361133 ], [ 88.377883, 22.362134 ], [ 88.37808, 22.363388 ], [ 88.378378, 22.364388 ], [ 88.379041, 22.364823 ], [ 88.379809, 22.365155 ], [ 88.379975, 22.365302 ], [ 88.380526, 22.365639 ], [ 88.380395, 22.365856 ], [ 88.380371, 22.365896 ], [ 88.379561, 22.366019 ], [ 88.380527, 22.367773 ], [ 88.381065, 22.368751 ], [ 88.381382, 22.370278 ], [ 88.381564, 22.37066 ], [ 88.3818, 22.371157 ], [ 88.382187, 22.371338 ], [ 88.382461, 22.371317 ], [ 88.382663, 22.370723 ], [ 88.383143, 22.369313 ], [ 88.383356, 22.368884 ], [ 88.3839, 22.368585 ], [ 88.384431, 22.368577 ], [ 88.388258, 22.369672 ], [ 88.388708, 22.370216 ], [ 88.389155, 22.370656 ], [ 88.389701, 22.370784 ], [ 88.39037, 22.370695 ], [ 88.390782, 22.370279 ], [ 88.390884, 22.367492 ], [ 88.39115, 22.367137 ], [ 88.393215, 22.366616 ], [ 88.394097, 22.366757 ], [ 88.394501, 22.367101 ], [ 88.39565, 22.370745 ], [ 88.39597, 22.371148 ], [ 88.397426, 22.371957 ], [ 88.398827, 22.372019 ], [ 88.399982, 22.371649 ], [ 88.401339, 22.371214 ], [ 88.40216, 22.371229 ], [ 88.40244, 22.371564 ], [ 88.401573, 22.372511 ], [ 88.401403, 22.373306 ], [ 88.401718, 22.373952 ], [ 88.402117, 22.374172 ], [ 88.402452, 22.374166 ], [ 88.402779, 22.373708 ], [ 88.403108, 22.373335 ], [ 88.403808, 22.373352 ], [ 88.405105, 22.374547 ], [ 88.405177, 22.37455 ], [ 88.405623, 22.374567 ], [ 88.406298, 22.373056 ], [ 88.406842, 22.372821 ], [ 88.4073, 22.372926 ], [ 88.407535, 22.374309 ], [ 88.407201, 22.37621 ], [ 88.40734, 22.377255 ], [ 88.407623, 22.377816 ], [ 88.408423, 22.37834 ], [ 88.408984, 22.379152 ], [ 88.409591, 22.37988 ], [ 88.409595, 22.379925 ], [ 88.409627, 22.380315 ], [ 88.409717, 22.381428 ], [ 88.410061, 22.382073 ], [ 88.412685, 22.383579 ], [ 88.413072, 22.383944 ], [ 88.414588, 22.385372 ], [ 88.414818, 22.38559 ], [ 88.414961, 22.386176 ], [ 88.414957, 22.386603 ], [ 88.414949, 22.387478 ], [ 88.415022, 22.387834 ], [ 88.415095, 22.388189 ], [ 88.415185, 22.389613 ], [ 88.414944, 22.392168 ], [ 88.414758, 22.394144 ], [ 88.415036, 22.39497 ], [ 88.415538, 22.395331 ], [ 88.416168, 22.395382 ], [ 88.416657, 22.394974 ], [ 88.417282, 22.392781 ], [ 88.417835, 22.392218 ], [ 88.417962, 22.392222 ], [ 88.419721, 22.392279 ], [ 88.421573, 22.392279 ], [ 88.422099, 22.392616 ], [ 88.422401, 22.39275 ], [ 88.422805, 22.392757 ], [ 88.427166, 22.391167 ], [ 88.427602, 22.391258 ], [ 88.428145, 22.391499 ], [ 88.42833, 22.392763 ], [ 88.428165, 22.393601 ], [ 88.426696, 22.39531 ], [ 88.426596, 22.395618 ], [ 88.426693, 22.396048 ], [ 88.42679, 22.396478 ], [ 88.427504, 22.397937 ], [ 88.42771, 22.398496 ], [ 88.427509, 22.399214 ], [ 88.426028, 22.400576 ], [ 88.425934, 22.400851 ], [ 88.425972, 22.401154 ], [ 88.426981, 22.401882 ], [ 88.427886, 22.402431 ], [ 88.428578, 22.402479 ], [ 88.432416, 22.402135 ], [ 88.432829, 22.402308 ], [ 88.434035, 22.404738 ], [ 88.43445, 22.404972 ], [ 88.437131, 22.403923 ], [ 88.437866, 22.403951 ], [ 88.439025, 22.404855 ], [ 88.439319, 22.405653 ], [ 88.439274, 22.406839 ], [ 88.438958, 22.408617 ], [ 88.439087, 22.409252 ], [ 88.439407, 22.411422 ], [ 88.439391, 22.411767 ], [ 88.43932, 22.413292 ], [ 88.439445, 22.413707 ], [ 88.439928, 22.414358 ], [ 88.44015, 22.414926 ], [ 88.440129, 22.415216 ], [ 88.440096, 22.415647 ], [ 88.440408, 22.416094 ], [ 88.441737, 22.416769 ], [ 88.442603, 22.417659 ], [ 88.443269, 22.419327 ], [ 88.443471, 22.419831 ], [ 88.443316, 22.420268 ], [ 88.44314, 22.420666 ], [ 88.443147, 22.421062 ], [ 88.443641, 22.421506 ], [ 88.444553, 22.421491 ], [ 88.445577, 22.420871 ], [ 88.445964, 22.421034 ], [ 88.446425, 22.421912 ], [ 88.447265, 22.422445 ], [ 88.447755, 22.422466 ], [ 88.447894, 22.422472 ], [ 88.45065, 22.421125 ], [ 88.451082, 22.421014 ], [ 88.452752, 22.420769 ], [ 88.453893, 22.420297 ], [ 88.454418, 22.420289 ], [ 88.45547, 22.420289 ], [ 88.456656, 22.420179 ], [ 88.457403, 22.41962 ], [ 88.457652, 22.419433 ], [ 88.459155, 22.418309 ], [ 88.460067, 22.418076 ], [ 88.460574, 22.418122 ], [ 88.460675, 22.418338 ], [ 88.460665, 22.418917 ], [ 88.461025, 22.419526 ], [ 88.461437, 22.419664 ], [ 88.462189, 22.419271 ], [ 88.463595, 22.418361 ], [ 88.464178, 22.418279 ], [ 88.465488, 22.418619 ], [ 88.465779, 22.418788 ], [ 88.466721, 22.419338 ], [ 88.46858, 22.422251 ], [ 88.468774, 22.423694 ], [ 88.469265, 22.424317 ], [ 88.469576, 22.424285 ], [ 88.469967, 22.423989 ], [ 88.469929, 22.423564 ], [ 88.469688, 22.420866 ], [ 88.469898, 22.419916 ], [ 88.470419, 22.418934 ], [ 88.472463, 22.417717 ], [ 88.472987, 22.417299 ], [ 88.473038, 22.4169 ], [ 88.473077, 22.416591 ], [ 88.472901, 22.415869 ], [ 88.471509, 22.414919 ], [ 88.471282, 22.413624 ], [ 88.471377, 22.413174 ], [ 88.471472, 22.412724 ], [ 88.471941, 22.412506 ], [ 88.472249, 22.412539 ], [ 88.473067, 22.413537 ], [ 88.473584, 22.413757 ], [ 88.474197, 22.413575 ], [ 88.476018, 22.41194 ], [ 88.476344, 22.41182 ], [ 88.477518, 22.41203 ], [ 88.479858, 22.413136 ], [ 88.480309, 22.41309 ], [ 88.480606, 22.412786 ], [ 88.480632, 22.41276 ], [ 88.480803, 22.411955 ], [ 88.481158, 22.411488 ], [ 88.481246, 22.411427 ], [ 88.483681, 22.409735 ], [ 88.485623, 22.409091 ], [ 88.486159, 22.408576 ], [ 88.486778, 22.408089 ], [ 88.486863, 22.408023 ], [ 88.487796, 22.407693 ], [ 88.490376, 22.407108 ], [ 88.490931, 22.406645 ], [ 88.491364, 22.406673 ], [ 88.492253, 22.408176 ], [ 88.492553, 22.408188 ], [ 88.493306, 22.407198 ], [ 88.493988, 22.406781 ], [ 88.4955, 22.406253 ], [ 88.496849, 22.406207 ], [ 88.497213, 22.405973 ], [ 88.497343, 22.404921 ], [ 88.497658, 22.404711 ], [ 88.498176, 22.404862 ], [ 88.49932, 22.405732 ], [ 88.499959, 22.405789 ], [ 88.500191, 22.405669 ], [ 88.500323, 22.405601 ], [ 88.500604, 22.404775 ], [ 88.500619, 22.40425 ], [ 88.499966, 22.403371 ], [ 88.499958, 22.402892 ], [ 88.500243, 22.402317 ], [ 88.501184, 22.401388 ], [ 88.5024, 22.400615 ], [ 88.502608, 22.400264 ], [ 88.502624, 22.399667 ], [ 88.502243, 22.39771 ], [ 88.502343, 22.397261 ], [ 88.50368, 22.395772 ], [ 88.504146, 22.394845 ], [ 88.504674, 22.394463 ], [ 88.506804, 22.394004 ], [ 88.507583, 22.394239 ], [ 88.508752, 22.395338 ], [ 88.510151, 22.399042 ], [ 88.510345, 22.401002 ], [ 88.510702, 22.401567 ], [ 88.511136, 22.401908 ], [ 88.511692, 22.40181 ], [ 88.512699, 22.401634 ], [ 88.515169, 22.400543 ], [ 88.515982, 22.400483 ], [ 88.517862, 22.400774 ], [ 88.518423, 22.400736 ], [ 88.522155, 22.399909 ], [ 88.522606, 22.399035 ], [ 88.522683, 22.398138 ], [ 88.522513, 22.397245 ] ] ] } },
{ "type": "Feature", "properties": { "census2011_code": "02423", "block_name": "Magrahat-II", "geoboundaries_shape_id": "7132399B90655940365557", "area_km2": 137.4, "land_area_km2": 137.4, "water_area_km2": 0.0 }, "geometry": { "type": "Polygon", "coordinates": [ [ [ 88.38947, 22.325343 ], [ 88.390906, 22.325367 ], [ 88.391821, 22.325425 ], [ 88.391893, 22.325417 ], [ 88.392781, 22.325329 ], [ 88.393016, 22.325262 ], [ 88.393179, 22.325216 ], [ 88.393598, 22.324907 ], [ 88.394032, 22.324523 ], [ 88.394668, 22.32396 ], [ 88.395946, 22.32295 ], [ 88.396661, 22.322564 ], [ 88.396874, 22.32234 ], [ 88.397088, 22.322137 ], [ 88.397634, 22.321598 ], [ 88.397871, 22.321306 ], [ 88.398201, 22.320724 ], [ 88.398798, 22.319777 ], [ 88.399348, 22.319366 ], [ 88.399927, 22.318927 ], [ 88.400275, 22.318761 ], [ 88.40106, 22.318564 ], [ 88.401818, 22.318503 ], [ 88.403068, 22.318166 ], [ 88.403622, 22.317521 ], [ 88.404095, 22.317157 ], [ 88.404568, 22.316709 ], [ 88.404729, 22.31659 ], [ 88.4051, 22.316317 ], [ 88.405605, 22.316174 ], [ 88.405634, 22.316174 ], [ 88.406081, 22.316169 ], [ 88.406984, 22.316725 ], [ 88.407689, 22.316899 ], [ 88.407932, 22.31692 ], [ 88.408764, 22.316741 ], [ 88.409067, 22.316965 ], [ 88.409143, 22.317121 ], [ 88.409108, 22.317383 ], [ 88.409017, 22.317681 ], [ 88.409001, 22.317995 ], [ 88.409004, 22.318344 ], [ 88.409043, 22.318519 ], [ 88.409232, 22.318674 ], [ 88.409551, 22.318724 ], [ 88.409983, 22.318702 ], [ 88.410675, 22.318539 ], [ 88.410975, 22.318431 ], [ 88.411424, 22.31834 ], [ 88.412735, 22.317997 ], [ 88.413071, 22.317889 ], [ 88.413633, 22.317779 ], [ 88.414121, 22.317774 ], [ 88.41444, 22.317737 ], [ 88.414738, 22.317507 ], [ 88.414906, 22.317007 ], [ 88.415026, 22.316523 ], [ 88.415085, 22.316117 ], [ 88.415205, 22.315614 ], [ 88.415387, 22.315149 ], [ 88.415396, 22.31506 ], [ 88.415425, 22.314743 ], [ 88.4154, 22.314669 ], [ 88.415255, 22.314242 ], [ 88.414971, 22.313782 ], [ 88.414875, 22.313627 ], [ 88.41472, 22.312646 ], [ 88.414877, 22.31215 ], [ 88.415059, 22.311848 ], [ 88.41531, 22.311545 ], [ 88.41547, 22.311286 ], [ 88.415628, 22.310919 ], [ 88.415647, 22.310447 ], [ 88.415272, 22.309827 ], [ 88.414663, 22.309398 ], [ 88.414383, 22.309324 ], [ 88.414235, 22.309295 ], [ 88.41384, 22.309314 ], [ 88.413268, 22.30964 ], [ 88.412874, 22.30972 ], [ 88.412592, 22.309539 ], [ 88.412408, 22.309158 ], [ 88.412289, 22.308731 ], [ 88.411632, 22.30808 ], [ 88.411509, 22.307621 ], [ 88.411545, 22.307271 ], [ 88.411661, 22.307005 ], [ 88.411698, 22.30692 ], [ 88.412018, 22.306483 ], [ 88.412715, 22.305772 ], [ 88.413026, 22.305289 ], [ 88.413096, 22.304685 ], [ 88.413078, 22.304303 ], [ 88.413208, 22.30407 ], [ 88.413354, 22.303987 ], [ 88.413792, 22.303833 ], [ 88.413981, 22.303668 ], [ 88.414125, 22.303353 ], [ 88.414063, 22.303026 ], [ 88.413639, 22.301435 ], [ 88.413642, 22.301387 ], [ 88.413675, 22.300889 ], [ 88.413812, 22.30063 ], [ 88.413948, 22.300354 ], [ 88.413963, 22.300128 ], [ 88.413909, 22.299854 ], [ 88.413804, 22.299759 ], [ 88.413629, 22.299663 ], [ 88.413316, 22.299569 ], [ 88.413072, 22.299426 ], [ 88.412966, 22.299201 ], [ 88.41298, 22.298846 ], [ 88.413221, 22.298586 ], [ 88.413532, 22.298437 ], [ 88.414413, 22.298289 ], [ 88.41491, 22.298305 ], [ 88.415537, 22.298299 ], [ 88.415968, 22.298215 ], [ 88.416118, 22.298073 ], [ 88.416181, 22.297811 ], [ 88.416135, 22.29755 ], [ 88.415983, 22.29747 ], [ 88.415875, 22.297471 ], [ 88.415702, 22.297433 ], [ 88.415591, 22.297172 ], [ 88.415698, 22.29697 ], [ 88.415846, 22.296667 ], [ 88.416016, 22.296324 ], [ 88.416273, 22.29606 ], [ 88.416618, 22.295916 ], [ 88.417115, 22.295952 ], [ 88.417591, 22.295947 ], [ 88.41798, 22.295944 ], [ 88.418346, 22.2958 ], [ 88.418731, 22.295313 ], [ 88.419104, 22.294441 ], [ 88.41968, 22.293226 ], [ 88.419834, 22.293045 ], [ 88.420199, 22.292616 ], [ 88.42067, 22.292306 ], [ 88.42114, 22.292242 ], [ 88.421529, 22.292223 ], [ 88.421871, 22.292311 ], [ 88.422832, 22.292714 ], [ 88.423322, 22.292807 ], [ 88.423856, 22.292756 ], [ 88.423873, 22.292764 ], [ 88.424457, 22.292699 ], [ 88.42477, 22.29255 ], [ 88.424994, 22.292304 ], [ 88.425044, 22.291995 ], [ 88.42497, 22.291573 ], [ 88.424932, 22.291167 ], [ 88.425105, 22.289571 ], [ 88.425371, 22.289174 ], [ 88.425536, 22.288993 ], [ 88.425921, 22.28893 ], [ 88.426062, 22.288941 ], [ 88.426307, 22.289058 ], [ 88.42659, 22.289175 ], [ 88.426822, 22.289197 ], [ 88.426886, 22.289148 ], [ 88.426923, 22.289064 ], [ 88.426834, 22.288612 ], [ 88.426778, 22.288221 ], [ 88.426507, 22.287415 ], [ 88.426081, 22.285745 ], [ 88.425955, 22.284635 ], [ 88.426013, 22.28377 ], [ 88.426159, 22.283352 ], [ 88.426438, 22.282995 ], [ 88.426568, 22.2827 ], [ 88.426527, 22.281674 ], [ 88.426468, 22.280202 ], [ 88.426464, 22.279837 ], [ 88.426645, 22.279641 ], [ 88.426906, 22.279614 ], [ 88.427351, 22.279683 ], [ 88.427904, 22.280116 ], [ 88.428439, 22.280464 ], [ 88.428456, 22.280476 ], [ 88.429961, 22.28214 ], [ 88.431404, 22.282784 ], [ 88.431954, 22.282876 ], [ 88.432424, 22.282823 ], [ 88.432892, 22.2826 ], [ 88.4332, 22.281916 ], [ 88.433165, 22.280872 ], [ 88.433118, 22.279492 ], [ 88.433111, 22.278722 ], [ 88.432843, 22.2782 ], [ 88.432234, 22.277278 ], [ 88.432027, 22.276423 ], [ 88.431986, 22.276104 ], [ 88.432175, 22.275889 ], [ 88.432326, 22.275745 ], [ 88.432555, 22.275672 ], [ 88.432822, 22.275669 ], [ 88.433128, 22.275666 ], [ 88.433663, 22.275662 ], [ 88.433931, 22.275695 ], [ 88.434388, 22.275584 ], [ 88.43473, 22.275367 ], [ 88.436134, 22.274252 ], [ 88.437386, 22.273352 ], [ 88.438945, 22.271966 ], [ 88.43883, 22.27164 ], [ 88.438782, 22.270751 ], [ 88.438764, 22.270404 ], [ 88.438964, 22.26884 ], [ 88.438907, 22.26863 ], [ 88.438869, 22.268489 ], [ 88.438538, 22.268369 ], [ 88.438108, 22.268429 ], [ 88.437677, 22.268915 ], [ 88.437395, 22.268897 ], [ 88.437247, 22.268818 ], [ 88.437231, 22.268596 ], [ 88.439105, 22.264854 ], [ 88.439494, 22.264388 ], [ 88.440198, 22.263629 ], [ 88.440325, 22.263161 ], [ 88.439609, 22.26246 ], [ 88.439508, 22.26236 ], [ 88.437856, 22.261307 ], [ 88.437603, 22.25995 ], [ 88.437813, 22.259337 ], [ 88.437878, 22.25926 ], [ 88.438851, 22.258091 ], [ 88.438986, 22.256729 ], [ 88.438948, 22.255793 ], [ 88.439212, 22.255322 ], [ 88.441353, 22.254244 ], [ 88.441939, 22.253543 ], [ 88.44208, 22.252878 ], [ 88.441801, 22.252274 ], [ 88.440971, 22.251732 ], [ 88.440379, 22.251234 ], [ 88.440286, 22.250673 ], [ 88.440514, 22.250324 ], [ 88.440484, 22.249783 ], [ 88.440103, 22.248976 ], [ 88.439686, 22.246998 ], [ 88.439095, 22.246491 ], [ 88.438174, 22.246123 ], [ 88.437451, 22.245906 ], [ 88.43685, 22.24549 ], [ 88.436701, 22.244631 ], [ 88.436974, 22.24376 ], [ 88.437592, 22.243234 ], [ 88.438297, 22.242784 ], [ 88.438654, 22.241911 ], [ 88.438482, 22.24019 ], [ 88.437506, 22.238332 ], [ 88.437221, 22.238148 ], [ 88.436863, 22.237917 ], [ 88.43581, 22.237944 ], [ 88.434875, 22.237655 ], [ 88.434394, 22.237001 ], [ 88.434453, 22.236018 ], [ 88.433934, 22.235522 ], [ 88.43279, 22.235106 ], [ 88.432174, 22.233553 ], [ 88.432306, 22.232324 ], [ 88.432905, 22.23162 ], [ 88.433645, 22.2316 ], [ 88.434183, 22.231739 ], [ 88.434936, 22.232217 ], [ 88.436088, 22.232264 ], [ 88.436534, 22.231984 ], [ 88.436563, 22.231524 ], [ 88.435646, 22.231088 ], [ 88.434934, 22.230571 ], [ 88.434579, 22.228821 ], [ 88.4342, 22.227612 ], [ 88.433708, 22.227202 ], [ 88.432771, 22.227152 ], [ 88.431821, 22.227452 ], [ 88.431276, 22.228017 ], [ 88.430195, 22.228305 ], [ 88.429441, 22.228007 ], [ 88.428651, 22.227535 ], [ 88.427747, 22.227414 ], [ 88.425448, 22.227503 ], [ 88.42473, 22.227377 ], [ 88.424185, 22.227002 ], [ 88.424001, 22.226875 ], [ 88.423798, 22.226215 ], [ 88.423245, 22.225303 ], [ 88.421752, 22.224069 ], [ 88.421521, 22.223554 ], [ 88.421514, 22.223006 ], [ 88.421557, 22.222708 ], [ 88.421644, 22.222111 ], [ 88.421968, 22.21988 ], [ 88.421799, 22.218514 ], [ 88.421058, 22.217496 ], [ 88.420088, 22.216877 ], [ 88.418025, 22.215562 ], [ 88.417929, 22.215501 ], [ 88.417367, 22.214478 ], [ 88.417289, 22.213193 ], [ 88.418614, 22.210805 ], [ 88.41844, 22.209995 ], [ 88.41755, 22.209381 ], [ 88.416094, 22.208994 ], [ 88.415586, 22.208476 ], [ 88.415502, 22.206707 ], [ 88.415154, 22.205455 ], [ 88.414789, 22.204141 ], [ 88.414892, 22.20256 ], [ 88.414802, 22.201342 ], [ 88.414663, 22.19948 ], [ 88.414632, 22.198285 ], [ 88.414277, 22.197266 ], [ 88.413892, 22.196247 ], [ 88.414285, 22.195291 ], [ 88.416148, 22.193955 ], [ 88.417018, 22.193102 ], [ 88.417201, 22.192521 ], [ 88.416859, 22.191746 ], [ 88.416174, 22.191141 ], [ 88.415499, 22.190882 ], [ 88.414839, 22.190899 ], [ 88.413371, 22.190937 ], [ 88.41243, 22.190962 ], [ 88.412051, 22.190649 ], [ 88.412117, 22.190348 ], [ 88.412384, 22.19011 ], [ 88.412647, 22.18978 ], [ 88.412564, 22.189437 ], [ 88.410915, 22.18756 ], [ 88.410343, 22.186708 ], [ 88.408548, 22.184036 ], [ 88.408216, 22.184374 ], [ 88.407256, 22.185406 ], [ 88.406976, 22.18621 ], [ 88.406374, 22.187902 ], [ 88.405952, 22.188531 ], [ 88.405163, 22.189078 ], [ 88.404277, 22.189301 ], [ 88.403118, 22.189333 ], [ 88.402724, 22.189359 ], [ 88.402634, 22.189362 ], [ 88.402005, 22.189387 ], [ 88.401449, 22.189478 ], [ 88.400545, 22.189594 ], [ 88.400034, 22.189512 ], [ 88.399356, 22.189 ], [ 88.39882, 22.188365 ], [ 88.397802, 22.188001 ], [ 88.39637, 22.18785 ], [ 88.396326, 22.187845 ], [ 88.394668, 22.187754 ], [ 88.394052, 22.18756 ], [ 88.3938, 22.187231 ], [ 88.393465, 22.186485 ], [ 88.392989, 22.186421 ], [ 88.392771, 22.18656 ], [ 88.392301, 22.187142 ], [ 88.391758, 22.187726 ], [ 88.390733, 22.188437 ], [ 88.389982, 22.188829 ], [ 88.389669, 22.189103 ], [ 88.389477, 22.189444 ], [ 88.389457, 22.189491 ], [ 88.389358, 22.189717 ], [ 88.38897, 22.189811 ], [ 88.388727, 22.189813 ], [ 88.388434, 22.189703 ], [ 88.388384, 22.189477 ], [ 88.388204, 22.188809 ], [ 88.388143, 22.188384 ], [ 88.387997, 22.188013 ], [ 88.38791, 22.187854 ], [ 88.387422, 22.187672 ], [ 88.387021, 22.187542 ], [ 88.386507, 22.18752 ], [ 88.385699, 22.187759 ], [ 88.385395, 22.187849 ], [ 88.384885, 22.188413 ], [ 88.384708, 22.189003 ], [ 88.384663, 22.189504 ], [ 88.384588, 22.190356 ], [ 88.384328, 22.190932 ], [ 88.384068, 22.191303 ], [ 88.383673, 22.191471 ], [ 88.383278, 22.191597 ], [ 88.382708, 22.191807 ], [ 88.382402, 22.192056 ], [ 88.381964, 22.192306 ], [ 88.381086, 22.192641 ], [ 88.380471, 22.192688 ], [ 88.379942, 22.19261 ], [ 88.379456, 22.192451 ], [ 88.379322, 22.192247 ], [ 88.37892, 22.191513 ], [ 88.378522, 22.191353 ], [ 88.37817, 22.191356 ], [ 88.377772, 22.191113 ], [ 88.377638, 22.19091 ], [ 88.377546, 22.19046 ], [ 88.377496, 22.188558 ], [ 88.377663, 22.187221 ], [ 88.377671, 22.187155 ], [ 88.378106, 22.186654 ], [ 88.378385, 22.186243 ], [ 88.37835, 22.185893 ], [ 88.378097, 22.185632 ], [ 88.377689, 22.185548 ], [ 88.37725, 22.185523 ], [ 88.376815, 22.186052 ], [ 88.376662, 22.186521 ], [ 88.376349, 22.186553 ], [ 88.375789, 22.186312 ], [ 88.375751, 22.186295 ], [ 88.374831, 22.185498 ], [ 88.373804, 22.184445 ], [ 88.373347, 22.18331 ], [ 88.37286, 22.182394 ], [ 88.372586, 22.182253 ], [ 88.372379, 22.182147 ], [ 88.371398, 22.181925 ], [ 88.370657, 22.182047 ], [ 88.369947, 22.182197 ], [ 88.369826, 22.182306 ], [ 88.369426, 22.182663 ], [ 88.368904, 22.183584 ], [ 88.368624, 22.185564 ], [ 88.368442, 22.187244 ], [ 88.368558, 22.187867 ], [ 88.368562, 22.188325 ], [ 88.368562, 22.188392 ], [ 88.368656, 22.189579 ], [ 88.368663, 22.190299 ], [ 88.368813, 22.190823 ], [ 88.369458, 22.191686 ], [ 88.370407, 22.192335 ], [ 88.370529, 22.19273 ], [ 88.370508, 22.193083 ], [ 88.370344, 22.193261 ], [ 88.370158, 22.193615 ], [ 88.37016, 22.193902 ], [ 88.370116, 22.194277 ], [ 88.369613, 22.195275 ], [ 88.369284, 22.196033 ], [ 88.36929, 22.196736 ], [ 88.369503, 22.197966 ], [ 88.369283, 22.199693 ], [ 88.369385, 22.201323 ], [ 88.369531, 22.202402 ], [ 88.369911, 22.20422 ], [ 88.370186, 22.205972 ], [ 88.370746, 22.20771 ], [ 88.370783, 22.208255 ], [ 88.370755, 22.208266 ], [ 88.370297, 22.208441 ], [ 88.369579, 22.208296 ], [ 88.368341, 22.208246 ], [ 88.367723, 22.208221 ], [ 88.367485, 22.208306 ], [ 88.366944, 22.208501 ], [ 88.365744, 22.209764 ], [ 88.365476, 22.21025 ], [ 88.365404, 22.210573 ], [ 88.365604, 22.210825 ], [ 88.365901, 22.210845 ], [ 88.366396, 22.210864 ], [ 88.366595, 22.210977 ], [ 88.366597, 22.211139 ], [ 88.366326, 22.211279 ], [ 88.366227, 22.21128 ], [ 88.366129, 22.211396 ], [ 88.365983, 22.211674 ], [ 88.366009, 22.211858 ], [ 88.366333, 22.212155 ], [ 88.366536, 22.21266 ], [ 88.366425, 22.213197 ], [ 88.366034, 22.213482 ], [ 88.36552, 22.213572 ], [ 88.365217, 22.213574 ], [ 88.364823, 22.213493 ], [ 88.364064, 22.213359 ], [ 88.36349, 22.213448 ], [ 88.363097, 22.213536 ], [ 88.362825, 22.213708 ], [ 88.362737, 22.214019 ], [ 88.362742, 22.214526 ], [ 88.362942, 22.215897 ], [ 88.36325, 22.216816 ], [ 88.363182, 22.217222 ], [ 88.362885, 22.217574 ], [ 88.362157, 22.217877 ], [ 88.36184, 22.218124 ], [ 88.361823, 22.218334 ], [ 88.361881, 22.21849 ], [ 88.362106, 22.218576 ], [ 88.362313, 22.218644 ], [ 88.362897, 22.218953 ], [ 88.363396, 22.219974 ], [ 88.363968, 22.22145 ], [ 88.364097, 22.221982 ], [ 88.364124, 22.222094 ], [ 88.364007, 22.222488 ], [ 88.363799, 22.22277 ], [ 88.363407, 22.22283 ], [ 88.362924, 22.222722 ], [ 88.362379, 22.222446 ], [ 88.362075, 22.222168 ], [ 88.36156, 22.221836 ], [ 88.361228, 22.221726 ], [ 88.360323, 22.22165 ], [ 88.359748, 22.221431 ], [ 88.359446, 22.221377 ], [ 88.359254, 22.221469 ], [ 88.359086, 22.221549 ], [ 88.359029, 22.221886 ], [ 88.359033, 22.222363 ], [ 88.359371, 22.223117 ], [ 88.359741, 22.2249 ], [ 88.359843, 22.225356 ], [ 88.359808, 22.225795 ], [ 88.359713, 22.226198 ], [ 88.359544, 22.226379 ], [ 88.359421, 22.226512 ], [ 88.358444, 22.227228 ], [ 88.357779, 22.22747 ], [ 88.357256, 22.228052 ], [ 88.356272, 22.228553 ], [ 88.355377, 22.228775 ], [ 88.354852, 22.229164 ], [ 88.354393, 22.230127 ], [ 88.354376, 22.230236 ], [ 88.354342, 22.230453 ], [ 88.354129, 22.230655 ], [ 88.35394, 22.230657 ], [ 88.353751, 22.230583 ], [ 88.353509, 22.230585 ], [ 88.353429, 22.230586 ], [ 88.353268, 22.230713 ], [ 88.353216, 22.230863 ], [ 88.353084, 22.23114 ], [ 88.352763, 22.231368 ], [ 88.352334, 22.231547 ], [ 88.351661, 22.231603 ], [ 88.351312, 22.231581 ], [ 88.350802, 22.231786 ], [ 88.350696, 22.231937 ], [ 88.350631, 22.232743 ], [ 88.35057, 22.233192 ], [ 88.350251, 22.233344 ], [ 88.349352, 22.233232 ], [ 88.349095, 22.233115 ], [ 88.34906, 22.233207 ], [ 88.348938, 22.233534 ], [ 88.348974, 22.234041 ], [ 88.349301, 22.234695 ], [ 88.349757, 22.235586 ], [ 88.350091, 22.237502 ], [ 88.349916, 22.239353 ], [ 88.349745, 22.241899 ], [ 88.349644, 22.24216 ], [ 88.349368, 22.242866 ], [ 88.349001, 22.243431 ], [ 88.348464, 22.244275 ], [ 88.348161, 22.244466 ], [ 88.34713, 22.244645 ], [ 88.34616, 22.244898 ], [ 88.345351, 22.24498 ], [ 88.344641, 22.244836 ], [ 88.343317, 22.24464 ], [ 88.341735, 22.244552 ], [ 88.340952, 22.244238 ], [ 88.340627, 22.24392 ], [ 88.339778, 22.243245 ], [ 88.339726, 22.243213 ], [ 88.338955, 22.242737 ], [ 88.33854, 22.242389 ], [ 88.338082, 22.242005 ], [ 88.337453, 22.241585 ], [ 88.337163, 22.241453 ], [ 88.336367, 22.241546 ], [ 88.335877, 22.24155 ], [ 88.334648, 22.241241 ], [ 88.334355, 22.241358 ], [ 88.334162, 22.241725 ], [ 88.334091, 22.242045 ], [ 88.333872, 22.242275 ], [ 88.333407, 22.242325 ], [ 88.333112, 22.242304 ], [ 88.332491, 22.241945 ], [ 88.332112, 22.241437 ], [ 88.331911, 22.241299 ], [ 88.331786, 22.241277 ], [ 88.331287, 22.241351 ], [ 88.330963, 22.24147 ], [ 88.330514, 22.241497 ], [ 88.33009, 22.241594 ], [ 88.329794, 22.242061 ], [ 88.329279, 22.243205 ], [ 88.328637, 22.244118 ], [ 88.327993, 22.244644 ], [ 88.3272, 22.244821 ], [ 88.326649, 22.244769 ], [ 88.32628, 22.244573 ], [ 88.325882, 22.244434 ], [ 88.325791, 22.244577 ], [ 88.325824, 22.244833 ], [ 88.326353, 22.24591 ], [ 88.326263, 22.246139 ], [ 88.32614, 22.24614 ], [ 88.325864, 22.246028 ], [ 88.32568, 22.245916 ], [ 88.325525, 22.245661 ], [ 88.32497, 22.245096 ], [ 88.324753, 22.244842 ], [ 88.324629, 22.244559 ], [ 88.324565, 22.244189 ], [ 88.324439, 22.24382 ], [ 88.323431, 22.242484 ], [ 88.323291, 22.241856 ], [ 88.32322, 22.241447 ], [ 88.323082, 22.241133 ], [ 88.322945, 22.241008 ], [ 88.322605, 22.240759 ], [ 88.322409, 22.240662 ], [ 88.322231, 22.240573 ], [ 88.322095, 22.240511 ], [ 88.321926, 22.240513 ], [ 88.321725, 22.240735 ], [ 88.321661, 22.241208 ], [ 88.321664, 22.241523 ], [ 88.321667, 22.241838 ], [ 88.321807, 22.242404 ], [ 88.321811, 22.242908 ], [ 88.321335, 22.24365 ], [ 88.320775, 22.244524 ], [ 88.32049, 22.246035 ], [ 88.320516, 22.246377 ], [ 88.320702, 22.246653 ], [ 88.32082, 22.246994 ], [ 88.320776, 22.24723 ], [ 88.320024, 22.248139 ], [ 88.319993, 22.248269 ], [ 88.319805, 22.249078 ], [ 88.31999, 22.250179 ], [ 88.320628, 22.25173 ], [ 88.321191, 22.252306 ], [ 88.32142, 22.252539 ], [ 88.321857, 22.25293 ], [ 88.323378, 22.254292 ], [ 88.324163, 22.254841 ], [ 88.325061, 22.255175 ], [ 88.32617, 22.256422 ], [ 88.327163, 22.259163 ], [ 88.327625, 22.259737 ], [ 88.327954, 22.259978 ], [ 88.328963, 22.260612 ], [ 88.329069, 22.261352 ], [ 88.329137, 22.26183 ], [ 88.328973, 22.262991 ], [ 88.32896, 22.26308 ], [ 88.328506, 22.263613 ], [ 88.328087, 22.263872 ], [ 88.327612, 22.264013 ], [ 88.327465, 22.264014 ], [ 88.326774, 22.263619 ], [ 88.326151, 22.263508 ], [ 88.325591, 22.263513 ], [ 88.325114, 22.263517 ], [ 88.324619, 22.263849 ], [ 88.324169, 22.264625 ], [ 88.323969, 22.265496 ], [ 88.323974, 22.266152 ], [ 88.32437, 22.267561 ], [ 88.324376, 22.268302 ], [ 88.324357, 22.268726 ], [ 88.3242, 22.269024 ], [ 88.32384, 22.269445 ], [ 88.323817, 22.269472 ], [ 88.323729, 22.269812 ], [ 88.323754, 22.270108 ], [ 88.324075, 22.270359 ], [ 88.324875, 22.271403 ], [ 88.324931, 22.271816 ], [ 88.324827, 22.271963 ], [ 88.324699, 22.272208 ], [ 88.324649, 22.2725 ], [ 88.324703, 22.272792 ], [ 88.324969, 22.273325 ], [ 88.324973, 22.273811 ], [ 88.32495, 22.274177 ], [ 88.324561, 22.274569 ], [ 88.323995, 22.274764 ], [ 88.323379, 22.274788 ], [ 88.322603, 22.274702 ], [ 88.321987, 22.274707 ], [ 88.321592, 22.274935 ], [ 88.321532, 22.27497 ], [ 88.321073, 22.275438 ], [ 88.320947, 22.275707 ], [ 88.320887, 22.276184 ], [ 88.32121, 22.276539 ], [ 88.321318, 22.276602 ], [ 88.32166, 22.276803 ], [ 88.32227, 22.276947 ], [ 88.322848, 22.277151 ], [ 88.323203, 22.277475 ], [ 88.323334, 22.277861 ], [ 88.323274, 22.278309 ], [ 88.323498, 22.279177 ], [ 88.323774, 22.279398 ], [ 88.324084, 22.27965 ], [ 88.324191, 22.280064 ], [ 88.324091, 22.280416 ], [ 88.323822, 22.281056 ], [ 88.323793, 22.281759 ], [ 88.324154, 22.283691 ], [ 88.324476, 22.286033 ], [ 88.324313, 22.2877 ], [ 88.324199, 22.29071 ], [ 88.324387, 22.291593 ], [ 88.324724, 22.292021 ], [ 88.325601, 22.292348 ], [ 88.326014, 22.292607 ], [ 88.326352, 22.29313 ], [ 88.326394, 22.293254 ], [ 88.326563, 22.29375 ], [ 88.327444, 22.294603 ], [ 88.327492, 22.294697 ], [ 88.327836, 22.295365 ], [ 88.327839, 22.295772 ], [ 88.327381, 22.29602 ], [ 88.326779, 22.295982 ], [ 88.326599, 22.295971 ], [ 88.325666, 22.295923 ], [ 88.324976, 22.29618 ], [ 88.324649, 22.296603 ], [ 88.324654, 22.297219 ], [ 88.324811, 22.298001 ], [ 88.324848, 22.298756 ], [ 88.324793, 22.299372 ], [ 88.324224, 22.299769 ], [ 88.323713, 22.299801 ], [ 88.322322, 22.299483 ], [ 88.321814, 22.299289 ], [ 88.321547, 22.299217 ], [ 88.321281, 22.299244 ], [ 88.320988, 22.299296 ], [ 88.320671, 22.299621 ], [ 88.320358, 22.300442 ], [ 88.320236, 22.302093 ], [ 88.320413, 22.302592 ], [ 88.320479, 22.302686 ], [ 88.320652, 22.302931 ], [ 88.320978, 22.303228 ], [ 88.321196, 22.303667 ], [ 88.321199, 22.304027 ], [ 88.321009, 22.304409 ], [ 88.320842, 22.305011 ], [ 88.32091, 22.305511 ], [ 88.321392, 22.306223 ], [ 88.321787, 22.306751 ], [ 88.323058, 22.307636 ], [ 88.323604, 22.308191 ], [ 88.323607, 22.308611 ], [ 88.323562, 22.308832 ], [ 88.323549, 22.308891 ], [ 88.323161, 22.309258 ], [ 88.323069, 22.309291 ], [ 88.321722, 22.309765 ], [ 88.321338, 22.310067 ], [ 88.320999, 22.310489 ], [ 88.320981, 22.310927 ], [ 88.321145, 22.31232 ], [ 88.32119, 22.313366 ], [ 88.321075, 22.314616 ], [ 88.320677, 22.315268 ], [ 88.320617, 22.315322 ], [ 88.320001, 22.315869 ], [ 88.31914, 22.316664 ], [ 88.31903, 22.317274 ], [ 88.319102, 22.317619 ], [ 88.319198, 22.31792 ], [ 88.319363, 22.318307 ], [ 88.319437, 22.318738 ], [ 88.319439, 22.319062 ], [ 88.319396, 22.319429 ], [ 88.319158, 22.320888 ], [ 88.319217, 22.323029 ], [ 88.319396, 22.326698 ], [ 88.319595, 22.327703 ], [ 88.319821, 22.328115 ], [ 88.320077, 22.32829 ], [ 88.320622, 22.328848 ], [ 88.321041, 22.329525 ], [ 88.321109, 22.329968 ], [ 88.321112, 22.330412 ], [ 88.320988, 22.330798 ], [ 88.320751, 22.330903 ], [ 88.32001, 22.331235 ], [ 88.319493, 22.331689 ], [ 88.319384, 22.332106 ], [ 88.319387, 22.332452 ], [ 88.319678, 22.333079 ], [ 88.320143, 22.33305 ], [ 88.320826, 22.332746 ], [ 88.321353, 22.332511 ], [ 88.322577, 22.332477 ], [ 88.323263, 22.332712 ], [ 88.323221, 22.333662 ], [ 88.323262, 22.334197 ], [ 88.323327, 22.335051 ], [ 88.32348, 22.33568 ], [ 88.323915, 22.335682 ], [ 88.325453, 22.335689 ], [ 88.326206, 22.335859 ], [ 88.326407, 22.335996 ], [ 88.326829, 22.336285 ], [ 88.327245, 22.336218 ], [ 88.327303, 22.336209 ], [ 88.327698, 22.335692 ], [ 88.328212, 22.334602 ], [ 88.32956, 22.334122 ], [ 88.330032, 22.333983 ], [ 88.330984, 22.333957 ], [ 88.332193, 22.333444 ], [ 88.332261, 22.333416 ], [ 88.333128, 22.332759 ], [ 88.334627, 22.332845 ], [ 88.33577, 22.332371 ], [ 88.337982, 22.331171 ], [ 88.338786, 22.330706 ], [ 88.339354, 22.331577 ], [ 88.339922, 22.332447 ], [ 88.340317, 22.331993 ], [ 88.341607, 22.331895 ], [ 88.342168, 22.332389 ], [ 88.342304, 22.332508 ], [ 88.343261, 22.332672 ], [ 88.343803, 22.332594 ], [ 88.34426, 22.331885 ], [ 88.344591, 22.33156 ], [ 88.345471, 22.331409 ], [ 88.345701, 22.331509 ], [ 88.346297, 22.331766 ], [ 88.348064, 22.331718 ], [ 88.349406, 22.331048 ], [ 88.351465, 22.32922 ], [ 88.354646, 22.32727 ], [ 88.35644, 22.326952 ], [ 88.357586, 22.32692 ], [ 88.358721, 22.326508 ], [ 88.359867, 22.326477 ], [ 88.360542, 22.326592 ], [ 88.361019, 22.326674 ], [ 88.363554, 22.326528 ], [ 88.36383, 22.326385 ], [ 88.365572, 22.325482 ], [ 88.365902, 22.325456 ], [ 88.367043, 22.325365 ], [ 88.369605, 22.326209 ], [ 88.372234, 22.326518 ], [ 88.374179, 22.326464 ], [ 88.374607, 22.326452 ], [ 88.377163, 22.327067 ], [ 88.380476, 22.328424 ], [ 88.38138, 22.328551 ], [ 88.382024, 22.328152 ], [ 88.382822, 22.327368 ], [ 88.38278, 22.325846 ], [ 88.383086, 22.325075 ], [ 88.383434, 22.324911 ], [ 88.384622, 22.324347 ], [ 88.385434, 22.324262 ], [ 88.386582, 22.324141 ], [ 88.387398, 22.324042 ], [ 88.388465, 22.325199 ], [ 88.38893, 22.325334 ], [ 88.38947, 22.325343 ] ] ] } },
{ "type": "Feature", "properties": { "census2011_code": "02424", "block_name": "Magrahat-I", "geoboundaries_shape_id": "7132399B58876706346650", "area_km2": 120.4, "land_area_km2": 120.4, "water_area_km2": 0.0 }, "geometry": { "type": "Polygon", "coordinates": [ [ [ 88.280496, 22.336906 ], [ 88.280595, 22.334705 ], [ 88.280275, 22.332114 ], [ 88.279597, 22.330222 ], [ 88.27945, 22.329006 ], [ 88.279435, 22.328451 ], [ 88.279418, 22.327786 ], [ 88.28008, 22.326973 ], [ 88.280539, 22.327066 ], [ 88.28176, 22.327935 ], [ 88.282461, 22.328553 ], [ 88.283131, 22.328729 ], [ 88.28338, 22.328794 ], [ 88.283892, 22.328727 ], [ 88.28423, 22.328559 ], [ 88.28479, 22.328172 ], [ 88.28565, 22.328361 ], [ 88.286417, 22.329295 ], [ 88.286994, 22.329545 ], [ 88.287074, 22.330392 ], [ 88.287547, 22.331016 ], [ 88.288003, 22.331004 ], [ 88.288681, 22.330773 ], [ 88.289764, 22.330744 ], [ 88.2904, 22.331045 ], [ 88.290455, 22.331053 ], [ 88.291029, 22.331134 ], [ 88.291466, 22.33079 ], [ 88.291588, 22.330695 ], [ 88.291956, 22.329517 ], [ 88.292615, 22.328597 ], [ 88.292911, 22.32852 ], [ 88.293295, 22.32842 ], [ 88.294097, 22.32854 ], [ 88.295987, 22.328824 ], [ 88.297891, 22.329622 ], [ 88.298002, 22.329653 ], [ 88.298235, 22.329719 ], [ 88.298921, 22.329753 ], [ 88.299024, 22.329718 ], [ 88.299938, 22.329407 ], [ 88.300948, 22.328796 ], [ 88.301802, 22.32872 ], [ 88.302544, 22.328753 ], [ 88.303776, 22.329993 ], [ 88.304843, 22.331503 ], [ 88.30554, 22.331962 ], [ 88.306214, 22.33191 ], [ 88.306622, 22.331879 ], [ 88.307142, 22.33179 ], [ 88.308098, 22.331627 ], [ 88.310101, 22.331891 ], [ 88.311703, 22.33206 ], [ 88.313263, 22.332668 ], [ 88.314298, 22.33306 ], [ 88.31457, 22.333162 ], [ 88.315642, 22.332603 ], [ 88.316534, 22.332895 ], [ 88.317494, 22.333185 ], [ 88.318378, 22.333161 ], [ 88.318515, 22.333153 ], [ 88.319678, 22.333079 ], [ 88.319387, 22.332452 ], [ 88.319384, 22.332106 ], [ 88.319493, 22.331689 ], [ 88.32001, 22.331235 ], [ 88.320751, 22.330903 ], [ 88.320988, 22.330798 ], [ 88.321112, 22.330412 ], [ 88.321109, 22.329968 ], [ 88.321041, 22.329525 ], [ 88.320622, 22.328848 ], [ 88.320077, 22.32829 ], [ 88.319821, 22.328115 ], [ 88.319595, 22.327703 ], [ 88.319396, 22.326698 ], [ 88.319217, 22.323029 ], [ 88.319158, 22.320888 ], [ 88.319396, 22.319429 ], [ 88.319439, 22.319062 ], [ 88.319437, 22.318738 ], [ 88.319363, 22.318307 ], [ 88.319198, 22.31792 ], [ 88.319102, 22.317619 ], [ 88.31903, 22.317274 ], [ 88.31914, 22.316664 ], [ 88.320001, 22.315869 ], [ 88.320617, 22.315322 ], [ 88.320677, 22.315268 ], [ 88.321075, 22.314616 ], [ 88.32119, 22.313366 ], [ 88.321145, 22.31232 ], [ 88.320981, 22.310927 ], [ 88.320999, 22.310489 ], [ 88.321338, 22.310067 ], [ 88.321722, 22.309765 ], [ 88.323069, 22.309291 ], [ 88.323161, 22.309258 ], [ 88.323549, 22.308891 ], [ 88.323562, 22.308832 ], [ 88.323607, 22.308611 ], [ 88.323604, 22.308191 ], [ 88.323058, 22.307636 ], [ 88.321787, 22.306751 ], [ 88.321392, 22.306223 ], [ 88.32091, 22.305511 ], [ 88.320842, 22.305011 ], [ 88.321009, 22.304409 ], [ 88.321199, 22.304027 ], [ 88.321196, 22.303667 ], [ 88.320978, 22.303228 ], [ 88.320652, 22.302931 ], [ 88.320479, 22.302686 ], [ 88.320413, 22.302592 ], [ 88.320236, 22.302093 ], [ 88.320358, 22.300442 ], [ 88.320671, 22.299621 ], [ 88.320988, 22.299296 ], [ 88.321281, 22.299244 ], [ 88.321547, 22.299217 ], [ 88.321814, 22.299289 ], [ 88.322322, 22.299483 ], [ 88.323713, 22.299801 ], [ 88.324224, 22.299769 ], [ 88.324793, 22.299372 ], [ 88.324848, 22.298756 ], [ 88.324811, 22.298001 ], [ 88.324654, 22.297219 ], [ 88.324649, 22.296603 ], [ 88.324976, 22.29618 ], [ 88.325666, 22.295923 ], [ 88.326599, 22.295971 ], [ 88.326779, 22.295982 ], [ 88.327381, 22.29602 ], [ 88.327839, 22.295772 ], [ 88.327836, 22.295365 ], [ 88.327492, 22.294697 ], [ 88.327444, 22.294603 ], [ 88.326563, 22.29375 ], [ 88.326394, 22.293254 ], [ 88.326352, 22.29313 ], [ 88.326014, 22.292607 ], [ 88.325601, 22.292348 ], [ 88.324724, 22.292021 ], [ 88.324387, 22.291593 ], [ 88.324199, 22.29071 ], [ 88.324313, 22.2877 ], [ 88.324476, 22.286033 ], [ 88.324154, 22.283691 ], [ 88.323793, 22.281759 ], [ 88.323822, 22.281056 ], [ 88.324091, 22.280416 ], [ 88.324191, 22.280064 ], [ 88.324084, 22.27965 ], [ 88.323774, 22.279398 ], [ 88.323498, 22.279177 ], [ 88.323274, 22.278309 ], [ 88.323334, 22.277861 ], [ 88.323203, 22.277475 ], [ 88.322848, 22.277151 ], [ 88.32227, 22.276947 ], [ 88.32166, 22.276803 ], [ 88.321318, 22.276602 ], [ 88.32121, 22.276539 ], [ 88.320887, 22.276184 ], [ 88.320947, 22.275707 ], [ 88.321073, 22.275438 ], [ 88.321532, 22.27497 ], [ 88.321592, 22.274935 ], [ 88.321987, 22.274707 ], [ 88.322603, 22.274702 ], [ 88.323379, 22.274788 ], [ 88.323995, 22.274764 ], [ 88.324561, 22.274569 ], [ 88.32495, 22.274177 ], [ 88.324973, 22.273811 ], [ 88.324969, 22.273325 ], [ 88.324703, 22.272792 ], [ 88.324649, 22.2725 ], [ 88.324699, 22.272208 ], [ 88.324827, 22.271963 ], [ 88.324931, 22.271816 ], [ 88.324875, 22.271403 ], [ 88.324075, 22.270359 ], [ 88.323754, 22.270108 ], [ 88.323729, 22.269812 ], [ 88.323817, 22.269472 ], [ 88.32384, 22.269445 ], [ 88.3242, 22.269024 ], [ 88.324357, 22.268726 ], [ 88.324376, 22.268302 ], [ 88.32437, 22.267561 ], [ 88.323974, 22.266152 ], [ 88.323969, 22.265496 ], [ 88.324169, 22.264625 ], [ 88.324619, 22.263849 ], [ 88.325114, 22.263517 ], [ 88.325591, 22.263513 ], [ 88.326151, 22.263508 ], [ 88.326774, 22.263619 ], [ 88.327465, 22.264014 ], [ 88.327612, 22.264013 ], [ 88.328087, 22.263872 ], [ 88.328506, 22.263613 ], [ 88.32896, 22.26308 ], [ 88.328973, 22.262991 ], [ 88.329137, 22.26183 ], [ 88.329069, 22.261352 ], [ 88.328963, 22.260612 ], [ 88.327954, 22.259978 ], [ 88.327625, 22.259737 ], [ 88.327163, 22.259163 ], [ 88.32617, 22.256422 ], [ 88.325061, 22.255175 ], [ 88.324163, 22.254841 ], [ 88.323378, 22.254292 ], [ 88.321857, 22.25293 ], [ 88.32142, 22.252539 ], [ 88.321191, 22.252306 ], [ 88.320628, 22.25173 ], [ 88.31999, 22.250179 ], [ 88.319805, 22.249078 ], [ 88.319993, 22.248269 ], [ 88.320024, 22.248139 ], [ 88.320776, 22.24723 ], [ 88.32082, 22.246994 ], [ 88.320702, 22.246653 ], [ 88.320516, 22.246377 ], [ 88.32049, 22.246035 ], [ 88.320775, 22.244524 ], [ 88.321335, 22.24365 ], [ 88.321811, 22.242908 ], [ 88.321807, 22.242404 ], [ 88.321667, 22.241838 ], [ 88.321664, 22.241523 ], [ 88.321661, 22.241208 ], [ 88.321725, 22.240735 ], [ 88.321926, 22.240513 ], [ 88.322095, 22.240511 ], [ 88.322231, 22.240573 ], [ 88.322409, 22.240662 ], [ 88.322605, 22.240759 ], [ 88.322945, 22.241008 ], [ 88.323082, 22.241133 ], [ 88.32322, 22.241447 ], [ 88.323291, 22.241856 ], [ 88.323431, 22.242484 ], [ 88.324439, 22.24382 ], [ 88.324565, 22.244189 ], [ 88.324629, 22.244559 ], [ 88.324753, 22.244842 ], [ 88.32497, 22.245096 ], [ 88.325525, 22.245661 ], [ 88.32568, 22.245916 ], [ 88.325864, 22.246028 ], [ 88.32614, 22.24614 ], [ 88.326263, 22.246139 ], [ 88.326353, 22.24591 ], [ 88.325824, 22.244833 ], [ 88.325791, 22.244577 ], [ 88.325882, 22.244434 ], [ 88.32628, 22.244573 ], [ 88.326649, 22.244769 ], [ 88.3272, 22.244821 ], [ 88.327993, 22.244644 ], [ 88.328637, 22.244118 ], [ 88.329279, 22.243205 ], [ 88.329794, 22.242061 ], [ 88.33009, 22.241594 ], [ 88.330514, 22.241497 ], [ 88.330963, 22.24147 ], [ 88.331287, 22.241351 ], [ 88.331786, 22.241277 ], [ 88.331911, 22.241299 ], [ 88.332112, 22.241437 ], [ 88.332491, 22.241945 ], [ 88.333112, 22.242304 ], [ 88.333407, 22.242325 ], [ 88.333872, 22.242275 ], [ 88.334091, 22.242045 ], [ 88.334162, 22.241725 ], [ 88.334355, 22.241358 ], [ 88.334648, 22.241241 ], [ 88.335877, 22.24155 ], [ 88.336367, 22.241546 ], [ 88.337163, 22.241453 ], [ 88.337453, 22.241585 ], [ 88.338082, 22.242005 ], [ 88.33854, 22.242389 ], [ 88.338955, 22.242737 ], [ 88.339726, 22.243213 ], [ 88.339778, 22.243245 ], [ 88.340627, 22.24392 ], [ 88.340952, 22.244238 ], [ 88.341735, 22.244552 ], [ 88.343317, 22.24464 ], [ 88.344641, 22.244836 ], [ 88.345351, 22.24498 ], [ 88.34616, 22.244898 ], [ 88.34713, 22.244645 ], [ 88.348161, 22.244466 ], [ 88.348464, 22.244275 ], [ 88.349001, 22.243431 ], [ 88.349368, 22.242866 ], [ 88.349644, 22.24216 ], [ 88.349745, 22.241899 ], [ 88.349916, 22.239353 ], [ 88.350091, 22.237502 ], [ 88.349757, 22.235586 ], [ 88.349301, 22.234695 ], [ 88.348974, 22.234041 ], [ 88.348938, 22.233534 ], [ 88.34906, 22.233207 ], [ 88.349095, 22.233115 ], [ 88.349352, 22.233232 ], [ 88.350251, 22.233344 ], [ 88.35057, 22.233192 ], [ 88.350631, 22.232743 ], [ 88.350696, 22.231937 ], [ 88.350802, 22.231786 ], [ 88.351312, 22.231581 ], [ 88.351661, 22.231603 ], [ 88.352334, 22.231547 ], [ 88.352763, 22.231368 ], [ 88.353084, 22.23114 ], [ 88.353216, 22.230863 ], [ 88.353268, 22.230713 ], [ 88.353429, 22.230586 ], [ 88.353509, 22.230585 ], [ 88.353751, 22.230583 ], [ 88.35394, 22.230657 ], [ 88.354129, 22.230655 ], [ 88.354342, 22.230453 ], [ 88.354376, 22.230236 ], [ 88.354393, 22.230127 ], [ 88.354852, 22.229164 ], [ 88.355377, 22.228775 ], [ 88.356272, 22.228553 ], [ 88.357256, 22.228052 ], [ 88.357779, 22.22747 ], [ 88.358444, 22.227228 ], [ 88.359421, 22.226512 ], [ 88.359544, 22.226379 ], [ 88.359713, 22.226198 ], [ 88.359808, 22.225795 ], [ 88.359843, 22.225356 ], [ 88.359741, 22.2249 ], [ 88.359371, 22.223117 ], [ 88.359033, 22.222363 ], [ 88.359029, 22.221886 ], [ 88.359086, 22.221549 ], [ 88.359254, 22.221469 ], [ 88.359446, 22.221377 ], [ 88.359748, 22.221431 ], [ 88.360323, 22.22165 ], [ 88.361228, 22.221726 ], [ 88.36156, 22.221836 ], [ 88.362075, 22.222168 ], [ 88.362379, 22.222446 ], [ 88.362924, 22.222722 ], [ 88.363407, 22.22283 ], [ 88.363799, 22.22277 ], [ 88.364007, 22.222488 ], [ 88.364124, 22.222094 ], [ 88.364097, 22.221982 ], [ 88.363968, 22.22145 ], [ 88.363396, 22.219974 ], [ 88.362897, 22.218953 ], [ 88.362313, 22.218644 ], [ 88.362106, 22.218576 ], [ 88.361881, 22.21849 ], [ 88.361823, 22.218334 ], [ 88.36184, 22.218124 ], [ 88.362157, 22.217877 ], [ 88.362885, 22.217574 ], [ 88.363182, 22.217222 ], [ 88.36325, 22.216816 ], [ 88.362942, 22.215897 ], [ 88.362742, 22.214526 ], [ 88.362737, 22.214019 ], [ 88.362825, 22.213708 ], [ 88.363097, 22.213536 ], [ 88.36349, 22.213448 ], [ 88.364064, 22.213359 ], [ 88.364823, 22.213493 ], [ 88.365217, 22.213574 ], [ 88.36552, 22.213572 ], [ 88.366034, 22.213482 ], [ 88.366425, 22.213197 ], [ 88.366536, 22.21266 ], [ 88.366333, 22.212155 ], [ 88.366009, 22.211858 ], [ 88.365983, 22.211674 ], [ 88.366129, 22.211396 ], [ 88.366227, 22.21128 ], [ 88.366326, 22.211279 ], [ 88.366597, 22.211139 ], [ 88.366595, 22.210977 ], [ 88.366396, 22.210864 ], [ 88.365901, 22.210845 ], [ 88.365604, 22.210825 ], [ 88.365404, 22.210573 ], [ 88.365476, 22.21025 ], [ 88.365744, 22.209764 ], [ 88.366944, 22.208501 ], [ 88.367485, 22.208306 ], [ 88.367723, 22.208221 ], [ 88.368341, 22.208246 ], [ 88.369579, 22.208296 ], [ 88.370297, 22.208441 ], [ 88.370755, 22.208266 ], [ 88.370783, 22.208255 ], [ 88.370746, 22.20771 ], [ 88.370186, 22.205972 ], [ 88.369911, 22.20422 ], [ 88.369531, 22.202402 ], [ 88.369385, 22.201323 ], [ 88.369283, 22.199693 ], [ 88.369503, 22.197966 ], [ 88.36929, 22.196736 ], [ 88.369284, 22.196033 ], [ 88.369613, 22.195275 ], [ 88.370116, 22.194277 ], [ 88.37016, 22.193902 ], [ 88.370158, 22.193615 ], [ 88.370344, 22.193261 ], [ 88.370508, 22.193083 ], [ 88.370529, 22.19273 ], [ 88.370407, 22.192335 ], [ 88.369458, 22.191686 ], [ 88.368813, 22.190823 ], [ 88.368663, 22.190299 ], [ 88.368656, 22.189579 ], [ 88.368562, 22.188392 ], [ 88.368562, 22.188325 ], [ 88.36757, 22.188185 ], [ 88.366994, 22.188104 ], [ 88.366822, 22.188079 ], [ 88.366583, 22.187604 ], [ 88.36615, 22.18757 ], [ 88.365128, 22.187613 ], [ 88.363788, 22.187181 ], [ 88.363036, 22.186298 ], [ 88.362296, 22.186322 ], [ 88.361894, 22.186335 ], [ 88.361293, 22.186663 ], [ 88.360848, 22.186488 ], [ 88.359415, 22.185551 ], [ 88.359098, 22.185641 ], [ 88.359579, 22.186614 ], [ 88.359708, 22.186997 ], [ 88.35971, 22.187352 ], [ 88.359554, 22.18737 ], [ 88.359171, 22.187414 ], [ 88.358533, 22.186856 ], [ 88.357575, 22.185798 ], [ 88.356494, 22.18542 ], [ 88.356209, 22.185451 ], [ 88.356016, 22.185598 ], [ 88.355071, 22.186314 ], [ 88.354343, 22.186644 ], [ 88.353263, 22.186443 ], [ 88.351932, 22.186657 ], [ 88.351298, 22.186868 ], [ 88.35038, 22.187316 ], [ 88.350064, 22.187466 ], [ 88.34908, 22.187412 ], [ 88.348223, 22.187387 ], [ 88.348044, 22.187398 ], [ 88.347683, 22.18742 ], [ 88.347276, 22.188309 ], [ 88.346802, 22.188666 ], [ 88.346199, 22.188758 ], [ 88.345339, 22.188172 ], [ 88.344577, 22.188117 ], [ 88.343214, 22.18842 ], [ 88.343062, 22.189544 ], [ 88.343512, 22.190664 ], [ 88.343422, 22.191463 ], [ 88.343078, 22.192529 ], [ 88.3428, 22.193771 ], [ 88.342044, 22.193907 ], [ 88.341785, 22.193954 ], [ 88.341085, 22.193692 ], [ 88.340326, 22.194051 ], [ 88.340298, 22.194701 ], [ 88.341001, 22.195673 ], [ 88.341543, 22.196172 ], [ 88.342214, 22.196907 ], [ 88.341583, 22.19762 ], [ 88.341745, 22.198269 ], [ 88.341018, 22.198364 ], [ 88.340264, 22.19872 ], [ 88.339385, 22.199312 ], [ 88.338884, 22.19996 ], [ 88.33851, 22.200784 ], [ 88.338011, 22.201784 ], [ 88.337575, 22.202667 ], [ 88.336947, 22.20314 ], [ 88.336132, 22.20379 ], [ 88.335252, 22.204264 ], [ 88.334768, 22.204891 ], [ 88.33425, 22.205561 ], [ 88.333752, 22.206679 ], [ 88.333395, 22.207693 ], [ 88.33338, 22.207737 ], [ 88.333042, 22.208689 ], [ 88.33228, 22.208664 ], [ 88.33203, 22.209316 ], [ 88.33232, 22.210141 ], [ 88.332677, 22.211528 ], [ 88.332996, 22.21259 ], [ 88.333129, 22.213033 ], [ 88.333356, 22.213859 ], [ 88.333167, 22.214126 ], [ 88.331168, 22.214167 ], [ 88.330659, 22.213963 ], [ 88.330656, 22.21346 ], [ 88.330337, 22.213107 ], [ 88.329702, 22.213229 ], [ 88.329389, 22.214058 ], [ 88.329201, 22.214473 ], [ 88.329236, 22.215034 ], [ 88.329271, 22.215684 ], [ 88.328164, 22.21634 ], [ 88.327977, 22.216254 ], [ 88.327591, 22.216078 ], [ 88.326513, 22.216261 ], [ 88.325326, 22.216267 ], [ 88.325283, 22.216268 ], [ 88.324989, 22.216269 ], [ 88.324927, 22.216256 ], [ 88.323909, 22.216039 ], [ 88.322386, 22.216077 ], [ 88.321938, 22.216252 ], [ 88.321467, 22.216436 ], [ 88.320359, 22.216856 ], [ 88.319183, 22.216656 ], [ 88.317724, 22.216782 ], [ 88.317465, 22.216825 ], [ 88.316075, 22.217057 ], [ 88.314328, 22.2168 ], [ 88.313153, 22.216748 ], [ 88.311664, 22.217258 ], [ 88.309955, 22.218213 ], [ 88.30939, 22.218722 ], [ 88.309197, 22.218897 ], [ 88.30891, 22.218691 ], [ 88.308717, 22.21816 ], [ 88.308836, 22.217641 ], [ 88.308934, 22.217214 ], [ 88.308647, 22.21692 ], [ 88.307567, 22.216837 ], [ 88.306171, 22.216904 ], [ 88.305658, 22.21599 ], [ 88.305078, 22.214191 ], [ 88.303867, 22.213429 ], [ 88.302281, 22.213437 ], [ 88.30108, 22.214478 ], [ 88.300938, 22.214836 ], [ 88.300798, 22.215189 ], [ 88.299597, 22.216141 ], [ 88.298486, 22.216235 ], [ 88.297373, 22.215739 ], [ 88.296322, 22.215035 ], [ 88.295686, 22.214921 ], [ 88.294859, 22.21457 ], [ 88.294629, 22.214425 ], [ 88.294281, 22.214204 ], [ 88.29384, 22.213926 ], [ 88.292595, 22.212484 ], [ 88.29183, 22.211809 ], [ 88.291922, 22.211217 ], [ 88.292084, 22.210104 ], [ 88.292137, 22.209739 ], [ 88.29315, 22.20926 ], [ 88.293622, 22.208578 ], [ 88.294098, 22.208517 ], [ 88.294669, 22.208514 ], [ 88.295208, 22.208363 ], [ 88.295808, 22.20768 ], [ 88.29596, 22.206468 ], [ 88.296303, 22.205195 ], [ 88.296008, 22.203453 ], [ 88.295675, 22.200412 ], [ 88.295382, 22.198995 ], [ 88.295603, 22.198639 ], [ 88.295736, 22.19836 ], [ 88.295791, 22.198254 ], [ 88.296583, 22.197984 ], [ 88.296964, 22.197952 ], [ 88.298107, 22.198182 ], [ 88.299444, 22.198914 ], [ 88.300872, 22.198818 ], [ 88.301315, 22.198638 ], [ 88.302712, 22.19869 ], [ 88.302902, 22.1986 ], [ 88.303122, 22.198215 ], [ 88.303215, 22.197712 ], [ 88.303053, 22.197092 ], [ 88.303013, 22.195556 ], [ 88.302975, 22.194285 ], [ 88.30325, 22.192304 ], [ 88.30353, 22.191965 ], [ 88.303912, 22.191502 ], [ 88.304228, 22.191146 ], [ 88.305022, 22.191319 ], [ 88.305373, 22.191642 ], [ 88.305723, 22.191847 ], [ 88.306008, 22.191846 ], [ 88.306133, 22.191343 ], [ 88.305875, 22.190665 ], [ 88.305903, 22.189867 ], [ 88.306061, 22.189807 ], [ 88.306506, 22.189834 ], [ 88.307015, 22.190126 ], [ 88.307429, 22.190449 ], [ 88.308731, 22.190501 ], [ 88.310412, 22.190492 ], [ 88.311524, 22.190693 ], [ 88.312606, 22.19116 ], [ 88.313145, 22.191128 ], [ 88.313334, 22.19089 ], [ 88.313619, 22.190741 ], [ 88.31416, 22.191063 ], [ 88.314573, 22.191031 ], [ 88.314886, 22.19035 ], [ 88.314407, 22.189732 ], [ 88.314055, 22.189143 ], [ 88.314209, 22.188315 ], [ 88.314035, 22.187911 ], [ 88.313727, 22.187194 ], [ 88.313788, 22.186632 ], [ 88.314135, 22.186306 ], [ 88.313908, 22.185391 ], [ 88.313109, 22.184302 ], [ 88.312978, 22.183593 ], [ 88.313735, 22.182643 ], [ 88.313537, 22.181226 ], [ 88.314008, 22.180219 ], [ 88.31416, 22.179006 ], [ 88.313745, 22.178477 ], [ 88.312888, 22.178511 ], [ 88.312379, 22.178189 ], [ 88.312499, 22.176917 ], [ 88.313158, 22.175584 ], [ 88.313108, 22.175237 ], [ 88.312895, 22.173753 ], [ 88.312701, 22.17321 ], [ 88.312347, 22.17222 ], [ 88.312499, 22.170889 ], [ 88.312686, 22.170297 ], [ 88.313411, 22.169318 ], [ 88.314361, 22.168988 ], [ 88.314518, 22.168603 ], [ 88.314477, 22.16683 ], [ 88.314836, 22.166295 ], [ 88.315075, 22.16594 ], [ 88.315167, 22.165378 ], [ 88.315156, 22.16328 ], [ 88.314868, 22.162779 ], [ 88.313819, 22.16249 ], [ 88.313373, 22.162137 ], [ 88.311881, 22.161998 ], [ 88.310773, 22.162477 ], [ 88.30906, 22.162515 ], [ 88.307663, 22.162287 ], [ 88.306459, 22.162618 ], [ 88.304591, 22.163337 ], [ 88.303446, 22.162812 ], [ 88.301384, 22.16297 ], [ 88.301256, 22.162764 ], [ 88.301571, 22.16226 ], [ 88.301473, 22.161699 ], [ 88.301248, 22.161228 ], [ 88.300454, 22.160966 ], [ 88.3001, 22.161181 ], [ 88.29903, 22.161831 ], [ 88.298748, 22.162512 ], [ 88.299199, 22.163691 ], [ 88.2993, 22.164873 ], [ 88.299237, 22.165009 ], [ 88.29908, 22.165347 ], [ 88.298863, 22.16563 ], [ 88.298671, 22.165881 ], [ 88.297942, 22.166033 ], [ 88.296448, 22.165656 ], [ 88.296096, 22.165067 ], [ 88.294885, 22.163892 ], [ 88.294027, 22.16366 ], [ 88.293679, 22.163839 ], [ 88.293586, 22.164312 ], [ 88.29346, 22.16452 ], [ 88.293142, 22.164433 ], [ 88.292567, 22.163638 ], [ 88.292566, 22.163372 ], [ 88.292214, 22.162872 ], [ 88.291262, 22.162758 ], [ 88.290819, 22.162968 ], [ 88.29079, 22.16347 ], [ 88.290855, 22.163854 ], [ 88.290793, 22.164179 ], [ 88.289968, 22.164184 ], [ 88.288631, 22.164637 ], [ 88.287715, 22.164912 ], [ 88.286563, 22.165356 ], [ 88.285936, 22.165601 ], [ 88.285439, 22.165617 ], [ 88.285006, 22.16552 ], [ 88.28421, 22.165067 ], [ 88.284204, 22.164579 ], [ 88.284357, 22.164467 ], [ 88.284533, 22.164402 ], [ 88.284687, 22.16422 ], [ 88.284742, 22.164012 ], [ 88.284774, 22.163688 ], [ 88.284604, 22.163522 ], [ 88.284356, 22.163492 ], [ 88.28316, 22.16351 ], [ 88.28266, 22.163567 ], [ 88.282383, 22.163676 ], [ 88.282082, 22.163785 ], [ 88.281953, 22.163944 ], [ 88.281876, 22.164035 ], [ 88.281718, 22.164402 ], [ 88.281761, 22.165703 ], [ 88.281843, 22.166198 ], [ 88.281934, 22.166751 ], [ 88.282021, 22.167264 ], [ 88.281963, 22.167587 ], [ 88.281732, 22.16786 ], [ 88.281255, 22.16801 ], [ 88.280808, 22.167953 ], [ 88.280686, 22.167881 ], [ 88.280158, 22.167056 ], [ 88.280035, 22.165962 ], [ 88.280014, 22.164825 ], [ 88.279998, 22.164683 ], [ 88.279957, 22.164307 ], [ 88.279086, 22.164157 ], [ 88.278396, 22.164183 ], [ 88.27789, 22.164171 ], [ 88.276721, 22.164097 ], [ 88.276169, 22.164051 ], [ 88.275824, 22.164043 ], [ 88.275093, 22.16425 ], [ 88.274855, 22.164461 ], [ 88.27474, 22.164564 ], [ 88.274677, 22.164726 ], [ 88.274592, 22.164946 ], [ 88.274269, 22.165421 ], [ 88.273986, 22.165704 ], [ 88.273533, 22.165854 ], [ 88.27319, 22.165749 ], [ 88.272814, 22.165579 ], [ 88.272331, 22.165535 ], [ 88.272018, 22.165624 ], [ 88.27188, 22.165718 ], [ 88.271701, 22.165841 ], [ 88.27156, 22.165966 ], [ 88.271314, 22.166121 ], [ 88.270758, 22.166237 ], [ 88.270146, 22.165833 ], [ 88.270032, 22.165366 ], [ 88.26999, 22.165191 ], [ 88.269828, 22.164814 ], [ 88.269635, 22.164544 ], [ 88.269436, 22.164512 ], [ 88.269178, 22.164532 ], [ 88.268975, 22.164634 ], [ 88.268576, 22.164624 ], [ 88.268244, 22.164164 ], [ 88.268019, 22.164052 ], [ 88.267762, 22.164045 ], [ 88.267104, 22.164082 ], [ 88.266672, 22.164231 ], [ 88.266485, 22.164294 ], [ 88.266009, 22.164455 ], [ 88.264652, 22.165033 ], [ 88.26344, 22.165562 ], [ 88.261502, 22.166809 ], [ 88.26083, 22.167192 ], [ 88.259774, 22.167348 ], [ 88.258601, 22.1675 ], [ 88.257666, 22.167477 ], [ 88.257041, 22.167571 ], [ 88.256334, 22.167771 ], [ 88.255901, 22.167978 ], [ 88.255775, 22.167995 ], [ 88.254247, 22.168204 ], [ 88.253671, 22.168246 ], [ 88.253339, 22.168238 ], [ 88.253101, 22.168091 ], [ 88.252894, 22.167917 ], [ 88.252821, 22.167494 ], [ 88.252831, 22.167106 ], [ 88.252802, 22.166752 ], [ 88.252656, 22.166501 ], [ 88.252433, 22.166319 ], [ 88.25205, 22.166176 ], [ 88.251176, 22.166571 ], [ 88.250409, 22.166905 ], [ 88.249714, 22.167382 ], [ 88.248785, 22.168137 ], [ 88.248554, 22.168272 ], [ 88.246934, 22.168856 ], [ 88.246643, 22.168961 ], [ 88.248079, 22.170234 ], [ 88.248134, 22.17036 ], [ 88.248301, 22.170745 ], [ 88.248908, 22.171912 ], [ 88.249331, 22.172724 ], [ 88.250533, 22.175082 ], [ 88.250639, 22.177369 ], [ 88.250604, 22.177924 ], [ 88.250562, 22.178571 ], [ 88.250319, 22.179369 ], [ 88.250161, 22.17989 ], [ 88.251581, 22.179964 ], [ 88.253389, 22.180043 ], [ 88.254686, 22.179514 ], [ 88.256171, 22.179529 ], [ 88.257074, 22.179826 ], [ 88.258811, 22.180398 ], [ 88.259925, 22.181179 ], [ 88.260029, 22.181252 ], [ 88.26117, 22.183035 ], [ 88.262253, 22.182419 ], [ 88.26388, 22.181245 ], [ 88.265565, 22.181073 ], [ 88.267382, 22.181091 ], [ 88.269265, 22.181298 ], [ 88.270679, 22.181187 ], [ 88.271068, 22.182695 ], [ 88.271849, 22.185336 ], [ 88.272708, 22.186911 ], [ 88.273062, 22.188848 ], [ 88.273282, 22.190051 ], [ 88.272992, 22.192117 ], [ 88.272566, 22.194306 ], [ 88.271411, 22.19536 ], [ 88.270018, 22.196128 ], [ 88.269975, 22.196307 ], [ 88.269737, 22.197315 ], [ 88.269516, 22.19919 ], [ 88.269182, 22.200041 ], [ 88.268757, 22.201123 ], [ 88.269008, 22.202878 ], [ 88.268256, 22.204123 ], [ 88.266441, 22.204042 ], [ 88.265552, 22.205229 ], [ 88.265468, 22.207026 ], [ 88.265391, 22.207429 ], [ 88.265257, 22.208139 ], [ 88.266302, 22.210009 ], [ 88.266425, 22.211063 ], [ 88.266335, 22.213355 ], [ 88.26621, 22.213592 ], [ 88.26552, 22.214897 ], [ 88.264094, 22.216665 ], [ 88.263835, 22.216987 ], [ 88.26356, 22.217852 ], [ 88.264073, 22.219716 ], [ 88.264011, 22.220521 ], [ 88.263904, 22.221901 ], [ 88.263788, 22.22343 ], [ 88.263752, 22.223907 ], [ 88.264787, 22.224951 ], [ 88.264509, 22.22659 ], [ 88.264685, 22.228599 ], [ 88.264732, 22.230364 ], [ 88.264486, 22.230702 ], [ 88.263591, 22.231937 ], [ 88.263282, 22.232598 ], [ 88.262722, 22.233798 ], [ 88.263549, 22.236035 ], [ 88.263511, 22.236262 ], [ 88.263373, 22.237076 ], [ 88.26322, 22.237974 ], [ 88.263444, 22.23803 ], [ 88.264874, 22.238393 ], [ 88.264993, 22.238423 ], [ 88.266224, 22.238866 ], [ 88.267299, 22.239524 ], [ 88.267858, 22.240784 ], [ 88.268356, 22.241908 ], [ 88.267642, 22.243771 ], [ 88.267767, 22.245105 ], [ 88.268339, 22.246595 ], [ 88.268917, 22.247538 ], [ 88.268388, 22.25011 ], [ 88.268706, 22.251831 ], [ 88.268546, 22.251892 ], [ 88.267105, 22.25244 ], [ 88.267005, 22.254001 ], [ 88.265731, 22.25555 ], [ 88.264066, 22.254206 ], [ 88.261971, 22.253951 ], [ 88.260847, 22.254366 ], [ 88.26054, 22.25448 ], [ 88.260223, 22.256926 ], [ 88.261643, 22.256829 ], [ 88.262233, 22.25767 ], [ 88.262591, 22.258182 ], [ 88.264199, 22.25775 ], [ 88.265006, 22.257236 ], [ 88.267011, 22.257181 ], [ 88.2682, 22.258536 ], [ 88.269238, 22.258919 ], [ 88.26923, 22.259666 ], [ 88.269223, 22.260337 ], [ 88.269937, 22.26109 ], [ 88.271068, 22.260281 ], [ 88.272352, 22.260144 ], [ 88.273791, 22.260532 ], [ 88.274186, 22.261132 ], [ 88.274125, 22.261429 ], [ 88.273849, 22.262771 ], [ 88.274475, 22.264269 ], [ 88.273659, 22.265679 ], [ 88.273964, 22.267249 ], [ 88.273105, 22.268924 ], [ 88.272443, 22.270215 ], [ 88.272176, 22.270519 ], [ 88.271376, 22.271431 ], [ 88.270143, 22.273333 ], [ 88.270005, 22.273929 ], [ 88.269791, 22.274851 ], [ 88.269757, 22.274997 ], [ 88.268326, 22.275768 ], [ 88.267786, 22.27699 ], [ 88.267504, 22.27733 ], [ 88.266965, 22.277981 ], [ 88.265339, 22.279675 ], [ 88.265271, 22.280996 ], [ 88.265268, 22.281064 ], [ 88.265537, 22.28283 ], [ 88.266438, 22.28455 ], [ 88.266426, 22.285779 ], [ 88.265676, 22.286843 ], [ 88.267082, 22.287076 ], [ 88.268424, 22.287799 ], [ 88.268758, 22.289549 ], [ 88.269501, 22.291467 ], [ 88.269508, 22.291595 ], [ 88.269651, 22.294034 ], [ 88.26875, 22.296099 ], [ 88.268737, 22.296134 ], [ 88.268567, 22.296611 ], [ 88.268333, 22.297267 ], [ 88.268206, 22.297622 ], [ 88.266859, 22.297445 ], [ 88.26539, 22.297649 ], [ 88.264973, 22.298805 ], [ 88.265662, 22.300962 ], [ 88.266178, 22.302622 ], [ 88.267349, 22.304012 ], [ 88.267747, 22.305725 ], [ 88.267025, 22.306821 ], [ 88.265471, 22.308073 ], [ 88.264982, 22.309502 ], [ 88.26529, 22.3108 ], [ 88.264751, 22.312611 ], [ 88.265131, 22.313704 ], [ 88.265578, 22.314495 ], [ 88.266479, 22.315473 ], [ 88.266789, 22.316989 ], [ 88.265802, 22.318008 ], [ 88.264391, 22.318778 ], [ 88.262989, 22.317266 ], [ 88.261631, 22.317791 ], [ 88.261485, 22.319468 ], [ 88.261936, 22.321267 ], [ 88.262042, 22.321691 ], [ 88.263063, 22.32266 ], [ 88.264735, 22.322976 ], [ 88.265372, 22.323642 ], [ 88.264985, 22.32493 ], [ 88.264905, 22.325195 ], [ 88.263415, 22.326019 ], [ 88.261938, 22.325585 ], [ 88.260667, 22.323954 ], [ 88.259024, 22.323466 ], [ 88.258162, 22.32321 ], [ 88.25564, 22.324143 ], [ 88.254074, 22.326105 ], [ 88.254101, 22.326219 ], [ 88.254597, 22.328305 ], [ 88.256542, 22.328776 ], [ 88.256586, 22.329669 ], [ 88.257005, 22.330467 ], [ 88.258228, 22.330827 ], [ 88.259982, 22.331341 ], [ 88.260182, 22.332682 ], [ 88.259106, 22.333564 ], [ 88.259149, 22.334557 ], [ 88.259408, 22.334993 ], [ 88.259831, 22.335705 ], [ 88.261169, 22.335222 ], [ 88.261969, 22.33523 ], [ 88.263522, 22.33465 ], [ 88.264105, 22.334087 ], [ 88.264437, 22.333766 ], [ 88.265138, 22.333079 ], [ 88.265147, 22.332186 ], [ 88.265794, 22.331498 ], [ 88.266324, 22.331209 ], [ 88.266598, 22.331059 ], [ 88.266858, 22.331092 ], [ 88.268729, 22.331329 ], [ 88.269949, 22.331936 ], [ 88.270518, 22.333678 ], [ 88.27051, 22.334472 ], [ 88.270123, 22.335857 ], [ 88.270538, 22.336953 ], [ 88.271783, 22.337764 ], [ 88.272393, 22.338162 ], [ 88.272919, 22.338862 ], [ 88.274083, 22.339716 ], [ 88.275257, 22.33992 ], [ 88.276213, 22.340085 ], [ 88.278367, 22.339825 ], [ 88.2791, 22.33909 ], [ 88.280114, 22.338333 ], [ 88.280496, 22.336906 ] ] ] } },
{ "type": "Feature", "properties": { "census2011_code": "02425", "block_name": "Falta", "geoboundaries_shape_id": "7132399B40955061140731", "area_km2": 133.3, "land_area_km2": 133.3, "water_area_km2": 0.0 }, "geometry": { "type": "Polygon", "coordinates": [ [ [ 88.0986, 22.359618 ], [ 88.101323, 22.358093 ], [ 88.103634, 22.357658 ], [ 88.104082, 22.357376 ], [ 88.10425, 22.35727 ], [ 88.104705, 22.356531 ], [ 88.105446, 22.355444 ], [ 88.106582, 22.354865 ], [ 88.108188, 22.354357 ], [ 88.109558, 22.354311 ], [ 88.110686, 22.354701 ], [ 88.111407, 22.355005 ], [ 88.112414, 22.355065 ], [ 88.113654, 22.354864 ], [ 88.114389, 22.354617 ], [ 88.114843, 22.354465 ], [ 88.118382, 22.354098 ], [ 88.118807, 22.353051 ], [ 88.118938, 22.35273 ], [ 88.122418, 22.352894 ], [ 88.123117, 22.352619 ], [ 88.12392, 22.352302 ], [ 88.124448, 22.352095 ], [ 88.12593, 22.351016 ], [ 88.127435, 22.351202 ], [ 88.129193, 22.351836 ], [ 88.130864, 22.353734 ], [ 88.130986, 22.353788 ], [ 88.131742, 22.354119 ], [ 88.133618, 22.353933 ], [ 88.134208, 22.35375 ], [ 88.134693, 22.353599 ], [ 88.13489, 22.353606 ], [ 88.135868, 22.353637 ], [ 88.136746, 22.353316 ], [ 88.138142, 22.353203 ], [ 88.139179, 22.353442 ], [ 88.140333, 22.352869 ], [ 88.141133, 22.352216 ], [ 88.141688, 22.351459 ], [ 88.141577, 22.351082 ], [ 88.141371, 22.350388 ], [ 88.141188, 22.350172 ], [ 88.140867, 22.349793 ], [ 88.140588, 22.349464 ], [ 88.140479, 22.349017 ], [ 88.140326, 22.348393 ], [ 88.140463, 22.348017 ], [ 88.141123, 22.347743 ], [ 88.141991, 22.347884 ], [ 88.142764, 22.348701 ], [ 88.143201, 22.349333 ], [ 88.14334, 22.349904 ], [ 88.143694, 22.351353 ], [ 88.144288, 22.352251 ], [ 88.145421, 22.352626 ], [ 88.146237, 22.352667 ], [ 88.147742, 22.353046 ], [ 88.148435, 22.35307 ], [ 88.148954, 22.352662 ], [ 88.149263, 22.351988 ], [ 88.149432, 22.351049 ], [ 88.149649, 22.350753 ], [ 88.15004, 22.350724 ], [ 88.150393, 22.350926 ], [ 88.150744, 22.351293 ], [ 88.150774, 22.351756 ], [ 88.150703, 22.351962 ], [ 88.150518, 22.352496 ], [ 88.150496, 22.352925 ], [ 88.150778, 22.35311 ], [ 88.151363, 22.353133 ], [ 88.152012, 22.352692 ], [ 88.152122, 22.352617 ], [ 88.153075, 22.352142 ], [ 88.15407, 22.35213 ], [ 88.155062, 22.352427 ], [ 88.155816, 22.352831 ], [ 88.156219, 22.352791 ], [ 88.156604, 22.352222 ], [ 88.156929, 22.350595 ], [ 88.157364, 22.349762 ], [ 88.158267, 22.349507 ], [ 88.159451, 22.349563 ], [ 88.159691, 22.349579 ], [ 88.160638, 22.349641 ], [ 88.161534, 22.349694 ], [ 88.162269, 22.349636 ], [ 88.162652, 22.349265 ], [ 88.16292, 22.348607 ], [ 88.163138, 22.34752 ], [ 88.163539, 22.347087 ], [ 88.16457, 22.347015 ], [ 88.166775, 22.347078 ], [ 88.167743, 22.347334 ], [ 88.167771, 22.347352 ], [ 88.16938, 22.34835 ], [ 88.169976, 22.348528 ], [ 88.169996, 22.348534 ], [ 88.17085, 22.348488 ], [ 88.172414, 22.348021 ], [ 88.17364, 22.347079 ], [ 88.174188, 22.34654 ], [ 88.174408, 22.345752 ], [ 88.174131, 22.344285 ], [ 88.17382, 22.342896 ], [ 88.173855, 22.342575 ], [ 88.173885, 22.342293 ], [ 88.174453, 22.341626 ], [ 88.175653, 22.341212 ], [ 88.176983, 22.34102 ], [ 88.178027, 22.341387 ], [ 88.178202, 22.341498 ], [ 88.1792, 22.342127 ], [ 88.180178, 22.342386 ], [ 88.180275, 22.342412 ], [ 88.181751, 22.342555 ], [ 88.183134, 22.342322 ], [ 88.183517, 22.342202 ], [ 88.18466, 22.341844 ], [ 88.185941, 22.341165 ], [ 88.186408, 22.340446 ], [ 88.186406, 22.338932 ], [ 88.186523, 22.338424 ], [ 88.186709, 22.338291 ], [ 88.187, 22.33833 ], [ 88.187849, 22.338853 ], [ 88.188728, 22.338922 ], [ 88.18949, 22.33849 ], [ 88.189607, 22.33786 ], [ 88.190006, 22.337409 ], [ 88.19086, 22.337256 ], [ 88.192048, 22.336797 ], [ 88.192999, 22.336338 ], [ 88.193049, 22.336118 ], [ 88.193036, 22.335869 ], [ 88.192912, 22.335662 ], [ 88.192724, 22.335484 ], [ 88.19249, 22.335276 ], [ 88.192365, 22.335128 ], [ 88.192382, 22.334967 ], [ 88.192496, 22.33466 ], [ 88.193936, 22.334212 ], [ 88.194198, 22.334094 ], [ 88.195019, 22.333556 ], [ 88.196289, 22.33375 ], [ 88.196582, 22.333844 ], [ 88.197264, 22.334154 ], [ 88.197393, 22.334307 ], [ 88.197684, 22.334553 ], [ 88.197877, 22.334798 ], [ 88.19833, 22.335136 ], [ 88.198493, 22.335168 ], [ 88.198852, 22.335141 ], [ 88.198984, 22.335052 ], [ 88.199215, 22.33472 ], [ 88.199283, 22.334539 ], [ 88.199513, 22.334359 ], [ 88.199681, 22.333875 ], [ 88.19975, 22.333451 ], [ 88.199952, 22.332846 ], [ 88.200054, 22.332452 ], [ 88.200173, 22.332308 ], [ 88.200252, 22.332212 ], [ 88.201071, 22.331916 ], [ 88.201299, 22.331919 ], [ 88.201883, 22.332258 ], [ 88.201913, 22.332501 ], [ 88.201781, 22.332712 ], [ 88.201414, 22.333437 ], [ 88.201084, 22.333828 ], [ 88.200917, 22.334251 ], [ 88.200912, 22.334676 ], [ 88.201097, 22.335771 ], [ 88.201483, 22.33629 ], [ 88.201806, 22.336658 ], [ 88.202194, 22.336965 ], [ 88.202519, 22.33712 ], [ 88.203203, 22.337187 ], [ 88.204459, 22.336904 ], [ 88.206946, 22.336341 ], [ 88.207282, 22.336344 ], [ 88.2094, 22.335651 ], [ 88.209787, 22.335387 ], [ 88.210459, 22.335304 ], [ 88.210799, 22.334951 ], [ 88.210955, 22.333792 ], [ 88.210914, 22.333032 ], [ 88.210686, 22.331914 ], [ 88.210837, 22.331246 ], [ 88.210889, 22.330845 ], [ 88.211038, 22.330311 ], [ 88.211137, 22.329999 ], [ 88.211569, 22.329959 ], [ 88.212586, 22.329121 ], [ 88.212782, 22.328721 ], [ 88.213219, 22.328189 ], [ 88.214519, 22.327756 ], [ 88.215, 22.327671 ], [ 88.215621, 22.327856 ], [ 88.218061, 22.328574 ], [ 88.218699, 22.328893 ], [ 88.218938, 22.329321 ], [ 88.219089, 22.329549 ], [ 88.21945, 22.329978 ], [ 88.220146, 22.33061 ], [ 88.221147, 22.33113 ], [ 88.22185, 22.330967 ], [ 88.222633, 22.330658 ], [ 88.223045, 22.330496 ], [ 88.22332, 22.330414 ], [ 88.223932, 22.330278 ], [ 88.224328, 22.33031 ], [ 88.224785, 22.330314 ], [ 88.225182, 22.330318 ], [ 88.225397, 22.330179 ], [ 88.225577, 22.329534 ], [ 88.225578, 22.329426 ], [ 88.225902, 22.329184 ], [ 88.22643, 22.328972 ], [ 88.226755, 22.328595 ], [ 88.22711, 22.328164 ], [ 88.227171, 22.327811 ], [ 88.227264, 22.32735 ], [ 88.227268, 22.326943 ], [ 88.227095, 22.32667 ], [ 88.22701, 22.326397 ], [ 88.226897, 22.326043 ], [ 88.226786, 22.325498 ], [ 88.226818, 22.325227 ], [ 88.226939, 22.324794 ], [ 88.227528, 22.324256 ], [ 88.227676, 22.324122 ], [ 88.228087, 22.323881 ], [ 88.228468, 22.323695 ], [ 88.229666, 22.323625 ], [ 88.229869, 22.323763 ], [ 88.230337, 22.323767 ], [ 88.231329, 22.323804 ], [ 88.232268, 22.323379 ], [ 88.23385, 22.322824 ], [ 88.235491, 22.322296 ], [ 88.236659, 22.32228 ], [ 88.237362, 22.32207 ], [ 88.238065, 22.321859 ], [ 88.239156, 22.321344 ], [ 88.239529, 22.321348 ], [ 88.239875, 22.321401 ], [ 88.240222, 22.321429 ], [ 88.240674, 22.321533 ], [ 88.240939, 22.321684 ], [ 88.24103, 22.321771 ], [ 88.241124, 22.32186 ], [ 88.241307, 22.322209 ], [ 88.241566, 22.323005 ], [ 88.24161, 22.323923 ], [ 88.241685, 22.324395 ], [ 88.241787, 22.324942 ], [ 88.241863, 22.325315 ], [ 88.241858, 22.325836 ], [ 88.241853, 22.326307 ], [ 88.241768, 22.326827 ], [ 88.241815, 22.327498 ], [ 88.24189, 22.327945 ], [ 88.242153, 22.328369 ], [ 88.242258, 22.328519 ], [ 88.242495, 22.328819 ], [ 88.242785, 22.329095 ], [ 88.24313, 22.329346 ], [ 88.243476, 22.329424 ], [ 88.244288, 22.329285 ], [ 88.244571, 22.329236 ], [ 88.244902, 22.329143 ], [ 88.245507, 22.328972 ], [ 88.24653, 22.32794 ], [ 88.247902, 22.326787 ], [ 88.249088, 22.325484 ], [ 88.250326, 22.324355 ], [ 88.251582, 22.324119 ], [ 88.253071, 22.322645 ], [ 88.253619, 22.32221 ], [ 88.254957, 22.32199 ], [ 88.255839, 22.321958 ], [ 88.258162, 22.32321 ], [ 88.259024, 22.323466 ], [ 88.260667, 22.323954 ], [ 88.261938, 22.325585 ], [ 88.263415, 22.326019 ], [ 88.264905, 22.325195 ], [ 88.264985, 22.32493 ], [ 88.265372, 22.323642 ], [ 88.264735, 22.322976 ], [ 88.263063, 22.32266 ], [ 88.262042, 22.321691 ], [ 88.261936, 22.321267 ], [ 88.261485, 22.319468 ], [ 88.261631, 22.317791 ], [ 88.262989, 22.317266 ], [ 88.264391, 22.318778 ], [ 88.265802, 22.318008 ], [ 88.266789, 22.316989 ], [ 88.266479, 22.315473 ], [ 88.265578, 22.314495 ], [ 88.265131, 22.313704 ], [ 88.264751, 22.312611 ], [ 88.26529, 22.3108 ], [ 88.264982, 22.309502 ], [ 88.265471, 22.308073 ], [ 88.267025, 22.306821 ], [ 88.267747, 22.305725 ], [ 88.267349, 22.304012 ], [ 88.266178, 22.302622 ], [ 88.265662, 22.300962 ], [ 88.264973, 22.298805 ], [ 88.26539, 22.297649 ], [ 88.266859, 22.297445 ], [ 88.268206, 22.297622 ], [ 88.268333, 22.297267 ], [ 88.268567, 22.296611 ], [ 88.268737, 22.296134 ], [ 88.26875, 22.296099 ], [ 88.269651, 22.294034 ], [ 88.269508, 22.291595 ], [ 88.269501, 22.291467 ], [ 88.268758, 22.289549 ], [ 88.268424, 22.287799 ], [ 88.267082, 22.287076 ], [ 88.265676, 22.286843 ], [ 88.266426, 22.285779 ], [ 88.266438, 22.28455 ], [ 88.265537, 22.28283 ], [ 88.265268, 22.281064 ], [ 88.265271, 22.280996 ], [ 88.265339, 22.279675 ], [ 88.266965, 22.277981 ], [ 88.267504, 22.27733 ], [ 88.267786, 22.27699 ], [ 88.268326, 22.275768 ], [ 88.269757, 22.274997 ], [ 88.269791, 22.274851 ], [ 88.270005, 22.273929 ], [ 88.270143, 22.273333 ], [ 88.271376, 22.271431 ], [ 88.272176, 22.270519 ], [ 88.272443, 22.270215 ], [ 88.273105, 22.268924 ], [ 88.273964, 22.267249 ], [ 88.273659, 22.265679 ], [ 88.274475, 22.264269 ], [ 88.273849, 22.262771 ], [ 88.274125, 22.261429 ], [ 88.274186, 22.261132 ], [ 88.273791, 22.260532 ], [ 88.272352, 22.260144 ], [ 88.271068, 22.260281 ], [ 88.269937, 22.26109 ], [ 88.269223, 22.260337 ], [ 88.26923, 22.259666 ], [ 88.269238, 22.258919 ], [ 88.2682, 22.258536 ], [ 88.267011, 22.257181 ], [ 88.265006, 22.257236 ], [ 88.264199, 22.25775 ], [ 88.262591, 22.258182 ], [ 88.262233, 22.25767 ], [ 88.261643, 22.256829 ], [ 88.260223, 22.256926 ], [ 88.26054, 22.25448 ], [ 88.260847, 22.254366 ], [ 88.260552, 22.254048 ], [ 88.260169, 22.253997 ], [ 88.258329, 22.254003 ], [ 88.257382, 22.254311 ], [ 88.257124, 22.254396 ], [ 88.256202, 22.254696 ], [ 88.255767, 22.254692 ], [ 88.255564, 22.254595 ], [ 88.25536, 22.254569 ], [ 88.254824, 22.254492 ], [ 88.254186, 22.254391 ], [ 88.253726, 22.254458 ], [ 88.253596, 22.2546 ], [ 88.253457, 22.254874 ], [ 88.25344, 22.254907 ], [ 88.253154, 22.255428 ], [ 88.25305, 22.255593 ], [ 88.252921, 22.255735 ], [ 88.25274, 22.255899 ], [ 88.252356, 22.255991 ], [ 88.25223, 22.255847 ], [ 88.252104, 22.255632 ], [ 88.252031, 22.255322 ], [ 88.251855, 22.254987 ], [ 88.251423, 22.254721 ], [ 88.251066, 22.254647 ], [ 88.250784, 22.254763 ], [ 88.250654, 22.254976 ], [ 88.250447, 22.255283 ], [ 88.250343, 22.255496 ], [ 88.250083, 22.255898 ], [ 88.249461, 22.256843 ], [ 88.248692, 22.25705 ], [ 88.248281, 22.25726 ], [ 88.247255, 22.257678 ], [ 88.246768, 22.257888 ], [ 88.246716, 22.25791 ], [ 88.246306, 22.258002 ], [ 88.245694, 22.257901 ], [ 88.245259, 22.25792 ], [ 88.244672, 22.257914 ], [ 88.24434, 22.257911 ], [ 88.243675, 22.257905 ], [ 88.243188, 22.258067 ], [ 88.242931, 22.258207 ], [ 88.242778, 22.258182 ], [ 88.24229, 22.25851 ], [ 88.242056, 22.25884 ], [ 88.241949, 22.259339 ], [ 88.241943, 22.259933 ], [ 88.24212, 22.260704 ], [ 88.24214, 22.261271 ], [ 88.242061, 22.261506 ], [ 88.241882, 22.261717 ], [ 88.240912, 22.262345 ], [ 88.240266, 22.262349 ], [ 88.239466, 22.262354 ], [ 88.238984, 22.262468 ], [ 88.23845, 22.262628 ], [ 88.238018, 22.262671 ], [ 88.237585, 22.262832 ], [ 88.237179, 22.262922 ], [ 88.236696, 22.262988 ], [ 88.236035, 22.263147 ], [ 88.235628, 22.263285 ], [ 88.235427, 22.263165 ], [ 88.235251, 22.263021 ], [ 88.235178, 22.26269 ], [ 88.235209, 22.262148 ], [ 88.235161, 22.261888 ], [ 88.234897, 22.261606 ], [ 88.234759, 22.261459 ], [ 88.234354, 22.261384 ], [ 88.233797, 22.261308 ], [ 88.233341, 22.261256 ], [ 88.23276, 22.261109 ], [ 88.232101, 22.261032 ], [ 88.231467, 22.261002 ], [ 88.230604, 22.261135 ], [ 88.229789, 22.261458 ], [ 88.229583, 22.261763 ], [ 88.229176, 22.261947 ], [ 88.228819, 22.262133 ], [ 88.228335, 22.262317 ], [ 88.227979, 22.262478 ], [ 88.227293, 22.262566 ], [ 88.226279, 22.262875 ], [ 88.225821, 22.263027 ], [ 88.225411, 22.263157 ], [ 88.225048, 22.263333 ], [ 88.224349, 22.263572 ], [ 88.223989, 22.263546 ], [ 88.223292, 22.263495 ], [ 88.222619, 22.263488 ], [ 88.221946, 22.263504 ], [ 88.221369, 22.263521 ], [ 88.221106, 22.263597 ], [ 88.220621, 22.263737 ], [ 88.220357, 22.263769 ], [ 88.219779, 22.263841 ], [ 88.21913, 22.263812 ], [ 88.218243, 22.263624 ], [ 88.217643, 22.263484 ], [ 88.21685, 22.263454 ], [ 88.216225, 22.263492 ], [ 88.215504, 22.263485 ], [ 88.21495, 22.263547 ], [ 88.214182, 22.263428 ], [ 88.21315, 22.263283 ], [ 88.212381, 22.263231 ], [ 88.211875, 22.263382 ], [ 88.211058, 22.263352 ], [ 88.210336, 22.263367 ], [ 88.208992, 22.263421 ], [ 88.208863, 22.263426 ], [ 88.207695, 22.263473 ], [ 88.206442, 22.263606 ], [ 88.205973, 22.263601 ], [ 88.205228, 22.263812 ], [ 88.204208, 22.264239 ], [ 88.203775, 22.264489 ], [ 88.203418, 22.264995 ], [ 88.203298, 22.265248 ], [ 88.202942, 22.265681 ], [ 88.202112, 22.266546 ], [ 88.201832, 22.267235 ], [ 88.201591, 22.267778 ], [ 88.20139, 22.268395 ], [ 88.201033, 22.268864 ], [ 88.200873, 22.269263 ], [ 88.20013, 22.269435 ], [ 88.199971, 22.269472 ], [ 88.199659, 22.269469 ], [ 88.19927, 22.269283 ], [ 88.199115, 22.2691 ], [ 88.198884, 22.26877 ], [ 88.198612, 22.268585 ], [ 88.197988, 22.268434 ], [ 88.197714, 22.268504 ], [ 88.19721, 22.268062 ], [ 88.197019, 22.267623 ], [ 88.196788, 22.267257 ], [ 88.196597, 22.266855 ], [ 88.196247, 22.266706 ], [ 88.19587, 22.266814 ], [ 88.194515, 22.267873 ], [ 88.194232, 22.26788 ], [ 88.194052, 22.267765 ], [ 88.193616, 22.266858 ], [ 88.193344, 22.26678 ], [ 88.193141, 22.266872 ], [ 88.193063, 22.269589 ], [ 88.192898, 22.269935 ], [ 88.192653, 22.270121 ], [ 88.191809, 22.270658 ], [ 88.191313, 22.270728 ], [ 88.190759, 22.270562 ], [ 88.188457, 22.269777 ], [ 88.18818, 22.269783 ], [ 88.188013, 22.269786 ], [ 88.1863, 22.270543 ], [ 88.18584, 22.270623 ], [ 88.185744, 22.27064 ], [ 88.184928, 22.270516 ], [ 88.18297, 22.269817 ], [ 88.182092, 22.269504 ], [ 88.181484, 22.269277 ], [ 88.181202, 22.268643 ], [ 88.181155, 22.268279 ], [ 88.181141, 22.267963 ], [ 88.181095, 22.267488 ], [ 88.181028, 22.267393 ], [ 88.180724, 22.267264 ], [ 88.180451, 22.267387 ], [ 88.180195, 22.267543 ], [ 88.18004, 22.267715 ], [ 88.179935, 22.268061 ], [ 88.179846, 22.268439 ], [ 88.179859, 22.268803 ], [ 88.179889, 22.26923 ], [ 88.179935, 22.269688 ], [ 88.179963, 22.270225 ], [ 88.17995, 22.270457 ], [ 88.179942, 22.270604 ], [ 88.179821, 22.270824 ], [ 88.179633, 22.27098 ], [ 88.179394, 22.271152 ], [ 88.179256, 22.271277 ], [ 88.179119, 22.271433 ], [ 88.17847, 22.271822 ], [ 88.178199, 22.271803 ], [ 88.177843, 22.271768 ], [ 88.177505, 22.271559 ], [ 88.177288, 22.271288 ], [ 88.176968, 22.271048 ], [ 88.176662, 22.271045 ], [ 88.17651, 22.270965 ], [ 88.176427, 22.27079 ], [ 88.176379, 22.270521 ], [ 88.176367, 22.270047 ], [ 88.176354, 22.269668 ], [ 88.176531, 22.268959 ], [ 88.176551, 22.268627 ], [ 88.176435, 22.268358 ], [ 88.17637, 22.268089 ], [ 88.176323, 22.267788 ], [ 88.176293, 22.267361 ], [ 88.176296, 22.267061 ], [ 88.176214, 22.266792 ], [ 88.176029, 22.266648 ], [ 88.175741, 22.266597 ], [ 88.175297, 22.266893 ], [ 88.175021, 22.267269 ], [ 88.1749, 22.267537 ], [ 88.174863, 22.267789 ], [ 88.17486, 22.268026 ], [ 88.174891, 22.268311 ], [ 88.175007, 22.268596 ], [ 88.175173, 22.269024 ], [ 88.175188, 22.269214 ], [ 88.175151, 22.269435 ], [ 88.175048, 22.269576 ], [ 88.174978, 22.269765 ], [ 88.174926, 22.269889 ], [ 88.174874, 22.270016 ], [ 88.17482, 22.270268 ], [ 88.174815, 22.270726 ], [ 88.17481, 22.271216 ], [ 88.174856, 22.27169 ], [ 88.175158, 22.272514 ], [ 88.175156, 22.27274 ], [ 88.175172, 22.272902 ], [ 88.175152, 22.273128 ], [ 88.175029, 22.273256 ], [ 88.174837, 22.273303 ], [ 88.174297, 22.273507 ], [ 88.173984, 22.273536 ], [ 88.173688, 22.273582 ], [ 88.173479, 22.273644 ], [ 88.173218, 22.273658 ], [ 88.173028, 22.273591 ], [ 88.172804, 22.273444 ], [ 88.172301, 22.273293 ], [ 88.171902, 22.273257 ], [ 88.171555, 22.273286 ], [ 88.170806, 22.273465 ], [ 88.170649, 22.273503 ], [ 88.170509, 22.273566 ], [ 88.170126, 22.273659 ], [ 88.169918, 22.273673 ], [ 88.169204, 22.273795 ], [ 88.168856, 22.273873 ], [ 88.16856, 22.273967 ], [ 88.1683, 22.273899 ], [ 88.168023, 22.273799 ], [ 88.167677, 22.273699 ], [ 88.167191, 22.273646 ], [ 88.165121, 22.273779 ], [ 88.1648, 22.273906 ], [ 88.164037, 22.274104 ], [ 88.163534, 22.274285 ], [ 88.163293, 22.274394 ], [ 88.163152, 22.274486 ], [ 88.162749, 22.274743 ], [ 88.162526, 22.274927 ], [ 88.162177, 22.275215 ], [ 88.162102, 22.275277 ], [ 88.1619, 22.275517 ], [ 88.161754, 22.276056 ], [ 88.16175, 22.276394 ], [ 88.161749, 22.276503 ], [ 88.161886, 22.276802 ], [ 88.162005, 22.276915 ], [ 88.162104, 22.277047 ], [ 88.162201, 22.277346 ], [ 88.162152, 22.278128 ], [ 88.16203, 22.278331 ], [ 88.161906, 22.278684 ], [ 88.161824, 22.27887 ], [ 88.161723, 22.278981 ], [ 88.161562, 22.279091 ], [ 88.16086, 22.279195 ], [ 88.16058, 22.279118 ], [ 88.160261, 22.279003 ], [ 88.159964, 22.278739 ], [ 88.159646, 22.278512 ], [ 88.159167, 22.278358 ], [ 88.158978, 22.278336 ], [ 88.158647, 22.278297 ], [ 88.158377, 22.278366 ], [ 88.158144, 22.278516 ], [ 88.157801, 22.278754 ], [ 88.1577, 22.278846 ], [ 88.157498, 22.279031 ], [ 88.157295, 22.279252 ], [ 88.156573, 22.279431 ], [ 88.156113, 22.279333 ], [ 88.155673, 22.279273 ], [ 88.155394, 22.279177 ], [ 88.154956, 22.278949 ], [ 88.154496, 22.278851 ], [ 88.153856, 22.278844 ], [ 88.153454, 22.278971 ], [ 88.152952, 22.279152 ], [ 88.15267, 22.279279 ], [ 88.152267, 22.279518 ], [ 88.151945, 22.279701 ], [ 88.151816, 22.27991 ], [ 88.151691, 22.279982 ], [ 88.151601, 22.279981 ], [ 88.151573, 22.279977 ], [ 88.151387, 22.279947 ], [ 88.151129, 22.279808 ], [ 88.150726, 22.279563 ], [ 88.150412, 22.279434 ], [ 88.150008, 22.279325 ], [ 88.14947, 22.279068 ], [ 88.14901, 22.278864 ], [ 88.148515, 22.278786 ], [ 88.147817, 22.278768 ], [ 88.147388, 22.278795 ], [ 88.146392, 22.278845 ], [ 88.146011, 22.278827 ], [ 88.145813, 22.278825 ], [ 88.145295, 22.278692 ], [ 88.144795, 22.278374 ], [ 88.144462, 22.278101 ], [ 88.144306, 22.277885 ], [ 88.144161, 22.277686 ], [ 88.143967, 22.277272 ], [ 88.143757, 22.276986 ], [ 88.143316, 22.276754 ], [ 88.142966, 22.276708 ], [ 88.142447, 22.276731 ], [ 88.141943, 22.276768 ], [ 88.141682, 22.276837 ], [ 88.141315, 22.276975 ], [ 88.141007, 22.277199 ], [ 88.140899, 22.277326 ], [ 88.140697, 22.27765 ], [ 88.140572, 22.277919 ], [ 88.14054, 22.278061 ], [ 88.140553, 22.278231 ], [ 88.140658, 22.278417 ], [ 88.140733, 22.278574 ], [ 88.140741, 22.278777 ], [ 88.140745, 22.278872 ], [ 88.140651, 22.279099 ], [ 88.140528, 22.279211 ], [ 88.140268, 22.279265 ], [ 88.139855, 22.279289 ], [ 88.139534, 22.279357 ], [ 88.139058, 22.279664 ], [ 88.138599, 22.279759 ], [ 88.138139, 22.279925 ], [ 88.138016, 22.280051 ], [ 88.137846, 22.280263 ], [ 88.137581, 22.2807 ], [ 88.137365, 22.280906 ], [ 88.137175, 22.281091 ], [ 88.136731, 22.281124 ], [ 88.136448, 22.281171 ], [ 88.136365, 22.281168 ], [ 88.135938, 22.281154 ], [ 88.135522, 22.281087 ], [ 88.135238, 22.281234 ], [ 88.135089, 22.281357 ], [ 88.134952, 22.281594 ], [ 88.134936, 22.281806 ], [ 88.134907, 22.282081 ], [ 88.134863, 22.282393 ], [ 88.13478, 22.282592 ], [ 88.134696, 22.282892 ], [ 88.134613, 22.283153 ], [ 88.134517, 22.283353 ], [ 88.134301, 22.283463 ], [ 88.134045, 22.283498 ], [ 88.133762, 22.283545 ], [ 88.133533, 22.283617 ], [ 88.133303, 22.283703 ], [ 88.13287, 22.283986 ], [ 88.132855, 22.284148 ], [ 88.132745, 22.284385 ], [ 88.132515, 22.284557 ], [ 88.132339, 22.284618 ], [ 88.132057, 22.284615 ], [ 88.131668, 22.284611 ], [ 88.131076, 22.284618 ], [ 88.130605, 22.2847 ], [ 88.130052, 22.284857 ], [ 88.129565, 22.285127 ], [ 88.129456, 22.285301 ], [ 88.128885, 22.28592 ], [ 88.12854, 22.286245 ], [ 88.128273, 22.286365 ], [ 88.128161, 22.286383 ], [ 88.127946, 22.286343 ], [ 88.127754, 22.286227 ], [ 88.127541, 22.286054 ], [ 88.127441, 22.285853 ], [ 88.127299, 22.285775 ], [ 88.127043, 22.285763 ], [ 88.126695, 22.285817 ], [ 88.126459, 22.285919 ], [ 88.126171, 22.286096 ], [ 88.126017, 22.286161 ], [ 88.125803, 22.286121 ], [ 88.125631, 22.285977 ], [ 88.12548, 22.285766 ], [ 88.12529, 22.285393 ], [ 88.125111, 22.284944 ], [ 88.124949, 22.284781 ], [ 88.124716, 22.284608 ], [ 88.124524, 22.284406 ], [ 88.124465, 22.284177 ], [ 88.124478, 22.283968 ], [ 88.124726, 22.283695 ], [ 88.124909, 22.28312 ], [ 88.124911, 22.282928 ], [ 88.124781, 22.282722 ], [ 88.124578, 22.282432 ], [ 88.124317, 22.282101 ], [ 88.124291, 22.281717 ], [ 88.124309, 22.281471 ], [ 88.124373, 22.28131 ], [ 88.124384, 22.28128 ], [ 88.12443, 22.281144 ], [ 88.124361, 22.280692 ], [ 88.124201, 22.280567 ], [ 88.123864, 22.280496 ], [ 88.123184, 22.280697 ], [ 88.122566, 22.281055 ], [ 88.122341, 22.281219 ], [ 88.122296, 22.28126 ], [ 88.121546, 22.281384 ], [ 88.121287, 22.281456 ], [ 88.120564, 22.281548 ], [ 88.120491, 22.28173 ], [ 88.120453, 22.281945 ], [ 88.12044, 22.282236 ], [ 88.120473, 22.282501 ], [ 88.120507, 22.282709 ], [ 88.120503, 22.283024 ], [ 88.120446, 22.283355 ], [ 88.120389, 22.283481 ], [ 88.120286, 22.283705 ], [ 88.12016, 22.283797 ], [ 88.119975, 22.283919 ], [ 88.119866, 22.283996 ], [ 88.119782, 22.284065 ], [ 88.11954, 22.284086 ], [ 88.119473, 22.284077 ], [ 88.119348, 22.28406 ], [ 88.11919, 22.284028 ], [ 88.119041, 22.283925 ], [ 88.118934, 22.283823 ], [ 88.118819, 22.283659 ], [ 88.118696, 22.283448 ], [ 88.118573, 22.283268 ], [ 88.118451, 22.282949 ], [ 88.118286, 22.282753 ], [ 88.118072, 22.282502 ], [ 88.117841, 22.28229 ], [ 88.117558, 22.28221 ], [ 88.117258, 22.282214 ], [ 88.116831, 22.282288 ], [ 88.116597, 22.282363 ], [ 88.116329, 22.28243 ], [ 88.11591, 22.282614 ], [ 88.115719, 22.282644 ], [ 88.115476, 22.282641 ], [ 88.115286, 22.282591 ], [ 88.115063, 22.282428 ], [ 88.114805, 22.282248 ], [ 88.114427, 22.281921 ], [ 88.114204, 22.281725 ], [ 88.113808, 22.281479 ], [ 88.113378, 22.281249 ], [ 88.112981, 22.2811 ], [ 88.112392, 22.281062 ], [ 88.111802, 22.281136 ], [ 88.111612, 22.281134 ], [ 88.111171, 22.281235 ], [ 88.111073, 22.281257 ], [ 88.110707, 22.281463 ], [ 88.11034, 22.281782 ], [ 88.110077, 22.282053 ], [ 88.109884, 22.282309 ], [ 88.109638, 22.28258 ], [ 88.109358, 22.282851 ], [ 88.109079, 22.283058 ], [ 88.10866, 22.283328 ], [ 88.10833, 22.283437 ], [ 88.108201, 22.283474 ], [ 88.107895, 22.283562 ], [ 88.107618, 22.283591 ], [ 88.107306, 22.283572 ], [ 88.107134, 22.283489 ], [ 88.1069, 22.283225 ], [ 88.106864, 22.28319 ], [ 88.106729, 22.283027 ], [ 88.106657, 22.282877 ], [ 88.106436, 22.282771 ], [ 88.106127, 22.282687 ], [ 88.105854, 22.282776 ], [ 88.10557, 22.282819 ], [ 88.105272, 22.282908 ], [ 88.105135, 22.283045 ], [ 88.10506, 22.283067 ], [ 88.104985, 22.283135 ], [ 88.104811, 22.283283 ], [ 88.104698, 22.283408 ], [ 88.104647, 22.283546 ], [ 88.104557, 22.283833 ], [ 88.104444, 22.28405 ], [ 88.104244, 22.284266 ], [ 88.104155, 22.284426 ], [ 88.10403, 22.284609 ], [ 88.103905, 22.284757 ], [ 88.103754, 22.28494 ], [ 88.103617, 22.285042 ], [ 88.103417, 22.285224 ], [ 88.103081, 22.285416 ], [ 88.102828, 22.285597 ], [ 88.102795, 22.28562 ], [ 88.102596, 22.285721 ], [ 88.102297, 22.285902 ], [ 88.101813, 22.286093 ], [ 88.101726, 22.286161 ], [ 88.101528, 22.286216 ], [ 88.101428, 22.286284 ], [ 88.101352, 22.28641 ], [ 88.101202, 22.286558 ], [ 88.101114, 22.286718 ], [ 88.100988, 22.28697 ], [ 88.100932, 22.287145 ], [ 88.101655, 22.288688 ], [ 88.101781, 22.288958 ], [ 88.102595, 22.291387 ], [ 88.103116, 22.292941 ], [ 88.103153, 22.295673 ], [ 88.103105, 22.298912 ], [ 88.102894, 22.302169 ], [ 88.102631, 22.304118 ], [ 88.102544, 22.304757 ], [ 88.102258, 22.30609 ], [ 88.101894, 22.307791 ], [ 88.101652, 22.310516 ], [ 88.101595, 22.311152 ], [ 88.101584, 22.311284 ], [ 88.101464, 22.314283 ], [ 88.100958, 22.317841 ], [ 88.100216, 22.323051 ], [ 88.100002, 22.323748 ], [ 88.099308, 22.326009 ], [ 88.098278, 22.330318 ], [ 88.098081, 22.331263 ], [ 88.097884, 22.332205 ], [ 88.097644, 22.33335 ], [ 88.096493, 22.334685 ], [ 88.096646, 22.346059 ], [ 88.096692, 22.349498 ], [ 88.095377, 22.352712 ], [ 88.095124, 22.35333 ], [ 88.094929, 22.353808 ], [ 88.094482, 22.3549 ], [ 88.094286, 22.35538 ], [ 88.094273, 22.355893 ], [ 88.094147, 22.36105 ], [ 88.094372, 22.361018 ], [ 88.096802, 22.360431 ], [ 88.0986, 22.359618 ] ] ] } },
{ "type": "Feature", "properties": { "census2011_code": "02426", "block_name": "Diamond Harbour-I", "geoboundaries_shape_id": "7132399B44062325856190", "area_km2": 91.3, "land_area_km2": 91.3, "water_area_km2": 0.0 }, "geometry": { "type": "Polygon", "coordinates": [ [ [ 88.069478, 22.212677 ], [ 88.069511, 22.212487 ], [ 88.069591, 22.212275 ], [ 88.069702, 22.212067 ], [ 88.069819, 22.21191 ], [ 88.06999, 22.211611 ], [ 88.070257, 22.211366 ], [ 88.071141, 22.210699 ], [ 88.071832, 22.210342 ], [ 88.07229, 22.210059 ], [ 88.072547, 22.209938 ], [ 88.07263, 22.209907 ], [ 88.072765, 22.209879 ], [ 88.07287, 22.20989 ], [ 88.073307, 22.209949 ], [ 88.073852, 22.209931 ], [ 88.074198, 22.209879 ], [ 88.074804, 22.209833 ], [ 88.075322, 22.209813 ], [ 88.07577, 22.209782 ], [ 88.076163, 22.209744 ], [ 88.076524, 22.209714 ], [ 88.076763, 22.209689 ], [ 88.077, 22.209665 ], [ 88.07724, 22.209653 ], [ 88.077517, 22.209645 ], [ 88.077863, 22.209627 ], [ 88.078138, 22.209609 ], [ 88.078479, 22.209574 ], [ 88.078701, 22.209562 ], [ 88.078927, 22.20955 ], [ 88.079075, 22.20954 ], [ 88.079203, 22.209518 ], [ 88.079267, 22.209498 ], [ 88.079412, 22.209494 ], [ 88.079644, 22.209498 ], [ 88.080017, 22.209482 ], [ 88.08019, 22.209461 ], [ 88.080644, 22.209437 ], [ 88.080947, 22.209403 ], [ 88.081066, 22.209415 ], [ 88.081537, 22.209393 ], [ 88.082015, 22.209353 ], [ 88.08244, 22.209323 ], [ 88.08298, 22.209265 ], [ 88.083562, 22.209194 ], [ 88.084136, 22.209095 ], [ 88.084691, 22.209014 ], [ 88.085204, 22.208909 ], [ 88.085695, 22.20878 ], [ 88.086146, 22.208671 ], [ 88.086631, 22.20855 ], [ 88.087129, 22.208422 ], [ 88.087485, 22.208335 ], [ 88.087624, 22.208295 ], [ 88.087829, 22.208275 ], [ 88.087938, 22.208273 ], [ 88.088238, 22.208342 ], [ 88.088678, 22.20843 ], [ 88.089215, 22.208572 ], [ 88.089904, 22.208625 ], [ 88.091076, 22.208678 ], [ 88.093121, 22.20889 ], [ 88.095222, 22.209314 ], [ 88.097843, 22.209561 ], [ 88.100604, 22.209746 ], [ 88.102904, 22.209834 ], [ 88.106004, 22.209602 ], [ 88.110819, 22.209298 ], [ 88.113878, 22.209146 ], [ 88.115854, 22.208816 ], [ 88.117621, 22.20852 ], [ 88.118538, 22.208203 ], [ 88.119438, 22.207866 ], [ 88.120857, 22.207378 ], [ 88.122072, 22.206944 ], [ 88.123196, 22.20651 ], [ 88.123801, 22.20629 ], [ 88.124498, 22.205934 ], [ 88.125127, 22.205585 ], [ 88.127454, 22.2042 ], [ 88.127532, 22.204154 ], [ 88.128149, 22.203723 ], [ 88.128769, 22.203347 ], [ 88.129384, 22.203028 ], [ 88.129606, 22.202901 ], [ 88.129886, 22.20276 ], [ 88.130062, 22.202724 ], [ 88.130424, 22.202665 ], [ 88.130725, 22.202596 ], [ 88.131093, 22.202517 ], [ 88.131383, 22.202429 ], [ 88.131626, 22.202374 ], [ 88.131997, 22.202295 ], [ 88.132345, 22.202226 ], [ 88.132482, 22.202154 ], [ 88.132677, 22.202023 ], [ 88.133094, 22.201885 ], [ 88.13345, 22.201816 ], [ 88.133909, 22.201773 ], [ 88.13422, 22.20173 ], [ 88.134902, 22.202921 ], [ 88.134751, 22.204123 ], [ 88.134473, 22.205147 ], [ 88.134183, 22.205984 ], [ 88.133907, 22.207145 ], [ 88.133698, 22.20785 ], [ 88.134059, 22.208264 ], [ 88.135116, 22.208505 ], [ 88.13619, 22.2086 ], [ 88.137198, 22.209032 ], [ 88.138414, 22.20923 ], [ 88.13895, 22.209488 ], [ 88.139312, 22.209662 ], [ 88.139458, 22.209741 ], [ 88.139863, 22.209959 ], [ 88.140479, 22.209963 ], [ 88.140922, 22.209906 ], [ 88.141824, 22.210421 ], [ 88.141728, 22.211265 ], [ 88.141709, 22.211305 ], [ 88.141349, 22.21204 ], [ 88.141103, 22.213218 ], [ 88.140983, 22.214316 ], [ 88.140847, 22.215398 ], [ 88.141313, 22.21648 ], [ 88.14172, 22.217321 ], [ 88.142111, 22.218314 ], [ 88.142741, 22.219098 ], [ 88.143192, 22.219573 ], [ 88.143625, 22.219635 ], [ 88.144697, 22.219835 ], [ 88.145872, 22.220349 ], [ 88.146976, 22.220552 ], [ 88.148483, 22.219861 ], [ 88.149043, 22.21944 ], [ 88.149981, 22.219075 ], [ 88.149893, 22.219364 ], [ 88.149737, 22.219879 ], [ 88.148983, 22.220744 ], [ 88.14839, 22.221449 ], [ 88.147783, 22.222405 ], [ 88.147457, 22.223484 ], [ 88.147874, 22.224351 ], [ 88.148856, 22.22438 ], [ 88.150081, 22.224092 ], [ 88.150747, 22.224706 ], [ 88.150819, 22.224772 ], [ 88.151371, 22.224953 ], [ 88.152418, 22.224733 ], [ 88.153149, 22.225236 ], [ 88.15402, 22.225522 ], [ 88.154072, 22.225539 ], [ 88.153943, 22.226523 ], [ 88.153925, 22.226667 ], [ 88.153279, 22.227386 ], [ 88.152801, 22.228294 ], [ 88.15342, 22.229319 ], [ 88.154226, 22.22992 ], [ 88.154845, 22.230803 ], [ 88.155533, 22.231467 ], [ 88.155832, 22.232523 ], [ 88.155935, 22.233634 ], [ 88.155721, 22.234682 ], [ 88.155616, 22.235741 ], [ 88.156523, 22.235737 ], [ 88.157385, 22.235484 ], [ 88.157993, 22.236166 ], [ 88.159175, 22.236132 ], [ 88.160254, 22.236056 ], [ 88.161218, 22.235749 ], [ 88.162156, 22.234927 ], [ 88.162902, 22.234496 ], [ 88.163939, 22.23364 ], [ 88.164078, 22.232517 ], [ 88.164753, 22.231694 ], [ 88.165166, 22.230828 ], [ 88.165156, 22.229782 ], [ 88.165368, 22.229711 ], [ 88.166232, 22.229419 ], [ 88.167257, 22.229271 ], [ 88.168348, 22.229369 ], [ 88.169211, 22.228651 ], [ 88.170255, 22.228118 ], [ 88.171094, 22.227624 ], [ 88.172247, 22.227584 ], [ 88.173309, 22.227711 ], [ 88.174345, 22.227147 ], [ 88.175403, 22.226903 ], [ 88.176496, 22.226806 ], [ 88.177598, 22.227071 ], [ 88.178319, 22.227739 ], [ 88.179264, 22.228211 ], [ 88.17958, 22.229222 ], [ 88.179487, 22.230369 ], [ 88.179953, 22.231137 ], [ 88.18062, 22.230268 ], [ 88.180839, 22.229176 ], [ 88.181207, 22.22827 ], [ 88.182134, 22.22781 ], [ 88.183169, 22.228141 ], [ 88.182988, 22.229234 ], [ 88.1831, 22.230252 ], [ 88.182442, 22.231067 ], [ 88.182664, 22.231978 ], [ 88.183496, 22.231805 ], [ 88.184591, 22.230202 ], [ 88.184572, 22.229028 ], [ 88.184545, 22.227372 ], [ 88.184603, 22.227269 ], [ 88.184972, 22.226604 ], [ 88.185848, 22.2261 ], [ 88.185836, 22.22502 ], [ 88.185513, 22.223949 ], [ 88.185551, 22.222947 ], [ 88.185723, 22.221823 ], [ 88.185729, 22.220884 ], [ 88.185487, 22.219758 ], [ 88.185245, 22.21874 ], [ 88.185019, 22.21763 ], [ 88.184959, 22.216613 ], [ 88.185148, 22.215547 ], [ 88.185757, 22.215326 ], [ 88.185911, 22.21527 ], [ 88.186882, 22.215849 ], [ 88.187786, 22.216427 ], [ 88.188792, 22.216243 ], [ 88.189539, 22.215894 ], [ 88.19034, 22.216623 ], [ 88.191038, 22.217365 ], [ 88.192186, 22.217274 ], [ 88.193245, 22.21756 ], [ 88.193805, 22.218522 ], [ 88.194507, 22.218894 ], [ 88.194993, 22.217958 ], [ 88.194931, 22.216868 ], [ 88.195943, 22.216383 ], [ 88.197066, 22.216474 ], [ 88.197523, 22.216635 ], [ 88.19805, 22.216821 ], [ 88.199126, 22.217125 ], [ 88.200183, 22.216832 ], [ 88.201237, 22.216876 ], [ 88.202167, 22.217505 ], [ 88.202941, 22.218222 ], [ 88.203883, 22.218885 ], [ 88.20451, 22.21813 ], [ 88.20406, 22.217181 ], [ 88.204377, 22.216112 ], [ 88.205051, 22.215447 ], [ 88.204914, 22.214365 ], [ 88.204892, 22.213288 ], [ 88.204885, 22.212251 ], [ 88.204984, 22.211178 ], [ 88.205479, 22.210243 ], [ 88.205917, 22.209943 ], [ 88.206358, 22.209643 ], [ 88.207526, 22.209402 ], [ 88.208489, 22.209228 ], [ 88.209562, 22.208868 ], [ 88.210638, 22.209128 ], [ 88.210653, 22.209132 ], [ 88.211617, 22.209392 ], [ 88.212697, 22.209471 ], [ 88.213801, 22.209269 ], [ 88.214837, 22.209098 ], [ 88.215975, 22.208762 ], [ 88.216118, 22.208722 ], [ 88.217127, 22.208444 ], [ 88.218072, 22.208164 ], [ 88.218816, 22.208795 ], [ 88.219109, 22.20918 ], [ 88.21946, 22.209642 ], [ 88.220462, 22.210012 ], [ 88.221086, 22.210888 ], [ 88.221546, 22.211871 ], [ 88.221897, 22.21288 ], [ 88.222227, 22.213952 ], [ 88.222569, 22.214947 ], [ 88.222868, 22.216009 ], [ 88.223134, 22.217072 ], [ 88.223409, 22.218055 ], [ 88.223187, 22.219142 ], [ 88.223217, 22.219203 ], [ 88.22364, 22.220055 ], [ 88.224212, 22.220998 ], [ 88.22454, 22.222148 ], [ 88.224854, 22.223209 ], [ 88.225358, 22.224093 ], [ 88.226075, 22.224967 ], [ 88.226804, 22.225775 ], [ 88.227908, 22.226196 ], [ 88.227966, 22.226198 ], [ 88.229053, 22.226245 ], [ 88.229626, 22.22704 ], [ 88.228789, 22.227589 ], [ 88.228634, 22.227608 ], [ 88.227913, 22.227583 ], [ 88.227542, 22.22757 ], [ 88.227464, 22.227655 ], [ 88.227564, 22.228758 ], [ 88.227775, 22.22975 ], [ 88.227811, 22.23089 ], [ 88.227722, 22.231887 ], [ 88.227817, 22.235067 ], [ 88.227616, 22.236059 ], [ 88.227096, 22.236982 ], [ 88.22608, 22.237506 ], [ 88.225801, 22.237521 ], [ 88.22496, 22.237567 ], [ 88.223875, 22.237859 ], [ 88.22279, 22.238052 ], [ 88.221706, 22.238079 ], [ 88.22041, 22.238357 ], [ 88.220716, 22.239479 ], [ 88.220555, 22.240453 ], [ 88.219874, 22.241291 ], [ 88.219159, 22.242135 ], [ 88.218555, 22.243061 ], [ 88.21795, 22.243967 ], [ 88.217435, 22.244874 ], [ 88.217234, 22.245135 ], [ 88.21678, 22.245723 ], [ 88.215946, 22.246472 ], [ 88.215091, 22.247115 ], [ 88.214154, 22.247671 ], [ 88.213435, 22.248208 ], [ 88.213104, 22.249307 ], [ 88.213359, 22.250376 ], [ 88.212753, 22.251069 ], [ 88.212472, 22.251576 ], [ 88.212187, 22.25209 ], [ 88.211831, 22.253028 ], [ 88.211758, 22.253598 ], [ 88.21205, 22.254594 ], [ 88.212149, 22.255622 ], [ 88.212126, 22.256714 ], [ 88.212716, 22.257613 ], [ 88.213009, 22.258462 ], [ 88.212212, 22.259149 ], [ 88.211402, 22.259814 ], [ 88.210553, 22.261067 ], [ 88.209978, 22.26186 ], [ 88.209186, 22.26252 ], [ 88.208793, 22.263002 ], [ 88.208992, 22.263421 ], [ 88.210336, 22.263367 ], [ 88.211058, 22.263352 ], [ 88.211875, 22.263382 ], [ 88.212381, 22.263231 ], [ 88.21315, 22.263283 ], [ 88.214182, 22.263428 ], [ 88.21495, 22.263547 ], [ 88.215504, 22.263485 ], [ 88.216225, 22.263492 ], [ 88.21685, 22.263454 ], [ 88.217643, 22.263484 ], [ 88.218243, 22.263624 ], [ 88.21913, 22.263812 ], [ 88.219779, 22.263841 ], [ 88.220357, 22.263769 ], [ 88.220621, 22.263737 ], [ 88.221106, 22.263597 ], [ 88.221369, 22.263521 ], [ 88.221946, 22.263504 ], [ 88.222619, 22.263488 ], [ 88.223292, 22.263495 ], [ 88.223989, 22.263546 ], [ 88.224349, 22.263572 ], [ 88.225048, 22.263333 ], [ 88.225411, 22.263157 ], [ 88.225821, 22.263027 ], [ 88.226279, 22.262875 ], [ 88.227293, 22.262566 ], [ 88.227979, 22.262478 ], [ 88.228335, 22.262317 ], [ 88.228819, 22.262133 ], [ 88.229176, 22.261947 ], [ 88.229583, 22.261763 ], [ 88.229789, 22.261458 ], [ 88.230604, 22.261135 ], [ 88.231467, 22.261002 ], [ 88.232101, 22.261032 ], [ 88.23276, 22.261109 ], [ 88.233341, 22.261256 ], [ 88.233797, 22.261308 ], [ 88.234354, 22.261384 ], [ 88.234759, 22.261459 ], [ 88.234897, 22.261606 ], [ 88.235161, 22.261888 ], [ 88.235209, 22.262148 ], [ 88.235178, 22.26269 ], [ 88.235251, 22.263021 ], [ 88.235427, 22.263165 ], [ 88.235628, 22.263285 ], [ 88.236035, 22.263147 ], [ 88.236696, 22.262988 ], [ 88.237179, 22.262922 ], [ 88.237585, 22.262832 ], [ 88.238018, 22.262671 ], [ 88.23845, 22.262628 ], [ 88.238984, 22.262468 ], [ 88.239466, 22.262354 ], [ 88.240266, 22.262349 ], [ 88.240912, 22.262345 ], [ 88.241882, 22.261717 ], [ 88.242061, 22.261506 ], [ 88.24214, 22.261271 ], [ 88.24212, 22.260704 ], [ 88.241943, 22.259933 ], [ 88.241949, 22.259339 ], [ 88.242056, 22.25884 ], [ 88.24229, 22.25851 ], [ 88.242778, 22.258182 ], [ 88.242931, 22.258207 ], [ 88.243188, 22.258067 ], [ 88.243675, 22.257905 ], [ 88.24434, 22.257911 ], [ 88.244672, 22.257914 ], [ 88.245259, 22.25792 ], [ 88.245694, 22.257901 ], [ 88.246306, 22.258002 ], [ 88.246716, 22.25791 ], [ 88.246768, 22.257888 ], [ 88.247255, 22.257678 ], [ 88.248281, 22.25726 ], [ 88.248692, 22.25705 ], [ 88.249461, 22.256843 ], [ 88.250083, 22.255898 ], [ 88.250343, 22.255496 ], [ 88.250447, 22.255283 ], [ 88.250654, 22.254976 ], [ 88.250784, 22.254763 ], [ 88.251066, 22.254647 ], [ 88.251423, 22.254721 ], [ 88.251855, 22.254987 ], [ 88.252031, 22.255322 ], [ 88.252104, 22.255632 ], [ 88.25223, 22.255847 ], [ 88.252356, 22.255991 ], [ 88.25274, 22.255899 ], [ 88.252921, 22.255735 ], [ 88.25305, 22.255593 ], [ 88.253154, 22.255428 ], [ 88.25344, 22.254907 ], [ 88.253457, 22.254874 ], [ 88.253596, 22.2546 ], [ 88.253726, 22.254458 ], [ 88.254186, 22.254391 ], [ 88.254824, 22.254492 ], [ 88.25536, 22.254569 ], [ 88.255564, 22.254595 ], [ 88.255767, 22.254692 ], [ 88.256202, 22.254696 ], [ 88.257124, 22.254396 ], [ 88.257382, 22.254311 ], [ 88.258329, 22.254003 ], [ 88.260169, 22.253997 ], [ 88.260552, 22.254048 ], [ 88.260847, 22.254366 ], [ 88.261971, 22.253951 ], [ 88.264066, 22.254206 ], [ 88.265731, 22.25555 ], [ 88.267005, 22.254001 ], [ 88.267105, 22.25244 ], [ 88.268546, 22.251892 ], [ 88.268706, 22.251831 ], [ 88.268388, 22.25011 ], [ 88.268917, 22.247538 ], [ 88.268339, 22.246595 ], [ 88.267767, 22.245105 ], [ 88.267642, 22.243771 ], [ 88.268356, 22.241908 ], [ 88.267858, 22.240784 ], [ 88.267299, 22.239524 ], [ 88.266224, 22.238866 ], [ 88.264993, 22.238423 ], [ 88.264874, 22.238393 ], [ 88.263444, 22.23803 ], [ 88.26322, 22.237974 ], [ 88.263373, 22.237076 ], [ 88.263511, 22.236262 ], [ 88.263549, 22.236035 ], [ 88.262722, 22.233798 ], [ 88.263282, 22.232598 ], [ 88.263591, 22.231937 ], [ 88.264486, 22.230702 ], [ 88.264732, 22.230364 ], [ 88.264685, 22.228599 ], [ 88.264509, 22.22659 ], [ 88.264787, 22.224951 ], [ 88.263752, 22.223907 ], [ 88.263788, 22.22343 ], [ 88.263904, 22.221901 ], [ 88.264011, 22.220521 ], [ 88.264073, 22.219716 ], [ 88.26356, 22.217852 ], [ 88.263835, 22.216987 ], [ 88.264094, 22.216665 ], [ 88.26552, 22.214897 ], [ 88.26621, 22.213592 ], [ 88.266335, 22.213355 ], [ 88.266425, 22.211063 ], [ 88.266302, 22.210009 ], [ 88.265257, 22.208139 ], [ 88.265391, 22.207429 ], [ 88.265468, 22.207026 ], [ 88.265552, 22.205229 ], [ 88.266441, 22.204042 ], [ 88.268256, 22.204123 ], [ 88.269008, 22.202878 ], [ 88.268757, 22.201123 ], [ 88.269182, 22.200041 ], [ 88.269516, 22.19919 ], [ 88.269737, 22.197315 ], [ 88.269975, 22.196307 ], [ 88.270018, 22.196128 ], [ 88.271411, 22.19536 ], [ 88.272566, 22.194306 ], [ 88.272992, 22.192117 ], [ 88.273282, 22.190051 ], [ 88.273062, 22.188848 ], [ 88.272708, 22.186911 ], [ 88.271849, 22.185336 ], [ 88.271068, 22.182695 ], [ 88.270679, 22.181187 ], [ 88.269265, 22.181298 ], [ 88.267382, 22.181091 ], [ 88.265565, 22.181073 ], [ 88.26388, 22.181245 ], [ 88.262253, 22.182419 ], [ 88.26117, 22.183035 ], [ 88.260029, 22.181252 ], [ 88.259925, 22.181179 ], [ 88.258811, 22.180398 ], [ 88.257074, 22.179826 ], [ 88.256171, 22.179529 ], [ 88.254686, 22.179514 ], [ 88.253389, 22.180043 ], [ 88.251581, 22.179964 ], [ 88.250161, 22.17989 ], [ 88.250319, 22.179369 ], [ 88.250562, 22.178571 ], [ 88.250604, 22.177924 ], [ 88.250639, 22.177369 ], [ 88.250533, 22.175082 ], [ 88.249331, 22.172724 ], [ 88.248908, 22.171912 ], [ 88.248301, 22.170745 ], [ 88.248134, 22.17036 ], [ 88.248079, 22.170234 ], [ 88.246643, 22.168961 ], [ 88.245653, 22.169223 ], [ 88.244978, 22.169206 ], [ 88.244671, 22.169199 ], [ 88.244368, 22.169019 ], [ 88.24291, 22.168329 ], [ 88.241931, 22.168025 ], [ 88.240992, 22.167882 ], [ 88.237506, 22.168027 ], [ 88.23726, 22.16801 ], [ 88.235652, 22.167893 ], [ 88.235456, 22.167879 ], [ 88.234299, 22.16785 ], [ 88.233667, 22.167835 ], [ 88.233297, 22.167923 ], [ 88.232762, 22.168253 ], [ 88.232067, 22.168678 ], [ 88.23142, 22.168624 ], [ 88.230386, 22.168538 ], [ 88.229439, 22.168514 ], [ 88.228922, 22.168532 ], [ 88.228596, 22.168543 ], [ 88.228293, 22.168582 ], [ 88.227962, 22.168625 ], [ 88.226588, 22.168836 ], [ 88.226057, 22.169019 ], [ 88.225563, 22.168861 ], [ 88.225332, 22.168559 ], [ 88.225074, 22.168256 ], [ 88.224864, 22.168177 ], [ 88.224572, 22.16817 ], [ 88.22364, 22.16832 ], [ 88.223132, 22.16848 ], [ 88.222595, 22.168763 ], [ 88.22243, 22.168863 ], [ 88.221813, 22.169238 ], [ 88.22144, 22.169327 ], [ 88.220803, 22.169336 ], [ 88.220566, 22.169256 ], [ 88.220121, 22.169023 ], [ 88.219592, 22.168985 ], [ 88.219165, 22.169098 ], [ 88.219088, 22.169115 ], [ 88.218658, 22.169209 ], [ 88.218125, 22.169319 ], [ 88.217885, 22.169338 ], [ 88.217725, 22.169383 ], [ 88.217218, 22.169519 ], [ 88.216921, 22.169709 ], [ 88.21662, 22.170072 ], [ 88.216477, 22.170489 ], [ 88.216414, 22.170882 ], [ 88.216165, 22.171296 ], [ 88.216083, 22.1714 ], [ 88.215974, 22.171538 ], [ 88.214084, 22.171614 ], [ 88.213559, 22.171535 ], [ 88.212883, 22.171433 ], [ 88.212036, 22.171472 ], [ 88.211285, 22.171545 ], [ 88.210601, 22.171528 ], [ 88.209745, 22.171659 ], [ 88.208773, 22.171896 ], [ 88.208506, 22.171961 ], [ 88.20675, 22.171746 ], [ 88.206065, 22.171324 ], [ 88.204988, 22.170326 ], [ 88.20438, 22.169177 ], [ 88.203787, 22.16708 ], [ 88.201909, 22.167883 ], [ 88.201244, 22.168574 ], [ 88.201701, 22.169033 ], [ 88.201067, 22.169912 ], [ 88.200633, 22.169705 ], [ 88.200756, 22.169536 ], [ 88.200708, 22.169511 ], [ 88.200577, 22.169687 ], [ 88.200366, 22.169566 ], [ 88.199817, 22.170289 ], [ 88.199885, 22.170328 ], [ 88.200395, 22.169643 ], [ 88.20079, 22.169873 ], [ 88.200381, 22.170468 ], [ 88.199972, 22.171171 ], [ 88.199179, 22.17194 ], [ 88.199051, 22.171961 ], [ 88.198911, 22.172037 ], [ 88.198852, 22.172221 ], [ 88.19877, 22.172405 ], [ 88.19835, 22.172916 ], [ 88.198256, 22.173014 ], [ 88.198152, 22.173046 ], [ 88.198059, 22.173165 ], [ 88.198116, 22.173273 ], [ 88.198035, 22.173468 ], [ 88.197675, 22.173825 ], [ 88.197546, 22.173955 ], [ 88.197313, 22.174031 ], [ 88.197242, 22.174096 ], [ 88.197113, 22.174355 ], [ 88.197043, 22.174625 ], [ 88.19702, 22.174906 ], [ 88.196927, 22.175016 ], [ 88.196799, 22.175114 ], [ 88.196682, 22.175234 ], [ 88.196612, 22.175385 ], [ 88.196635, 22.175558 ], [ 88.196007, 22.177045 ], [ 88.19546, 22.177724 ], [ 88.193749, 22.178623 ], [ 88.189739, 22.183791 ], [ 88.181547, 22.187821 ], [ 88.166783, 22.188485 ], [ 88.156056, 22.18605 ], [ 88.155675, 22.185652 ], [ 88.147503, 22.189466 ], [ 88.147502, 22.189466 ], [ 88.146013, 22.190161 ], [ 88.144512, 22.190861 ], [ 88.142904, 22.191311 ], [ 88.139081, 22.19238 ], [ 88.13908, 22.19238 ], [ 88.133905, 22.193827 ], [ 88.133627, 22.193897 ], [ 88.133437, 22.193944 ], [ 88.133424, 22.193947 ], [ 88.133163, 22.194013 ], [ 88.13311, 22.194026 ], [ 88.133057, 22.19404 ], [ 88.128822, 22.195145 ], [ 88.127887, 22.195299 ], [ 88.120915, 22.19645 ], [ 88.118412, 22.196863 ], [ 88.118411, 22.196863 ], [ 88.108505, 22.198497 ], [ 88.107434, 22.198562 ], [ 88.102463, 22.198862 ], [ 88.089999, 22.199615 ], [ 88.079585, 22.201368 ], [ 88.076045, 22.201964 ], [ 88.075616, 22.202036 ], [ 88.075195, 22.202144 ], [ 88.069634, 22.20357 ], [ 88.069078, 22.203712 ], [ 88.06394, 22.206365 ], [ 88.063848, 22.206413 ], [ 88.063756, 22.206459 ], [ 88.061823, 22.207432 ], [ 88.059317, 22.208693 ], [ 88.059316, 22.208693 ], [ 88.05774, 22.209487 ], [ 88.05733, 22.209693 ], [ 88.05868, 22.211705 ], [ 88.058681, 22.211706 ], [ 88.061065, 22.215258 ], [ 88.068958, 22.212603 ], [ 88.069463, 22.212758 ], [ 88.069478, 22.212677 ] ] ] } },
{ "type": "Feature", "properties": { "census2011_code": "02427", "block_name": "Diamond Harbour-II", "geoboundaries_shape_id": "7132399B75148677531452", "area_km2": 95.2, "land_area_km2": 95.2, "water_area_km2": 0.0 }, "geometry": { "type": "Polygon", "coordinates": [ [ [ 88.087875, 22.273204 ], [ 88.088108, 22.273414 ], [ 88.090583, 22.275649 ], [ 88.094522, 22.279113 ], [ 88.095235, 22.27974 ], [ 88.095782, 22.280287 ], [ 88.098487, 22.282987 ], [ 88.098604, 22.283163 ], [ 88.100152, 22.285482 ], [ 88.100932, 22.287145 ], [ 88.100988, 22.28697 ], [ 88.101114, 22.286718 ], [ 88.101202, 22.286558 ], [ 88.101352, 22.28641 ], [ 88.101428, 22.286284 ], [ 88.101528, 22.286216 ], [ 88.101726, 22.286161 ], [ 88.101813, 22.286093 ], [ 88.102297, 22.285902 ], [ 88.102596, 22.285721 ], [ 88.102795, 22.28562 ], [ 88.102828, 22.285597 ], [ 88.103081, 22.285416 ], [ 88.103417, 22.285224 ], [ 88.103617, 22.285042 ], [ 88.103754, 22.28494 ], [ 88.103905, 22.284757 ], [ 88.10403, 22.284609 ], [ 88.104155, 22.284426 ], [ 88.104244, 22.284266 ], [ 88.104444, 22.28405 ], [ 88.104557, 22.283833 ], [ 88.104647, 22.283546 ], [ 88.104698, 22.283408 ], [ 88.104811, 22.283283 ], [ 88.104985, 22.283135 ], [ 88.10506, 22.283067 ], [ 88.105135, 22.283045 ], [ 88.105272, 22.282908 ], [ 88.10557, 22.282819 ], [ 88.105854, 22.282776 ], [ 88.106127, 22.282687 ], [ 88.106436, 22.282771 ], [ 88.106657, 22.282877 ], [ 88.106729, 22.283027 ], [ 88.106864, 22.28319 ], [ 88.1069, 22.283225 ], [ 88.107134, 22.283489 ], [ 88.107306, 22.283572 ], [ 88.107618, 22.283591 ], [ 88.107895, 22.283562 ], [ 88.108201, 22.283474 ], [ 88.10833, 22.283437 ], [ 88.10866, 22.283328 ], [ 88.109079, 22.283058 ], [ 88.109358, 22.282851 ], [ 88.109638, 22.28258 ], [ 88.109884, 22.282309 ], [ 88.110077, 22.282053 ], [ 88.11034, 22.281782 ], [ 88.110707, 22.281463 ], [ 88.111073, 22.281257 ], [ 88.111171, 22.281235 ], [ 88.111612, 22.281134 ], [ 88.111802, 22.281136 ], [ 88.112392, 22.281062 ], [ 88.112981, 22.2811 ], [ 88.113378, 22.281249 ], [ 88.113808, 22.281479 ], [ 88.114204, 22.281725 ], [ 88.114427, 22.281921 ], [ 88.114805, 22.282248 ], [ 88.115063, 22.282428 ], [ 88.115286, 22.282591 ], [ 88.115476, 22.282641 ], [ 88.115719, 22.282644 ], [ 88.11591, 22.282614 ], [ 88.116329, 22.28243 ], [ 88.116597, 22.282363 ], [ 88.116831, 22.282288 ], [ 88.117258, 22.282214 ], [ 88.117558, 22.28221 ], [ 88.117841, 22.28229 ], [ 88.118072, 22.282502 ], [ 88.118286, 22.282753 ], [ 88.118451, 22.282949 ], [ 88.118573, 22.283268 ], [ 88.118696, 22.283448 ], [ 88.118819, 22.283659 ], [ 88.118934, 22.283823 ], [ 88.119041, 22.283925 ], [ 88.11919, 22.284028 ], [ 88.119348, 22.28406 ], [ 88.119473, 22.284077 ], [ 88.11954, 22.284086 ], [ 88.119782, 22.284065 ], [ 88.119866, 22.283996 ], [ 88.119975, 22.283919 ], [ 88.12016, 22.283797 ], [ 88.120286, 22.283705 ], [ 88.120389, 22.283481 ], [ 88.120446, 22.283355 ], [ 88.120503, 22.283024 ], [ 88.120507, 22.282709 ], [ 88.120473, 22.282501 ], [ 88.12044, 22.282236 ], [ 88.120453, 22.281945 ], [ 88.120491, 22.28173 ], [ 88.120564, 22.281548 ], [ 88.121287, 22.281456 ], [ 88.121546, 22.281384 ], [ 88.122296, 22.28126 ], [ 88.122341, 22.281219 ], [ 88.122566, 22.281055 ], [ 88.123184, 22.280697 ], [ 88.123864, 22.280496 ], [ 88.124201, 22.280567 ], [ 88.124361, 22.280692 ], [ 88.12443, 22.281144 ], [ 88.124384, 22.28128 ], [ 88.124373, 22.28131 ], [ 88.124309, 22.281471 ], [ 88.124291, 22.281717 ], [ 88.124317, 22.282101 ], [ 88.124578, 22.282432 ], [ 88.124781, 22.282722 ], [ 88.124911, 22.282928 ], [ 88.124909, 22.28312 ], [ 88.124726, 22.283695 ], [ 88.124478, 22.283968 ], [ 88.124465, 22.284177 ], [ 88.124524, 22.284406 ], [ 88.124716, 22.284608 ], [ 88.124949, 22.284781 ], [ 88.125111, 22.284944 ], [ 88.12529, 22.285393 ], [ 88.12548, 22.285766 ], [ 88.125631, 22.285977 ], [ 88.125803, 22.286121 ], [ 88.126017, 22.286161 ], [ 88.126171, 22.286096 ], [ 88.126459, 22.285919 ], [ 88.126695, 22.285817 ], [ 88.127043, 22.285763 ], [ 88.127299, 22.285775 ], [ 88.127441, 22.285853 ], [ 88.127541, 22.286054 ], [ 88.127754, 22.286227 ], [ 88.127946, 22.286343 ], [ 88.128161, 22.286383 ], [ 88.128273, 22.286365 ], [ 88.12854, 22.286245 ], [ 88.128885, 22.28592 ], [ 88.129456, 22.285301 ], [ 88.129565, 22.285127 ], [ 88.130052, 22.284857 ], [ 88.130605, 22.2847 ], [ 88.131076, 22.284618 ], [ 88.131668, 22.284611 ], [ 88.132057, 22.284615 ], [ 88.132339, 22.284618 ], [ 88.132515, 22.284557 ], [ 88.132745, 22.284385 ], [ 88.132855, 22.284148 ], [ 88.13287, 22.283986 ], [ 88.133303, 22.283703 ], [ 88.133533, 22.283617 ], [ 88.133762, 22.283545 ], [ 88.134045, 22.283498 ], [ 88.134301, 22.283463 ], [ 88.134517, 22.283353 ], [ 88.134613, 22.283153 ], [ 88.134696, 22.282892 ], [ 88.13478, 22.282592 ], [ 88.134863, 22.282393 ], [ 88.134907, 22.282081 ], [ 88.134936, 22.281806 ], [ 88.134952, 22.281594 ], [ 88.135089, 22.281357 ], [ 88.135238, 22.281234 ], [ 88.135522, 22.281087 ], [ 88.135938, 22.281154 ], [ 88.136365, 22.281168 ], [ 88.136448, 22.281171 ], [ 88.136731, 22.281124 ], [ 88.137175, 22.281091 ], [ 88.137365, 22.280906 ], [ 88.137581, 22.2807 ], [ 88.137846, 22.280263 ], [ 88.138016, 22.280051 ], [ 88.138139, 22.279925 ], [ 88.138599, 22.279759 ], [ 88.139058, 22.279664 ], [ 88.139534, 22.279357 ], [ 88.139855, 22.279289 ], [ 88.140268, 22.279265 ], [ 88.140528, 22.279211 ], [ 88.140651, 22.279099 ], [ 88.140745, 22.278872 ], [ 88.140741, 22.278777 ], [ 88.140733, 22.278574 ], [ 88.140658, 22.278417 ], [ 88.140553, 22.278231 ], [ 88.14054, 22.278061 ], [ 88.140572, 22.277919 ], [ 88.140697, 22.27765 ], [ 88.140899, 22.277326 ], [ 88.141007, 22.277199 ], [ 88.141315, 22.276975 ], [ 88.141682, 22.276837 ], [ 88.141943, 22.276768 ], [ 88.142447, 22.276731 ], [ 88.142966, 22.276708 ], [ 88.143316, 22.276754 ], [ 88.143757, 22.276986 ], [ 88.143967, 22.277272 ], [ 88.144161, 22.277686 ], [ 88.144306, 22.277885 ], [ 88.144462, 22.278101 ], [ 88.144795, 22.278374 ], [ 88.145295, 22.278692 ], [ 88.145813, 22.278825 ], [ 88.146011, 22.278827 ], [ 88.146392, 22.278845 ], [ 88.147388, 22.278795 ], [ 88.147817, 22.278768 ], [ 88.148515, 22.278786 ], [ 88.14901, 22.278864 ], [ 88.14947, 22.279068 ], [ 88.150008, 22.279325 ], [ 88.150412, 22.279434 ], [ 88.150726, 22.279563 ], [ 88.151129, 22.279808 ], [ 88.151387, 22.279947 ], [ 88.151573, 22.279977 ], [ 88.151601, 22.279981 ], [ 88.151691, 22.279982 ], [ 88.151816, 22.27991 ], [ 88.151945, 22.279701 ], [ 88.152267, 22.279518 ], [ 88.15267, 22.279279 ], [ 88.152952, 22.279152 ], [ 88.153454, 22.278971 ], [ 88.153856, 22.278844 ], [ 88.154496, 22.278851 ], [ 88.154956, 22.278949 ], [ 88.155394, 22.279177 ], [ 88.155673, 22.279273 ], [ 88.156113, 22.279333 ], [ 88.156573, 22.279431 ], [ 88.157295, 22.279252 ], [ 88.157498, 22.279031 ], [ 88.1577, 22.278846 ], [ 88.157801, 22.278754 ], [ 88.158144, 22.278516 ], [ 88.158377, 22.278366 ], [ 88.158647, 22.278297 ], [ 88.158978, 22.278336 ], [ 88.159167, 22.278358 ], [ 88.159646, 22.278512 ], [ 88.159964, 22.278739 ], [ 88.160261, 22.279003 ], [ 88.16058, 22.279118 ], [ 88.16086, 22.279195 ], [ 88.161562, 22.279091 ], [ 88.161723, 22.278981 ], [ 88.161824, 22.27887 ], [ 88.161906, 22.278684 ], [ 88.16203, 22.278331 ], [ 88.162152, 22.278128 ], [ 88.162201, 22.277346 ], [ 88.162104, 22.277047 ], [ 88.162005, 22.276915 ], [ 88.161886, 22.276802 ], [ 88.161749, 22.276503 ], [ 88.16175, 22.276394 ], [ 88.161754, 22.276056 ], [ 88.1619, 22.275517 ], [ 88.162102, 22.275277 ], [ 88.162177, 22.275215 ], [ 88.162526, 22.274927 ], [ 88.162749, 22.274743 ], [ 88.163152, 22.274486 ], [ 88.163293, 22.274394 ], [ 88.163534, 22.274285 ], [ 88.164037, 22.274104 ], [ 88.1648, 22.273906 ], [ 88.165121, 22.273779 ], [ 88.167191, 22.273646 ], [ 88.167677, 22.273699 ], [ 88.168023, 22.273799 ], [ 88.1683, 22.273899 ], [ 88.16856, 22.273967 ], [ 88.168856, 22.273873 ], [ 88.169204, 22.273795 ], [ 88.169918, 22.273673 ], [ 88.170126, 22.273659 ], [ 88.170509, 22.273566 ], [ 88.170649, 22.273503 ], [ 88.170806, 22.273465 ], [ 88.171555, 22.273286 ], [ 88.171902, 22.273257 ], [ 88.172301, 22.273293 ], [ 88.172804, 22.273444 ], [ 88.173028, 22.273591 ], [ 88.173218, 22.273658 ], [ 88.173479, 22.273644 ], [ 88.173688, 22.273582 ], [ 88.173984, 22.273536 ], [ 88.174297, 22.273507 ], [ 88.174837, 22.273303 ], [ 88.175029, 22.273256 ], [ 88.175152, 22.273128 ], [ 88.175172, 22.272902 ], [ 88.175156, 22.27274 ], [ 88.175158, 22.272514 ], [ 88.174856, 22.27169 ], [ 88.17481, 22.271216 ], [ 88.174815, 22.270726 ], [ 88.17482, 22.270268 ], [ 88.174874, 22.270016 ], [ 88.174926, 22.269889 ], [ 88.174978, 22.269765 ], [ 88.175048, 22.269576 ], [ 88.175151, 22.269435 ], [ 88.175188, 22.269214 ], [ 88.175173, 22.269024 ], [ 88.175007, 22.268596 ], [ 88.174891, 22.268311 ], [ 88.17486, 22.268026 ], [ 88.174863, 22.267789 ], [ 88.1749, 22.267537 ], [ 88.175021, 22.267269 ], [ 88.175297, 22.266893 ], [ 88.175741, 22.266597 ], [ 88.176029, 22.266648 ], [ 88.176214, 22.266792 ], [ 88.176296, 22.267061 ], [ 88.176293, 22.267361 ], [ 88.176323, 22.267788 ], [ 88.17637, 22.268089 ], [ 88.176435, 22.268358 ], [ 88.176551, 22.268627 ], [ 88.176531, 22.268959 ], [ 88.176354, 22.269668 ], [ 88.176367, 22.270047 ], [ 88.176379, 22.270521 ], [ 88.176427, 22.27079 ], [ 88.17651, 22.270965 ], [ 88.176662, 22.271045 ], [ 88.176968, 22.271048 ], [ 88.177288, 22.271288 ], [ 88.177505, 22.271559 ], [ 88.177843, 22.271768 ], [ 88.178199, 22.271803 ], [ 88.17847, 22.271822 ], [ 88.179119, 22.271433 ], [ 88.179256, 22.271277 ], [ 88.179394, 22.271152 ], [ 88.179633, 22.27098 ], [ 88.179821, 22.270824 ], [ 88.179942, 22.270604 ], [ 88.17995, 22.270457 ], [ 88.179963, 22.270225 ], [ 88.179935, 22.269688 ], [ 88.179889, 22.26923 ], [ 88.179859, 22.268803 ], [ 88.179846, 22.268439 ], [ 88.179935, 22.268061 ], [ 88.18004, 22.267715 ], [ 88.180195, 22.267543 ], [ 88.180451, 22.267387 ], [ 88.180724, 22.267264 ], [ 88.181028, 22.267393 ], [ 88.181095, 22.267488 ], [ 88.181141, 22.267963 ], [ 88.181155, 22.268279 ], [ 88.181202, 22.268643 ], [ 88.181484, 22.269277 ], [ 88.182092, 22.269504 ], [ 88.18297, 22.269817 ], [ 88.184928, 22.270516 ], [ 88.185744, 22.27064 ], [ 88.18584, 22.270623 ], [ 88.1863, 22.270543 ], [ 88.188013, 22.269786 ], [ 88.18818, 22.269783 ], [ 88.188457, 22.269777 ], [ 88.190759, 22.270562 ], [ 88.191313, 22.270728 ], [ 88.191809, 22.270658 ], [ 88.192653, 22.270121 ], [ 88.192898, 22.269935 ], [ 88.193063, 22.269589 ], [ 88.193141, 22.266872 ], [ 88.193344, 22.26678 ], [ 88.193616, 22.266858 ], [ 88.194052, 22.267765 ], [ 88.194232, 22.26788 ], [ 88.194515, 22.267873 ], [ 88.19587, 22.266814 ], [ 88.196247, 22.266706 ], [ 88.196597, 22.266855 ], [ 88.196788, 22.267257 ], [ 88.197019, 22.267623 ], [ 88.19721, 22.268062 ], [ 88.197714, 22.268504 ], [ 88.197988, 22.268434 ], [ 88.198612, 22.268585 ], [ 88.198884, 22.26877 ], [ 88.199115, 22.2691 ], [ 88.19927, 22.269283 ], [ 88.199659, 22.269469 ], [ 88.199971, 22.269472 ], [ 88.20013, 22.269435 ], [ 88.200873, 22.269263 ], [ 88.201033, 22.268864 ], [ 88.20139, 22.268395 ], [ 88.201591, 22.267778 ], [ 88.201832, 22.267235 ], [ 88.202112, 22.266546 ], [ 88.202942, 22.265681 ], [ 88.203298, 22.265248 ], [ 88.203418, 22.264995 ], [ 88.203775, 22.264489 ], [ 88.204208, 22.264239 ], [ 88.205228, 22.263812 ], [ 88.205973, 22.263601 ], [ 88.206442, 22.263606 ], [ 88.207695, 22.263473 ], [ 88.208863, 22.263426 ], [ 88.208992, 22.263421 ], [ 88.208793, 22.263002 ], [ 88.209186, 22.26252 ], [ 88.209978, 22.26186 ], [ 88.210553, 22.261067 ], [ 88.211402, 22.259814 ], [ 88.212212, 22.259149 ], [ 88.213009, 22.258462 ], [ 88.212716, 22.257613 ], [ 88.212126, 22.256714 ], [ 88.212149, 22.255622 ], [ 88.21205, 22.254594 ], [ 88.211758, 22.253598 ], [ 88.211831, 22.253028 ], [ 88.212187, 22.25209 ], [ 88.212472, 22.251576 ], [ 88.212753, 22.251069 ], [ 88.213359, 22.250376 ], [ 88.213104, 22.249307 ], [ 88.213435, 22.248208 ], [ 88.214154, 22.247671 ], [ 88.215091, 22.247115 ], [ 88.215946, 22.246472 ], [ 88.21678, 22.245723 ], [ 88.217234, 22.245135 ], [ 88.217435, 22.244874 ], [ 88.21795, 22.243967 ], [ 88.218555, 22.243061 ], [ 88.219159, 22.242135 ], [ 88.219874, 22.241291 ], [ 88.220555, 22.240453 ], [ 88.220716, 22.239479 ], [ 88.22041, 22.238357 ], [ 88.221706, 22.238079 ], [ 88.22279, 22.238052 ], [ 88.223875, 22.237859 ], [ 88.22496, 22.237567 ], [ 88.225801, 22.237521 ], [ 88.22608, 22.237506 ], [ 88.227096, 22.236982 ], [ 88.227616, 22.236059 ], [ 88.227817, 22.235067 ], [ 88.227722, 22.231887 ], [ 88.227811, 22.23089 ], [ 88.227775, 22.22975 ], [ 88.227564, 22.228758 ], [ 88.227464, 22.227655 ], [ 88.227542, 22.22757 ], [ 88.227913, 22.227583 ], [ 88.228634, 22.227608 ], [ 88.228789, 22.227589 ], [ 88.229626, 22.22704 ], [ 88.229053, 22.226245 ], [ 88.227966, 22.226198 ], [ 88.227908, 22.226196 ], [ 88.226804, 22.225775 ], [ 88.226075, 22.224967 ], [ 88.225358, 22.224093 ], [ 88.224854, 22.223209 ], [ 88.22454, 22.222148 ], [ 88.224212, 22.220998 ], [ 88.22364, 22.220055 ], [ 88.223217, 22.219203 ], [ 88.223187, 22.219142 ], [ 88.223409, 22.218055 ], [ 88.223134, 22.217072 ], [ 88.222868, 22.216009 ], [ 88.222569, 22.214947 ], [ 88.222227, 22.213952 ], [ 88.221897, 22.21288 ], [ 88.221546, 22.211871 ], [ 88.221086, 22.210888 ], [ 88.220462, 22.210012 ], [ 88.21946, 22.209642 ], [ 88.219109, 22.20918 ], [ 88.218816, 22.208795 ], [ 88.218072, 22.208164 ], [ 88.217127, 22.208444 ], [ 88.216118, 22.208722 ], [ 88.215975, 22.208762 ], [ 88.214837, 22.209098 ], [ 88.213801, 22.209269 ], [ 88.212697, 22.209471 ], [ 88.211617, 22.209392 ], [ 88.210653, 22.209132 ], [ 88.210638, 22.209128 ], [ 88.209562, 22.208868 ], [ 88.208489, 22.209228 ], [ 88.207526, 22.209402 ], [ 88.206358, 22.209643 ], [ 88.205917, 22.209943 ], [ 88.205479, 22.210243 ], [ 88.204984, 22.211178 ], [ 88.204885, 22.212251 ], [ 88.204892, 22.213288 ], [ 88.204914, 22.214365 ], [ 88.205051, 22.215447 ], [ 88.204377, 22.216112 ], [ 88.20406, 22.217181 ], [ 88.20451, 22.21813 ], [ 88.203883, 22.218885 ], [ 88.202941, 22.218222 ], [ 88.202167, 22.217505 ], [ 88.201237, 22.216876 ], [ 88.200183, 22.216832 ], [ 88.199126, 22.217125 ], [ 88.19805, 22.216821 ], [ 88.197523, 22.216635 ], [ 88.197066, 22.216474 ], [ 88.195943, 22.216383 ], [ 88.194931, 22.216868 ], [ 88.194993, 22.217958 ], [ 88.194507, 22.218894 ], [ 88.193805, 22.218522 ], [ 88.193245, 22.21756 ], [ 88.192186, 22.217274 ], [ 88.191038, 22.217365 ], [ 88.19034, 22.216623 ], [ 88.189539, 22.215894 ], [ 88.188792, 22.216243 ], [ 88.187786, 22.216427 ], [ 88.186882, 22.215849 ], [ 88.185911, 22.21527 ], [ 88.185757, 22.215326 ], [ 88.185148, 22.215547 ], [ 88.184959, 22.216613 ], [ 88.185019, 22.21763 ], [ 88.185245, 22.21874 ], [ 88.185487, 22.219758 ], [ 88.185729, 22.220884 ], [ 88.185723, 22.221823 ], [ 88.185551, 22.222947 ], [ 88.185513, 22.223949 ], [ 88.185836, 22.22502 ], [ 88.185848, 22.2261 ], [ 88.184972, 22.226604 ], [ 88.184603, 22.227269 ], [ 88.184545, 22.227372 ], [ 88.184572, 22.229028 ], [ 88.184591, 22.230202 ], [ 88.183496, 22.231805 ], [ 88.182664, 22.231978 ], [ 88.182442, 22.231067 ], [ 88.1831, 22.230252 ], [ 88.182988, 22.229234 ], [ 88.183169, 22.228141 ], [ 88.182134, 22.22781 ], [ 88.181207, 22.22827 ], [ 88.180839, 22.229176 ], [ 88.18062, 22.230268 ], [ 88.179953, 22.231137 ], [ 88.179487, 22.230369 ], [ 88.17958, 22.229222 ], [ 88.179264, 22.228211 ], [ 88.178319, 22.227739 ], [ 88.177598, 22.227071 ], [ 88.176496, 22.226806 ], [ 88.175403, 22.226903 ], [ 88.174345, 22.227147 ], [ 88.173309, 22.227711 ], [ 88.172247, 22.227584 ], [ 88.171094, 22.227624 ], [ 88.170255, 22.228118 ], [ 88.169211, 22.228651 ], [ 88.168348, 22.229369 ], [ 88.167257, 22.229271 ], [ 88.166232, 22.229419 ], [ 88.165368, 22.229711 ], [ 88.165156, 22.229782 ], [ 88.165166, 22.230828 ], [ 88.164753, 22.231694 ], [ 88.164078, 22.232517 ], [ 88.163939, 22.23364 ], [ 88.162902, 22.234496 ], [ 88.162156, 22.234927 ], [ 88.161218, 22.235749 ], [ 88.160254, 22.236056 ], [ 88.159175, 22.236132 ], [ 88.157993, 22.236166 ], [ 88.157385, 22.235484 ], [ 88.156523, 22.235737 ], [ 88.155616, 22.235741 ], [ 88.155721, 22.234682 ], [ 88.155935, 22.233634 ], [ 88.155832, 22.232523 ], [ 88.155533, 22.231467 ], [ 88.154845, 22.230803 ], [ 88.154226, 22.22992 ], [ 88.15342, 22.229319 ], [ 88.152801, 22.228294 ], [ 88.153279, 22.227386 ], [ 88.153925, 22.226667 ], [ 88.153943, 22.226523 ], [ 88.154072, 22.225539 ], [ 88.15402, 22.225522 ], [ 88.153149, 22.225236 ], [ 88.152418, 22.224733 ], [ 88.151371, 22.224953 ], [ 88.150819, 22.224772 ], [ 88.150747, 22.224706 ], [ 88.150081, 22.224092 ], [ 88.148856, 22.22438 ], [ 88.147874, 22.224351 ], [ 88.147457, 22.223484 ], [ 88.147783, 22.222405 ], [ 88.14839, 22.221449 ], [ 88.148983, 22.220744 ], [ 88.149737, 22.219879 ], [ 88.149893, 22.219364 ], [ 88.149981, 22.219075 ], [ 88.149043, 22.21944 ], [ 88.148483, 22.219861 ], [ 88.146976, 22.220552 ], [ 88.145872, 22.220349 ], [ 88.144697, 22.219835 ], [ 88.143625, 22.219635 ], [ 88.143192, 22.219573 ], [ 88.142741, 22.219098 ], [ 88.142111, 22.218314 ], [ 88.14172, 22.217321 ], [ 88.141313, 22.21648 ], [ 88.140847, 22.215398 ], [ 88.140983, 22.214316 ], [ 88.141103, 22.213218 ], [ 88.141349, 22.21204 ], [ 88.141709, 22.211305 ], [ 88.141728, 22.211265 ], [ 88.141824, 22.210421 ], [ 88.140922, 22.209906 ], [ 88.140479, 22.209963 ], [ 88.139863, 22.209959 ], [ 88.139458, 22.209741 ], [ 88.139312, 22.209662 ], [ 88.13895, 22.209488 ], [ 88.138414, 22.20923 ], [ 88.137198, 22.209032 ], [ 88.13619, 22.2086 ], [ 88.135116, 22.208505 ], [ 88.134059, 22.208264 ], [ 88.133698, 22.20785 ], [ 88.133907, 22.207145 ], [ 88.134183, 22.205984 ], [ 88.134473, 22.205147 ], [ 88.134751, 22.204123 ], [ 88.134902, 22.202921 ], [ 88.13422, 22.20173 ], [ 88.133909, 22.201773 ], [ 88.13345, 22.201816 ], [ 88.133094, 22.201885 ], [ 88.132677, 22.202023 ], [ 88.132482, 22.202154 ], [ 88.132345, 22.202226 ], [ 88.131997, 22.202295 ], [ 88.131626, 22.202374 ], [ 88.131383, 22.202429 ], [ 88.131093, 22.202517 ], [ 88.130725, 22.202596 ], [ 88.130424, 22.202665 ], [ 88.130062, 22.202724 ], [ 88.129886, 22.20276 ], [ 88.129606, 22.202901 ], [ 88.129384, 22.203028 ], [ 88.128769, 22.203347 ], [ 88.128149, 22.203723 ], [ 88.127532, 22.204154 ], [ 88.127454, 22.2042 ], [ 88.125127, 22.205585 ], [ 88.124498, 22.205934 ], [ 88.123801, 22.20629 ], [ 88.123196, 22.20651 ], [ 88.122072, 22.206944 ], [ 88.120857, 22.207378 ], [ 88.119438, 22.207866 ], [ 88.118538, 22.208203 ], [ 88.117621, 22.20852 ], [ 88.115854, 22.208816 ], [ 88.113878, 22.209146 ], [ 88.110819, 22.209298 ], [ 88.106004, 22.209602 ], [ 88.102904, 22.209834 ], [ 88.100604, 22.209746 ], [ 88.097843, 22.209561 ], [ 88.095222, 22.209314 ], [ 88.093121, 22.20889 ], [ 88.091076, 22.208678 ], [ 88.089904, 22.208625 ], [ 88.089215, 22.208572 ], [ 88.088678, 22.20843 ], [ 88.088238, 22.208342 ], [ 88.087938, 22.208273 ], [ 88.087829, 22.208275 ], [ 88.087624, 22.208295 ], [ 88.087485, 22.208335 ], [ 88.087129, 22.208422 ], [ 88.086631, 22.20855 ], [ 88.086146, 22.208671 ], [ 88.085695, 22.20878 ], [ 88.085204, 22.208909 ], [ 88.084691, 22.209014 ], [ 88.084136, 22.209095 ], [ 88.083562, 22.209194 ], [ 88.08298, 22.209265 ], [ 88.08244, 22.209323 ], [ 88.082015, 22.209353 ], [ 88.081537, 22.209393 ], [ 88.081066, 22.209415 ], [ 88.080947, 22.209403 ], [ 88.080644, 22.209437 ], [ 88.08019, 22.209461 ], [ 88.080017, 22.209482 ], [ 88.079644, 22.209498 ], [ 88.079412, 22.209494 ], [ 88.079267, 22.209498 ], [ 88.079203, 22.209518 ], [ 88.079075, 22.20954 ], [ 88.078927, 22.20955 ], [ 88.078701, 22.209562 ], [ 88.078479, 22.209574 ], [ 88.078138, 22.209609 ], [ 88.077863, 22.209627 ], [ 88.077517, 22.209645 ], [ 88.07724, 22.209653 ], [ 88.077, 22.209665 ], [ 88.076763, 22.209689 ], [ 88.076524, 22.209714 ], [ 88.076163, 22.209744 ], [ 88.07577, 22.209782 ], [ 88.075322, 22.209813 ], [ 88.074804, 22.209833 ], [ 88.074198, 22.209879 ], [ 88.073852, 22.209931 ], [ 88.073307, 22.209949 ], [ 88.07287, 22.20989 ], [ 88.072765, 22.209879 ], [ 88.07263, 22.209907 ], [ 88.072547, 22.209938 ], [ 88.07229, 22.210059 ], [ 88.071832, 22.210342 ], [ 88.071141, 22.210699 ], [ 88.070257, 22.211366 ], [ 88.06999, 22.211611 ], [ 88.069819, 22.21191 ], [ 88.069702, 22.212067 ], [ 88.069591, 22.212275 ], [ 88.069511, 22.212487 ], [ 88.069478, 22.212677 ], [ 88.069463, 22.212758 ], [ 88.068958, 22.212603 ], [ 88.069693, 22.218656 ], [ 88.073257, 22.224179 ], [ 88.074035, 22.225384 ], [ 88.077387, 22.22868 ], [ 88.077577, 22.228908 ], [ 88.078805, 22.230378 ], [ 88.081019, 22.23303 ], [ 88.083092, 22.235324 ], [ 88.083465, 22.236385 ], [ 88.08435, 22.238898 ], [ 88.085335, 22.2414 ], [ 88.085818, 22.242629 ], [ 88.085706, 22.245001 ], [ 88.085686, 22.245415 ], [ 88.085883, 22.247806 ], [ 88.085916, 22.248205 ], [ 88.086024, 22.249511 ], [ 88.085582, 22.25182 ], [ 88.084333, 22.255893 ], [ 88.083545, 22.260697 ], [ 88.083385, 22.261672 ], [ 88.085083, 22.270708 ], [ 88.085857, 22.2714 ], [ 88.087045, 22.272462 ], [ 88.087875, 22.273204 ] ] ] } },
{ "type": "Feature", "properties": { "census2011_code": "02428", "block_name": "Kulpi", "geoboundaries_shape_id": "7132399B33683897075325", "area_km2": 201.5, "land_area_km2": 201.5, "water_area_km2": 0.0 }, "geometry": { "type": "Polygon", "coordinates": [ [ [ 88.295324, 21.992484 ], [ 88.295286, 21.991967 ], [ 88.29535, 21.991406 ], [ 88.295411, 21.990985 ], [ 88.295483, 21.990858 ], [ 88.295674, 21.990523 ], [ 88.296092, 21.989876 ], [ 88.296454, 21.989463 ], [ 88.296917, 21.989052 ], [ 88.297434, 21.988455 ], [ 88.297963, 21.987389 ], [ 88.298148, 21.986944 ], [ 88.298445, 21.986229 ], [ 88.299105, 21.985628 ], [ 88.299487, 21.985357 ], [ 88.300697, 21.984898 ], [ 88.301686, 21.984293 ], [ 88.302524, 21.983113 ], [ 88.303171, 21.982419 ], [ 88.304233, 21.98128 ], [ 88.306657, 21.978325 ], [ 88.307098, 21.977379 ], [ 88.30764, 21.976217 ], [ 88.308402, 21.972698 ], [ 88.308641, 21.969193 ], [ 88.307865, 21.96638 ], [ 88.306708, 21.965019 ], [ 88.306204, 21.964427 ], [ 88.304546, 21.962677 ], [ 88.301054, 21.961006 ], [ 88.298126, 21.960324 ], [ 88.296544, 21.960558 ], [ 88.296353, 21.960586 ], [ 88.294565, 21.961458 ], [ 88.29357, 21.962287 ], [ 88.29236, 21.963296 ], [ 88.290144, 21.965622 ], [ 88.289382, 21.967312 ], [ 88.288273, 21.969849 ], [ 88.288023, 21.970837 ], [ 88.287997, 21.970942 ], [ 88.287476, 21.973003 ], [ 88.285577, 21.97609 ], [ 88.283387, 21.978184 ], [ 88.281212, 21.979665 ], [ 88.280233, 21.979808 ], [ 88.277223, 21.981357 ], [ 88.273579, 21.98266 ], [ 88.270236, 21.983575 ], [ 88.267127, 21.984129 ], [ 88.264538, 21.984067 ], [ 88.264007, 21.984054 ], [ 88.262186, 21.983332 ], [ 88.260711, 21.982418 ], [ 88.258562, 21.981129 ], [ 88.257395, 21.979903 ], [ 88.255502, 21.976886 ], [ 88.255481, 21.975903 ], [ 88.255539, 21.975392 ], [ 88.25607, 21.97402 ], [ 88.256483, 21.973532 ], [ 88.257029, 21.973048 ], [ 88.257459, 21.971876 ], [ 88.257474, 21.971253 ], [ 88.257359, 21.970504 ], [ 88.257373, 21.969944 ], [ 88.257587, 21.969389 ], [ 88.258127, 21.969153 ], [ 88.258934, 21.968924 ], [ 88.259539, 21.968752 ], [ 88.26279, 21.966291 ], [ 88.263991, 21.965742 ], [ 88.265243, 21.965243 ], [ 88.266186, 21.964688 ], [ 88.266821, 21.964077 ], [ 88.266887, 21.963432 ], [ 88.26689, 21.963405 ], [ 88.266747, 21.96292 ], [ 88.266495, 21.962673 ], [ 88.266348, 21.962553 ], [ 88.26528, 21.961679 ], [ 88.265257, 21.961622 ], [ 88.265085, 21.961193 ], [ 88.265044, 21.960758 ], [ 88.265265, 21.960186 ], [ 88.266114, 21.959796 ], [ 88.266719, 21.959601 ], [ 88.267397, 21.959478 ], [ 88.268151, 21.959286 ], [ 88.268756, 21.959091 ], [ 88.269209, 21.958963 ], [ 88.270112, 21.958845 ], [ 88.271091, 21.958659 ], [ 88.273226, 21.958187 ], [ 88.273873, 21.958003 ], [ 88.274206, 21.957665 ], [ 88.274257, 21.957613 ], [ 88.274364, 21.956466 ], [ 88.274183, 21.955422 ], [ 88.2742, 21.954729 ], [ 88.274214, 21.954151 ], [ 88.274194, 21.953304 ], [ 88.274206, 21.952803 ], [ 88.274097, 21.952223 ], [ 88.273939, 21.951911 ], [ 88.273453, 21.951553 ], [ 88.272648, 21.950724 ], [ 88.272413, 21.950179 ], [ 88.272487, 21.949732 ], [ 88.273084, 21.949012 ], [ 88.273435, 21.948248 ], [ 88.273407, 21.947668 ], [ 88.273206, 21.947432 ], [ 88.272755, 21.947266 ], [ 88.272549, 21.947222 ], [ 88.272259, 21.947215 ], [ 88.2718, 21.947358 ], [ 88.271266, 21.947191 ], [ 88.270859, 21.94691 ], [ 88.270666, 21.946326 ], [ 88.270644, 21.945553 ], [ 88.270228, 21.94392 ], [ 88.269987, 21.941244 ], [ 88.270001, 21.94065 ], [ 88.269828, 21.940305 ], [ 88.268743, 21.939982 ], [ 88.267977, 21.939665 ], [ 88.267262, 21.939096 ], [ 88.266596, 21.9384 ], [ 88.265977, 21.937662 ], [ 88.264228, 21.9366 ], [ 88.262007, 21.936062 ], [ 88.260749, 21.935801 ], [ 88.259176, 21.935468 ], [ 88.257772, 21.9354 ], [ 88.256469, 21.935532 ], [ 88.255976, 21.935553 ], [ 88.255344, 21.935537 ], [ 88.254814, 21.935688 ], [ 88.254317, 21.935873 ], [ 88.253433, 21.936113 ], [ 88.253011, 21.936103 ], [ 88.252592, 21.936027 ], [ 88.252031, 21.93598 ], [ 88.251539, 21.935968 ], [ 88.250872, 21.935952 ], [ 88.250482, 21.936073 ], [ 88.250025, 21.936095 ], [ 88.249351, 21.93634 ], [ 88.248404, 21.936284 ], [ 88.247915, 21.936174 ], [ 88.247076, 21.935989 ], [ 88.245962, 21.936004 ], [ 88.244919, 21.936073 ], [ 88.243747, 21.936234 ], [ 88.241826, 21.93692 ], [ 88.240855, 21.937181 ], [ 88.240169, 21.937235 ], [ 88.239738, 21.936979 ], [ 88.239539, 21.936644 ], [ 88.239399, 21.936337 ], [ 88.239141, 21.936027 ], [ 88.238906, 21.935939 ], [ 88.238641, 21.935932 ], [ 88.238316, 21.935924 ], [ 88.237932, 21.935915 ], [ 88.237428, 21.93564 ], [ 88.237156, 21.934941 ], [ 88.237174, 21.934248 ], [ 88.237268, 21.933751 ], [ 88.237283, 21.933174 ], [ 88.237291, 21.932828 ], [ 88.237047, 21.932706 ], [ 88.236884, 21.932625 ], [ 88.236637, 21.932619 ], [ 88.236427, 21.932768 ], [ 88.236045, 21.933182 ], [ 88.235749, 21.933482 ], [ 88.23549, 21.933938 ], [ 88.235073, 21.934158 ], [ 88.234825, 21.934152 ], [ 88.234541, 21.933991 ], [ 88.234211, 21.933983 ], [ 88.233934, 21.934493 ], [ 88.233929, 21.93469 ], [ 88.233978, 21.935171 ], [ 88.234119, 21.935598 ], [ 88.23414, 21.935937 ], [ 88.234131, 21.936304 ], [ 88.233944, 21.936525 ], [ 88.233455, 21.936711 ], [ 88.233123, 21.936702 ], [ 88.232578, 21.936717 ], [ 88.231973, 21.93673 ], [ 88.231579, 21.936721 ], [ 88.229953, 21.937361 ], [ 88.228516, 21.937798 ], [ 88.226639, 21.938106 ], [ 88.2253, 21.938398 ], [ 88.223918, 21.939162 ], [ 88.223883, 21.939475 ], [ 88.224048, 21.940301 ], [ 88.224395, 21.941262 ], [ 88.225639, 21.943457 ], [ 88.226571, 21.945168 ], [ 88.228207, 21.94906 ], [ 88.229246, 21.950882 ], [ 88.230617, 21.953462 ], [ 88.230734, 21.954379 ], [ 88.23073, 21.955946 ], [ 88.230889, 21.95745 ], [ 88.231171, 21.958501 ], [ 88.231254, 21.960651 ], [ 88.231397, 21.961587 ], [ 88.232311, 21.963142 ], [ 88.232658, 21.96471 ], [ 88.232554, 21.967434 ], [ 88.232465, 21.968707 ], [ 88.232237, 21.969073 ], [ 88.232124, 21.969256 ], [ 88.231832, 21.969356 ], [ 88.231022, 21.969456 ], [ 88.230691, 21.969447 ], [ 88.230225, 21.969359 ], [ 88.229569, 21.969163 ], [ 88.229045, 21.969201 ], [ 88.228405, 21.969468 ], [ 88.228092, 21.969845 ], [ 88.227338, 21.971144 ], [ 88.226763, 21.97259 ], [ 88.226633, 21.972752 ], [ 88.226223, 21.973047 ], [ 88.225484, 21.973334 ], [ 88.2251, 21.973583 ], [ 88.224837, 21.974 ], [ 88.224753, 21.974351 ], [ 88.224641, 21.974818 ], [ 88.224722, 21.975572 ], [ 88.224654, 21.97676 ], [ 88.224321, 21.977422 ], [ 88.223653, 21.9777 ], [ 88.223043, 21.977927 ], [ 88.222087, 21.978225 ], [ 88.221559, 21.97864 ], [ 88.22126, 21.979116 ], [ 88.22111, 21.979353 ], [ 88.221098, 21.979862 ], [ 88.221082, 21.980505 ], [ 88.22081, 21.981035 ], [ 88.220112, 21.981723 ], [ 88.219427, 21.981981 ], [ 88.218659, 21.982017 ], [ 88.218272, 21.982145 ], [ 88.218032, 21.982305 ], [ 88.217669, 21.982653 ], [ 88.217263, 21.983551 ], [ 88.217307, 21.98413 ], [ 88.217323, 21.984681 ], [ 88.21734, 21.985204 ], [ 88.217239, 21.985669 ], [ 88.216964, 21.986083 ], [ 88.216037, 21.987012 ], [ 88.215403, 21.987252 ], [ 88.214776, 21.9872 ], [ 88.213208, 21.987088 ], [ 88.211681, 21.987267 ], [ 88.211045, 21.987157 ], [ 88.210817, 21.986901 ], [ 88.21046, 21.986391 ], [ 88.210371, 21.985919 ], [ 88.210174, 21.985758 ], [ 88.209807, 21.985655 ], [ 88.209163, 21.985921 ], [ 88.208099, 21.986833 ], [ 88.206957, 21.988183 ], [ 88.206069, 21.988787 ], [ 88.205804, 21.988624 ], [ 88.205446, 21.988176 ], [ 88.205119, 21.987824 ], [ 88.20428, 21.987834 ], [ 88.203776, 21.987822 ], [ 88.201315, 21.988529 ], [ 88.198303, 21.989219 ], [ 88.195441, 21.990486 ], [ 88.194458, 21.99129 ], [ 88.194352, 21.991377 ], [ 88.193778, 21.993008 ], [ 88.193833, 21.994042 ], [ 88.194304, 21.996284 ], [ 88.194392, 21.997314 ], [ 88.194334, 21.998092 ], [ 88.193867, 21.998541 ], [ 88.192522, 21.999569 ], [ 88.195941, 22.003874 ], [ 88.198134, 22.007019 ], [ 88.199492, 22.009058 ], [ 88.200452, 22.0108 ], [ 88.201625, 22.012542 ], [ 88.202454, 22.013934 ], [ 88.202742, 22.014531 ], [ 88.203045, 22.01521 ], [ 88.203312, 22.015614 ], [ 88.204663, 22.017245 ], [ 88.205821, 22.019521 ], [ 88.207136, 22.021577 ], [ 88.208304, 22.023623 ], [ 88.209961, 22.026402 ], [ 88.211199, 22.028772 ], [ 88.212369, 22.031167 ], [ 88.213473, 22.034107 ], [ 88.214748, 22.037749 ], [ 88.215188, 22.03978 ], [ 88.215595, 22.043436 ], [ 88.215943, 22.045471 ], [ 88.216459, 22.048829 ], [ 88.217274, 22.051497 ], [ 88.217682, 22.052457 ], [ 88.218009, 22.053827 ], [ 88.218535, 22.05519 ], [ 88.218774, 22.056283 ], [ 88.219379, 22.058655 ], [ 88.220744, 22.062355 ], [ 88.222086, 22.06633 ], [ 88.222752, 22.069097 ], [ 88.22381, 22.074528 ], [ 88.224334, 22.078635 ], [ 88.224662, 22.083002 ], [ 88.224825, 22.084505 ], [ 88.224991, 22.086932 ], [ 88.224683, 22.089755 ], [ 88.224403, 22.093141 ], [ 88.223974, 22.09475 ], [ 88.223367, 22.096869 ], [ 88.222506, 22.100182 ], [ 88.221785, 22.102872 ], [ 88.22123, 22.104558 ], [ 88.220197, 22.106942 ], [ 88.219729, 22.107319 ], [ 88.219079, 22.109191 ], [ 88.218538, 22.110481 ], [ 88.218036, 22.111649 ], [ 88.217735, 22.112316 ], [ 88.217379, 22.11349 ], [ 88.217084, 22.115675 ], [ 88.217134, 22.11619 ], [ 88.217254, 22.117191 ], [ 88.217326, 22.117869 ], [ 88.217278, 22.118546 ], [ 88.217085, 22.119427 ], [ 88.21658, 22.120827 ], [ 88.21615, 22.121611 ], [ 88.214573, 22.124482 ], [ 88.213826, 22.125662 ], [ 88.212555, 22.126391 ], [ 88.212173, 22.127155 ], [ 88.212007, 22.128 ], [ 88.211657, 22.129413 ], [ 88.211475, 22.130079 ], [ 88.211281, 22.130995 ], [ 88.211246, 22.131335 ], [ 88.211296, 22.131652 ], [ 88.211422, 22.132 ], [ 88.211436, 22.132677 ], [ 88.211503, 22.133467 ], [ 88.211452, 22.133959 ], [ 88.211503, 22.134123 ], [ 88.211526, 22.134348 ], [ 88.211536, 22.134605 ], [ 88.211532, 22.134858 ], [ 88.211527, 22.135447 ], [ 88.211551, 22.136476 ], [ 88.211611, 22.137417 ], [ 88.211537, 22.139215 ], [ 88.211531, 22.139196 ], [ 88.211529, 22.140587 ], [ 88.211487, 22.141423 ], [ 88.211519, 22.141593 ], [ 88.211519, 22.141682 ], [ 88.211473, 22.141802 ], [ 88.211459, 22.141908 ], [ 88.211454, 22.1423 ], [ 88.211533, 22.142901 ], [ 88.211532, 22.14311 ], [ 88.211509, 22.143538 ], [ 88.211447, 22.14362 ], [ 88.211381, 22.143775 ], [ 88.211369, 22.143975 ], [ 88.211373, 22.144157 ], [ 88.211393, 22.144373 ], [ 88.211397, 22.144506 ], [ 88.211393, 22.1447 ], [ 88.211293, 22.144887 ], [ 88.211202, 22.145143 ], [ 88.211125, 22.145395 ], [ 88.21111, 22.145616 ], [ 88.211092, 22.145843 ], [ 88.210969, 22.146277 ], [ 88.210941, 22.146341 ], [ 88.210918, 22.146471 ], [ 88.210929, 22.146598 ], [ 88.210963, 22.146744 ], [ 88.211014, 22.146975 ], [ 88.211037, 22.147158 ], [ 88.211032, 22.147301 ], [ 88.211012, 22.147477 ], [ 88.210861, 22.148033 ], [ 88.210861, 22.148184 ], [ 88.210853, 22.148425 ], [ 88.210923, 22.148706 ], [ 88.210915, 22.14885 ], [ 88.210868, 22.148951 ], [ 88.210794, 22.149026 ], [ 88.210712, 22.14913 ], [ 88.210686, 22.149393 ], [ 88.210613, 22.149524 ], [ 88.210613, 22.149623 ], [ 88.210604, 22.14972 ], [ 88.210601, 22.14983 ], [ 88.210508, 22.150088 ], [ 88.210458, 22.150165 ], [ 88.210362, 22.150276 ], [ 88.210276, 22.150624 ], [ 88.210249, 22.150881 ], [ 88.210087, 22.151252 ], [ 88.209975, 22.1515 ], [ 88.209842, 22.151634 ], [ 88.209734, 22.151993 ], [ 88.209811, 22.152076 ], [ 88.209806, 22.152249 ], [ 88.209752, 22.152529 ], [ 88.209595, 22.152918 ], [ 88.209351, 22.153376 ], [ 88.209234, 22.153516 ], [ 88.209167, 22.153709 ], [ 88.209157, 22.153851 ], [ 88.20913, 22.153945 ], [ 88.209036, 22.154142 ], [ 88.20886, 22.154515 ], [ 88.20886, 22.154587 ], [ 88.208861, 22.15472 ], [ 88.208858, 22.154783 ], [ 88.208843, 22.154857 ], [ 88.208595, 22.155378 ], [ 88.208507, 22.155977 ], [ 88.208463, 22.156144 ], [ 88.208363, 22.156443 ], [ 88.208298, 22.156556 ], [ 88.208247, 22.15663 ], [ 88.208137, 22.156779 ], [ 88.207975, 22.157203 ], [ 88.20787, 22.157614 ], [ 88.207009, 22.159892 ], [ 88.206677, 22.160586 ], [ 88.206599, 22.160593 ], [ 88.206325, 22.160655 ], [ 88.206058, 22.160841 ], [ 88.205921, 22.161048 ], [ 88.205728, 22.161637 ], [ 88.2056, 22.16208 ], [ 88.205364, 22.162434 ], [ 88.205145, 22.162783 ], [ 88.205006, 22.163034 ], [ 88.20482, 22.163486 ], [ 88.204467, 22.164106 ], [ 88.204039, 22.164938 ], [ 88.204355, 22.165038 ], [ 88.204189, 22.165345 ], [ 88.204043, 22.165817 ], [ 88.204, 22.16623 ], [ 88.203914, 22.16656 ], [ 88.203851, 22.166894 ], [ 88.203787, 22.16708 ], [ 88.20438, 22.169177 ], [ 88.204988, 22.170326 ], [ 88.206065, 22.171324 ], [ 88.20675, 22.171746 ], [ 88.208506, 22.171961 ], [ 88.208773, 22.171896 ], [ 88.209745, 22.171659 ], [ 88.210601, 22.171528 ], [ 88.211285, 22.171545 ], [ 88.212036, 22.171472 ], [ 88.212883, 22.171433 ], [ 88.213559, 22.171535 ], [ 88.214084, 22.171614 ], [ 88.215974, 22.171538 ], [ 88.216083, 22.1714 ], [ 88.216165, 22.171296 ], [ 88.216414, 22.170882 ], [ 88.216477, 22.170489 ], [ 88.21662, 22.170072 ], [ 88.216921, 22.169709 ], [ 88.217218, 22.169519 ], [ 88.217725, 22.169383 ], [ 88.217885, 22.169338 ], [ 88.218125, 22.169319 ], [ 88.218658, 22.169209 ], [ 88.219088, 22.169115 ], [ 88.219165, 22.169098 ], [ 88.219592, 22.168985 ], [ 88.220121, 22.169023 ], [ 88.220566, 22.169256 ], [ 88.220803, 22.169336 ], [ 88.22144, 22.169327 ], [ 88.221813, 22.169238 ], [ 88.22243, 22.168863 ], [ 88.222595, 22.168763 ], [ 88.223132, 22.16848 ], [ 88.22364, 22.16832 ], [ 88.224572, 22.16817 ], [ 88.224864, 22.168177 ], [ 88.225074, 22.168256 ], [ 88.225332, 22.168559 ], [ 88.225563, 22.168861 ], [ 88.226057, 22.169019 ], [ 88.226588, 22.168836 ], [ 88.227962, 22.168625 ], [ 88.228293, 22.168582 ], [ 88.228596, 22.168543 ], [ 88.228922, 22.168532 ], [ 88.229439, 22.168514 ], [ 88.230386, 22.168538 ], [ 88.23142, 22.168624 ], [ 88.232067, 22.168678 ], [ 88.232762, 22.168253 ], [ 88.233297, 22.167923 ], [ 88.233667, 22.167835 ], [ 88.234299, 22.16785 ], [ 88.235456, 22.167879 ], [ 88.235652, 22.167893 ], [ 88.23726, 22.16801 ], [ 88.237506, 22.168027 ], [ 88.240992, 22.167882 ], [ 88.241931, 22.168025 ], [ 88.24291, 22.168329 ], [ 88.244368, 22.169019 ], [ 88.244671, 22.169199 ], [ 88.244978, 22.169206 ], [ 88.245653, 22.169223 ], [ 88.246643, 22.168961 ], [ 88.246934, 22.168856 ], [ 88.248554, 22.168272 ], [ 88.248785, 22.168137 ], [ 88.249714, 22.167382 ], [ 88.250409, 22.166905 ], [ 88.251176, 22.166571 ], [ 88.25205, 22.166176 ], [ 88.252433, 22.166319 ], [ 88.252656, 22.166501 ], [ 88.252802, 22.166752 ], [ 88.252831, 22.167106 ], [ 88.252821, 22.167494 ], [ 88.252894, 22.167917 ], [ 88.253101, 22.168091 ], [ 88.253339, 22.168238 ], [ 88.253671, 22.168246 ], [ 88.254247, 22.168204 ], [ 88.255775, 22.167995 ], [ 88.255901, 22.167978 ], [ 88.256334, 22.167771 ], [ 88.257041, 22.167571 ], [ 88.257666, 22.167477 ], [ 88.258601, 22.1675 ], [ 88.259774, 22.167348 ], [ 88.26083, 22.167192 ], [ 88.261502, 22.166809 ], [ 88.26344, 22.165562 ], [ 88.264652, 22.165033 ], [ 88.266009, 22.164455 ], [ 88.266485, 22.164294 ], [ 88.266672, 22.164231 ], [ 88.267104, 22.164082 ], [ 88.267762, 22.164045 ], [ 88.268019, 22.164052 ], [ 88.268244, 22.164164 ], [ 88.268576, 22.164624 ], [ 88.268975, 22.164634 ], [ 88.269178, 22.164532 ], [ 88.269436, 22.164512 ], [ 88.269635, 22.164544 ], [ 88.269828, 22.164814 ], [ 88.26999, 22.165191 ], [ 88.270032, 22.165366 ], [ 88.270146, 22.165833 ], [ 88.270758, 22.166237 ], [ 88.271314, 22.166121 ], [ 88.27156, 22.165966 ], [ 88.271701, 22.165841 ], [ 88.27188, 22.165718 ], [ 88.272018, 22.165624 ], [ 88.272331, 22.165535 ], [ 88.272814, 22.165579 ], [ 88.27319, 22.165749 ], [ 88.273533, 22.165854 ], [ 88.273986, 22.165704 ], [ 88.274269, 22.165421 ], [ 88.274592, 22.164946 ], [ 88.274677, 22.164726 ], [ 88.27474, 22.164564 ], [ 88.274855, 22.164461 ], [ 88.275093, 22.16425 ], [ 88.275824, 22.164043 ], [ 88.276169, 22.164051 ], [ 88.276721, 22.164097 ], [ 88.27789, 22.164171 ], [ 88.278396, 22.164183 ], [ 88.279086, 22.164157 ], [ 88.279957, 22.164307 ], [ 88.279998, 22.164683 ], [ 88.280014, 22.164825 ], [ 88.280035, 22.165962 ], [ 88.280158, 22.167056 ], [ 88.280686, 22.167881 ], [ 88.280808, 22.167953 ], [ 88.281255, 22.16801 ], [ 88.281732, 22.16786 ], [ 88.281963, 22.167587 ], [ 88.282021, 22.167264 ], [ 88.281934, 22.166751 ], [ 88.281843, 22.166198 ], [ 88.281761, 22.165703 ], [ 88.281718, 22.164402 ], [ 88.281876, 22.164035 ], [ 88.281953, 22.163944 ], [ 88.282082, 22.163785 ], [ 88.282383, 22.163676 ], [ 88.28266, 22.163567 ], [ 88.28316, 22.16351 ], [ 88.284356, 22.163492 ], [ 88.284604, 22.163522 ], [ 88.284774, 22.163688 ], [ 88.284742, 22.164012 ], [ 88.284687, 22.16422 ], [ 88.284533, 22.164402 ], [ 88.284357, 22.164467 ], [ 88.284204, 22.164579 ], [ 88.28421, 22.165067 ], [ 88.285006, 22.16552 ], [ 88.285439, 22.165617 ], [ 88.285936, 22.165601 ], [ 88.286563, 22.165356 ], [ 88.287715, 22.164912 ], [ 88.288631, 22.164637 ], [ 88.288329, 22.163341 ], [ 88.288225, 22.162951 ], [ 88.287939, 22.162275 ], [ 88.28761, 22.161844 ], [ 88.287356, 22.161381 ], [ 88.28722, 22.160779 ], [ 88.287287, 22.160489 ], [ 88.287389, 22.160044 ], [ 88.287364, 22.15955 ], [ 88.287345, 22.159427 ], [ 88.287266, 22.158914 ], [ 88.28724, 22.15842 ], [ 88.286601, 22.156779 ], [ 88.286346, 22.156108 ], [ 88.286358, 22.155603 ], [ 88.286644, 22.15504 ], [ 88.286895, 22.154509 ], [ 88.287012, 22.153879 ], [ 88.286806, 22.15204 ], [ 88.286788, 22.151392 ], [ 88.286329, 22.15064 ], [ 88.285886, 22.149913 ], [ 88.285295, 22.148809 ], [ 88.28526, 22.148197 ], [ 88.285381, 22.147354 ], [ 88.285407, 22.14632 ], [ 88.285801, 22.143451 ], [ 88.285789, 22.142823 ], [ 88.285641, 22.142267 ], [ 88.285513, 22.141987 ], [ 88.28509, 22.141675 ], [ 88.284286, 22.141076 ], [ 88.283546, 22.140525 ], [ 88.283122, 22.140073 ], [ 88.282864, 22.139331 ], [ 88.282876, 22.138853 ], [ 88.283046, 22.138379 ], [ 88.283251, 22.138053 ], [ 88.283652, 22.137806 ], [ 88.284248, 22.136997 ], [ 88.284211, 22.136705 ], [ 88.284171, 22.136496 ], [ 88.283885, 22.136343 ], [ 88.283751, 22.136319 ], [ 88.283463, 22.136249 ], [ 88.28336, 22.135872 ], [ 88.283505, 22.135439 ], [ 88.283645, 22.135172 ], [ 88.283674, 22.134902 ], [ 88.283682, 22.13459 ], [ 88.28362, 22.134402 ], [ 88.283446, 22.134189 ], [ 88.283141, 22.133891 ], [ 88.283083, 22.133515 ], [ 88.283138, 22.133121 ], [ 88.283323, 22.132834 ], [ 88.283526, 22.132756 ], [ 88.283616, 22.132758 ], [ 88.28384, 22.132701 ], [ 88.283957, 22.132475 ], [ 88.283948, 22.131955 ], [ 88.283593, 22.130959 ], [ 88.283054, 22.130038 ], [ 88.282916, 22.129586 ], [ 88.28243, 22.127999 ], [ 88.28244, 22.12758 ], [ 88.282629, 22.127515 ], [ 88.282853, 22.127555 ], [ 88.283188, 22.127633 ], [ 88.283582, 22.127705 ], [ 88.283939, 22.127582 ], [ 88.284021, 22.12727 ], [ 88.283947, 22.126962 ], [ 88.283885, 22.126708 ], [ 88.28335, 22.125648 ], [ 88.282177, 22.123071 ], [ 88.281452, 22.122076 ], [ 88.280168, 22.120635 ], [ 88.279923, 22.12036 ], [ 88.279187, 22.119389 ], [ 88.279038, 22.118873 ], [ 88.278918, 22.118457 ], [ 88.27887, 22.116822 ], [ 88.278782, 22.115676 ], [ 88.278419, 22.113788 ], [ 88.278579, 22.11322 ], [ 88.27896, 22.11284 ], [ 88.280712, 22.11203 ], [ 88.281333, 22.111665 ], [ 88.281851, 22.11136 ], [ 88.28197, 22.111084 ], [ 88.281915, 22.110281 ], [ 88.281565, 22.109331 ], [ 88.2811, 22.106914 ], [ 88.280747, 22.104185 ], [ 88.28107, 22.103122 ], [ 88.281177, 22.102769 ], [ 88.28153, 22.100019 ], [ 88.281716, 22.099141 ], [ 88.281934, 22.098648 ], [ 88.282744, 22.097517 ], [ 88.283338, 22.096803 ], [ 88.283563, 22.096041 ], [ 88.28358, 22.095351 ], [ 88.283297, 22.095152 ], [ 88.282851, 22.094873 ], [ 88.282278, 22.094743 ], [ 88.281953, 22.094544 ], [ 88.281918, 22.094313 ], [ 88.281963, 22.094122 ], [ 88.282132, 22.093973 ], [ 88.282379, 22.093979 ], [ 88.282751, 22.093489 ], [ 88.282645, 22.093205 ], [ 88.282521, 22.093035 ], [ 88.282462, 22.092953 ], [ 88.282315, 22.092773 ], [ 88.281882, 22.092072 ], [ 88.281857, 22.091387 ], [ 88.282065, 22.090651 ], [ 88.282118, 22.090018 ], [ 88.282011, 22.089733 ], [ 88.281678, 22.089443 ], [ 88.28142, 22.089155 ], [ 88.281281, 22.088658 ], [ 88.281261, 22.087952 ], [ 88.281277, 22.087282 ], [ 88.281404, 22.086756 ], [ 88.281673, 22.086422 ], [ 88.281794, 22.086272 ], [ 88.282024, 22.086172 ], [ 88.282406, 22.086005 ], [ 88.282788, 22.085873 ], [ 88.283095, 22.085704 ], [ 88.283935, 22.085372 ], [ 88.285346, 22.085373 ], [ 88.285921, 22.085494 ], [ 88.286794, 22.085946 ], [ 88.287828, 22.08615 ], [ 88.288485, 22.086059 ], [ 88.289108, 22.085751 ], [ 88.289304, 22.085613 ], [ 88.289499, 22.085474 ], [ 88.289894, 22.085053 ], [ 88.290264, 22.084094 ], [ 88.290753, 22.082995 ], [ 88.290946, 22.081027 ], [ 88.290976, 22.080715 ], [ 88.291132, 22.079133 ], [ 88.291359, 22.077926 ], [ 88.291713, 22.076169 ], [ 88.291944, 22.07483 ], [ 88.29207, 22.074332 ], [ 88.292234, 22.073895 ], [ 88.29265, 22.073714 ], [ 88.292898, 22.073983 ], [ 88.293142, 22.074411 ], [ 88.293394, 22.074523 ], [ 88.293591, 22.074554 ], [ 88.293902, 22.074588 ], [ 88.294125, 22.074699 ], [ 88.294206, 22.074859 ], [ 88.294397, 22.075153 ], [ 88.294891, 22.075745 ], [ 88.295237, 22.076281 ], [ 88.295409, 22.076549 ], [ 88.295686, 22.076766 ], [ 88.295911, 22.076851 ], [ 88.296052, 22.076854 ], [ 88.296112, 22.076698 ], [ 88.296123, 22.07625 ], [ 88.296138, 22.07567 ], [ 88.295833, 22.074174 ], [ 88.295741, 22.073635 ], [ 88.29518, 22.072379 ], [ 88.294971, 22.071653 ], [ 88.295019, 22.071441 ], [ 88.295039, 22.071358 ], [ 88.295267, 22.071307 ], [ 88.296327, 22.071482 ], [ 88.296892, 22.071526 ], [ 88.297522, 22.071512 ], [ 88.298469, 22.071388 ], [ 88.29935, 22.07138 ], [ 88.300495, 22.07152 ], [ 88.301524, 22.071646 ], [ 88.302398, 22.072038 ], [ 88.30319, 22.072628 ], [ 88.303517, 22.072948 ], [ 88.303944, 22.073684 ], [ 88.304409, 22.074007 ], [ 88.304689, 22.073962 ], [ 88.304889, 22.073733 ], [ 88.30501, 22.073347 ], [ 88.305127, 22.073091 ], [ 88.305241, 22.07299 ], [ 88.305408, 22.072994 ], [ 88.305571, 22.073179 ], [ 88.305842, 22.073445 ], [ 88.306096, 22.073547 ], [ 88.306118, 22.073556 ], [ 88.306396, 22.073562 ], [ 88.306731, 22.073519 ], [ 88.306953, 22.07355 ], [ 88.307147, 22.073607 ], [ 88.307246, 22.074102 ], [ 88.30724, 22.074335 ], [ 88.307286, 22.074751 ], [ 88.307475, 22.074964 ], [ 88.307753, 22.074996 ], [ 88.308312, 22.074906 ], [ 88.308861, 22.074755 ], [ 88.309231, 22.074799 ], [ 88.309523, 22.074978 ], [ 88.309922, 22.075299 ], [ 88.31095, 22.075704 ], [ 88.311579, 22.075719 ], [ 88.312101, 22.075593 ], [ 88.312439, 22.07586 ], [ 88.312715, 22.076191 ], [ 88.313092, 22.076288 ], [ 88.31319, 22.076144 ], [ 88.313352, 22.076 ], [ 88.313638, 22.075948 ], [ 88.313857, 22.076042 ], [ 88.314076, 22.076106 ], [ 88.314277, 22.076303 ], [ 88.314292, 22.076318 ], [ 88.314571, 22.07656 ], [ 88.314877, 22.07695 ], [ 88.315588, 22.077615 ], [ 88.316026, 22.077839 ], [ 88.316617, 22.078141 ], [ 88.317248, 22.078186 ], [ 88.317565, 22.078164 ], [ 88.31785, 22.078112 ], [ 88.31843, 22.077938 ], [ 88.317684, 22.077165 ], [ 88.317076, 22.076179 ], [ 88.316297, 22.074756 ], [ 88.316216, 22.074294 ], [ 88.31623, 22.07372 ], [ 88.31621, 22.073288 ], [ 88.316126, 22.072913 ], [ 88.316107, 22.072453 ], [ 88.316117, 22.072051 ], [ 88.316128, 22.071591 ], [ 88.31625, 22.0713 ], [ 88.316259, 22.071278 ], [ 88.316516, 22.070854 ], [ 88.316977, 22.069629 ], [ 88.317186, 22.068022 ], [ 88.317267, 22.067186 ], [ 88.31758, 22.063951 ], [ 88.317663, 22.063457 ], [ 88.317817, 22.062964 ], [ 88.318146, 22.062542 ], [ 88.318689, 22.062126 ], [ 88.31955, 22.061716 ], [ 88.320019, 22.06143 ], [ 88.320311, 22.061106 ], [ 88.320568, 22.060716 ], [ 88.320863, 22.06026 ], [ 88.321126, 22.059671 ], [ 88.321328, 22.058684 ], [ 88.321505, 22.055629 ], [ 88.321351, 22.055237 ], [ 88.320882, 22.054048 ], [ 88.320768, 22.053095 ], [ 88.320789, 22.052667 ], [ 88.320823, 22.051967 ], [ 88.320999, 22.050834 ], [ 88.321267, 22.050501 ], [ 88.321617, 22.049977 ], [ 88.321632, 22.049896 ], [ 88.321707, 22.049495 ], [ 88.321686, 22.049301 ], [ 88.321616, 22.04896 ], [ 88.321119, 22.048028 ], [ 88.319601, 22.044864 ], [ 88.319177, 22.043744 ], [ 88.318791, 22.043331 ], [ 88.318472, 22.043071 ], [ 88.318316, 22.042815 ], [ 88.318319, 22.042606 ], [ 88.318506, 22.042433 ], [ 88.318841, 22.042184 ], [ 88.319592, 22.041108 ], [ 88.319917, 22.040747 ], [ 88.320371, 22.040019 ], [ 88.32058, 22.039544 ], [ 88.320353, 22.038447 ], [ 88.320199, 22.037915 ], [ 88.320182, 22.037263 ], [ 88.320036, 22.036422 ], [ 88.31979, 22.035578 ], [ 88.319148, 22.0346 ], [ 88.318691, 22.034217 ], [ 88.318266, 22.033927 ], [ 88.317434, 22.033907 ], [ 88.316596, 22.034135 ], [ 88.316362, 22.03416 ], [ 88.315678, 22.034095 ], [ 88.315499, 22.034077 ], [ 88.314772, 22.033843 ], [ 88.314529, 22.0337 ], [ 88.312836, 22.032709 ], [ 88.312105, 22.032661 ], [ 88.311393, 22.033202 ], [ 88.311281, 22.033696 ], [ 88.311273, 22.034006 ], [ 88.311231, 22.034377 ], [ 88.311057, 22.034652 ], [ 88.310688, 22.034768 ], [ 88.310275, 22.034673 ], [ 88.309755, 22.034555 ], [ 88.308354, 22.033888 ], [ 88.307141, 22.032812 ], [ 88.306861, 22.032319 ], [ 88.306603, 22.031863 ], [ 88.3066, 22.031466 ], [ 88.306597, 22.0309 ], [ 88.307096, 22.030135 ], [ 88.307221, 22.029969 ], [ 88.307748, 22.029501 ], [ 88.30841, 22.028471 ], [ 88.308408, 22.028312 ], [ 88.308399, 22.027679 ], [ 88.308335, 22.026575 ], [ 88.307822, 22.025234 ], [ 88.306508, 22.023623 ], [ 88.305469, 22.022872 ], [ 88.303607, 22.022624 ], [ 88.302283, 22.02207 ], [ 88.300913, 22.020818 ], [ 88.300146, 22.01975 ], [ 88.299258, 22.018514 ], [ 88.299075, 22.017852 ], [ 88.298829, 22.016966 ], [ 88.298818, 22.015825 ], [ 88.298884, 22.014994 ], [ 88.298787, 22.013947 ], [ 88.298775, 22.013818 ], [ 88.298293, 22.012014 ], [ 88.298273, 22.010991 ], [ 88.298485, 22.010529 ], [ 88.29853, 22.010032 ], [ 88.298528, 22.009855 ], [ 88.298518, 22.00916 ], [ 88.298107, 22.008216 ], [ 88.298022, 22.007987 ], [ 88.297825, 22.007462 ], [ 88.297869, 22.007027 ], [ 88.298147, 22.006598 ], [ 88.298494, 22.006077 ], [ 88.299092, 22.004846 ], [ 88.299794, 22.00343 ], [ 88.299753, 22.002371 ], [ 88.299629, 22.001971 ], [ 88.299591, 22.001851 ], [ 88.298748, 22.00042 ], [ 88.298292, 21.999295 ], [ 88.298394, 21.999046 ], [ 88.297371, 21.996425 ], [ 88.29659, 21.994304 ], [ 88.295324, 21.992484 ] ] ] } },
{ "type": "Feature", "properties": { "census2011_code": "02429", "block_name": "Mandirbazar", "geoboundaries_shape_id": "7132399B42376749952464", "area_km2": 115.2, "land_area_km2": 115.2, "water_area_km2": 0.0 }, "geometry": { "type": "Polygon", "coordinates": [ [ [ 88.368624, 22.185564 ], [ 88.368904, 22.183584 ], [ 88.369426, 22.182663 ], [ 88.369826, 22.182306 ], [ 88.369947, 22.182197 ], [ 88.370657, 22.182047 ], [ 88.371398, 22.181925 ], [ 88.372379, 22.182147 ], [ 88.372586, 22.182253 ], [ 88.37286, 22.182394 ], [ 88.373347, 22.18331 ], [ 88.373804, 22.184445 ], [ 88.374831, 22.185498 ], [ 88.375751, 22.186295 ], [ 88.375789, 22.186312 ], [ 88.376349, 22.186553 ], [ 88.376662, 22.186521 ], [ 88.376815, 22.186052 ], [ 88.37725, 22.185523 ], [ 88.377689, 22.185548 ], [ 88.378097, 22.185632 ], [ 88.37835, 22.185893 ], [ 88.378385, 22.186243 ], [ 88.378106, 22.186654 ], [ 88.377671, 22.187155 ], [ 88.377663, 22.187221 ], [ 88.377496, 22.188558 ], [ 88.377546, 22.19046 ], [ 88.377638, 22.19091 ], [ 88.377772, 22.191113 ], [ 88.37817, 22.191356 ], [ 88.378522, 22.191353 ], [ 88.37892, 22.191513 ], [ 88.379322, 22.192247 ], [ 88.379456, 22.192451 ], [ 88.379942, 22.19261 ], [ 88.380471, 22.192688 ], [ 88.381086, 22.192641 ], [ 88.381964, 22.192306 ], [ 88.382402, 22.192056 ], [ 88.382708, 22.191807 ], [ 88.383278, 22.191597 ], [ 88.383673, 22.191471 ], [ 88.384068, 22.191303 ], [ 88.384328, 22.190932 ], [ 88.384588, 22.190356 ], [ 88.384663, 22.189504 ], [ 88.384708, 22.189003 ], [ 88.384885, 22.188413 ], [ 88.385395, 22.187849 ], [ 88.385699, 22.187759 ], [ 88.386507, 22.18752 ], [ 88.387021, 22.187542 ], [ 88.387422, 22.187672 ], [ 88.38791, 22.187854 ], [ 88.387997, 22.188013 ], [ 88.388143, 22.188384 ], [ 88.388204, 22.188809 ], [ 88.388384, 22.189477 ], [ 88.388434, 22.189703 ], [ 88.388727, 22.189813 ], [ 88.38897, 22.189811 ], [ 88.389358, 22.189717 ], [ 88.389457, 22.189491 ], [ 88.389477, 22.189444 ], [ 88.389669, 22.189103 ], [ 88.389982, 22.188829 ], [ 88.390733, 22.188437 ], [ 88.391758, 22.187726 ], [ 88.392301, 22.187142 ], [ 88.392771, 22.18656 ], [ 88.392989, 22.186421 ], [ 88.393465, 22.186485 ], [ 88.3938, 22.187231 ], [ 88.394052, 22.18756 ], [ 88.394668, 22.187754 ], [ 88.396326, 22.187845 ], [ 88.39637, 22.18785 ], [ 88.397802, 22.188001 ], [ 88.39882, 22.188365 ], [ 88.399356, 22.189 ], [ 88.400034, 22.189512 ], [ 88.400545, 22.189594 ], [ 88.401449, 22.189478 ], [ 88.402005, 22.189387 ], [ 88.402634, 22.189362 ], [ 88.402724, 22.189359 ], [ 88.403118, 22.189333 ], [ 88.404277, 22.189301 ], [ 88.405163, 22.189078 ], [ 88.405952, 22.188531 ], [ 88.406374, 22.187902 ], [ 88.406976, 22.18621 ], [ 88.407256, 22.185406 ], [ 88.408216, 22.184374 ], [ 88.408548, 22.184036 ], [ 88.408294, 22.183657 ], [ 88.406479, 22.181422 ], [ 88.406548, 22.180517 ], [ 88.406818, 22.18023 ], [ 88.407689, 22.179949 ], [ 88.408536, 22.179647 ], [ 88.408828, 22.179295 ], [ 88.409464, 22.178512 ], [ 88.409862, 22.178023 ], [ 88.409982, 22.177523 ], [ 88.409967, 22.176939 ], [ 88.410013, 22.17653 ], [ 88.410302, 22.175945 ], [ 88.411237, 22.175767 ], [ 88.41167, 22.175421 ], [ 88.411686, 22.174983 ], [ 88.410931, 22.174617 ], [ 88.409841, 22.174156 ], [ 88.409526, 22.173727 ], [ 88.409583, 22.173084 ], [ 88.408858, 22.172964 ], [ 88.408507, 22.172611 ], [ 88.408161, 22.172069 ], [ 88.40784, 22.17148 ], [ 88.407106, 22.170922 ], [ 88.406621, 22.169475 ], [ 88.40627, 22.168736 ], [ 88.405752, 22.167646 ], [ 88.405583, 22.16599 ], [ 88.405478, 22.164304 ], [ 88.405822, 22.163346 ], [ 88.406469, 22.162701 ], [ 88.406186, 22.162473 ], [ 88.405923, 22.162131 ], [ 88.405575, 22.161681 ], [ 88.404843, 22.160733 ], [ 88.404536, 22.15894 ], [ 88.404431, 22.157101 ], [ 88.404378, 22.156168 ], [ 88.4033, 22.154435 ], [ 88.402814, 22.152828 ], [ 88.401291, 22.149552 ], [ 88.400036, 22.147864 ], [ 88.396397, 22.147192 ], [ 88.394881, 22.146523 ], [ 88.394317, 22.146237 ], [ 88.393293, 22.145718 ], [ 88.389787, 22.144932 ], [ 88.388103, 22.144936 ], [ 88.387393, 22.14535 ], [ 88.385974, 22.145601 ], [ 88.384773, 22.145596 ], [ 88.383284, 22.145438 ], [ 88.382769, 22.14519 ], [ 88.382421, 22.145023 ], [ 88.381228, 22.144266 ], [ 88.380216, 22.143877 ], [ 88.379174, 22.143477 ], [ 88.379334, 22.142865 ], [ 88.379126, 22.142293 ], [ 88.378302, 22.141535 ], [ 88.377751, 22.141575 ], [ 88.377729, 22.141576 ], [ 88.377035, 22.142191 ], [ 88.37675, 22.142384 ], [ 88.376728, 22.142383 ], [ 88.376012, 22.14235 ], [ 88.374982, 22.141516 ], [ 88.374492, 22.141786 ], [ 88.37392, 22.142056 ], [ 88.373264, 22.14206 ], [ 88.371785, 22.141382 ], [ 88.370796, 22.140395 ], [ 88.370123, 22.137497 ], [ 88.369091, 22.136129 ], [ 88.367356, 22.133772 ], [ 88.365995, 22.132176 ], [ 88.365715, 22.131307 ], [ 88.365578, 22.130881 ], [ 88.365494, 22.130538 ], [ 88.365041, 22.130082 ], [ 88.364509, 22.130276 ], [ 88.363897, 22.130814 ], [ 88.363865, 22.132418 ], [ 88.363298, 22.133566 ], [ 88.362683, 22.13357 ], [ 88.362521, 22.133876 ], [ 88.362775, 22.135287 ], [ 88.362777, 22.135707 ], [ 88.361753, 22.135789 ], [ 88.361757, 22.136476 ], [ 88.362005, 22.136819 ], [ 88.362133, 22.13781 ], [ 88.361892, 22.138537 ], [ 88.361849, 22.138531 ], [ 88.361399, 22.138464 ], [ 88.361111, 22.138122 ], [ 88.360366, 22.136904 ], [ 88.359704, 22.135839 ], [ 88.358719, 22.135501 ], [ 88.358064, 22.135581 ], [ 88.357897, 22.13553 ], [ 88.357448, 22.135394 ], [ 88.357238, 22.134517 ], [ 88.356041, 22.132997 ], [ 88.355173, 22.131666 ], [ 88.354311, 22.131403 ], [ 88.353077, 22.130647 ], [ 88.352376, 22.129734 ], [ 88.352373, 22.129162 ], [ 88.352863, 22.128968 ], [ 88.354215, 22.128922 ], [ 88.355035, 22.128918 ], [ 88.356513, 22.129444 ], [ 88.357538, 22.129438 ], [ 88.358151, 22.129167 ], [ 88.357984, 22.12871 ], [ 88.357532, 22.128483 ], [ 88.356876, 22.128449 ], [ 88.355522, 22.128037 ], [ 88.354696, 22.126858 ], [ 88.354592, 22.126697 ], [ 88.35391, 22.125641 ], [ 88.353294, 22.125301 ], [ 88.352843, 22.125303 ], [ 88.352312, 22.12565 ], [ 88.351943, 22.12569 ], [ 88.351698, 22.125692 ], [ 88.350972, 22.125023 ], [ 88.350833, 22.124895 ], [ 88.350497, 22.123446 ], [ 88.349906, 22.120357 ], [ 88.349445, 22.11909 ], [ 88.349365, 22.118871 ], [ 88.34936, 22.118031 ], [ 88.349407, 22.117544 ], [ 88.349438, 22.117229 ], [ 88.348363, 22.116608 ], [ 88.347588, 22.116132 ], [ 88.346308, 22.114422 ], [ 88.345845, 22.112134 ], [ 88.345918, 22.110492 ], [ 88.345737, 22.109355 ], [ 88.345366, 22.107021 ], [ 88.344786, 22.105917 ], [ 88.344412, 22.104926 ], [ 88.344705, 22.104403 ], [ 88.344797, 22.104238 ], [ 88.345131, 22.103375 ], [ 88.345448, 22.102859 ], [ 88.346475, 22.101185 ], [ 88.347299, 22.100179 ], [ 88.348488, 22.098222 ], [ 88.348609, 22.09782 ], [ 88.348393, 22.097592 ], [ 88.348106, 22.097157 ], [ 88.347935, 22.096897 ], [ 88.347337, 22.095992 ], [ 88.346375, 22.09462 ], [ 88.345301, 22.093146 ], [ 88.345172, 22.092969 ], [ 88.344918, 22.092621 ], [ 88.344635, 22.091561 ], [ 88.34411, 22.091334 ], [ 88.343071, 22.091712 ], [ 88.341223, 22.092383 ], [ 88.340699, 22.092271 ], [ 88.340389, 22.091986 ], [ 88.339957, 22.091731 ], [ 88.338697, 22.092082 ], [ 88.338143, 22.092028 ], [ 88.337246, 22.091315 ], [ 88.337255, 22.091112 ], [ 88.337273, 22.090684 ], [ 88.337117, 22.090284 ], [ 88.336901, 22.090084 ], [ 88.336439, 22.090144 ], [ 88.335877, 22.089582 ], [ 88.335697, 22.089402 ], [ 88.335724, 22.088743 ], [ 88.336336, 22.087392 ], [ 88.336727, 22.086528 ], [ 88.336681, 22.086367 ], [ 88.336571, 22.085984 ], [ 88.335582, 22.08533 ], [ 88.335271, 22.084787 ], [ 88.335172, 22.083497 ], [ 88.334524, 22.083156 ], [ 88.333133, 22.082016 ], [ 88.332329, 22.081447 ], [ 88.332114, 22.081226 ], [ 88.331803, 22.080905 ], [ 88.331552, 22.07996 ], [ 88.332009, 22.079154 ], [ 88.332218, 22.078035 ], [ 88.331995, 22.076573 ], [ 88.331647, 22.074825 ], [ 88.331052, 22.072849 ], [ 88.330456, 22.072121 ], [ 88.329627, 22.071108 ], [ 88.328272, 22.071058 ], [ 88.326827, 22.071238 ], [ 88.326427, 22.071412 ], [ 88.325539, 22.072134 ], [ 88.324156, 22.072486 ], [ 88.323299, 22.073409 ], [ 88.323151, 22.074471 ], [ 88.32325, 22.075761 ], [ 88.324395, 22.076988 ], [ 88.325171, 22.078102 ], [ 88.325207, 22.079106 ], [ 88.325183, 22.080311 ], [ 88.32457, 22.080859 ], [ 88.323986, 22.081006 ], [ 88.321491, 22.080704 ], [ 88.320535, 22.080308 ], [ 88.318925, 22.078538 ], [ 88.31843, 22.077938 ], [ 88.31785, 22.078112 ], [ 88.317565, 22.078164 ], [ 88.317248, 22.078186 ], [ 88.316617, 22.078141 ], [ 88.316026, 22.077839 ], [ 88.315588, 22.077615 ], [ 88.314877, 22.07695 ], [ 88.314571, 22.07656 ], [ 88.314292, 22.076318 ], [ 88.314277, 22.076303 ], [ 88.314076, 22.076106 ], [ 88.313857, 22.076042 ], [ 88.313638, 22.075948 ], [ 88.313352, 22.076 ], [ 88.31319, 22.076144 ], [ 88.313092, 22.076288 ], [ 88.312715, 22.076191 ], [ 88.312439, 22.07586 ], [ 88.312101, 22.075593 ], [ 88.311579, 22.075719 ], [ 88.31095, 22.075704 ], [ 88.309922, 22.075299 ], [ 88.309523, 22.074978 ], [ 88.309231, 22.074799 ], [ 88.308861, 22.074755 ], [ 88.308312, 22.074906 ], [ 88.307753, 22.074996 ], [ 88.307475, 22.074964 ], [ 88.307286, 22.074751 ], [ 88.30724, 22.074335 ], [ 88.307246, 22.074102 ], [ 88.307147, 22.073607 ], [ 88.306953, 22.07355 ], [ 88.306731, 22.073519 ], [ 88.306396, 22.073562 ], [ 88.306118, 22.073556 ], [ 88.306096, 22.073547 ], [ 88.305842, 22.073445 ], [ 88.305571, 22.073179 ], [ 88.305408, 22.072994 ], [ 88.305241, 22.07299 ], [ 88.305127, 22.073091 ], [ 88.30501, 22.073347 ], [ 88.304889, 22.073733 ], [ 88.304689, 22.073962 ], [ 88.304409, 22.074007 ], [ 88.303944, 22.073684 ], [ 88.303517, 22.072948 ], [ 88.30319, 22.072628 ], [ 88.302398, 22.072038 ], [ 88.301524, 22.071646 ], [ 88.300495, 22.07152 ], [ 88.29935, 22.07138 ], [ 88.298469, 22.071388 ], [ 88.297522, 22.071512 ], [ 88.296892, 22.071526 ], [ 88.296327, 22.071482 ], [ 88.295267, 22.071307 ], [ 88.295039, 22.071358 ], [ 88.295019, 22.071441 ], [ 88.294971, 22.071653 ], [ 88.29518, 22.072379 ], [ 88.295741, 22.073635 ], [ 88.295833, 22.074174 ], [ 88.296138, 22.07567 ], [ 88.296123, 22.07625 ], [ 88.296112, 22.076698 ], [ 88.296052, 22.076854 ], [ 88.295911, 22.076851 ], [ 88.295686, 22.076766 ], [ 88.295409, 22.076549 ], [ 88.295237, 22.076281 ], [ 88.294891, 22.075745 ], [ 88.294397, 22.075153 ], [ 88.294206, 22.074859 ], [ 88.294125, 22.074699 ], [ 88.293902, 22.074588 ], [ 88.293591, 22.074554 ], [ 88.293394, 22.074523 ], [ 88.293142, 22.074411 ], [ 88.292898, 22.073983 ], [ 88.29265, 22.073714 ], [ 88.292234, 22.073895 ], [ 88.29207, 22.074332 ], [ 88.291944, 22.07483 ], [ 88.291713, 22.076169 ], [ 88.291359, 22.077926 ], [ 88.291132, 22.079133 ], [ 88.290976, 22.080715 ], [ 88.290946, 22.081027 ], [ 88.290753, 22.082995 ], [ 88.290264, 22.084094 ], [ 88.289894, 22.085053 ], [ 88.289499, 22.085474 ], [ 88.289304, 22.085613 ], [ 88.289108, 22.085751 ], [ 88.288485, 22.086059 ], [ 88.287828, 22.08615 ], [ 88.286794, 22.085946 ], [ 88.285921, 22.085494 ], [ 88.285346, 22.085373 ], [ 88.283935, 22.085372 ], [ 88.283095, 22.085704 ], [ 88.282788, 22.085873 ], [ 88.282406, 22.086005 ], [ 88.282024, 22.086172 ], [ 88.281794, 22.086272 ], [ 88.281673, 22.086422 ], [ 88.281404, 22.086756 ], [ 88.281277, 22.087282 ], [ 88.281261, 22.087952 ], [ 88.281281, 22.088658 ], [ 88.28142, 22.089155 ], [ 88.281678, 22.089443 ], [ 88.282011, 22.089733 ], [ 88.282118, 22.090018 ], [ 88.282065, 22.090651 ], [ 88.281857, 22.091387 ], [ 88.281882, 22.092072 ], [ 88.282315, 22.092773 ], [ 88.282462, 22.092953 ], [ 88.282521, 22.093035 ], [ 88.282645, 22.093205 ], [ 88.282751, 22.093489 ], [ 88.282379, 22.093979 ], [ 88.282132, 22.093973 ], [ 88.281963, 22.094122 ], [ 88.281918, 22.094313 ], [ 88.281953, 22.094544 ], [ 88.282278, 22.094743 ], [ 88.282851, 22.094873 ], [ 88.283297, 22.095152 ], [ 88.28358, 22.095351 ], [ 88.283563, 22.096041 ], [ 88.283338, 22.096803 ], [ 88.282744, 22.097517 ], [ 88.281934, 22.098648 ], [ 88.281716, 22.099141 ], [ 88.28153, 22.100019 ], [ 88.281177, 22.102769 ], [ 88.28107, 22.103122 ], [ 88.280747, 22.104185 ], [ 88.2811, 22.106914 ], [ 88.281565, 22.109331 ], [ 88.281915, 22.110281 ], [ 88.28197, 22.111084 ], [ 88.281851, 22.11136 ], [ 88.281333, 22.111665 ], [ 88.280712, 22.11203 ], [ 88.27896, 22.11284 ], [ 88.278579, 22.11322 ], [ 88.278419, 22.113788 ], [ 88.278782, 22.115676 ], [ 88.27887, 22.116822 ], [ 88.278918, 22.118457 ], [ 88.279038, 22.118873 ], [ 88.279187, 22.119389 ], [ 88.279923, 22.12036 ], [ 88.280168, 22.120635 ], [ 88.281452, 22.122076 ], [ 88.282177, 22.123071 ], [ 88.28335, 22.125648 ], [ 88.283885, 22.126708 ], [ 88.283947, 22.126962 ], [ 88.284021, 22.12727 ], [ 88.283939, 22.127582 ], [ 88.283582, 22.127705 ], [ 88.283188, 22.127633 ], [ 88.282853, 22.127555 ], [ 88.282629, 22.127515 ], [ 88.28244, 22.12758 ], [ 88.28243, 22.127999 ], [ 88.282916, 22.129586 ], [ 88.283054, 22.130038 ], [ 88.283593, 22.130959 ], [ 88.283948, 22.131955 ], [ 88.283957, 22.132475 ], [ 88.28384, 22.132701 ], [ 88.283616, 22.132758 ], [ 88.283526, 22.132756 ], [ 88.283323, 22.132834 ], [ 88.283138, 22.133121 ], [ 88.283083, 22.133515 ], [ 88.283141, 22.133891 ], [ 88.283446, 22.134189 ], [ 88.28362, 22.134402 ], [ 88.283682, 22.13459 ], [ 88.283674, 22.134902 ], [ 88.283645, 22.135172 ], [ 88.283505, 22.135439 ], [ 88.28336, 22.135872 ], [ 88.283463, 22.136249 ], [ 88.283751, 22.136319 ], [ 88.283885, 22.136343 ], [ 88.284171, 22.136496 ], [ 88.284211, 22.136705 ], [ 88.284248, 22.136997 ], [ 88.283652, 22.137806 ], [ 88.283251, 22.138053 ], [ 88.283046, 22.138379 ], [ 88.282876, 22.138853 ], [ 88.282864, 22.139331 ], [ 88.283122, 22.140073 ], [ 88.283546, 22.140525 ], [ 88.284286, 22.141076 ], [ 88.28509, 22.141675 ], [ 88.285513, 22.141987 ], [ 88.285641, 22.142267 ], [ 88.285789, 22.142823 ], [ 88.285801, 22.143451 ], [ 88.285407, 22.14632 ], [ 88.285381, 22.147354 ], [ 88.28526, 22.148197 ], [ 88.285295, 22.148809 ], [ 88.285886, 22.149913 ], [ 88.286329, 22.15064 ], [ 88.286788, 22.151392 ], [ 88.286806, 22.15204 ], [ 88.287012, 22.153879 ], [ 88.286895, 22.154509 ], [ 88.286644, 22.15504 ], [ 88.286358, 22.155603 ], [ 88.286346, 22.156108 ], [ 88.286601, 22.156779 ], [ 88.28724, 22.15842 ], [ 88.287266, 22.158914 ], [ 88.287345, 22.159427 ], [ 88.287364, 22.15955 ], [ 88.287389, 22.160044 ], [ 88.287287, 22.160489 ], [ 88.28722, 22.160779 ], [ 88.287356, 22.161381 ], [ 88.28761, 22.161844 ], [ 88.287939, 22.162275 ], [ 88.288225, 22.162951 ], [ 88.288329, 22.163341 ], [ 88.288631, 22.164637 ], [ 88.289968, 22.164184 ], [ 88.290793, 22.164179 ], [ 88.290855, 22.163854 ], [ 88.29079, 22.16347 ], [ 88.290819, 22.162968 ], [ 88.291262, 22.162758 ], [ 88.292214, 22.162872 ], [ 88.292566, 22.163372 ], [ 88.292567, 22.163638 ], [ 88.293142, 22.164433 ], [ 88.29346, 22.16452 ], [ 88.293586, 22.164312 ], [ 88.293679, 22.163839 ], [ 88.294027, 22.16366 ], [ 88.294885, 22.163892 ], [ 88.296096, 22.165067 ], [ 88.296448, 22.165656 ], [ 88.297942, 22.166033 ], [ 88.298671, 22.165881 ], [ 88.298863, 22.16563 ], [ 88.29908, 22.165347 ], [ 88.299237, 22.165009 ], [ 88.2993, 22.164873 ], [ 88.299199, 22.163691 ], [ 88.298748, 22.162512 ], [ 88.29903, 22.161831 ], [ 88.3001, 22.161181 ], [ 88.300454, 22.160966 ], [ 88.301248, 22.161228 ], [ 88.301473, 22.161699 ], [ 88.301571, 22.16226 ], [ 88.301256, 22.162764 ], [ 88.301384, 22.16297 ], [ 88.303446, 22.162812 ], [ 88.304591, 22.163337 ], [ 88.306459, 22.162618 ], [ 88.307663, 22.162287 ], [ 88.30906, 22.162515 ], [ 88.310773, 22.162477 ], [ 88.311881, 22.161998 ], [ 88.313373, 22.162137 ], [ 88.313819, 22.16249 ], [ 88.314868, 22.162779 ], [ 88.315156, 22.16328 ], [ 88.315167, 22.165378 ], [ 88.315075, 22.16594 ], [ 88.314836, 22.166295 ], [ 88.314477, 22.16683 ], [ 88.314518, 22.168603 ], [ 88.314361, 22.168988 ], [ 88.313411, 22.169318 ], [ 88.312686, 22.170297 ], [ 88.312499, 22.170889 ], [ 88.312347, 22.17222 ], [ 88.312701, 22.17321 ], [ 88.312895, 22.173753 ], [ 88.313108, 22.175237 ], [ 88.313158, 22.175584 ], [ 88.312499, 22.176917 ], [ 88.312379, 22.178189 ], [ 88.312888, 22.178511 ], [ 88.313745, 22.178477 ], [ 88.31416, 22.179006 ], [ 88.314008, 22.180219 ], [ 88.313537, 22.181226 ], [ 88.313735, 22.182643 ], [ 88.312978, 22.183593 ], [ 88.313109, 22.184302 ], [ 88.313908, 22.185391 ], [ 88.314135, 22.186306 ], [ 88.313788, 22.186632 ], [ 88.313727, 22.187194 ], [ 88.314035, 22.187911 ], [ 88.314209, 22.188315 ], [ 88.314055, 22.189143 ], [ 88.314407, 22.189732 ], [ 88.314886, 22.19035 ], [ 88.314573, 22.191031 ], [ 88.31416, 22.191063 ], [ 88.313619, 22.190741 ], [ 88.313334, 22.19089 ], [ 88.313145, 22.191128 ], [ 88.312606, 22.19116 ], [ 88.311524, 22.190693 ], [ 88.310412, 22.190492 ], [ 88.308731, 22.190501 ], [ 88.307429, 22.190449 ], [ 88.307015, 22.190126 ], [ 88.306506, 22.189834 ], [ 88.306061, 22.189807 ], [ 88.305903, 22.189867 ], [ 88.305875, 22.190665 ], [ 88.306133, 22.191343 ], [ 88.306008, 22.191846 ], [ 88.305723, 22.191847 ], [ 88.305373, 22.191642 ], [ 88.305022, 22.191319 ], [ 88.304228, 22.191146 ], [ 88.303912, 22.191502 ], [ 88.30353, 22.191965 ], [ 88.30325, 22.192304 ], [ 88.302975, 22.194285 ], [ 88.303013, 22.195556 ], [ 88.303053, 22.197092 ], [ 88.303215, 22.197712 ], [ 88.303122, 22.198215 ], [ 88.302902, 22.1986 ], [ 88.302712, 22.19869 ], [ 88.301315, 22.198638 ], [ 88.300872, 22.198818 ], [ 88.299444, 22.198914 ], [ 88.298107, 22.198182 ], [ 88.296964, 22.197952 ], [ 88.296583, 22.197984 ], [ 88.295791, 22.198254 ], [ 88.295736, 22.19836 ], [ 88.295603, 22.198639 ], [ 88.295382, 22.198995 ], [ 88.295675, 22.200412 ], [ 88.296008, 22.203453 ], [ 88.296303, 22.205195 ], [ 88.29596, 22.206468 ], [ 88.295808, 22.20768 ], [ 88.295208, 22.208363 ], [ 88.294669, 22.208514 ], [ 88.294098, 22.208517 ], [ 88.293622, 22.208578 ], [ 88.29315, 22.20926 ], [ 88.292137, 22.209739 ], [ 88.292084, 22.210104 ], [ 88.291922, 22.211217 ], [ 88.29183, 22.211809 ], [ 88.292595, 22.212484 ], [ 88.29384, 22.213926 ], [ 88.294281, 22.214204 ], [ 88.294629, 22.214425 ], [ 88.294859, 22.21457 ], [ 88.295686, 22.214921 ], [ 88.296322, 22.215035 ], [ 88.297373, 22.215739 ], [ 88.298486, 22.216235 ], [ 88.299597, 22.216141 ], [ 88.300798, 22.215189 ], [ 88.300938, 22.214836 ], [ 88.30108, 22.214478 ], [ 88.302281, 22.213437 ], [ 88.303867, 22.213429 ], [ 88.305078, 22.214191 ], [ 88.305658, 22.21599 ], [ 88.306171, 22.216904 ], [ 88.307567, 22.216837 ], [ 88.308647, 22.21692 ], [ 88.308934, 22.217214 ], [ 88.308836, 22.217641 ], [ 88.308717, 22.21816 ], [ 88.30891, 22.218691 ], [ 88.309197, 22.218897 ], [ 88.30939, 22.218722 ], [ 88.309955, 22.218213 ], [ 88.311664, 22.217258 ], [ 88.313153, 22.216748 ], [ 88.314328, 22.2168 ], [ 88.316075, 22.217057 ], [ 88.317465, 22.216825 ], [ 88.317724, 22.216782 ], [ 88.319183, 22.216656 ], [ 88.320359, 22.216856 ], [ 88.321467, 22.216436 ], [ 88.321938, 22.216252 ], [ 88.322386, 22.216077 ], [ 88.323909, 22.216039 ], [ 88.324927, 22.216256 ], [ 88.324989, 22.216269 ], [ 88.325283, 22.216268 ], [ 88.325326, 22.216267 ], [ 88.326513, 22.216261 ], [ 88.327591, 22.216078 ], [ 88.327977, 22.216254 ], [ 88.328164, 22.21634 ], [ 88.329271, 22.215684 ], [ 88.329236, 22.215034 ], [ 88.329201, 22.214473 ], [ 88.329389, 22.214058 ], [ 88.329702, 22.213229 ], [ 88.330337, 22.213107 ], [ 88.330656, 22.21346 ], [ 88.330659, 22.213963 ], [ 88.331168, 22.214167 ], [ 88.333167, 22.214126 ], [ 88.333356, 22.213859 ], [ 88.333129, 22.213033 ], [ 88.332996, 22.21259 ], [ 88.332677, 22.211528 ], [ 88.33232, 22.210141 ], [ 88.33203, 22.209316 ], [ 88.33228, 22.208664 ], [ 88.333042, 22.208689 ], [ 88.33338, 22.207737 ], [ 88.333395, 22.207693 ], [ 88.333752, 22.206679 ], [ 88.33425, 22.205561 ], [ 88.334768, 22.204891 ], [ 88.335252, 22.204264 ], [ 88.336132, 22.20379 ], [ 88.336947, 22.20314 ], [ 88.337575, 22.202667 ], [ 88.338011, 22.201784 ], [ 88.33851, 22.200784 ], [ 88.338884, 22.19996 ], [ 88.339385, 22.199312 ], [ 88.340264, 22.19872 ], [ 88.341018, 22.198364 ], [ 88.341745, 22.198269 ], [ 88.341583, 22.19762 ], [ 88.342214, 22.196907 ], [ 88.341543, 22.196172 ], [ 88.341001, 22.195673 ], [ 88.340298, 22.194701 ], [ 88.340326, 22.194051 ], [ 88.341085, 22.193692 ], [ 88.341785, 22.193954 ], [ 88.342044, 22.193907 ], [ 88.3428, 22.193771 ], [ 88.343078, 22.192529 ], [ 88.343422, 22.191463 ], [ 88.343512, 22.190664 ], [ 88.343062, 22.189544 ], [ 88.343214, 22.18842 ], [ 88.344577, 22.188117 ], [ 88.345339, 22.188172 ], [ 88.346199, 22.188758 ], [ 88.346802, 22.188666 ], [ 88.347276, 22.188309 ], [ 88.347683, 22.18742 ], [ 88.348044, 22.187398 ], [ 88.348223, 22.187387 ], [ 88.34908, 22.187412 ], [ 88.350064, 22.187466 ], [ 88.35038, 22.187316 ], [ 88.351298, 22.186868 ], [ 88.351932, 22.186657 ], [ 88.353263, 22.186443 ], [ 88.354343, 22.186644 ], [ 88.355071, 22.186314 ], [ 88.356016, 22.185598 ], [ 88.356209, 22.185451 ], [ 88.356494, 22.18542 ], [ 88.357575, 22.185798 ], [ 88.358533, 22.186856 ], [ 88.359171, 22.187414 ], [ 88.359554, 22.18737 ], [ 88.35971, 22.187352 ], [ 88.359708, 22.186997 ], [ 88.359579, 22.186614 ], [ 88.359098, 22.185641 ], [ 88.359415, 22.185551 ], [ 88.360848, 22.186488 ], [ 88.361293, 22.186663 ], [ 88.361894, 22.186335 ], [ 88.362296, 22.186322 ], [ 88.363036, 22.186298 ], [ 88.363788, 22.187181 ], [ 88.365128, 22.187613 ], [ 88.36615, 22.18757 ], [ 88.366583, 22.187604 ], [ 88.366822, 22.188079 ], [ 88.366994, 22.188104 ], [ 88.36757, 22.188185 ], [ 88.368562, 22.188325 ], [ 88.368558, 22.187867 ], [ 88.368442, 22.187244 ], [ 88.368624, 22.185564 ] ] ] } },
{ "type": "Feature", "properties": { "census2011_code": "02430", "block_name": "Mathurapur-I", "geoboundaries_shape_id": "7132399B29342853885555", "area_km2": 150.4, "land_area_km2": 150.4, "water_area_km2": 0.0 }, "geometry": { "type": "Polygon", "coordinates": [ [ [ 88.362363, 22.001031 ], [ 88.361285, 21.999967 ], [ 88.360525, 21.999258 ], [ 88.359892, 21.998371 ], [ 88.357545, 21.996835 ], [ 88.356912, 21.99577 ], [ 88.356535, 21.99429 ], [ 88.355904, 21.992455 ], [ 88.355398, 21.991331 ], [ 88.354766, 21.990325 ], [ 88.35299, 21.989262 ], [ 88.349878, 21.98915 ], [ 88.347147, 21.989273 ], [ 88.345623, 21.989099 ], [ 88.345244, 21.98827 ], [ 88.345122, 21.986256 ], [ 88.345088, 21.986061 ], [ 88.344871, 21.984776 ], [ 88.344581, 21.984659 ], [ 88.343412, 21.984187 ], [ 88.341696, 21.984782 ], [ 88.340042, 21.985851 ], [ 88.337435, 21.986981 ], [ 88.335273, 21.987814 ], [ 88.333833, 21.988387 ], [ 88.332581, 21.988885 ], [ 88.332551, 21.988907 ], [ 88.33024, 21.990539 ], [ 88.328281, 21.991131 ], [ 88.326954, 21.99131 ], [ 88.326477, 21.991332 ], [ 88.325627, 21.991371 ], [ 88.324934, 21.990725 ], [ 88.324496, 21.988958 ], [ 88.323363, 21.987723 ], [ 88.32235, 21.988609 ], [ 88.320769, 21.989377 ], [ 88.319124, 21.990499 ], [ 88.316531, 21.991799 ], [ 88.314883, 21.993864 ], [ 88.31434, 21.994209 ], [ 88.313491, 21.994749 ], [ 88.310774, 21.99499 ], [ 88.307702, 21.995532 ], [ 88.30673, 21.995703 ], [ 88.302118, 21.996064 ], [ 88.302, 21.996098 ], [ 88.299273, 21.996893 ], [ 88.298394, 21.999046 ], [ 88.298292, 21.999295 ], [ 88.298748, 22.00042 ], [ 88.299591, 22.001851 ], [ 88.299629, 22.001971 ], [ 88.299753, 22.002371 ], [ 88.299794, 22.00343 ], [ 88.299092, 22.004846 ], [ 88.298494, 22.006077 ], [ 88.298147, 22.006598 ], [ 88.297869, 22.007027 ], [ 88.297825, 22.007462 ], [ 88.298022, 22.007987 ], [ 88.298107, 22.008216 ], [ 88.298518, 22.00916 ], [ 88.298528, 22.009855 ], [ 88.29853, 22.010032 ], [ 88.298485, 22.010529 ], [ 88.298273, 22.010991 ], [ 88.298293, 22.012014 ], [ 88.298775, 22.013818 ], [ 88.298787, 22.013947 ], [ 88.298884, 22.014994 ], [ 88.298818, 22.015825 ], [ 88.298829, 22.016966 ], [ 88.299075, 22.017852 ], [ 88.299258, 22.018514 ], [ 88.300146, 22.01975 ], [ 88.300913, 22.020818 ], [ 88.302283, 22.02207 ], [ 88.303607, 22.022624 ], [ 88.305469, 22.022872 ], [ 88.306508, 22.023623 ], [ 88.307822, 22.025234 ], [ 88.308335, 22.026575 ], [ 88.308399, 22.027679 ], [ 88.308408, 22.028312 ], [ 88.30841, 22.028471 ], [ 88.307748, 22.029501 ], [ 88.307221, 22.029969 ], [ 88.307096, 22.030135 ], [ 88.306597, 22.0309 ], [ 88.3066, 22.031466 ], [ 88.306603, 22.031863 ], [ 88.306861, 22.032319 ], [ 88.307141, 22.032812 ], [ 88.308354, 22.033888 ], [ 88.309755, 22.034555 ], [ 88.310275, 22.034673 ], [ 88.310688, 22.034768 ], [ 88.311057, 22.034652 ], [ 88.311231, 22.034377 ], [ 88.311273, 22.034006 ], [ 88.311281, 22.033696 ], [ 88.311393, 22.033202 ], [ 88.312105, 22.032661 ], [ 88.312836, 22.032709 ], [ 88.314529, 22.0337 ], [ 88.314772, 22.033843 ], [ 88.315499, 22.034077 ], [ 88.315678, 22.034095 ], [ 88.316362, 22.03416 ], [ 88.316596, 22.034135 ], [ 88.317434, 22.033907 ], [ 88.318266, 22.033927 ], [ 88.318691, 22.034217 ], [ 88.319148, 22.0346 ], [ 88.31979, 22.035578 ], [ 88.320036, 22.036422 ], [ 88.320182, 22.037263 ], [ 88.320199, 22.037915 ], [ 88.320353, 22.038447 ], [ 88.32058, 22.039544 ], [ 88.320371, 22.040019 ], [ 88.319917, 22.040747 ], [ 88.319592, 22.041108 ], [ 88.318841, 22.042184 ], [ 88.318506, 22.042433 ], [ 88.318319, 22.042606 ], [ 88.318316, 22.042815 ], [ 88.318472, 22.043071 ], [ 88.318791, 22.043331 ], [ 88.319177, 22.043744 ], [ 88.319601, 22.044864 ], [ 88.321119, 22.048028 ], [ 88.321616, 22.04896 ], [ 88.321686, 22.049301 ], [ 88.321707, 22.049495 ], [ 88.321632, 22.049896 ], [ 88.321617, 22.049977 ], [ 88.321267, 22.050501 ], [ 88.320999, 22.050834 ], [ 88.320823, 22.051967 ], [ 88.320789, 22.052667 ], [ 88.320768, 22.053095 ], [ 88.320882, 22.054048 ], [ 88.321351, 22.055237 ], [ 88.321505, 22.055629 ], [ 88.321328, 22.058684 ], [ 88.321126, 22.059671 ], [ 88.320863, 22.06026 ], [ 88.320568, 22.060716 ], [ 88.320311, 22.061106 ], [ 88.320019, 22.06143 ], [ 88.31955, 22.061716 ], [ 88.318689, 22.062126 ], [ 88.318146, 22.062542 ], [ 88.317817, 22.062964 ], [ 88.317663, 22.063457 ], [ 88.31758, 22.063951 ], [ 88.317267, 22.067186 ], [ 88.317186, 22.068022 ], [ 88.316977, 22.069629 ], [ 88.316516, 22.070854 ], [ 88.316259, 22.071278 ], [ 88.31625, 22.0713 ], [ 88.316128, 22.071591 ], [ 88.316117, 22.072051 ], [ 88.316107, 22.072453 ], [ 88.316126, 22.072913 ], [ 88.31621, 22.073288 ], [ 88.31623, 22.07372 ], [ 88.316216, 22.074294 ], [ 88.316297, 22.074756 ], [ 88.317076, 22.076179 ], [ 88.317684, 22.077165 ], [ 88.31843, 22.077938 ], [ 88.318925, 22.078538 ], [ 88.320535, 22.080308 ], [ 88.321491, 22.080704 ], [ 88.323986, 22.081006 ], [ 88.32457, 22.080859 ], [ 88.325183, 22.080311 ], [ 88.325207, 22.079106 ], [ 88.325171, 22.078102 ], [ 88.324395, 22.076988 ], [ 88.32325, 22.075761 ], [ 88.323151, 22.074471 ], [ 88.323299, 22.073409 ], [ 88.324156, 22.072486 ], [ 88.325539, 22.072134 ], [ 88.326427, 22.071412 ], [ 88.326827, 22.071238 ], [ 88.328272, 22.071058 ], [ 88.329627, 22.071108 ], [ 88.330456, 22.072121 ], [ 88.331052, 22.072849 ], [ 88.331647, 22.074825 ], [ 88.331995, 22.076573 ], [ 88.332218, 22.078035 ], [ 88.332009, 22.079154 ], [ 88.331552, 22.07996 ], [ 88.331803, 22.080905 ], [ 88.332114, 22.081226 ], [ 88.332329, 22.081447 ], [ 88.333133, 22.082016 ], [ 88.334524, 22.083156 ], [ 88.335172, 22.083497 ], [ 88.335271, 22.084787 ], [ 88.335582, 22.08533 ], [ 88.336571, 22.085984 ], [ 88.336681, 22.086367 ], [ 88.336727, 22.086528 ], [ 88.336336, 22.087392 ], [ 88.335724, 22.088743 ], [ 88.335697, 22.089402 ], [ 88.335877, 22.089582 ], [ 88.336439, 22.090144 ], [ 88.336901, 22.090084 ], [ 88.337117, 22.090284 ], [ 88.337273, 22.090684 ], [ 88.337255, 22.091112 ], [ 88.337246, 22.091315 ], [ 88.338143, 22.092028 ], [ 88.338697, 22.092082 ], [ 88.339957, 22.091731 ], [ 88.340389, 22.091986 ], [ 88.340699, 22.092271 ], [ 88.341223, 22.092383 ], [ 88.343071, 22.091712 ], [ 88.34411, 22.091334 ], [ 88.344635, 22.091561 ], [ 88.344918, 22.092621 ], [ 88.345172, 22.092969 ], [ 88.345301, 22.093146 ], [ 88.346375, 22.09462 ], [ 88.347337, 22.095992 ], [ 88.347935, 22.096897 ], [ 88.348106, 22.097157 ], [ 88.348393, 22.097592 ], [ 88.348609, 22.09782 ], [ 88.348488, 22.098222 ], [ 88.347299, 22.100179 ], [ 88.346475, 22.101185 ], [ 88.345448, 22.102859 ], [ 88.345131, 22.103375 ], [ 88.344797, 22.104238 ], [ 88.344705, 22.104403 ], [ 88.344412, 22.104926 ], [ 88.344786, 22.105917 ], [ 88.345366, 22.107021 ], [ 88.345737, 22.109355 ], [ 88.345918, 22.110492 ], [ 88.345845, 22.112134 ], [ 88.346308, 22.114422 ], [ 88.347588, 22.116132 ], [ 88.348363, 22.116608 ], [ 88.349438, 22.117229 ], [ 88.349407, 22.117544 ], [ 88.34936, 22.118031 ], [ 88.349365, 22.118871 ], [ 88.349445, 22.11909 ], [ 88.349906, 22.120357 ], [ 88.350497, 22.123446 ], [ 88.350833, 22.124895 ], [ 88.350972, 22.125023 ], [ 88.351698, 22.125692 ], [ 88.351943, 22.12569 ], [ 88.352312, 22.12565 ], [ 88.352843, 22.125303 ], [ 88.353294, 22.125301 ], [ 88.35391, 22.125641 ], [ 88.354592, 22.126697 ], [ 88.354696, 22.126858 ], [ 88.355522, 22.128037 ], [ 88.356876, 22.128449 ], [ 88.357532, 22.128483 ], [ 88.357984, 22.12871 ], [ 88.358151, 22.129167 ], [ 88.357538, 22.129438 ], [ 88.356513, 22.129444 ], [ 88.355035, 22.128918 ], [ 88.354215, 22.128922 ], [ 88.352863, 22.128968 ], [ 88.352373, 22.129162 ], [ 88.352376, 22.129734 ], [ 88.353077, 22.130647 ], [ 88.354311, 22.131403 ], [ 88.355173, 22.131666 ], [ 88.356041, 22.132997 ], [ 88.357238, 22.134517 ], [ 88.357448, 22.135394 ], [ 88.357897, 22.13553 ], [ 88.358064, 22.135581 ], [ 88.358719, 22.135501 ], [ 88.359704, 22.135839 ], [ 88.360366, 22.136904 ], [ 88.361111, 22.138122 ], [ 88.361399, 22.138464 ], [ 88.361849, 22.138531 ], [ 88.361892, 22.138537 ], [ 88.362133, 22.13781 ], [ 88.362005, 22.136819 ], [ 88.361757, 22.136476 ], [ 88.361753, 22.135789 ], [ 88.362777, 22.135707 ], [ 88.362775, 22.135287 ], [ 88.362521, 22.133876 ], [ 88.362683, 22.13357 ], [ 88.363298, 22.133566 ], [ 88.363865, 22.132418 ], [ 88.363897, 22.130814 ], [ 88.364509, 22.130276 ], [ 88.365041, 22.130082 ], [ 88.365494, 22.130538 ], [ 88.365578, 22.130881 ], [ 88.365715, 22.131307 ], [ 88.365995, 22.132176 ], [ 88.367356, 22.133772 ], [ 88.369091, 22.136129 ], [ 88.370123, 22.137497 ], [ 88.370796, 22.140395 ], [ 88.371785, 22.141382 ], [ 88.373264, 22.14206 ], [ 88.37392, 22.142056 ], [ 88.374492, 22.141786 ], [ 88.374982, 22.141516 ], [ 88.376012, 22.14235 ], [ 88.376728, 22.142383 ], [ 88.37675, 22.142384 ], [ 88.377035, 22.142191 ], [ 88.377729, 22.141576 ], [ 88.377751, 22.141575 ], [ 88.378302, 22.141535 ], [ 88.379126, 22.142293 ], [ 88.379334, 22.142865 ], [ 88.379174, 22.143477 ], [ 88.380216, 22.143877 ], [ 88.381228, 22.144266 ], [ 88.382421, 22.145023 ], [ 88.382769, 22.14519 ], [ 88.383284, 22.145438 ], [ 88.384773, 22.145596 ], [ 88.385974, 22.145601 ], [ 88.387393, 22.14535 ], [ 88.388103, 22.144936 ], [ 88.389787, 22.144932 ], [ 88.393293, 22.145718 ], [ 88.394317, 22.146237 ], [ 88.394881, 22.146523 ], [ 88.396397, 22.147192 ], [ 88.400036, 22.147864 ], [ 88.400409, 22.147932 ], [ 88.402025, 22.148472 ], [ 88.403461, 22.148009 ], [ 88.404209, 22.148008 ], [ 88.405788, 22.148159 ], [ 88.407451, 22.148543 ], [ 88.407507, 22.148556 ], [ 88.408366, 22.148754 ], [ 88.40878, 22.14885 ], [ 88.410502, 22.148773 ], [ 88.410609, 22.148768 ], [ 88.413684, 22.149536 ], [ 88.417021, 22.149459 ], [ 88.417426, 22.14945 ], [ 88.420004, 22.148979 ], [ 88.421003, 22.148435 ], [ 88.421835, 22.147968 ], [ 88.423167, 22.147113 ], [ 88.423748, 22.147576 ], [ 88.424329, 22.148195 ], [ 88.425658, 22.148889 ], [ 88.427404, 22.14904 ], [ 88.428611, 22.14851 ], [ 88.429171, 22.148397 ], [ 88.429877, 22.148254 ], [ 88.431142, 22.148167 ], [ 88.432678, 22.148416 ], [ 88.433403, 22.147236 ], [ 88.434128, 22.145887 ], [ 88.435306, 22.144369 ], [ 88.436844, 22.143356 ], [ 88.436859, 22.143354 ], [ 88.438651, 22.143099 ], [ 88.440188, 22.14259 ], [ 88.441544, 22.142334 ], [ 88.442898, 22.14292 ], [ 88.445066, 22.143252 ], [ 88.44651, 22.144174 ], [ 88.447233, 22.144509 ], [ 88.448046, 22.144507 ], [ 88.448083, 22.144487 ], [ 88.448487, 22.144275 ], [ 88.449493, 22.143746 ], [ 88.451301, 22.143405 ], [ 88.452203, 22.143908 ], [ 88.452834, 22.145084 ], [ 88.453101, 22.147104 ], [ 88.453009, 22.14803 ], [ 88.453189, 22.148703 ], [ 88.453369, 22.149208 ], [ 88.453911, 22.149375 ], [ 88.454906, 22.148614 ], [ 88.456082, 22.147686 ], [ 88.457349, 22.146925 ], [ 88.457801, 22.146335 ], [ 88.459247, 22.146163 ], [ 88.459814, 22.145715 ], [ 88.460424, 22.145234 ], [ 88.459793, 22.144225 ], [ 88.458711, 22.14305 ], [ 88.457691, 22.141488 ], [ 88.457449, 22.141117 ], [ 88.457, 22.13935 ], [ 88.457275, 22.136993 ], [ 88.457868, 22.135574 ], [ 88.460545, 22.133491 ], [ 88.461141, 22.132314 ], [ 88.46233, 22.131411 ], [ 88.463596, 22.12961 ], [ 88.46366, 22.129392 ], [ 88.464044, 22.128086 ], [ 88.464343, 22.126771 ], [ 88.464791, 22.125386 ], [ 88.464941, 22.124694 ], [ 88.46472, 22.123449 ], [ 88.463532, 22.123245 ], [ 88.459449, 22.122633 ], [ 88.455737, 22.122573 ], [ 88.450985, 22.122031 ], [ 88.450452, 22.121645 ], [ 88.44965, 22.121066 ], [ 88.449135, 22.118784 ], [ 88.449139, 22.116224 ], [ 88.449291, 22.114356 ], [ 88.450185, 22.112832 ], [ 88.451077, 22.112207 ], [ 88.452784, 22.112549 ], [ 88.454564, 22.113582 ], [ 88.457707, 22.116147 ], [ 88.458784, 22.11673 ], [ 88.462827, 22.117055 ], [ 88.46678, 22.116626 ], [ 88.468578, 22.116371 ], [ 88.470195, 22.116115 ], [ 88.471364, 22.11561 ], [ 88.473432, 22.114935 ], [ 88.474076, 22.115037 ], [ 88.476036, 22.115347 ], [ 88.478372, 22.115341 ], [ 88.480438, 22.115503 ], [ 88.483672, 22.115661 ], [ 88.483788, 22.115634 ], [ 88.484751, 22.115407 ], [ 88.485741, 22.113982 ], [ 88.485745, 22.111805 ], [ 88.484832, 22.109497 ], [ 88.484276, 22.107763 ], [ 88.483721, 22.105205 ], [ 88.48349, 22.10386 ], [ 88.483447, 22.101647 ], [ 88.485539, 22.099179 ], [ 88.488145, 22.09692 ], [ 88.489163, 22.095674 ], [ 88.489636, 22.095096 ], [ 88.49001, 22.093103 ], [ 88.490106, 22.09163 ], [ 88.489645, 22.088426 ], [ 88.489184, 22.086175 ], [ 88.487875, 22.084496 ], [ 88.486745, 22.082006 ], [ 88.486106, 22.079774 ], [ 88.482414, 22.079808 ], [ 88.481015, 22.079811 ], [ 88.478509, 22.080642 ], [ 88.476887, 22.081195 ], [ 88.474012, 22.082507 ], [ 88.471799, 22.084161 ], [ 88.47062, 22.084507 ], [ 88.468115, 22.084445 ], [ 88.466624, 22.085071 ], [ 88.465977, 22.085343 ], [ 88.463913, 22.086104 ], [ 88.462513, 22.086588 ], [ 88.46067, 22.08721 ], [ 88.459049, 22.08742 ], [ 88.45728, 22.087699 ], [ 88.456394, 22.089075 ], [ 88.454919, 22.090108 ], [ 88.452876, 22.091184 ], [ 88.450675, 22.092866 ], [ 88.44834, 22.094982 ], [ 88.446807, 22.095172 ], [ 88.444608, 22.096046 ], [ 88.442141, 22.097231 ], [ 88.441472, 22.098909 ], [ 88.440803, 22.100649 ], [ 88.439665, 22.103445 ], [ 88.43873, 22.104626 ], [ 88.438, 22.103386 ], [ 88.438002, 22.102145 ], [ 88.437405, 22.100843 ], [ 88.435808, 22.099667 ], [ 88.435612, 22.098116 ], [ 88.434948, 22.096876 ], [ 88.433905, 22.096192 ], [ 88.433817, 22.096134 ], [ 88.433018, 22.095764 ], [ 88.432284, 22.096758 ], [ 88.432547, 22.098248 ], [ 88.432757, 22.099976 ], [ 88.432401, 22.101457 ], [ 88.43287, 22.102497 ], [ 88.433398, 22.103153 ], [ 88.432707, 22.103847 ], [ 88.432632, 22.103923 ], [ 88.431103, 22.103597 ], [ 88.430107, 22.101791 ], [ 88.429286, 22.100368 ], [ 88.428019, 22.099627 ], [ 88.427699, 22.09944 ], [ 88.427231, 22.09818 ], [ 88.426646, 22.096757 ], [ 88.425059, 22.096212 ], [ 88.42487, 22.096246 ], [ 88.424321, 22.096346 ], [ 88.423529, 22.09649 ], [ 88.421469, 22.097262 ], [ 88.421175, 22.097262 ], [ 88.421074, 22.097121 ], [ 88.420823, 22.09677 ], [ 88.420882, 22.096551 ], [ 88.421138, 22.096169 ], [ 88.421177, 22.096111 ], [ 88.421296, 22.095399 ], [ 88.421298, 22.094467 ], [ 88.421183, 22.093152 ], [ 88.420891, 22.092905 ], [ 88.420537, 22.092605 ], [ 88.41889, 22.092499 ], [ 88.416537, 22.092998 ], [ 88.415241, 22.093768 ], [ 88.413964, 22.093278 ], [ 88.413537, 22.093114 ], [ 88.412774, 22.09191 ], [ 88.411184, 22.093065 ], [ 88.410537, 22.093066 ], [ 88.410519, 22.09302 ], [ 88.410186, 22.09219 ], [ 88.409421, 22.092521 ], [ 88.408481, 22.092029 ], [ 88.408601, 22.090768 ], [ 88.407071, 22.091156 ], [ 88.406833, 22.092636 ], [ 88.405419, 22.093516 ], [ 88.405171, 22.09355 ], [ 88.40336, 22.093795 ], [ 88.401949, 22.093743 ], [ 88.4013, 22.094512 ], [ 88.401004, 22.09528 ], [ 88.39977, 22.095008 ], [ 88.399655, 22.093748 ], [ 88.399832, 22.093254 ], [ 88.400186, 22.092596 ], [ 88.399011, 22.092215 ], [ 88.397303, 22.093315 ], [ 88.396724, 22.094283 ], [ 88.395864, 22.095208 ], [ 88.395774, 22.095305 ], [ 88.39446, 22.095376 ], [ 88.392565, 22.094836 ], [ 88.390885, 22.095791 ], [ 88.39004, 22.096269 ], [ 88.388475, 22.097156 ], [ 88.387528, 22.09641 ], [ 88.384538, 22.09628 ], [ 88.382131, 22.096013 ], [ 88.381941, 22.095929 ], [ 88.380601, 22.095337 ], [ 88.379362, 22.094796 ], [ 88.379071, 22.094485 ], [ 88.378853, 22.094253 ], [ 88.378564, 22.09303 ], [ 88.378781, 22.09173 ], [ 88.378859, 22.091262 ], [ 88.378862, 22.090038 ], [ 88.37974, 22.089017 ], [ 88.380908, 22.088267 ], [ 88.382587, 22.087855 ], [ 88.384191, 22.087988 ], [ 88.385796, 22.088188 ], [ 88.38791, 22.08866 ], [ 88.389806, 22.088928 ], [ 88.391121, 22.088109 ], [ 88.392071, 22.086884 ], [ 88.393095, 22.085522 ], [ 88.393974, 22.084161 ], [ 88.394267, 22.083548 ], [ 88.393831, 22.082665 ], [ 88.392299, 22.082669 ], [ 88.390913, 22.082672 ], [ 88.388799, 22.082404 ], [ 88.387195, 22.081728 ], [ 88.384645, 22.08051 ], [ 88.383043, 22.079289 ], [ 88.382754, 22.077998 ], [ 88.382975, 22.077046 ], [ 88.383391, 22.076444 ], [ 88.384337, 22.075074 ], [ 88.386844, 22.072738 ], [ 88.387764, 22.071181 ], [ 88.387185, 22.069162 ], [ 88.385771, 22.067456 ], [ 88.383356, 22.066062 ], [ 88.381356, 22.065677 ], [ 88.37952, 22.066691 ], [ 88.377184, 22.067318 ], [ 88.374848, 22.067867 ], [ 88.374017, 22.066936 ], [ 88.373854, 22.065227 ], [ 88.373442, 22.063052 ], [ 88.37278, 22.061032 ], [ 88.373115, 22.060022 ], [ 88.373872, 22.059316 ], [ 88.374368, 22.058853 ], [ 88.374873, 22.056987 ], [ 88.375211, 22.054811 ], [ 88.37438, 22.05138 ], [ 88.374006, 22.049082 ], [ 88.373756, 22.047373 ], [ 88.373257, 22.044367 ], [ 88.373261, 22.042716 ], [ 88.373282, 22.042418 ], [ 88.373326, 22.041773 ], [ 88.374466, 22.04124 ], [ 88.375982, 22.042003 ], [ 88.376232, 22.0433 ], [ 88.3773, 22.046481 ], [ 88.378054, 22.048602 ], [ 88.379067, 22.048128 ], [ 88.380207, 22.047419 ], [ 88.381979, 22.046884 ], [ 88.382927, 22.047059 ], [ 88.383495, 22.047766 ], [ 88.383998, 22.049356 ], [ 88.384247, 22.051065 ], [ 88.384813, 22.05242 ], [ 88.385952, 22.052418 ], [ 88.388863, 22.051292 ], [ 88.390384, 22.050109 ], [ 88.393422, 22.049101 ], [ 88.395258, 22.048271 ], [ 88.395218, 22.048185 ], [ 88.395069, 22.047859 ], [ 88.394119, 22.048156 ], [ 88.391274, 22.047808 ], [ 88.38805, 22.047225 ], [ 88.386028, 22.046522 ], [ 88.384892, 22.045404 ], [ 88.384894, 22.044107 ], [ 88.385214, 22.042692 ], [ 88.386165, 22.041511 ], [ 88.386737, 22.040271 ], [ 88.38851, 22.039148 ], [ 88.389838, 22.038968 ], [ 88.39218, 22.038314 ], [ 88.394368, 22.037153 ], [ 88.394522, 22.037071 ], [ 88.395987, 22.036549 ], [ 88.400394, 22.035445 ], [ 88.402728, 22.034436 ], [ 88.403625, 22.033488 ], [ 88.404403, 22.032819 ], [ 88.405002, 22.031704 ], [ 88.405661, 22.030479 ], [ 88.405485, 22.028921 ], [ 88.404711, 22.027921 ], [ 88.403878, 22.026476 ], [ 88.403702, 22.025252 ], [ 88.403049, 22.023473 ], [ 88.401679, 22.021918 ], [ 88.400129, 22.021365 ], [ 88.398636, 22.021591 ], [ 88.39762, 22.022316 ], [ 88.396722, 22.023543 ], [ 88.396608, 22.023761 ], [ 88.395823, 22.025269 ], [ 88.394209, 22.026442 ], [ 88.392215, 22.02737 ], [ 88.390006, 22.02829 ], [ 88.387551, 22.029072 ], [ 88.385634, 22.03086 ], [ 88.384357, 22.031777 ], [ 88.383033, 22.031506 ], [ 88.381564, 22.030502 ], [ 88.379211, 22.029638 ], [ 88.376759, 22.029003 ], [ 88.376419, 22.027769 ], [ 88.376813, 22.026899 ], [ 88.377895, 22.025479 ], [ 88.379224, 22.023601 ], [ 88.380453, 22.022547 ], [ 88.381682, 22.021309 ], [ 88.382861, 22.020392 ], [ 88.383403, 22.019294 ], [ 88.384015, 22.017309 ], [ 88.384223, 22.015858 ], [ 88.384307, 22.014827 ], [ 88.384639, 22.012727 ], [ 88.384724, 22.011277 ], [ 88.384481, 22.010056 ], [ 88.383953, 22.008111 ], [ 88.383422, 22.007272 ], [ 88.382688, 22.005976 ], [ 88.381258, 22.005101 ], [ 88.379173, 22.003884 ], [ 88.376473, 22.003056 ], [ 88.372478, 22.002408 ], [ 88.369333, 22.002035 ], [ 88.366456, 22.00115 ], [ 88.366265, 22.001192 ], [ 88.36433, 22.00162 ], [ 88.362363, 22.001031 ] ] ] } },
{ "type": "Feature", "properties": { "census2011_code": "02431", "block_name": "Jaynagar-I", "geoboundaries_shape_id": "7132399B34186677555902", "area_km2": 128.4, "land_area_km2": 128.4, "water_area_km2": 0.0 }, "geometry": { "type": "Polygon", "coordinates": [ [ [ 88.539174, 22.261824 ], [ 88.539944, 22.260776 ], [ 88.53998, 22.260684 ], [ 88.540559, 22.259209 ], [ 88.541012, 22.257077 ], [ 88.541059, 22.256858 ], [ 88.541739, 22.25432 ], [ 88.54259, 22.253158 ], [ 88.543371, 22.25258 ], [ 88.548283, 22.250381 ], [ 88.548658, 22.250213 ], [ 88.554073, 22.246387 ], [ 88.556856, 22.245147 ], [ 88.564354, 22.243072 ], [ 88.565815, 22.242534 ], [ 88.566581, 22.24193 ], [ 88.569992, 22.238437 ], [ 88.572315, 22.237042 ], [ 88.573022, 22.236299 ], [ 88.573389, 22.235171 ], [ 88.573432, 22.235041 ], [ 88.573512, 22.234126 ], [ 88.573621, 22.232874 ], [ 88.573792, 22.23091 ], [ 88.573937, 22.229252 ], [ 88.574264, 22.22656 ], [ 88.574275, 22.226471 ], [ 88.575597, 22.224408 ], [ 88.577599, 22.222967 ], [ 88.586811, 22.216871 ], [ 88.587929, 22.215434 ], [ 88.58828, 22.214288 ], [ 88.588437, 22.214076 ], [ 88.588894, 22.21346 ], [ 88.589277, 22.212763 ], [ 88.589394, 22.210887 ], [ 88.588763, 22.208296 ], [ 88.588439, 22.206965 ], [ 88.586884, 22.20441 ], [ 88.577364, 22.193564 ], [ 88.575828, 22.190632 ], [ 88.575383, 22.190065 ], [ 88.575301, 22.189591 ], [ 88.575577, 22.188921 ], [ 88.575522, 22.18841 ], [ 88.57546, 22.187833 ], [ 88.574632, 22.186465 ], [ 88.573559, 22.185785 ], [ 88.572808, 22.185619 ], [ 88.572178, 22.185711 ], [ 88.570489, 22.186404 ], [ 88.569886, 22.186458 ], [ 88.569338, 22.18636 ], [ 88.568506, 22.186176 ], [ 88.567862, 22.186212 ], [ 88.56624, 22.186669 ], [ 88.564265, 22.187473 ], [ 88.562592, 22.188474 ], [ 88.561879, 22.188493 ], [ 88.561055, 22.188272 ], [ 88.560933, 22.188239 ], [ 88.5599, 22.187532 ], [ 88.558847, 22.187491 ], [ 88.557744, 22.187803 ], [ 88.556797, 22.188071 ], [ 88.556, 22.188172 ], [ 88.554954, 22.188097 ], [ 88.553336, 22.187454 ], [ 88.55231, 22.187038 ], [ 88.551568, 22.186958 ], [ 88.551303, 22.186952 ], [ 88.55077, 22.187105 ], [ 88.550287, 22.187409 ], [ 88.54986, 22.187615 ], [ 88.549444, 22.187668 ], [ 88.548962, 22.187459 ], [ 88.546512, 22.186702 ], [ 88.545166, 22.186018 ], [ 88.544101, 22.185024 ], [ 88.543965, 22.184897 ], [ 88.543722, 22.184592 ], [ 88.543287, 22.184573 ], [ 88.543151, 22.184706 ], [ 88.542895, 22.184957 ], [ 88.542851, 22.185707 ], [ 88.542849, 22.185738 ], [ 88.541941, 22.18679 ], [ 88.539271, 22.189542 ], [ 88.538648, 22.190026 ], [ 88.537351, 22.190341 ], [ 88.535846, 22.190381 ], [ 88.535353, 22.190706 ], [ 88.534605, 22.191505 ], [ 88.534203, 22.192731 ], [ 88.533584, 22.193371 ], [ 88.531727, 22.194013 ], [ 88.530941, 22.194626 ], [ 88.530526, 22.195385 ], [ 88.530553, 22.196381 ], [ 88.530632, 22.198488 ], [ 88.53012, 22.199071 ], [ 88.52952, 22.19937 ], [ 88.529, 22.199538 ], [ 88.528765, 22.200059 ], [ 88.52875, 22.200522 ], [ 88.528691, 22.20071 ], [ 88.528528, 22.200859 ], [ 88.528267, 22.200944 ], [ 88.528026, 22.200873 ], [ 88.527804, 22.200623 ], [ 88.527548, 22.200429 ], [ 88.52713, 22.200441 ], [ 88.52685, 22.200693 ], [ 88.526573, 22.201079 ], [ 88.526256, 22.201287 ], [ 88.525637, 22.201348 ], [ 88.525194, 22.201349 ], [ 88.52451, 22.201484 ], [ 88.523734, 22.201765 ], [ 88.523335, 22.201971 ], [ 88.522581, 22.20203 ], [ 88.522488, 22.202018 ], [ 88.521453, 22.201887 ], [ 88.520971, 22.201551 ], [ 88.520667, 22.201106 ], [ 88.520682, 22.200614 ], [ 88.52113, 22.200201 ], [ 88.522109, 22.199929 ], [ 88.522818, 22.199612 ], [ 88.523138, 22.199282 ], [ 88.523234, 22.198799 ], [ 88.5232, 22.198099 ], [ 88.523044, 22.197549 ], [ 88.52303, 22.19701 ], [ 88.523388, 22.196344 ], [ 88.523545, 22.195745 ], [ 88.523545, 22.19381 ], [ 88.523411, 22.192735 ], [ 88.52287, 22.192162 ], [ 88.522724, 22.192081 ], [ 88.521695, 22.191508 ], [ 88.519818, 22.19119 ], [ 88.518718, 22.191342 ], [ 88.518281, 22.191746 ], [ 88.517903, 22.192368 ], [ 88.517773, 22.193401 ], [ 88.517428, 22.194267 ], [ 88.51707, 22.194669 ], [ 88.516369, 22.195006 ], [ 88.515258, 22.195293 ], [ 88.514523, 22.195981 ], [ 88.513669, 22.196271 ], [ 88.513205, 22.196384 ], [ 88.512748, 22.19673 ], [ 88.512293, 22.197177 ], [ 88.511798, 22.197424 ], [ 88.511221, 22.197339 ], [ 88.509983, 22.19667 ], [ 88.509587, 22.196614 ], [ 88.508654, 22.196639 ], [ 88.507195, 22.197112 ], [ 88.506402, 22.197156 ], [ 88.505957, 22.197105 ], [ 88.505533, 22.197013 ], [ 88.505112, 22.197045 ], [ 88.504698, 22.197325 ], [ 88.504069, 22.197858 ], [ 88.502858, 22.198179 ], [ 88.501605, 22.198626 ], [ 88.500955, 22.199201 ], [ 88.500871, 22.199726 ], [ 88.500836, 22.200306 ], [ 88.500711, 22.200653 ], [ 88.500417, 22.200974 ], [ 88.498371, 22.201735 ], [ 88.497201, 22.202154 ], [ 88.497037, 22.202212 ], [ 88.496862, 22.202265 ], [ 88.496595, 22.202345 ], [ 88.496175, 22.202291 ], [ 88.495936, 22.202059 ], [ 88.494912, 22.200331 ], [ 88.494177, 22.198942 ], [ 88.493267, 22.197991 ], [ 88.492719, 22.197507 ], [ 88.492146, 22.19725 ], [ 88.492123, 22.19725 ], [ 88.490934, 22.197221 ], [ 88.490433, 22.197246 ], [ 88.490047, 22.197265 ], [ 88.489301, 22.197595 ], [ 88.488341, 22.19822 ], [ 88.486992, 22.199269 ], [ 88.485488, 22.200322 ], [ 88.484544, 22.20074 ], [ 88.482699, 22.201196 ], [ 88.480292, 22.20208 ], [ 88.47775, 22.20323 ], [ 88.477438, 22.203384 ], [ 88.476852, 22.203674 ], [ 88.476492, 22.204008 ], [ 88.476322, 22.204288 ], [ 88.476196, 22.204494 ], [ 88.476074, 22.205281 ], [ 88.47588, 22.205726 ], [ 88.475517, 22.205965 ], [ 88.474539, 22.206206 ], [ 88.472911, 22.206561 ], [ 88.472397, 22.206817 ], [ 88.472236, 22.207064 ], [ 88.472194, 22.207584 ], [ 88.472203, 22.207916 ], [ 88.472218, 22.208508 ], [ 88.472222, 22.20864 ], [ 88.47189, 22.209446 ], [ 88.471689, 22.209607 ], [ 88.471397, 22.209823 ], [ 88.470803, 22.209873 ], [ 88.469613, 22.209905 ], [ 88.468722, 22.210024 ], [ 88.467742, 22.210465 ], [ 88.466253, 22.211254 ], [ 88.46529, 22.211774 ], [ 88.464547, 22.211941 ], [ 88.463918, 22.212078 ], [ 88.463052, 22.212503 ], [ 88.462241, 22.212711 ], [ 88.462131, 22.212673 ], [ 88.461997, 22.212627 ], [ 88.461725, 22.212409 ], [ 88.461683, 22.211757 ], [ 88.461827, 22.208958 ], [ 88.461874, 22.207924 ], [ 88.461598, 22.207463 ], [ 88.461112, 22.20723 ], [ 88.460514, 22.207268 ], [ 88.460081, 22.207235 ], [ 88.459998, 22.207165 ], [ 88.459616, 22.206845 ], [ 88.459306, 22.206005 ], [ 88.459292, 22.205492 ], [ 88.459146, 22.205339 ], [ 88.458898, 22.205079 ], [ 88.458338, 22.204736 ], [ 88.458267, 22.204658 ], [ 88.457646, 22.203973 ], [ 88.457146, 22.202991 ], [ 88.456987, 22.202337 ], [ 88.457279, 22.20054 ], [ 88.457586, 22.199321 ], [ 88.457262, 22.197724 ], [ 88.456512, 22.196085 ], [ 88.454693, 22.191998 ], [ 88.454517, 22.191433 ], [ 88.453873, 22.18938 ], [ 88.453242, 22.187456 ], [ 88.452536, 22.186725 ], [ 88.452224, 22.186401 ], [ 88.452144, 22.18626 ], [ 88.451491, 22.185105 ], [ 88.450968, 22.183725 ], [ 88.450306, 22.182732 ], [ 88.448235, 22.1808 ], [ 88.446733, 22.179167 ], [ 88.446562, 22.178939 ], [ 88.445608, 22.177664 ], [ 88.445267, 22.177498 ], [ 88.444737, 22.177268 ], [ 88.444289, 22.17728 ], [ 88.443883, 22.1775 ], [ 88.443743, 22.177887 ], [ 88.4438, 22.178617 ], [ 88.444836, 22.1796 ], [ 88.446622, 22.180668 ], [ 88.446708, 22.181084 ], [ 88.446676, 22.181294 ], [ 88.446269, 22.181479 ], [ 88.445704, 22.18132 ], [ 88.443675, 22.179561 ], [ 88.441088, 22.176528 ], [ 88.441079, 22.176516 ], [ 88.440136, 22.175366 ], [ 88.439446, 22.174919 ], [ 88.438764, 22.174771 ], [ 88.438403, 22.174543 ], [ 88.438284, 22.174348 ], [ 88.438204, 22.173993 ], [ 88.438367, 22.173697 ], [ 88.43843, 22.173405 ], [ 88.43825, 22.173026 ], [ 88.437077, 22.17217 ], [ 88.436769, 22.171958 ], [ 88.433419, 22.169652 ], [ 88.432781, 22.169472 ], [ 88.432147, 22.169423 ], [ 88.431462, 22.169244 ], [ 88.430889, 22.168866 ], [ 88.430791, 22.168665 ], [ 88.430245, 22.16755 ], [ 88.429628, 22.166346 ], [ 88.428551, 22.165328 ], [ 88.428185, 22.165315 ], [ 88.427968, 22.165411 ], [ 88.427802, 22.16562 ], [ 88.427841, 22.16636 ], [ 88.427851, 22.166551 ], [ 88.428903, 22.169433 ], [ 88.429184, 22.170858 ], [ 88.429041, 22.171908 ], [ 88.428864, 22.173549 ], [ 88.42889, 22.175112 ], [ 88.428719, 22.175947 ], [ 88.428436, 22.176447 ], [ 88.428397, 22.176516 ], [ 88.427805, 22.176936 ], [ 88.427425, 22.177148 ], [ 88.426903, 22.177453 ], [ 88.426717, 22.177705 ], [ 88.42649, 22.178227 ], [ 88.42652, 22.179392 ], [ 88.426327, 22.180127 ], [ 88.426201, 22.180606 ], [ 88.425329, 22.181788 ], [ 88.425112, 22.182709 ], [ 88.424859, 22.18378 ], [ 88.424355, 22.184466 ], [ 88.423961, 22.185504 ], [ 88.423401, 22.186391 ], [ 88.423063, 22.18717 ], [ 88.422795, 22.187485 ], [ 88.422358, 22.187703 ], [ 88.422196, 22.187784 ], [ 88.421621, 22.187927 ], [ 88.421125, 22.18794 ], [ 88.42082, 22.187871 ], [ 88.420401, 22.187702 ], [ 88.420004, 22.18725 ], [ 88.419305, 22.186182 ], [ 88.418447, 22.18558 ], [ 88.418306, 22.185065 ], [ 88.418688, 22.184404 ], [ 88.418905, 22.184046 ], [ 88.419317, 22.183365 ], [ 88.41929, 22.1829 ], [ 88.418818, 22.182329 ], [ 88.417963, 22.180983 ], [ 88.417208, 22.180688 ], [ 88.41677, 22.180498 ], [ 88.416718, 22.180404 ], [ 88.416416, 22.179856 ], [ 88.416251, 22.179075 ], [ 88.415878, 22.178658 ], [ 88.415364, 22.178335 ], [ 88.41471, 22.177297 ], [ 88.414294, 22.175806 ], [ 88.414275, 22.17577 ], [ 88.413568, 22.174427 ], [ 88.41306, 22.173926 ], [ 88.412888, 22.173778 ], [ 88.412696, 22.173589 ], [ 88.411569, 22.172483 ], [ 88.410876, 22.172057 ], [ 88.410829, 22.172055 ], [ 88.410512, 22.172045 ], [ 88.409906, 22.172315 ], [ 88.409602, 22.172873 ], [ 88.409583, 22.173084 ], [ 88.409526, 22.173727 ], [ 88.409841, 22.174156 ], [ 88.410931, 22.174617 ], [ 88.411686, 22.174983 ], [ 88.41167, 22.175421 ], [ 88.411237, 22.175767 ], [ 88.410302, 22.175945 ], [ 88.410013, 22.17653 ], [ 88.409967, 22.176939 ], [ 88.409982, 22.177523 ], [ 88.409862, 22.178023 ], [ 88.409464, 22.178512 ], [ 88.408828, 22.179295 ], [ 88.408536, 22.179647 ], [ 88.407689, 22.179949 ], [ 88.406818, 22.18023 ], [ 88.406548, 22.180517 ], [ 88.406479, 22.181422 ], [ 88.408294, 22.183657 ], [ 88.408548, 22.184036 ], [ 88.410343, 22.186708 ], [ 88.410915, 22.18756 ], [ 88.412564, 22.189437 ], [ 88.412647, 22.18978 ], [ 88.412384, 22.19011 ], [ 88.412117, 22.190348 ], [ 88.412051, 22.190649 ], [ 88.41243, 22.190962 ], [ 88.413371, 22.190937 ], [ 88.414839, 22.190899 ], [ 88.415499, 22.190882 ], [ 88.416174, 22.191141 ], [ 88.416859, 22.191746 ], [ 88.417201, 22.192521 ], [ 88.417018, 22.193102 ], [ 88.416148, 22.193955 ], [ 88.414285, 22.195291 ], [ 88.413892, 22.196247 ], [ 88.414277, 22.197266 ], [ 88.414632, 22.198285 ], [ 88.414663, 22.19948 ], [ 88.414802, 22.201342 ], [ 88.414892, 22.20256 ], [ 88.414789, 22.204141 ], [ 88.415154, 22.205455 ], [ 88.415502, 22.206707 ], [ 88.415586, 22.208476 ], [ 88.416094, 22.208994 ], [ 88.41755, 22.209381 ], [ 88.41844, 22.209995 ], [ 88.418614, 22.210805 ], [ 88.417289, 22.213193 ], [ 88.417367, 22.214478 ], [ 88.417929, 22.215501 ], [ 88.418025, 22.215562 ], [ 88.420088, 22.216877 ], [ 88.421058, 22.217496 ], [ 88.421799, 22.218514 ], [ 88.421968, 22.21988 ], [ 88.421644, 22.222111 ], [ 88.421557, 22.222708 ], [ 88.421514, 22.223006 ], [ 88.421521, 22.223554 ], [ 88.421752, 22.224069 ], [ 88.423245, 22.225303 ], [ 88.423798, 22.226215 ], [ 88.424001, 22.226875 ], [ 88.424185, 22.227002 ], [ 88.42473, 22.227377 ], [ 88.425448, 22.227503 ], [ 88.427747, 22.227414 ], [ 88.428651, 22.227535 ], [ 88.429441, 22.228007 ], [ 88.430195, 22.228305 ], [ 88.431276, 22.228017 ], [ 88.431821, 22.227452 ], [ 88.432771, 22.227152 ], [ 88.433708, 22.227202 ], [ 88.4342, 22.227612 ], [ 88.434579, 22.228821 ], [ 88.434934, 22.230571 ], [ 88.435646, 22.231088 ], [ 88.436563, 22.231524 ], [ 88.436534, 22.231984 ], [ 88.436088, 22.232264 ], [ 88.434936, 22.232217 ], [ 88.434183, 22.231739 ], [ 88.433645, 22.2316 ], [ 88.432905, 22.23162 ], [ 88.432306, 22.232324 ], [ 88.432174, 22.233553 ], [ 88.43279, 22.235106 ], [ 88.433934, 22.235522 ], [ 88.434453, 22.236018 ], [ 88.434394, 22.237001 ], [ 88.434875, 22.237655 ], [ 88.43581, 22.237944 ], [ 88.436863, 22.237917 ], [ 88.437221, 22.238148 ], [ 88.437506, 22.238332 ], [ 88.438482, 22.24019 ], [ 88.438654, 22.241911 ], [ 88.438297, 22.242784 ], [ 88.437592, 22.243234 ], [ 88.436974, 22.24376 ], [ 88.436701, 22.244631 ], [ 88.43685, 22.24549 ], [ 88.437451, 22.245906 ], [ 88.438174, 22.246123 ], [ 88.439095, 22.246491 ], [ 88.439686, 22.246998 ], [ 88.440103, 22.248976 ], [ 88.440484, 22.249783 ], [ 88.440514, 22.250324 ], [ 88.440286, 22.250673 ], [ 88.440379, 22.251234 ], [ 88.440971, 22.251732 ], [ 88.441801, 22.252274 ], [ 88.44208, 22.252878 ], [ 88.441939, 22.253543 ], [ 88.441353, 22.254244 ], [ 88.439212, 22.255322 ], [ 88.438948, 22.255793 ], [ 88.438986, 22.256729 ], [ 88.438851, 22.258091 ], [ 88.437878, 22.25926 ], [ 88.437813, 22.259337 ], [ 88.437603, 22.25995 ], [ 88.437856, 22.261307 ], [ 88.439508, 22.26236 ], [ 88.439609, 22.26246 ], [ 88.440325, 22.263161 ], [ 88.440198, 22.263629 ], [ 88.439494, 22.264388 ], [ 88.439105, 22.264854 ], [ 88.437231, 22.268596 ], [ 88.437247, 22.268818 ], [ 88.437395, 22.268897 ], [ 88.437677, 22.268915 ], [ 88.438108, 22.268429 ], [ 88.438538, 22.268369 ], [ 88.438869, 22.268489 ], [ 88.438907, 22.26863 ], [ 88.438964, 22.26884 ], [ 88.438764, 22.270404 ], [ 88.438782, 22.270751 ], [ 88.43883, 22.27164 ], [ 88.438945, 22.271966 ], [ 88.439502, 22.273545 ], [ 88.439703, 22.273945 ], [ 88.44037, 22.27451 ], [ 88.441414, 22.274888 ], [ 88.442242, 22.275347 ], [ 88.442377, 22.275507 ], [ 88.443057, 22.276313 ], [ 88.443367, 22.276735 ], [ 88.443593, 22.277059 ], [ 88.444121, 22.277475 ], [ 88.444753, 22.277737 ], [ 88.445708, 22.277838 ], [ 88.446415, 22.277795 ], [ 88.44764, 22.277838 ], [ 88.450257, 22.2778 ], [ 88.451802, 22.277675 ], [ 88.452671, 22.277878 ], [ 88.452752, 22.277897 ], [ 88.452779, 22.277903 ], [ 88.454849, 22.278103 ], [ 88.456365, 22.278035 ], [ 88.457446, 22.277611 ], [ 88.458646, 22.276546 ], [ 88.458692, 22.276505 ], [ 88.459788, 22.274301 ], [ 88.460115, 22.271722 ], [ 88.459997, 22.270198 ], [ 88.460009, 22.270148 ], [ 88.46012, 22.269705 ], [ 88.46082, 22.268953 ], [ 88.461783, 22.268787 ], [ 88.463111, 22.269037 ], [ 88.463359, 22.269409 ], [ 88.46408, 22.27049 ], [ 88.464479, 22.271755 ], [ 88.464264, 22.272949 ], [ 88.464307, 22.274391 ], [ 88.465298, 22.276063 ], [ 88.467396, 22.278188 ], [ 88.468145, 22.278728 ], [ 88.468687, 22.278813 ], [ 88.470008, 22.279022 ], [ 88.472362, 22.278865 ], [ 88.473954, 22.278509 ], [ 88.474424, 22.278294 ], [ 88.47558, 22.277763 ], [ 88.476485, 22.277348 ], [ 88.476882, 22.277166 ], [ 88.477762, 22.276442 ], [ 88.479368, 22.273777 ], [ 88.479967, 22.27349 ], [ 88.48041, 22.273436 ], [ 88.480669, 22.273404 ], [ 88.481436, 22.2737 ], [ 88.482062, 22.274633 ], [ 88.482895, 22.274905 ], [ 88.484496, 22.275011 ], [ 88.486212, 22.275404 ], [ 88.486692, 22.276115 ], [ 88.486721, 22.276614 ], [ 88.486737, 22.276882 ], [ 88.486874, 22.277467 ], [ 88.487307, 22.277754 ], [ 88.48765, 22.277728 ], [ 88.487928, 22.277708 ], [ 88.488, 22.277702 ], [ 88.491288, 22.27563 ], [ 88.49255, 22.274664 ], [ 88.494181, 22.273831 ], [ 88.494639, 22.273597 ], [ 88.496515, 22.273183 ], [ 88.500721, 22.272256 ], [ 88.502656, 22.272249 ], [ 88.504277, 22.272243 ], [ 88.507873, 22.273381 ], [ 88.508924, 22.273462 ], [ 88.51056, 22.273234 ], [ 88.511982, 22.272406 ], [ 88.512647, 22.271611 ], [ 88.513364, 22.270753 ], [ 88.515351, 22.268376 ], [ 88.5166, 22.267565 ], [ 88.516767, 22.267496 ], [ 88.517725, 22.267099 ], [ 88.518858, 22.266944 ], [ 88.519363, 22.267086 ], [ 88.520182, 22.267687 ], [ 88.520973, 22.267895 ], [ 88.522346, 22.267499 ], [ 88.523223, 22.267366 ], [ 88.524749, 22.267134 ], [ 88.525258, 22.267163 ], [ 88.526741, 22.267248 ], [ 88.5277, 22.26757 ], [ 88.528564, 22.267628 ], [ 88.529481, 22.267469 ], [ 88.530247, 22.267074 ], [ 88.531182, 22.266513 ], [ 88.532493, 22.266077 ], [ 88.534039, 22.265874 ], [ 88.534613, 22.265807 ], [ 88.535178, 22.265566 ], [ 88.535372, 22.265332 ], [ 88.536734, 22.263712 ], [ 88.539174, 22.261824 ] ] ] } },
{ "type": "Feature", "properties": { "census2011_code": "02432", "block_name": "Jaynagar-II", "geoboundaries_shape_id": "7132399B71578973344059", "area_km2": 185.3, "land_area_km2": 184.7, "water_area_km2": 0.5 }, "geometry": { "type": "Polygon", "coordinates": [ [ [ 88.545814, 22.180014 ], [ 88.548791, 22.177401 ], [ 88.550944, 22.175382 ], [ 88.551887, 22.172796 ], [ 88.551668, 22.169514 ], [ 88.551425, 22.167223 ], [ 88.55184, 22.165204 ], [ 88.552221, 22.164509 ], [ 88.553161, 22.162796 ], [ 88.553883, 22.161479 ], [ 88.554938, 22.158703 ], [ 88.554863, 22.154907 ], [ 88.554215, 22.151491 ], [ 88.554053, 22.150634 ], [ 88.552771, 22.148763 ], [ 88.551905, 22.147498 ], [ 88.549236, 22.144418 ], [ 88.547212, 22.142351 ], [ 88.5461, 22.140421 ], [ 88.545461, 22.138242 ], [ 88.544919, 22.135922 ], [ 88.543994, 22.134538 ], [ 88.541651, 22.134801 ], [ 88.538306, 22.136934 ], [ 88.536988, 22.137067 ], [ 88.535892, 22.135813 ], [ 88.533742, 22.135571 ], [ 88.529271, 22.136974 ], [ 88.526479, 22.137741 ], [ 88.526163, 22.137599 ], [ 88.524981, 22.137068 ], [ 88.523967, 22.135774 ], [ 88.523693, 22.134317 ], [ 88.5236, 22.133405 ], [ 88.523443, 22.131861 ], [ 88.52455, 22.130533 ], [ 88.526054, 22.129312 ], [ 88.527099, 22.127054 ], [ 88.527168, 22.12522 ], [ 88.526695, 22.120395 ], [ 88.527743, 22.116639 ], [ 88.527914, 22.116026 ], [ 88.529286, 22.110566 ], [ 88.531847, 22.107796 ], [ 88.531866, 22.107774 ], [ 88.532032, 22.107595 ], [ 88.530659, 22.103669 ], [ 88.531119, 22.099164 ], [ 88.530772, 22.094972 ], [ 88.530504, 22.092195 ], [ 88.531439, 22.090559 ], [ 88.531839, 22.089437 ], [ 88.53245, 22.087718 ], [ 88.53188, 22.087287 ], [ 88.530334, 22.086118 ], [ 88.530661, 22.083215 ], [ 88.530172, 22.081347 ], [ 88.527455, 22.077199 ], [ 88.52494, 22.073063 ], [ 88.524627, 22.072549 ], [ 88.524025, 22.067657 ], [ 88.525253, 22.062314 ], [ 88.525433, 22.061367 ], [ 88.525838, 22.060417 ], [ 88.526756, 22.05992 ], [ 88.528742, 22.059384 ], [ 88.53355, 22.05903 ], [ 88.534873, 22.058726 ], [ 88.538265, 22.057948 ], [ 88.53947, 22.057458 ], [ 88.541338, 22.056923 ], [ 88.544177, 22.055937 ], [ 88.547739, 22.054046 ], [ 88.549474, 22.051802 ], [ 88.550711, 22.050479 ], [ 88.551364, 22.049615 ], [ 88.553038, 22.047399 ], [ 88.553445, 22.046654 ], [ 88.554255, 22.044944 ], [ 88.554424, 22.043984 ], [ 88.55397, 22.04216 ], [ 88.553049, 22.039629 ], [ 88.552046, 22.037071 ], [ 88.551444, 22.034335 ], [ 88.551409, 22.033518 ], [ 88.551252, 22.029881 ], [ 88.551251, 22.029822 ], [ 88.551105, 22.023595 ], [ 88.550256, 22.012631 ], [ 88.549652, 22.008824 ], [ 88.549607, 22.007967 ], [ 88.549661, 22.007919 ], [ 88.550395, 22.007266 ], [ 88.551247, 22.006868 ], [ 88.554054, 22.006361 ], [ 88.555179, 22.006236 ], [ 88.556182, 22.005974 ], [ 88.556034, 22.005102 ], [ 88.555519, 22.003646 ], [ 88.55476, 22.001495 ], [ 88.552097, 21.996632 ], [ 88.549526, 21.992568 ], [ 88.547162, 21.98846 ], [ 88.544315, 21.983487 ], [ 88.540923, 21.980133 ], [ 88.538124, 21.979182 ], [ 88.537294, 21.979687 ], [ 88.536401, 21.981551 ], [ 88.535876, 21.983535 ], [ 88.535657, 21.98436 ], [ 88.534478, 21.985034 ], [ 88.529162, 21.986503 ], [ 88.524217, 21.987978 ], [ 88.521139, 21.988156 ], [ 88.517538, 21.988202 ], [ 88.515494, 21.988125 ], [ 88.51401, 21.988381 ], [ 88.513493, 21.990471 ], [ 88.512973, 21.991006 ], [ 88.512243, 21.991758 ], [ 88.51151, 21.992763 ], [ 88.510131, 21.993527 ], [ 88.508191, 21.993929 ], [ 88.506552, 21.994232 ], [ 88.50426, 21.994806 ], [ 88.502682, 21.995243 ], [ 88.501318, 21.995849 ], [ 88.499821, 21.996823 ], [ 88.498985, 21.998349 ], [ 88.498985, 21.998697 ], [ 88.498985, 22.0002 ], [ 88.498498, 22.000979 ], [ 88.497595, 22.002739 ], [ 88.496563, 22.004132 ], [ 88.495775, 22.005069 ], [ 88.494363, 22.006235 ], [ 88.492538, 22.007697 ], [ 88.491612, 22.008032 ], [ 88.489851, 22.008467 ], [ 88.488991, 22.00868 ], [ 88.486385, 22.009252 ], [ 88.483913, 22.009504 ], [ 88.48256, 22.009792 ], [ 88.481131, 22.009828 ], [ 88.47889, 22.009864 ], [ 88.476357, 22.01091 ], [ 88.476185, 22.010981 ], [ 88.476185, 22.011377 ], [ 88.475335, 22.011809 ], [ 88.473481, 22.011341 ], [ 88.471425, 22.010933 ], [ 88.468213, 22.011229 ], [ 88.465574, 22.011496 ], [ 88.463598, 22.013607 ], [ 88.462694, 22.013626 ], [ 88.462643, 22.013708 ], [ 88.461492, 22.015569 ], [ 88.461177, 22.016839 ], [ 88.460827, 22.018565 ], [ 88.460107, 22.022808 ], [ 88.460155, 22.024038 ], [ 88.459959, 22.027183 ], [ 88.460546, 22.029143 ], [ 88.460966, 22.032168 ], [ 88.460966, 22.034614 ], [ 88.461721, 22.037269 ], [ 88.461862, 22.038151 ], [ 88.462148, 22.039943 ], [ 88.462758, 22.041138 ], [ 88.464101, 22.042845 ], [ 88.466298, 22.044609 ], [ 88.468666, 22.044973 ], [ 88.470498, 22.04452 ], [ 88.471694, 22.04445 ], [ 88.474314, 22.043804 ], [ 88.47644, 22.043198 ], [ 88.47768, 22.043088 ], [ 88.479865, 22.043088 ], [ 88.481341, 22.043419 ], [ 88.486163, 22.045874 ], [ 88.486479, 22.046021 ], [ 88.491439, 22.04833 ], [ 88.494131, 22.049292 ], [ 88.495925, 22.04971 ], [ 88.497765, 22.050379 ], [ 88.498169, 22.052177 ], [ 88.497855, 22.053766 ], [ 88.497032, 22.055097 ], [ 88.497592, 22.056576 ], [ 88.497576, 22.056616 ], [ 88.497313, 22.057271 ], [ 88.496426, 22.057619 ], [ 88.49596, 22.057141 ], [ 88.49456, 22.056489 ], [ 88.49316, 22.057489 ], [ 88.49274, 22.058272 ], [ 88.492274, 22.059924 ], [ 88.491481, 22.06175 ], [ 88.491014, 22.063142 ], [ 88.490454, 22.064664 ], [ 88.490296, 22.066748 ], [ 88.490558, 22.068284 ], [ 88.491121, 22.069821 ], [ 88.491458, 22.072441 ], [ 88.491695, 22.075116 ], [ 88.491248, 22.076226 ], [ 88.490107, 22.077821 ], [ 88.487861, 22.079051 ], [ 88.486106, 22.079774 ], [ 88.486745, 22.082006 ], [ 88.487875, 22.084496 ], [ 88.489184, 22.086175 ], [ 88.489645, 22.088426 ], [ 88.490106, 22.09163 ], [ 88.49001, 22.093103 ], [ 88.489636, 22.095096 ], [ 88.489163, 22.095674 ], [ 88.488145, 22.09692 ], [ 88.485539, 22.099179 ], [ 88.483447, 22.101647 ], [ 88.48349, 22.10386 ], [ 88.483721, 22.105205 ], [ 88.484276, 22.107763 ], [ 88.484832, 22.109497 ], [ 88.485745, 22.111805 ], [ 88.485741, 22.113982 ], [ 88.484751, 22.115407 ], [ 88.483788, 22.115634 ], [ 88.483672, 22.115661 ], [ 88.480438, 22.115503 ], [ 88.478372, 22.115341 ], [ 88.476036, 22.115347 ], [ 88.474076, 22.115037 ], [ 88.473432, 22.114935 ], [ 88.471364, 22.11561 ], [ 88.470195, 22.116115 ], [ 88.468578, 22.116371 ], [ 88.46678, 22.116626 ], [ 88.462827, 22.117055 ], [ 88.458784, 22.11673 ], [ 88.457707, 22.116147 ], [ 88.454564, 22.113582 ], [ 88.452784, 22.112549 ], [ 88.451077, 22.112207 ], [ 88.450185, 22.112832 ], [ 88.449291, 22.114356 ], [ 88.449139, 22.116224 ], [ 88.449135, 22.118784 ], [ 88.44965, 22.121066 ], [ 88.450452, 22.121645 ], [ 88.450985, 22.122031 ], [ 88.455737, 22.122573 ], [ 88.459449, 22.122633 ], [ 88.463532, 22.123245 ], [ 88.46472, 22.123449 ], [ 88.464941, 22.124694 ], [ 88.464791, 22.125386 ], [ 88.464343, 22.126771 ], [ 88.464044, 22.128086 ], [ 88.46366, 22.129392 ], [ 88.463596, 22.12961 ], [ 88.46233, 22.131411 ], [ 88.461141, 22.132314 ], [ 88.460545, 22.133491 ], [ 88.457868, 22.135574 ], [ 88.457275, 22.136993 ], [ 88.457, 22.13935 ], [ 88.457449, 22.141117 ], [ 88.457691, 22.141488 ], [ 88.458711, 22.14305 ], [ 88.459793, 22.144225 ], [ 88.460424, 22.145234 ], [ 88.459814, 22.145715 ], [ 88.459247, 22.146163 ], [ 88.457801, 22.146335 ], [ 88.457349, 22.146925 ], [ 88.456082, 22.147686 ], [ 88.454906, 22.148614 ], [ 88.453911, 22.149375 ], [ 88.453369, 22.149208 ], [ 88.453189, 22.148703 ], [ 88.453009, 22.14803 ], [ 88.453101, 22.147104 ], [ 88.452834, 22.145084 ], [ 88.452203, 22.143908 ], [ 88.451301, 22.143405 ], [ 88.449493, 22.143746 ], [ 88.448487, 22.144275 ], [ 88.448083, 22.144487 ], [ 88.448046, 22.144507 ], [ 88.447233, 22.144509 ], [ 88.44651, 22.144174 ], [ 88.445066, 22.143252 ], [ 88.442898, 22.14292 ], [ 88.441544, 22.142334 ], [ 88.440188, 22.14259 ], [ 88.438651, 22.143099 ], [ 88.436859, 22.143354 ], [ 88.436844, 22.143356 ], [ 88.435306, 22.144369 ], [ 88.434128, 22.145887 ], [ 88.433403, 22.147236 ], [ 88.432678, 22.148416 ], [ 88.431142, 22.148167 ], [ 88.429877, 22.148254 ], [ 88.429171, 22.148397 ], [ 88.428611, 22.14851 ], [ 88.427404, 22.14904 ], [ 88.425658, 22.148889 ], [ 88.424329, 22.148195 ], [ 88.423748, 22.147576 ], [ 88.423167, 22.147113 ], [ 88.421835, 22.147968 ], [ 88.421003, 22.148435 ], [ 88.420004, 22.148979 ], [ 88.417426, 22.14945 ], [ 88.417021, 22.149459 ], [ 88.413684, 22.149536 ], [ 88.410609, 22.148768 ], [ 88.410502, 22.148773 ], [ 88.40878, 22.14885 ], [ 88.408366, 22.148754 ], [ 88.407507, 22.148556 ], [ 88.407451, 22.148543 ], [ 88.405788, 22.148159 ], [ 88.404209, 22.148008 ], [ 88.403461, 22.148009 ], [ 88.402025, 22.148472 ], [ 88.400409, 22.147932 ], [ 88.400036, 22.147864 ], [ 88.401291, 22.149552 ], [ 88.402814, 22.152828 ], [ 88.4033, 22.154435 ], [ 88.404378, 22.156168 ], [ 88.404431, 22.157101 ], [ 88.404536, 22.15894 ], [ 88.404843, 22.160733 ], [ 88.405575, 22.161681 ], [ 88.405923, 22.162131 ], [ 88.406186, 22.162473 ], [ 88.406469, 22.162701 ], [ 88.405822, 22.163346 ], [ 88.405478, 22.164304 ], [ 88.405583, 22.16599 ], [ 88.405752, 22.167646 ], [ 88.40627, 22.168736 ], [ 88.406621, 22.169475 ], [ 88.407106, 22.170922 ], [ 88.40784, 22.17148 ], [ 88.408161, 22.172069 ], [ 88.408507, 22.172611 ], [ 88.408858, 22.172964 ], [ 88.409583, 22.173084 ], [ 88.409602, 22.172873 ], [ 88.409906, 22.172315 ], [ 88.410512, 22.172045 ], [ 88.410829, 22.172055 ], [ 88.410876, 22.172057 ], [ 88.411569, 22.172483 ], [ 88.412696, 22.173589 ], [ 88.412888, 22.173778 ], [ 88.41306, 22.173926 ], [ 88.413568, 22.174427 ], [ 88.414275, 22.17577 ], [ 88.414294, 22.175806 ], [ 88.41471, 22.177297 ], [ 88.415364, 22.178335 ], [ 88.415878, 22.178658 ], [ 88.416251, 22.179075 ], [ 88.416416, 22.179856 ], [ 88.416718, 22.180404 ], [ 88.41677, 22.180498 ], [ 88.417208, 22.180688 ], [ 88.417963, 22.180983 ], [ 88.418818, 22.182329 ], [ 88.41929, 22.1829 ], [ 88.419317, 22.183365 ], [ 88.418905, 22.184046 ], [ 88.418688, 22.184404 ], [ 88.418306, 22.185065 ], [ 88.418447, 22.18558 ], [ 88.419305, 22.186182 ], [ 88.420004, 22.18725 ], [ 88.420401, 22.187702 ], [ 88.42082, 22.187871 ], [ 88.421125, 22.18794 ], [ 88.421621, 22.187927 ], [ 88.422196, 22.187784 ], [ 88.422358, 22.187703 ], [ 88.422795, 22.187485 ], [ 88.423063, 22.18717 ], [ 88.423401, 22.186391 ], [ 88.423961, 22.185504 ], [ 88.424355, 22.184466 ], [ 88.424859, 22.18378 ], [ 88.425112, 22.182709 ], [ 88.425329, 22.181788 ], [ 88.426201, 22.180606 ], [ 88.426327, 22.180127 ], [ 88.42652, 22.179392 ], [ 88.42649, 22.178227 ], [ 88.426717, 22.177705 ], [ 88.426903, 22.177453 ], [ 88.427425, 22.177148 ], [ 88.427805, 22.176936 ], [ 88.428397, 22.176516 ], [ 88.428436, 22.176447 ], [ 88.428719, 22.175947 ], [ 88.42889, 22.175112 ], [ 88.428864, 22.173549 ], [ 88.429041, 22.171908 ], [ 88.429184, 22.170858 ], [ 88.428903, 22.169433 ], [ 88.427851, 22.166551 ], [ 88.427841, 22.16636 ], [ 88.427802, 22.16562 ], [ 88.427968, 22.165411 ], [ 88.428185, 22.165315 ], [ 88.428551, 22.165328 ], [ 88.429628, 22.166346 ], [ 88.430245, 22.16755 ], [ 88.430791, 22.168665 ], [ 88.430889, 22.168866 ], [ 88.431462, 22.169244 ], [ 88.432147, 22.169423 ], [ 88.432781, 22.169472 ], [ 88.433419, 22.169652 ], [ 88.436769, 22.171958 ], [ 88.437077, 22.17217 ], [ 88.43825, 22.173026 ], [ 88.43843, 22.173405 ], [ 88.438367, 22.173697 ], [ 88.438204, 22.173993 ], [ 88.438284, 22.174348 ], [ 88.438403, 22.174543 ], [ 88.438764, 22.174771 ], [ 88.439446, 22.174919 ], [ 88.440136, 22.175366 ], [ 88.441079, 22.176516 ], [ 88.441088, 22.176528 ], [ 88.443675, 22.179561 ], [ 88.445704, 22.18132 ], [ 88.446269, 22.181479 ], [ 88.446676, 22.181294 ], [ 88.446708, 22.181084 ], [ 88.446622, 22.180668 ], [ 88.444836, 22.1796 ], [ 88.4438, 22.178617 ], [ 88.443743, 22.177887 ], [ 88.443883, 22.1775 ], [ 88.444289, 22.17728 ], [ 88.444737, 22.177268 ], [ 88.445267, 22.177498 ], [ 88.445608, 22.177664 ], [ 88.446562, 22.178939 ], [ 88.446733, 22.179167 ], [ 88.448235, 22.1808 ], [ 88.450306, 22.182732 ], [ 88.450968, 22.183725 ], [ 88.451491, 22.185105 ], [ 88.452144, 22.18626 ], [ 88.452224, 22.186401 ], [ 88.452536, 22.186725 ], [ 88.453242, 22.187456 ], [ 88.453873, 22.18938 ], [ 88.454517, 22.191433 ], [ 88.454693, 22.191998 ], [ 88.456512, 22.196085 ], [ 88.457262, 22.197724 ], [ 88.457586, 22.199321 ], [ 88.457279, 22.20054 ], [ 88.456987, 22.202337 ], [ 88.457146, 22.202991 ], [ 88.457646, 22.203973 ], [ 88.458267, 22.204658 ], [ 88.458338, 22.204736 ], [ 88.458898, 22.205079 ], [ 88.459146, 22.205339 ], [ 88.459292, 22.205492 ], [ 88.459306, 22.206005 ], [ 88.459616, 22.206845 ], [ 88.459998, 22.207165 ], [ 88.460081, 22.207235 ], [ 88.460514, 22.207268 ], [ 88.461112, 22.20723 ], [ 88.461598, 22.207463 ], [ 88.461874, 22.207924 ], [ 88.461827, 22.208958 ], [ 88.461683, 22.211757 ], [ 88.461725, 22.212409 ], [ 88.461997, 22.212627 ], [ 88.462131, 22.212673 ], [ 88.462241, 22.212711 ], [ 88.463052, 22.212503 ], [ 88.463918, 22.212078 ], [ 88.464547, 22.211941 ], [ 88.46529, 22.211774 ], [ 88.466253, 22.211254 ], [ 88.467742, 22.210465 ], [ 88.468722, 22.210024 ], [ 88.469613, 22.209905 ], [ 88.470803, 22.209873 ], [ 88.471397, 22.209823 ], [ 88.471689, 22.209607 ], [ 88.47189, 22.209446 ], [ 88.472222, 22.20864 ], [ 88.472218, 22.208508 ], [ 88.472203, 22.207916 ], [ 88.472194, 22.207584 ], [ 88.472236, 22.207064 ], [ 88.472397, 22.206817 ], [ 88.472911, 22.206561 ], [ 88.474539, 22.206206 ], [ 88.475517, 22.205965 ], [ 88.47588, 22.205726 ], [ 88.476074, 22.205281 ], [ 88.476196, 22.204494 ], [ 88.476322, 22.204288 ], [ 88.476492, 22.204008 ], [ 88.476852, 22.203674 ], [ 88.477438, 22.203384 ], [ 88.47775, 22.20323 ], [ 88.480292, 22.20208 ], [ 88.482699, 22.201196 ], [ 88.484544, 22.20074 ], [ 88.485488, 22.200322 ], [ 88.486992, 22.199269 ], [ 88.488341, 22.19822 ], [ 88.489301, 22.197595 ], [ 88.490047, 22.197265 ], [ 88.490433, 22.197246 ], [ 88.490934, 22.197221 ], [ 88.492123, 22.19725 ], [ 88.492146, 22.19725 ], [ 88.492719, 22.197507 ], [ 88.493267, 22.197991 ], [ 88.494177, 22.198942 ], [ 88.494912, 22.200331 ], [ 88.495936, 22.202059 ], [ 88.496175, 22.202291 ], [ 88.496595, 22.202345 ], [ 88.496862, 22.202265 ], [ 88.497037, 22.202212 ], [ 88.497201, 22.202154 ], [ 88.498371, 22.201735 ], [ 88.500417, 22.200974 ], [ 88.500711, 22.200653 ], [ 88.500836, 22.200306 ], [ 88.500871, 22.199726 ], [ 88.500955, 22.199201 ], [ 88.501605, 22.198626 ], [ 88.502858, 22.198179 ], [ 88.504069, 22.197858 ], [ 88.504698, 22.197325 ], [ 88.505112, 22.197045 ], [ 88.505533, 22.197013 ], [ 88.505957, 22.197105 ], [ 88.506402, 22.197156 ], [ 88.507195, 22.197112 ], [ 88.508654, 22.196639 ], [ 88.509587, 22.196614 ], [ 88.509983, 22.19667 ], [ 88.511221, 22.197339 ], [ 88.511798, 22.197424 ], [ 88.512293, 22.197177 ], [ 88.512748, 22.19673 ], [ 88.513205, 22.196384 ], [ 88.513669, 22.196271 ], [ 88.514523, 22.195981 ], [ 88.515258, 22.195293 ], [ 88.516369, 22.195006 ], [ 88.51707, 22.194669 ], [ 88.517428, 22.194267 ], [ 88.517773, 22.193401 ], [ 88.517903, 22.192368 ], [ 88.518281, 22.191746 ], [ 88.518718, 22.191342 ], [ 88.519818, 22.19119 ], [ 88.521695, 22.191508 ], [ 88.522724, 22.192081 ], [ 88.52287, 22.192162 ], [ 88.523411, 22.192735 ], [ 88.523545, 22.19381 ], [ 88.523545, 22.195745 ], [ 88.523388, 22.196344 ], [ 88.52303, 22.19701 ], [ 88.523044, 22.197549 ], [ 88.5232, 22.198099 ], [ 88.523234, 22.198799 ], [ 88.523138, 22.199282 ], [ 88.522818, 22.199612 ], [ 88.522109, 22.199929 ], [ 88.52113, 22.200201 ], [ 88.520682, 22.200614 ], [ 88.520667, 22.201106 ], [ 88.520971, 22.201551 ], [ 88.521453, 22.201887 ], [ 88.522488, 22.202018 ], [ 88.522581, 22.20203 ], [ 88.523335, 22.201971 ], [ 88.523734, 22.201765 ], [ 88.52451, 22.201484 ], [ 88.525194, 22.201349 ], [ 88.525637, 22.201348 ], [ 88.526256, 22.201287 ], [ 88.526573, 22.201079 ], [ 88.52685, 22.200693 ], [ 88.52713, 22.200441 ], [ 88.527548, 22.200429 ], [ 88.527804, 22.200623 ], [ 88.528026, 22.200873 ], [ 88.528267, 22.200944 ], [ 88.528528, 22.200859 ], [ 88.528691, 22.20071 ], [ 88.52875, 22.200522 ], [ 88.528765, 22.200059 ], [ 88.529, 22.199538 ], [ 88.52952, 22.19937 ], [ 88.53012, 22.199071 ], [ 88.530632, 22.198488 ], [ 88.530553, 22.196381 ], [ 88.530526, 22.195385 ], [ 88.530941, 22.194626 ], [ 88.531727, 22.194013 ], [ 88.533584, 22.193371 ], [ 88.534203, 22.192731 ], [ 88.534605, 22.191505 ], [ 88.535353, 22.190706 ], [ 88.535846, 22.190381 ], [ 88.537351, 22.190341 ], [ 88.538648, 22.190026 ], [ 88.539271, 22.189542 ], [ 88.541941, 22.18679 ], [ 88.542849, 22.185738 ], [ 88.542851, 22.185707 ], [ 88.542895, 22.184957 ], [ 88.543151, 22.184706 ], [ 88.543299, 22.183201 ], [ 88.545594, 22.180293 ], [ 88.545814, 22.180014 ] ] ] } },
{ "type": "Feature", "properties": { "census2011_code": "02433", "block_name": "Kultali", "geoboundaries_shape_id": "7132399B60391710076443", "area_km2": 755.8, "land_area_km2": 618.2, "water_area_km2": 137.5 }, "geometry": { "type": "MultiPolygon", "coordinates": [ [ [ [ 88.508734, 21.780028 ], [ 88.510726, 21.78525 ], [ 88.509235, 21.788587 ], [ 88.508528, 21.78894 ], [ 88.510253, 21.791027 ], [ 88.516397, 21.798699 ], [ 88.51913, 21.803073 ], [ 88.519196, 21.806486 ], [ 88.517765, 21.811272 ], [ 88.514536, 21.815419 ], [ 88.510484, 21.82104 ], [ 88.506608, 21.826771 ], [ 88.506744, 21.832692 ], [ 88.505604, 21.838321 ], [ 88.504023, 21.843216 ], [ 88.499591, 21.851694 ], [ 88.495868, 21.857522 ], [ 88.487745, 21.868013 ], [ 88.485269, 21.875835 ], [ 88.485041, 21.880126 ], [ 88.484988, 21.881131 ], [ 88.485016, 21.881449 ], [ 88.4853, 21.884719 ], [ 88.487211, 21.889555 ], [ 88.489638, 21.890806 ], [ 88.490998, 21.891507 ], [ 88.495744, 21.894457 ], [ 88.497287, 21.896752 ], [ 88.497339, 21.896878 ], [ 88.498084, 21.898696 ], [ 88.501812, 21.905258 ], [ 88.503731, 21.907003 ], [ 88.504738, 21.90821 ], [ 88.508593, 21.911871 ], [ 88.509616, 21.912916 ], [ 88.511564, 21.915187 ], [ 88.513073, 21.917367 ], [ 88.51445, 21.920111 ], [ 88.514486, 21.920183 ], [ 88.515168, 21.921954 ], [ 88.515607, 21.925497 ], [ 88.51584, 21.931062 ], [ 88.51584, 21.932726 ], [ 88.515161, 21.934351 ], [ 88.514396, 21.935857 ], [ 88.512753, 21.940688 ], [ 88.511394, 21.942958 ], [ 88.510436, 21.944235 ], [ 88.510392, 21.944293 ], [ 88.508317, 21.946696 ], [ 88.50567, 21.948966 ], [ 88.504555, 21.95019 ], [ 88.502341, 21.952598 ], [ 88.501087, 21.954078 ], [ 88.499538, 21.956418 ], [ 88.499022, 21.957519 ], [ 88.498136, 21.95862 ], [ 88.49655, 21.959446 ], [ 88.494336, 21.959481 ], [ 88.49431, 21.959506 ], [ 88.493167, 21.9606 ], [ 88.492689, 21.964166 ], [ 88.492689, 21.966012 ], [ 88.493167, 21.969196 ], [ 88.493754, 21.971209 ], [ 88.49607, 21.973671 ], [ 88.498896, 21.97622 ], [ 88.499823, 21.977387 ], [ 88.500796, 21.978942 ], [ 88.50353, 21.981404 ], [ 88.506551, 21.983839 ], [ 88.506771, 21.984054 ], [ 88.507371, 21.984643 ], [ 88.509138, 21.985849 ], [ 88.512286, 21.987336 ], [ 88.51401, 21.988381 ], [ 88.515494, 21.988125 ], [ 88.517538, 21.988202 ], [ 88.521139, 21.988156 ], [ 88.524217, 21.987978 ], [ 88.529162, 21.986503 ], [ 88.534478, 21.985034 ], [ 88.535657, 21.98436 ], [ 88.535876, 21.983535 ], [ 88.536401, 21.981551 ], [ 88.537294, 21.979687 ], [ 88.538124, 21.979182 ], [ 88.540923, 21.980133 ], [ 88.544315, 21.983487 ], [ 88.547162, 21.98846 ], [ 88.549526, 21.992568 ], [ 88.552097, 21.996632 ], [ 88.55476, 22.001495 ], [ 88.555519, 22.003646 ], [ 88.556034, 22.005102 ], [ 88.556182, 22.005974 ], [ 88.555179, 22.006236 ], [ 88.554054, 22.006361 ], [ 88.551247, 22.006868 ], [ 88.550395, 22.007266 ], [ 88.549661, 22.007919 ], [ 88.549607, 22.007967 ], [ 88.549652, 22.008824 ], [ 88.550256, 22.012631 ], [ 88.551105, 22.023595 ], [ 88.551251, 22.029822 ], [ 88.551252, 22.029881 ], [ 88.551409, 22.033518 ], [ 88.551444, 22.034335 ], [ 88.552046, 22.037071 ], [ 88.553049, 22.039629 ], [ 88.55397, 22.04216 ], [ 88.554424, 22.043984 ], [ 88.554255, 22.044944 ], [ 88.553445, 22.046654 ], [ 88.553038, 22.047399 ], [ 88.551364, 22.049615 ], [ 88.550711, 22.050479 ], [ 88.549474, 22.051802 ], [ 88.547739, 22.054046 ], [ 88.544177, 22.055937 ], [ 88.541338, 22.056923 ], [ 88.53947, 22.057458 ], [ 88.538265, 22.057948 ], [ 88.534873, 22.058726 ], [ 88.53355, 22.05903 ], [ 88.528742, 22.059384 ], [ 88.526756, 22.05992 ], [ 88.525838, 22.060417 ], [ 88.525433, 22.061367 ], [ 88.525253, 22.062314 ], [ 88.524025, 22.067657 ], [ 88.524627, 22.072549 ], [ 88.52494, 22.073063 ], [ 88.527455, 22.077199 ], [ 88.530172, 22.081347 ], [ 88.530661, 22.083215 ], [ 88.530334, 22.086118 ], [ 88.53188, 22.087287 ], [ 88.53245, 22.087718 ], [ 88.531839, 22.089437 ], [ 88.531439, 22.090559 ], [ 88.530504, 22.092195 ], [ 88.530772, 22.094972 ], [ 88.531119, 22.099164 ], [ 88.530659, 22.103669 ], [ 88.532032, 22.107595 ], [ 88.531866, 22.107774 ], [ 88.531847, 22.107796 ], [ 88.529286, 22.110566 ], [ 88.527914, 22.116026 ], [ 88.527743, 22.116639 ], [ 88.526695, 22.120395 ], [ 88.527168, 22.12522 ], [ 88.527099, 22.127054 ], [ 88.526054, 22.129312 ], [ 88.52455, 22.130533 ], [ 88.523443, 22.131861 ], [ 88.5236, 22.133405 ], [ 88.523693, 22.134317 ], [ 88.523967, 22.135774 ], [ 88.524981, 22.137068 ], [ 88.526163, 22.137599 ], [ 88.526479, 22.137741 ], [ 88.529271, 22.136974 ], [ 88.533742, 22.135571 ], [ 88.535892, 22.135813 ], [ 88.536988, 22.137067 ], [ 88.538306, 22.136934 ], [ 88.541651, 22.134801 ], [ 88.543994, 22.134538 ], [ 88.544919, 22.135922 ], [ 88.545461, 22.138242 ], [ 88.5461, 22.140421 ], [ 88.547212, 22.142351 ], [ 88.549236, 22.144418 ], [ 88.551905, 22.147498 ], [ 88.552771, 22.148763 ], [ 88.554053, 22.150634 ], [ 88.554215, 22.151491 ], [ 88.554863, 22.154907 ], [ 88.554938, 22.158703 ], [ 88.553883, 22.161479 ], [ 88.553161, 22.162796 ], [ 88.552221, 22.164509 ], [ 88.55184, 22.165204 ], [ 88.551425, 22.167223 ], [ 88.551668, 22.169514 ], [ 88.551887, 22.172796 ], [ 88.550944, 22.175382 ], [ 88.548791, 22.177401 ], [ 88.545814, 22.180014 ], [ 88.545594, 22.180293 ], [ 88.543299, 22.183201 ], [ 88.543151, 22.184706 ], [ 88.543287, 22.184573 ], [ 88.543722, 22.184592 ], [ 88.543965, 22.184897 ], [ 88.544101, 22.185024 ], [ 88.545166, 22.186018 ], [ 88.546512, 22.186702 ], [ 88.548962, 22.187459 ], [ 88.549444, 22.187668 ], [ 88.54986, 22.187615 ], [ 88.550287, 22.187409 ], [ 88.55077, 22.187105 ], [ 88.551303, 22.186952 ], [ 88.551568, 22.186958 ], [ 88.55231, 22.187038 ], [ 88.553336, 22.187454 ], [ 88.554954, 22.188097 ], [ 88.556, 22.188172 ], [ 88.556797, 22.188071 ], [ 88.557744, 22.187803 ], [ 88.558847, 22.187491 ], [ 88.5599, 22.187532 ], [ 88.560933, 22.188239 ], [ 88.561055, 22.188272 ], [ 88.561879, 22.188493 ], [ 88.562592, 22.188474 ], [ 88.564265, 22.187473 ], [ 88.56624, 22.186669 ], [ 88.567862, 22.186212 ], [ 88.568506, 22.186176 ], [ 88.569338, 22.18636 ], [ 88.569886, 22.186458 ], [ 88.570489, 22.186404 ], [ 88.572178, 22.185711 ], [ 88.572808, 22.185619 ], [ 88.573559, 22.185785 ], [ 88.574632, 22.186465 ], [ 88.57546, 22.187833 ], [ 88.575522, 22.18841 ], [ 88.575577, 22.188921 ], [ 88.575301, 22.189591 ], [ 88.575383, 22.190065 ], [ 88.575828, 22.190632 ], [ 88.577364, 22.193564 ], [ 88.586884, 22.20441 ], [ 88.588439, 22.206965 ], [ 88.588763, 22.208296 ], [ 88.589394, 22.210887 ], [ 88.589277, 22.212763 ], [ 88.588894, 22.21346 ], [ 88.588437, 22.214076 ], [ 88.58828, 22.214288 ], [ 88.587929, 22.215434 ], [ 88.586811, 22.216871 ], [ 88.587463, 22.216723 ], [ 88.590185, 22.216103 ], [ 88.590442, 22.216045 ], [ 88.591022, 22.216139 ], [ 88.594401, 22.218903 ], [ 88.596252, 22.221599 ], [ 88.597015, 22.222482 ], [ 88.597476, 22.222774 ], [ 88.59776, 22.222777 ], [ 88.598497, 22.222785 ], [ 88.601172, 22.221681 ], [ 88.604452, 22.220476 ], [ 88.604905, 22.220466 ], [ 88.605673, 22.220621 ], [ 88.6061, 22.22118 ], [ 88.606472, 22.221528 ], [ 88.607081, 22.221631 ], [ 88.607977, 22.221274 ], [ 88.612358, 22.218156 ], [ 88.613643, 22.216892 ], [ 88.614078, 22.216532 ], [ 88.614787, 22.215945 ], [ 88.615061, 22.215458 ], [ 88.615089, 22.214814 ], [ 88.614933, 22.214073 ], [ 88.6147, 22.212919 ], [ 88.614896, 22.212047 ], [ 88.616276, 22.210054 ], [ 88.616954, 22.207712 ], [ 88.617129, 22.205014 ], [ 88.617389, 22.204193 ], [ 88.618192, 22.203359 ], [ 88.621006, 22.201946 ], [ 88.62145, 22.201407 ], [ 88.621632, 22.201185 ], [ 88.623857, 22.198722 ], [ 88.625666, 22.197801 ], [ 88.626712, 22.197268 ], [ 88.628644, 22.196629 ], [ 88.629186, 22.196089 ], [ 88.629283, 22.194884 ], [ 88.628636, 22.191875 ], [ 88.627945, 22.189867 ], [ 88.626684, 22.186206 ], [ 88.625771, 22.183487 ], [ 88.62564, 22.181421 ], [ 88.626086, 22.178006 ], [ 88.626172, 22.175558 ], [ 88.625825, 22.173245 ], [ 88.62565, 22.172081 ], [ 88.626178, 22.16967 ], [ 88.627368, 22.167524 ], [ 88.629761, 22.164882 ], [ 88.630857, 22.163835 ], [ 88.63196, 22.162781 ], [ 88.633322, 22.160564 ], [ 88.633668, 22.158459 ], [ 88.633561, 22.157854 ], [ 88.633263, 22.156165 ], [ 88.631559, 22.150829 ], [ 88.631404, 22.148051 ], [ 88.631464, 22.143197 ], [ 88.631916, 22.141081 ], [ 88.632154, 22.139992 ], [ 88.632767, 22.13906 ], [ 88.63337, 22.138342 ], [ 88.631309, 22.135027 ], [ 88.629293, 22.1316 ], [ 88.629272, 22.130584 ], [ 88.628099, 22.122714 ], [ 88.625643, 22.113698 ], [ 88.625345, 22.112581 ], [ 88.625383, 22.110099 ], [ 88.625391, 22.109565 ], [ 88.625609, 22.104831 ], [ 88.625767, 22.101383 ], [ 88.626918, 22.095051 ], [ 88.628913, 22.090321 ], [ 88.631678, 22.08544 ], [ 88.633909, 22.080294 ], [ 88.63442, 22.077979 ], [ 88.634678, 22.076977 ], [ 88.634786, 22.076559 ], [ 88.6352, 22.07505 ], [ 88.636404, 22.070661 ], [ 88.638694, 22.062313 ], [ 88.640572, 22.056072 ], [ 88.642406, 22.050818 ], [ 88.643131, 22.048737 ], [ 88.643374, 22.046365 ], [ 88.643397, 22.045395 ], [ 88.643452, 22.043132 ], [ 88.641461, 22.034479 ], [ 88.638773, 22.026091 ], [ 88.635826, 22.02123 ], [ 88.630173, 22.014214 ], [ 88.629569, 22.013464 ], [ 88.626456, 22.008931 ], [ 88.62636, 22.008779 ], [ 88.622444, 22.002567 ], [ 88.619056, 21.995566 ], [ 88.61888, 21.99507 ], [ 88.618865, 21.995027 ], [ 88.618176, 21.993078 ], [ 88.616916, 21.985647 ], [ 88.616762, 21.975156 ], [ 88.61735, 21.967087 ], [ 88.618884, 21.962278 ], [ 88.620097, 21.959429 ], [ 88.620542, 21.958926 ], [ 88.62143, 21.958635 ], [ 88.622889, 21.958553 ], [ 88.625809, 21.958722 ], [ 88.627421, 21.958815 ], [ 88.628789, 21.959094 ], [ 88.629258, 21.957897 ], [ 88.63031, 21.955932 ], [ 88.630883, 21.954985 ], [ 88.631284, 21.954247 ], [ 88.631732, 21.953753 ], [ 88.63236, 21.95315 ], [ 88.633007, 21.952548 ], [ 88.633726, 21.952095 ], [ 88.634501, 21.951753 ], [ 88.634999, 21.951613 ], [ 88.63532, 21.951496 ], [ 88.635722, 21.95144 ], [ 88.636209, 21.951425 ], [ 88.636665, 21.951398 ], [ 88.637126, 21.951313 ], [ 88.637555, 21.951403 ], [ 88.63877, 21.951262 ], [ 88.639484, 21.951772 ], [ 88.640402, 21.952894 ], [ 88.641728, 21.953812 ], [ 88.643666, 21.954322 ], [ 88.645604, 21.95422 ], [ 88.645991, 21.954197 ], [ 88.645877, 21.954175 ], [ 88.644047, 21.953645 ], [ 88.642283, 21.952948 ], [ 88.640601, 21.952092 ], [ 88.639017, 21.951085 ], [ 88.637548, 21.949937 ], [ 88.636209, 21.948659 ], [ 88.635011, 21.947264 ], [ 88.633966, 21.945765 ], [ 88.633086, 21.944178 ], [ 88.632378, 21.942517 ], [ 88.63185, 21.940798 ], [ 88.631506, 21.93904 ], [ 88.631351, 21.937258 ], [ 88.631385, 21.935471 ], [ 88.631608, 21.933695 ], [ 88.632018, 21.931949 ], [ 88.632611, 21.930249 ], [ 88.633381, 21.928613 ], [ 88.634321, 21.927055 ], [ 88.635421, 21.925591 ], [ 88.636671, 21.924237 ], [ 88.638058, 21.923004 ], [ 88.639569, 21.921905 ], [ 88.641189, 21.92095 ], [ 88.642334, 21.920416 ], [ 88.64233, 21.920409 ], [ 88.64276, 21.920209 ], [ 88.643199, 21.920028 ], [ 88.643592, 21.91977 ], [ 88.643998, 21.919531 ], [ 88.643999, 21.919532 ], [ 88.645206, 21.91882 ], [ 88.646929, 21.918016 ], [ 88.648728, 21.917376 ], [ 88.650587, 21.916906 ], [ 88.652487, 21.91661 ], [ 88.652883, 21.916567 ], [ 88.653308, 21.916539 ], [ 88.654031, 21.916369 ], [ 88.655922, 21.916015 ], [ 88.657841, 21.91584 ], [ 88.65977, 21.915843 ], [ 88.661689, 21.916025 ], [ 88.661878, 21.916061 ], [ 88.660815, 21.914362 ], [ 88.660382, 21.900105 ], [ 88.659874, 21.899286 ], [ 88.659797, 21.899143 ], [ 88.65905, 21.897568 ], [ 88.65851, 21.896055 ], [ 88.658511, 21.896033 ], [ 88.6585, 21.896026 ], [ 88.658467, 21.895934 ], [ 88.658362, 21.89551 ], [ 88.658157, 21.894793 ], [ 88.658169, 21.894771 ], [ 88.658159, 21.894731 ], [ 88.658141, 21.894709 ], [ 88.658122, 21.894699 ], [ 88.658093, 21.894642 ], [ 88.657398, 21.893072 ], [ 88.656863, 21.891449 ], [ 88.65668, 21.890781 ], [ 88.656682, 21.890774 ], [ 88.656695, 21.89074 ], [ 88.65668, 21.890708 ], [ 88.656651, 21.890695 ], [ 88.65647, 21.890214 ], [ 88.65638, 21.889963 ], [ 88.656351, 21.889878 ], [ 88.65636, 21.88986 ], [ 88.656359, 21.889828 ], [ 88.65633, 21.889815 ], [ 88.656273, 21.88965 ], [ 88.656273, 21.889608 ], [ 88.656254, 21.889544 ], [ 88.656223, 21.889531 ], [ 88.656072, 21.889214 ], [ 88.655248, 21.887153 ], [ 88.65512, 21.886761 ], [ 88.655122, 21.886726 ], [ 88.655122, 21.886703 ], [ 88.655108, 21.886687 ], [ 88.655089, 21.886684 ], [ 88.655088, 21.886684 ], [ 88.654921, 21.886386 ], [ 88.654101, 21.88472 ], [ 88.653465, 21.882985 ], [ 88.653021, 21.881199 ], [ 88.652774, 21.87938 ], [ 88.652725, 21.877548 ], [ 88.652746, 21.876789 ], [ 88.652768, 21.876746 ], [ 88.652766, 21.876731 ], [ 88.652761, 21.876726 ], [ 88.652744, 21.876729 ], [ 88.65264, 21.876121 ], [ 88.65254, 21.875674 ], [ 88.652337, 21.873991 ], [ 88.652304, 21.872298 ], [ 88.652441, 21.870609 ], [ 88.652747, 21.868939 ], [ 88.652926, 21.868178 ], [ 88.652927, 21.868173 ], [ 88.65296, 21.86813 ], [ 88.652985, 21.867991 ], [ 88.652973, 21.867804 ], [ 88.652947, 21.867706 ], [ 88.652903, 21.867638 ], [ 88.652893, 21.867633 ], [ 88.652422, 21.866335 ], [ 88.65219, 21.865737 ], [ 88.652179, 21.865658 ], [ 88.652112, 21.865539 ], [ 88.65211, 21.865537 ], [ 88.651464, 21.864044 ], [ 88.651466, 21.863997 ], [ 88.651447, 21.863974 ], [ 88.651434, 21.863977 ], [ 88.651192, 21.863475 ], [ 88.650712, 21.862572 ], [ 88.649985, 21.860715 ], [ 88.649479, 21.858796 ], [ 88.64934, 21.858106 ], [ 88.649342, 21.858103 ], [ 88.649353, 21.858062 ], [ 88.64934, 21.858046 ], [ 88.649323, 21.858039 ], [ 88.649242, 21.857776 ], [ 88.648797, 21.855998 ], [ 88.648547, 21.854186 ], [ 88.648494, 21.852361 ], [ 88.648494, 21.852356 ], [ 88.648505, 21.852202 ], [ 88.648524, 21.852175 ], [ 88.648519, 21.852155 ], [ 88.648509, 21.852145 ], [ 88.648604, 21.850811 ], [ 88.648855, 21.84928 ], [ 88.64899, 21.848644 ], [ 88.649021, 21.848612 ], [ 88.649018, 21.848473 ], [ 88.649012, 21.848463 ], [ 88.649015, 21.848434 ], [ 88.649014, 21.848321 ], [ 88.649037, 21.848277 ], [ 88.649013, 21.848264 ], [ 88.648973, 21.847899 ], [ 88.648951, 21.847686 ], [ 88.648939, 21.847555 ], [ 88.648941, 21.847554 ], [ 88.648958, 21.847494 ], [ 88.648932, 21.847484 ], [ 88.648913, 21.847283 ], [ 88.647722, 21.843348 ], [ 88.630888, 21.8013 ], [ 88.625642, 21.776676 ], [ 88.625127, 21.775427 ], [ 88.624627, 21.773753 ], [ 88.624303, 21.772042 ], [ 88.624155, 21.77031 ], [ 88.624165, 21.769742 ], [ 88.612009, 21.712678 ], [ 88.611209, 21.712135 ], [ 88.611203, 21.712142 ], [ 88.610814, 21.711878 ], [ 88.610439, 21.711596 ], [ 88.609902, 21.711269 ], [ 88.609301, 21.711005 ], [ 88.6093, 21.711005 ], [ 88.60871, 21.710697 ], [ 88.608717, 21.710685 ], [ 88.608139, 21.710398 ], [ 88.606562, 21.709419 ], [ 88.605096, 21.708301 ], [ 88.603754, 21.707053 ], [ 88.602734, 21.7059 ], [ 88.58925, 21.700812 ], [ 88.58925, 21.6979 ], [ 88.590083, 21.69582 ], [ 88.591749, 21.69374 ], [ 88.59404, 21.691868 ], [ 88.594873, 21.68958 ], [ 88.59758, 21.688124 ], [ 88.601565, 21.685428 ], [ 88.601795, 21.685065 ], [ 88.601856, 21.685004 ], [ 88.601883, 21.68491 ], [ 88.601886, 21.684903 ], [ 88.602725, 21.683437 ], [ 88.603704, 21.682049 ], [ 88.603717, 21.682033 ], [ 88.603764, 21.681996 ], [ 88.60378, 21.68196 ], [ 88.603948, 21.681763 ], [ 88.604152, 21.681484 ], [ 88.604164, 21.681482 ], [ 88.604271, 21.681381 ], [ 88.604353, 21.681253 ], [ 88.604484, 21.681001 ], [ 88.6045, 21.680915 ], [ 88.604506, 21.6809 ], [ 88.605102, 21.679416 ], [ 88.605367, 21.678913 ], [ 88.604842, 21.677841 ], [ 88.604347, 21.676357 ], [ 88.604842, 21.673884 ], [ 88.603356, 21.670917 ], [ 88.600386, 21.667456 ], [ 88.598901, 21.663994 ], [ 88.59361, 21.660699 ], [ 88.592732, 21.660141 ], [ 88.591775, 21.659345 ], [ 88.590818, 21.658468 ], [ 88.589781, 21.657672 ], [ 88.588664, 21.657433 ], [ 88.587388, 21.657751 ], [ 88.58683, 21.657751 ], [ 88.586511, 21.656955 ], [ 88.587069, 21.655999 ], [ 88.587946, 21.655282 ], [ 88.589941, 21.654963 ], [ 88.591362, 21.653973 ], [ 88.5952, 21.652736 ], [ 88.597662, 21.652883 ], [ 88.597183, 21.64786 ], [ 88.598093, 21.642985 ], [ 88.598177, 21.64133 ], [ 88.598446, 21.639599 ], [ 88.59845, 21.639579 ], [ 88.598562, 21.639154 ], [ 88.598554, 21.639009 ], [ 88.598629, 21.638283 ], [ 88.598634, 21.638284 ], [ 88.59864, 21.638168 ], [ 88.598712, 21.637734 ], [ 88.598751, 21.637409 ], [ 88.599078, 21.63555 ], [ 88.59961, 21.633733 ], [ 88.600342, 21.631978 ], [ 88.600658, 21.631323 ], [ 88.600702, 21.631278 ], [ 88.600788, 21.63087 ], [ 88.600826, 21.630723 ], [ 88.601459, 21.628779 ], [ 88.601574, 21.628487 ], [ 88.601575, 21.628486 ], [ 88.601648, 21.628361 ], [ 88.601679, 21.628269 ], [ 88.601676, 21.628234 ], [ 88.602367, 21.626704 ], [ 88.603228, 21.625209 ], [ 88.603308, 21.625115 ], [ 88.603456, 21.624801 ], [ 88.603465, 21.624668 ], [ 88.603488, 21.624559 ], [ 88.603526, 21.62431 ], [ 88.603582, 21.624093 ], [ 88.603583, 21.623943 ], [ 88.603556, 21.623741 ], [ 88.603419, 21.623554 ], [ 88.603334, 21.623494 ], [ 88.603203, 21.623361 ], [ 88.602754, 21.622885 ], [ 88.602739, 21.62285 ], [ 88.602702, 21.622796 ], [ 88.602623, 21.622773 ], [ 88.602593, 21.622771 ], [ 88.602233, 21.622607 ], [ 88.601391, 21.62227 ], [ 88.599704, 21.6214 ], [ 88.598119, 21.620378 ], [ 88.597791, 21.620117 ], [ 88.59752, 21.620117 ], [ 88.59597, 21.620289 ], [ 88.595368, 21.620805 ], [ 88.593818, 21.620805 ], [ 88.594334, 21.620203 ], [ 88.594506, 21.618999 ], [ 88.593215, 21.618483 ], [ 88.591579, 21.617881 ], [ 88.590718, 21.618053 ], [ 88.588479, 21.619515 ], [ 88.586843, 21.621063 ], [ 88.585035, 21.622869 ], [ 88.581504, 21.625965 ], [ 88.578491, 21.627341 ], [ 88.57341, 21.630954 ], [ 88.572291, 21.631728 ], [ 88.570052, 21.6319 ], [ 88.5679, 21.631986 ], [ 88.566091, 21.631814 ], [ 88.564972, 21.630868 ], [ 88.563853, 21.630008 ], [ 88.563594, 21.628804 ], [ 88.564111, 21.627169 ], [ 88.56523, 21.626395 ], [ 88.5695, 21.623486 ], [ 88.571787, 21.621738 ], [ 88.573806, 21.620663 ], [ 88.574748, 21.619386 ], [ 88.576229, 21.617706 ], [ 88.57744, 21.616563 ], [ 88.578315, 21.61542 ], [ 88.580871, 21.613471 ], [ 88.581275, 21.612665 ], [ 88.584034, 21.611522 ], [ 88.584909, 21.61085 ], [ 88.586322, 21.610716 ], [ 88.587533, 21.611388 ], [ 88.589148, 21.610447 ], [ 88.589956, 21.609506 ], [ 88.590501, 21.608041 ], [ 88.590653, 21.607724 ], [ 88.590554, 21.60639 ], [ 88.590613, 21.60459 ], [ 88.590614, 21.604574 ], [ 88.590676, 21.604131 ], [ 88.590597, 21.603691 ], [ 88.590548, 21.603421 ], [ 88.59047, 21.602984 ], [ 88.59003, 21.601468 ], [ 88.589821, 21.601073 ], [ 88.589617, 21.600688 ], [ 88.589501, 21.60047 ], [ 88.589374, 21.600258 ], [ 88.589254, 21.600048 ], [ 88.588607, 21.598788 ], [ 88.587461, 21.596319 ], [ 88.587404, 21.596196 ], [ 88.586553, 21.594501 ], [ 88.585661, 21.592391 ], [ 88.584943, 21.590319 ], [ 88.584368, 21.58866 ], [ 88.584273, 21.588378 ], [ 88.583882, 21.587184 ], [ 88.583719, 21.586683 ], [ 88.583436, 21.586232 ], [ 88.583032, 21.585584 ], [ 88.582327, 21.584455 ], [ 88.581548, 21.583073 ], [ 88.581412, 21.582805 ], [ 88.581176, 21.582339 ], [ 88.58012, 21.58135 ], [ 88.579408, 21.580646 ], [ 88.578494, 21.579692 ], [ 88.577029, 21.578163 ], [ 88.576769, 21.57793 ], [ 88.575489, 21.576779 ], [ 88.575436, 21.576732 ], [ 88.572346, 21.573998 ], [ 88.571947, 21.573841 ], [ 88.571867, 21.573805 ], [ 88.571142, 21.573499 ], [ 88.570624, 21.573266 ], [ 88.570079, 21.572983 ], [ 88.569863, 21.572928 ], [ 88.567538, 21.572011 ], [ 88.566939, 21.571725 ], [ 88.566821, 21.571648 ], [ 88.566188, 21.571553 ], [ 88.565575, 21.571593 ], [ 88.563492, 21.571624 ], [ 88.561417, 21.571444 ], [ 88.559375, 21.571057 ], [ 88.55739, 21.570465 ], [ 88.555484, 21.569678 ], [ 88.555379, 21.569628 ], [ 88.553863, 21.568825 ], [ 88.552432, 21.567898 ], [ 88.551095, 21.566854 ], [ 88.550689, 21.566506 ], [ 88.550684, 21.566497 ], [ 88.550306, 21.566141 ], [ 88.549499, 21.565936 ], [ 88.549043, 21.565946 ], [ 88.549042, 21.565946 ], [ 88.548572, 21.565936 ], [ 88.548572, 21.565922 ], [ 88.54744, 21.565895 ], [ 88.547091, 21.565855 ], [ 88.546945, 21.565921 ], [ 88.546239, 21.567252 ], [ 88.545298, 21.566861 ], [ 88.544122, 21.566861 ], [ 88.543573, 21.566156 ], [ 88.542711, 21.565216 ], [ 88.542396, 21.564881 ], [ 88.541938, 21.56474 ], [ 88.540213, 21.564026 ], [ 88.53857, 21.563159 ], [ 88.537027, 21.562146 ], [ 88.535596, 21.560997 ], [ 88.534291, 21.559723 ], [ 88.534262, 21.559691 ], [ 88.534031, 21.559443 ], [ 88.533969, 21.559376 ], [ 88.533911, 21.559315 ], [ 88.532822, 21.558055 ], [ 88.531857, 21.556708 ], [ 88.531026, 21.555285 ], [ 88.530815, 21.554882 ], [ 88.530595, 21.554461 ], [ 88.53059, 21.554457 ], [ 88.529864, 21.553061 ], [ 88.529155, 21.551207 ], [ 88.52902, 21.550781 ], [ 88.529023, 21.550719 ], [ 88.52809, 21.549497 ], [ 88.522424, 21.548357 ], [ 88.519057, 21.54768 ], [ 88.518466, 21.547561 ], [ 88.517863, 21.547512 ], [ 88.515667, 21.547334 ], [ 88.515269, 21.547301 ], [ 88.512632, 21.547704 ], [ 88.512521, 21.547721 ], [ 88.512136, 21.547776 ], [ 88.509936, 21.54807 ], [ 88.509592, 21.548206 ], [ 88.507837, 21.54873 ], [ 88.506, 21.5491 ], [ 88.504522, 21.549327 ], [ 88.503117, 21.54949 ], [ 88.50271, 21.549502 ], [ 88.502035, 21.549726 ], [ 88.502018, 21.549761 ], [ 88.501702, 21.54992 ], [ 88.500409, 21.55064 ], [ 88.498404, 21.551485 ], [ 88.496828, 21.551956 ], [ 88.496831, 21.551965 ], [ 88.496397, 21.55209 ], [ 88.495957, 21.552196 ], [ 88.495636, 21.552414 ], [ 88.494284, 21.553171 ], [ 88.492809, 21.553844 ], [ 88.491323, 21.554382 ], [ 88.491182, 21.554406 ], [ 88.489249, 21.55533 ], [ 88.485291, 21.55722 ], [ 88.484852, 21.55743 ], [ 88.484402, 21.557768 ], [ 88.48436, 21.557799 ], [ 88.483989, 21.558078 ], [ 88.48372, 21.558446 ], [ 88.48339, 21.558899 ], [ 88.483141, 21.559241 ], [ 88.482895, 21.560216 ], [ 88.482769, 21.560711 ], [ 88.482637, 21.561236 ], [ 88.482654, 21.563566 ], [ 88.482656, 21.563884 ], [ 88.482658, 21.5642 ], [ 88.482684, 21.564515 ], [ 88.482736, 21.565147 ], [ 88.482819, 21.56616 ], [ 88.482924, 21.566666 ], [ 88.483105, 21.567544 ], [ 88.483205, 21.568031 ], [ 88.483736, 21.569632 ], [ 88.4839, 21.570155 ], [ 88.483916, 21.570208 ], [ 88.484093, 21.570806 ], [ 88.484483, 21.572397 ], [ 88.484612, 21.573061 ], [ 88.484665, 21.573329 ], [ 88.485268, 21.57563 ], [ 88.485622, 21.57733 ], [ 88.485801, 21.579054 ], [ 88.485802, 21.580786 ], [ 88.485745, 21.581342 ], [ 88.485747, 21.581343 ], [ 88.485706, 21.581924 ], [ 88.485684, 21.582039 ], [ 88.485673, 21.582413 ], [ 88.485667, 21.582918 ], [ 88.485664, 21.583216 ], [ 88.485662, 21.583341 ], [ 88.485686, 21.584629 ], [ 88.485704, 21.585629 ], [ 88.485711, 21.585995 ], [ 88.485866, 21.586798 ], [ 88.486488, 21.587631 ], [ 88.487947, 21.589568 ], [ 88.488461, 21.590315 ], [ 88.48847, 21.590324 ], [ 88.488506, 21.59038 ], [ 88.488806, 21.590815 ], [ 88.488961, 21.591063 ], [ 88.489074, 21.591226 ], [ 88.489113, 21.591281 ], [ 88.489552, 21.591916 ], [ 88.489815, 21.592231 ], [ 88.490102, 21.592576 ], [ 88.490106, 21.59258 ], [ 88.490997, 21.593738 ], [ 88.491535, 21.5945 ], [ 88.49195, 21.595087 ], [ 88.492169, 21.595397 ], [ 88.492415, 21.59569 ], [ 88.492445, 21.595728 ], [ 88.492555, 21.595876 ], [ 88.492709, 21.596109 ], [ 88.49302, 21.596383 ], [ 88.493212, 21.596552 ], [ 88.493958, 21.597208 ], [ 88.494288, 21.597458 ], [ 88.494545, 21.597652 ], [ 88.494798, 21.597844 ], [ 88.494841, 21.597871 ], [ 88.49548, 21.598341 ], [ 88.495594, 21.598431 ], [ 88.495688, 21.598528 ], [ 88.496041, 21.598741 ], [ 88.496042, 21.598742 ], [ 88.496261, 21.598874 ], [ 88.496582, 21.599046 ], [ 88.496751, 21.599123 ], [ 88.496895, 21.599153 ], [ 88.496973, 21.59914 ], [ 88.497672, 21.599253 ], [ 88.498569, 21.59852 ], [ 88.49902, 21.5978 ], [ 88.502086, 21.595278 ], [ 88.503258, 21.593657 ], [ 88.506712, 21.591938 ], [ 88.509211, 21.591438 ], [ 88.510497, 21.590654 ], [ 88.511996, 21.589441 ], [ 88.513139, 21.58887 ], [ 88.514853, 21.587872 ], [ 88.51721, 21.586659 ], [ 88.518424, 21.586303 ], [ 88.520352, 21.585875 ], [ 88.523208, 21.585019 ], [ 88.526208, 21.584234 ], [ 88.530421, 21.584733 ], [ 88.533063, 21.585447 ], [ 88.533992, 21.588656 ], [ 88.533134, 21.590579 ], [ 88.529329, 21.592549 ], [ 88.52658, 21.593957 ], [ 88.523691, 21.595294 ], [ 88.521295, 21.595998 ], [ 88.516794, 21.59714 ], [ 88.513588, 21.597918 ], [ 88.511942, 21.59887 ], [ 88.510643, 21.60086 ], [ 88.510985, 21.602423 ], [ 88.510985, 21.603362 ], [ 88.511413, 21.604899 ], [ 88.511754, 21.605582 ], [ 88.512353, 21.607119 ], [ 88.512353, 21.607973 ], [ 88.512267, 21.608912 ], [ 88.512353, 21.609766 ], [ 88.513036, 21.610534 ], [ 88.513977, 21.610448 ], [ 88.515259, 21.610448 ], [ 88.515943, 21.610875 ], [ 88.515857, 21.611644 ], [ 88.51543, 21.611985 ], [ 88.515772, 21.613522 ], [ 88.516199, 21.614803 ], [ 88.516114, 21.615657 ], [ 88.516712, 21.616254 ], [ 88.517481, 21.616766 ], [ 88.517909, 21.617193 ], [ 88.518422, 21.617876 ], [ 88.518507, 21.618559 ], [ 88.518935, 21.619328 ], [ 88.519416, 21.62013 ], [ 88.519427, 21.620145 ], [ 88.519428, 21.620149 ], [ 88.519431, 21.620154 ], [ 88.519436, 21.620158 ], [ 88.519453, 21.620182 ], [ 88.520131, 21.620267 ], [ 88.520729, 21.621718 ], [ 88.521413, 21.62223 ], [ 88.522268, 21.622572 ], [ 88.522866, 21.622316 ], [ 88.52355, 21.623255 ], [ 88.522952, 21.623511 ], [ 88.522952, 21.624365 ], [ 88.523721, 21.624706 ], [ 88.524319, 21.625646 ], [ 88.524405, 21.626926 ], [ 88.524405, 21.627524 ], [ 88.524319, 21.628377 ], [ 88.523379, 21.628719 ], [ 88.522239, 21.628599 ], [ 88.522289, 21.629285 ], [ 88.522296, 21.629695 ], [ 88.52228, 21.629825 ], [ 88.522301, 21.629956 ], [ 88.522308, 21.630328 ], [ 88.522233, 21.632238 ], [ 88.521944, 21.63413 ], [ 88.521862, 21.634517 ], [ 88.521727, 21.635036 ], [ 88.521754, 21.635599 ], [ 88.52184, 21.636103 ], [ 88.521864, 21.63632 ], [ 88.521917, 21.636333 ], [ 88.522665, 21.636987 ], [ 88.522571, 21.638668 ], [ 88.522016, 21.639667 ], [ 88.521958, 21.640608 ], [ 88.521763, 21.641867 ], [ 88.521719, 21.641974 ], [ 88.521652, 21.642468 ], [ 88.52167, 21.642636 ], [ 88.521636, 21.643085 ], [ 88.521632, 21.643379 ], [ 88.521622, 21.643434 ], [ 88.521609, 21.643537 ], [ 88.521661, 21.644023 ], [ 88.521662, 21.644042 ], [ 88.521691, 21.644378 ], [ 88.521701, 21.644458 ], [ 88.521733, 21.644928 ], [ 88.521894, 21.645467 ], [ 88.522097, 21.64598 ], [ 88.522159, 21.646039 ], [ 88.522881, 21.647368 ], [ 88.523512, 21.648835 ], [ 88.524004, 21.650347 ], [ 88.524352, 21.651894 ], [ 88.524352, 21.651897 ], [ 88.524338, 21.651934 ], [ 88.524388, 21.652084 ], [ 88.524491, 21.652186 ], [ 88.524497, 21.65219 ], [ 88.524521, 21.652195 ], [ 88.524538, 21.652212 ], [ 88.525377, 21.652119 ], [ 88.526218, 21.650998 ], [ 88.527808, 21.649036 ], [ 88.528463, 21.647542 ], [ 88.53052, 21.646701 ], [ 88.531736, 21.646981 ], [ 88.532297, 21.648569 ], [ 88.531736, 21.649784 ], [ 88.530239, 21.651839 ], [ 88.528628, 21.656573 ], [ 88.52849, 21.657581 ], [ 88.529129, 21.659091 ], [ 88.529319, 21.659608 ], [ 88.529318, 21.659627 ], [ 88.529404, 21.659901 ], [ 88.529445, 21.65993 ], [ 88.529822, 21.660549 ], [ 88.530001, 21.660815 ], [ 88.530843, 21.662388 ], [ 88.531235, 21.663342 ], [ 88.531565, 21.663799 ], [ 88.533609, 21.667139 ], [ 88.53412, 21.668671 ], [ 88.533216, 21.671181 ], [ 88.532531, 21.672036 ], [ 88.532293, 21.67207 ], [ 88.53221, 21.672707 ], [ 88.532185, 21.672726 ], [ 88.532183, 21.672818 ], [ 88.532189, 21.672823 ], [ 88.532133, 21.673134 ], [ 88.532107, 21.67334 ], [ 88.532302, 21.673519 ], [ 88.531987, 21.67407 ], [ 88.531905, 21.674442 ], [ 88.531912, 21.674443 ], [ 88.531764, 21.675172 ], [ 88.531743, 21.675191 ], [ 88.531705, 21.675336 ], [ 88.531726, 21.675375 ], [ 88.531722, 21.675424 ], [ 88.531665, 21.676986 ], [ 88.531422, 21.678716 ], [ 88.531001, 21.680417 ], [ 88.530406, 21.682072 ], [ 88.530118, 21.682674 ], [ 88.529919, 21.683148 ], [ 88.529881, 21.683182 ], [ 88.529846, 21.683321 ], [ 88.529781, 21.683475 ], [ 88.528874, 21.685321 ], [ 88.528649, 21.685719 ], [ 88.528594, 21.685779 ], [ 88.528503, 21.686008 ], [ 88.528409, 21.686213 ], [ 88.528366, 21.686395 ], [ 88.528388, 21.686564 ], [ 88.528383, 21.686664 ], [ 88.528272, 21.687921 ], [ 88.528238, 21.688196 ], [ 88.528208, 21.688274 ], [ 88.52821, 21.688404 ], [ 88.528211, 21.68841 ], [ 88.528182, 21.68864 ], [ 88.527896, 21.690192 ], [ 88.528161, 21.691569 ], [ 88.527108, 21.693672 ], [ 88.526551, 21.694049 ], [ 88.526491, 21.694186 ], [ 88.525518, 21.695888 ], [ 88.525197, 21.696328 ], [ 88.524918, 21.696762 ], [ 88.524801, 21.69689 ], [ 88.524627, 21.697199 ], [ 88.524629, 21.697231 ], [ 88.524121, 21.698162 ], [ 88.524049, 21.698284 ], [ 88.523952, 21.698403 ], [ 88.523954, 21.698445 ], [ 88.523542, 21.699145 ], [ 88.523022, 21.699947 ], [ 88.522983, 21.700018 ], [ 88.52296, 21.70003 ], [ 88.522827, 21.700241 ], [ 88.522763, 21.70053 ], [ 88.52276, 21.700583 ], [ 88.522584, 21.701201 ], [ 88.522559, 21.701195 ], [ 88.522285, 21.702163 ], [ 88.522251, 21.702245 ], [ 88.522193, 21.703279 ], [ 88.521553, 21.703942 ], [ 88.521537, 21.703982 ], [ 88.520583, 21.705715 ], [ 88.519436, 21.707342 ], [ 88.51933, 21.707476 ], [ 88.519214, 21.707583 ], [ 88.519208, 21.70765 ], [ 88.518989, 21.708091 ], [ 88.518742, 21.70857 ], [ 88.51835, 21.709303 ], [ 88.518333, 21.709305 ], [ 88.518311, 21.70933 ], [ 88.518318, 21.709371 ], [ 88.518321, 21.709374 ], [ 88.518222, 21.709707 ], [ 88.51816, 21.709968 ], [ 88.518137, 21.710098 ], [ 88.518105, 21.710153 ], [ 88.518111, 21.710227 ], [ 88.517708, 21.71194 ], [ 88.517665, 21.712064 ], [ 88.518223, 21.713805 ], [ 88.51943, 21.715504 ], [ 88.520418, 21.716326 ], [ 88.521954, 21.716545 ], [ 88.523929, 21.716545 ], [ 88.525246, 21.716655 ], [ 88.525795, 21.717039 ], [ 88.52574, 21.718244 ], [ 88.525191, 21.718628 ], [ 88.523929, 21.718792 ], [ 88.521277, 21.719017 ], [ 88.519148, 21.719783 ], [ 88.517104, 21.720974 ], [ 88.516678, 21.724036 ], [ 88.515827, 21.727183 ], [ 88.516338, 21.727694 ], [ 88.515997, 21.728884 ], [ 88.514975, 21.729905 ], [ 88.514209, 21.731096 ], [ 88.513953, 21.732627 ], [ 88.513442, 21.733393 ], [ 88.512505, 21.733903 ], [ 88.512165, 21.734669 ], [ 88.512591, 21.735179 ], [ 88.512676, 21.736455 ], [ 88.511143, 21.737816 ], [ 88.510547, 21.737986 ], [ 88.509109, 21.741534 ], [ 88.507136, 21.746404 ], [ 88.50679, 21.746897 ], [ 88.506769, 21.747013 ], [ 88.50627, 21.748751 ], [ 88.505588, 21.750435 ], [ 88.505578, 21.750455 ], [ 88.505543, 21.750524 ], [ 88.505218, 21.751226 ], [ 88.505204, 21.751256 ], [ 88.504808, 21.752001 ], [ 88.504005, 21.762625 ], [ 88.506245, 21.775553 ], [ 88.508734, 21.780028 ] ] ], [ [ [ 88.676181, 21.943683 ], [ 88.675747, 21.943608 ], [ 88.675174, 21.943454 ], [ 88.675028, 21.943689 ], [ 88.673902, 21.94515 ], [ 88.672738, 21.946379 ], [ 88.673583, 21.945721 ], [ 88.675979, 21.943867 ], [ 88.676181, 21.943683 ] ] ], [ [ [ 88.664543, 21.951692 ], [ 88.664508, 21.951716 ], [ 88.662801, 21.952679 ], [ 88.661518, 21.953243 ], [ 88.662959, 21.953042 ], [ 88.664524, 21.95171 ], [ 88.664543, 21.951692 ] ] ] ] } },
{ "type": "Feature", "properties": { "census2011_code": "02434", "block_name": "Basanti", "geoboundaries_shape_id": "7132399B72739630366700", "area_km2": 490.0, "land_area_km2": 471.5, "water_area_km2": 18.5 }, "geometry": { "type": "Polygon", "coordinates": [ [ [ 88.641728, 21.953812 ], [ 88.640402, 21.952894 ], [ 88.639484, 21.951772 ], [ 88.63877, 21.951262 ], [ 88.637555, 21.951403 ], [ 88.637126, 21.951313 ], [ 88.636665, 21.951398 ], [ 88.636209, 21.951425 ], [ 88.635722, 21.95144 ], [ 88.63532, 21.951496 ], [ 88.634999, 21.951613 ], [ 88.634501, 21.951753 ], [ 88.633726, 21.952095 ], [ 88.633007, 21.952548 ], [ 88.63236, 21.95315 ], [ 88.631732, 21.953753 ], [ 88.631284, 21.954247 ], [ 88.630883, 21.954985 ], [ 88.63031, 21.955932 ], [ 88.629258, 21.957897 ], [ 88.628789, 21.959094 ], [ 88.627421, 21.958815 ], [ 88.625809, 21.958722 ], [ 88.622889, 21.958553 ], [ 88.62143, 21.958635 ], [ 88.620542, 21.958926 ], [ 88.620097, 21.959429 ], [ 88.618884, 21.962278 ], [ 88.61735, 21.967087 ], [ 88.616762, 21.975156 ], [ 88.616916, 21.985647 ], [ 88.618176, 21.993078 ], [ 88.618865, 21.995027 ], [ 88.61888, 21.99507 ], [ 88.619056, 21.995566 ], [ 88.622444, 22.002567 ], [ 88.62636, 22.008779 ], [ 88.626456, 22.008931 ], [ 88.629569, 22.013464 ], [ 88.630173, 22.014214 ], [ 88.635826, 22.02123 ], [ 88.638773, 22.026091 ], [ 88.641461, 22.034479 ], [ 88.643452, 22.043132 ], [ 88.643397, 22.045395 ], [ 88.643374, 22.046365 ], [ 88.643131, 22.048737 ], [ 88.642406, 22.050818 ], [ 88.640572, 22.056072 ], [ 88.638694, 22.062313 ], [ 88.636404, 22.070661 ], [ 88.6352, 22.07505 ], [ 88.634786, 22.076559 ], [ 88.634678, 22.076977 ], [ 88.63442, 22.077979 ], [ 88.633909, 22.080294 ], [ 88.631678, 22.08544 ], [ 88.628913, 22.090321 ], [ 88.626918, 22.095051 ], [ 88.625767, 22.101383 ], [ 88.625609, 22.104831 ], [ 88.625391, 22.109565 ], [ 88.625383, 22.110099 ], [ 88.625345, 22.112581 ], [ 88.625643, 22.113698 ], [ 88.628099, 22.122714 ], [ 88.629272, 22.130584 ], [ 88.629293, 22.1316 ], [ 88.631309, 22.135027 ], [ 88.63337, 22.138342 ], [ 88.63375, 22.138358 ], [ 88.634153, 22.138731 ], [ 88.636546, 22.141498 ], [ 88.638237, 22.143773 ], [ 88.639697, 22.145222 ], [ 88.640743, 22.146581 ], [ 88.641009, 22.148332 ], [ 88.640584, 22.15072 ], [ 88.639257, 22.154706 ], [ 88.638651, 22.157395 ], [ 88.638914, 22.159681 ], [ 88.639562, 22.161049 ], [ 88.640483, 22.162993 ], [ 88.641457, 22.164462 ], [ 88.642433, 22.165934 ], [ 88.645499, 22.169923 ], [ 88.648199, 22.172479 ], [ 88.649007, 22.173035 ], [ 88.651501, 22.174756 ], [ 88.658248, 22.179012 ], [ 88.662852, 22.182188 ], [ 88.665275, 22.184563 ], [ 88.668434, 22.190754 ], [ 88.670669, 22.195925 ], [ 88.67073, 22.196065 ], [ 88.673402, 22.198956 ], [ 88.674387, 22.201185 ], [ 88.674259, 22.204121 ], [ 88.674015, 22.20579 ], [ 88.67397, 22.205832 ], [ 88.6732, 22.206543 ], [ 88.67062, 22.207461 ], [ 88.669383, 22.207735 ], [ 88.66582, 22.208523 ], [ 88.663147, 22.208588 ], [ 88.660238, 22.208096 ], [ 88.657986, 22.207942 ], [ 88.65777, 22.207927 ], [ 88.654179, 22.208133 ], [ 88.648303, 22.208481 ], [ 88.645351, 22.208464 ], [ 88.641922, 22.208443 ], [ 88.639084, 22.209288 ], [ 88.63526, 22.211848 ], [ 88.632629, 22.213915 ], [ 88.631665, 22.215085 ], [ 88.631136, 22.21676 ], [ 88.631128, 22.216933 ], [ 88.631035, 22.219059 ], [ 88.631013, 22.222515 ], [ 88.631675, 22.225369 ], [ 88.6329, 22.227701 ], [ 88.633394, 22.228642 ], [ 88.636363, 22.231265 ], [ 88.640063, 22.233161 ], [ 88.642826, 22.235179 ], [ 88.644965, 22.237676 ], [ 88.645816, 22.23867 ], [ 88.647637, 22.241752 ], [ 88.648782, 22.245346 ], [ 88.649093, 22.246158 ], [ 88.65051, 22.249853 ], [ 88.651164, 22.251559 ], [ 88.65222, 22.254312 ], [ 88.65315, 22.256735 ], [ 88.654784, 22.259759 ], [ 88.654947, 22.260014 ], [ 88.655734, 22.261244 ], [ 88.657491, 22.26399 ], [ 88.661824, 22.269222 ], [ 88.662685, 22.270296 ], [ 88.663759, 22.271633 ], [ 88.665501, 22.27351 ], [ 88.666195, 22.274256 ], [ 88.666312, 22.274403 ], [ 88.668854, 22.277584 ], [ 88.669236, 22.278061 ], [ 88.670915, 22.280538 ], [ 88.672207, 22.285076 ], [ 88.672278, 22.289379 ], [ 88.671059, 22.294773 ], [ 88.670692, 22.296397 ], [ 88.670489, 22.29689 ], [ 88.669058, 22.300355 ], [ 88.667736, 22.303244 ], [ 88.667243, 22.30486 ], [ 88.667283, 22.307154 ], [ 88.668704, 22.310415 ], [ 88.668768, 22.310563 ], [ 88.670959, 22.314505 ], [ 88.67501, 22.317919 ], [ 88.679045, 22.320233 ], [ 88.683067, 22.321325 ], [ 88.68955, 22.32167 ], [ 88.694702, 22.32224 ], [ 88.695135, 22.322288 ], [ 88.697797, 22.323217 ], [ 88.69922, 22.32432 ], [ 88.69972, 22.325878 ], [ 88.699703, 22.326801 ], [ 88.700601, 22.326717 ], [ 88.702566, 22.327169 ], [ 88.704532, 22.327591 ], [ 88.7058, 22.327862 ], [ 88.707035, 22.328517 ], [ 88.708078, 22.329466 ], [ 88.709216, 22.330356 ], [ 88.710291, 22.331335 ], [ 88.711398, 22.332137 ], [ 88.71279, 22.333117 ], [ 88.713296, 22.33368 ], [ 88.71507, 22.334337 ], [ 88.716846, 22.334495 ], [ 88.717861, 22.334585 ], [ 88.719512, 22.334563 ], [ 88.72151, 22.334837 ], [ 88.723635, 22.334964 ], [ 88.72535, 22.334588 ], [ 88.726747, 22.334535 ], [ 88.728267, 22.335072 ], [ 88.729819, 22.336024 ], [ 88.730578, 22.336499 ], [ 88.731624, 22.336887 ], [ 88.732731, 22.33763 ], [ 88.733933, 22.338757 ], [ 88.735513, 22.340357 ], [ 88.736491, 22.341778 ], [ 88.737379, 22.341841 ], [ 88.739029, 22.341995 ], [ 88.7409, 22.34221 ], [ 88.741662, 22.342242 ], [ 88.742802, 22.342719 ], [ 88.743499, 22.343135 ], [ 88.744926, 22.343466 ], [ 88.746005, 22.343382 ], [ 88.747245, 22.342649 ], [ 88.748045, 22.341088 ], [ 88.74799, 22.338904 ], [ 88.747172, 22.336982 ], [ 88.745908, 22.335737 ], [ 88.744899, 22.334021 ], [ 88.7444, 22.331776 ], [ 88.744284, 22.32903 ], [ 88.74464, 22.327261 ], [ 88.745756, 22.325937 ], [ 88.746479, 22.325351 ], [ 88.747061, 22.32488 ], [ 88.748107, 22.325061 ], [ 88.748834, 22.325802 ], [ 88.749053, 22.326718 ], [ 88.749015, 22.328312 ], [ 88.74885, 22.329875 ], [ 88.74905, 22.332171 ], [ 88.748993, 22.334015 ], [ 88.74916, 22.335314 ], [ 88.749248, 22.337729 ], [ 88.749388, 22.33962 ], [ 88.749358, 22.3411 ], [ 88.749621, 22.342627 ], [ 88.750228, 22.343928 ], [ 88.751033, 22.344774 ], [ 88.751448, 22.345163 ], [ 88.752549, 22.345304 ], [ 88.753701, 22.345081 ], [ 88.755221, 22.344609 ], [ 88.756546, 22.343908 ], [ 88.757336, 22.34218 ], [ 88.757465, 22.340587 ], [ 88.757766, 22.338493 ], [ 88.758016, 22.337218 ], [ 88.758875, 22.336607 ], [ 88.760711, 22.336865 ], [ 88.762299, 22.337737 ], [ 88.763301, 22.338424 ], [ 88.763734, 22.338939 ], [ 88.764032, 22.339292 ], [ 88.764126, 22.340386 ], [ 88.764169, 22.341889 ], [ 88.764067, 22.342982 ], [ 88.764529, 22.343667 ], [ 88.764896, 22.343896 ], [ 88.765752, 22.344105 ], [ 88.766781, 22.343904 ], [ 88.767616, 22.343315 ], [ 88.768819, 22.342523 ], [ 88.770485, 22.342347 ], [ 88.772469, 22.341991 ], [ 88.773132, 22.341697 ], [ 88.774164, 22.340745 ], [ 88.775761, 22.339134 ], [ 88.777553, 22.337866 ], [ 88.779172, 22.337098 ], [ 88.781282, 22.336127 ], [ 88.782653, 22.336109 ], [ 88.783336, 22.336795 ], [ 88.784384, 22.338257 ], [ 88.785757, 22.339213 ], [ 88.786945, 22.339886 ], [ 88.787662, 22.340309 ], [ 88.788317, 22.340942 ], [ 88.789073, 22.341766 ], [ 88.789235, 22.342396 ], [ 88.788821, 22.343349 ], [ 88.788368, 22.343787 ], [ 88.786949, 22.344621 ], [ 88.786574, 22.344833 ], [ 88.785776, 22.345285 ], [ 88.784728, 22.345529 ], [ 88.78368, 22.345926 ], [ 88.783041, 22.346725 ], [ 88.782462, 22.347888 ], [ 88.781979, 22.348658 ], [ 88.781435, 22.349572 ], [ 88.780951, 22.350829 ], [ 88.780713, 22.352083 ], [ 88.780545, 22.353575 ], [ 88.779765, 22.35558 ], [ 88.779317, 22.356176 ], [ 88.778171, 22.3572 ], [ 88.776543, 22.358571 ], [ 88.775752, 22.360244 ], [ 88.775732, 22.360824 ], [ 88.775948, 22.361151 ], [ 88.776375, 22.362061 ], [ 88.777378, 22.363027 ], [ 88.778638, 22.364021 ], [ 88.779872, 22.36464 ], [ 88.781019, 22.365179 ], [ 88.782942, 22.365935 ], [ 88.783765, 22.367439 ], [ 88.783948, 22.367864 ], [ 88.784876, 22.368298 ], [ 88.787356, 22.369605 ], [ 88.788798, 22.369822 ], [ 88.789074, 22.369918 ], [ 88.789275, 22.369773 ], [ 88.789873, 22.369515 ], [ 88.796689, 22.368947 ], [ 88.797936, 22.369413 ], [ 88.798199, 22.369736 ], [ 88.798207, 22.370119 ], [ 88.797559, 22.370992 ], [ 88.797567, 22.371372 ], [ 88.797749, 22.371628 ], [ 88.798191, 22.372365 ], [ 88.798797, 22.373105 ], [ 88.799171, 22.37348 ], [ 88.799571, 22.373629 ], [ 88.799889, 22.373747 ], [ 88.800292, 22.37386 ], [ 88.800938, 22.373951 ], [ 88.8013, 22.373951 ], [ 88.801644, 22.373951 ], [ 88.802088, 22.373951 ], [ 88.802097, 22.373948 ], [ 88.802148, 22.37393 ], [ 88.802369, 22.37385 ], [ 88.802749, 22.373712 ], [ 88.803365, 22.373586 ], [ 88.804055, 22.373582 ], [ 88.804618, 22.373596 ], [ 88.805156, 22.373637 ], [ 88.805191, 22.37364 ], [ 88.805264, 22.373646 ], [ 88.805338, 22.373656 ], [ 88.805779, 22.37324 ], [ 88.80621, 22.373212 ], [ 88.807332, 22.373423 ], [ 88.808738, 22.373366 ], [ 88.809941, 22.372819 ], [ 88.811829, 22.371468 ], [ 88.812998, 22.371537 ], [ 88.81346, 22.37186 ], [ 88.813634, 22.371861 ], [ 88.814921, 22.372002 ], [ 88.816207, 22.372025 ], [ 88.816975, 22.372069 ], [ 88.816994, 22.37207 ], [ 88.817211, 22.372058 ], [ 88.81745, 22.372046 ], [ 88.817476, 22.372044 ], [ 88.817488, 22.372044 ], [ 88.817664, 22.372034 ], [ 88.818524, 22.372003 ], [ 88.819004, 22.371985 ], [ 88.819625, 22.371845 ], [ 88.820135, 22.371674 ], [ 88.820591, 22.371399 ], [ 88.820702, 22.37131 ], [ 88.820528, 22.36898 ], [ 88.819198, 22.367612 ], [ 88.818522, 22.36499 ], [ 88.818606, 22.364547 ], [ 88.81889, 22.364496 ], [ 88.820085, 22.364363 ], [ 88.821348, 22.362007 ], [ 88.821442, 22.36186 ], [ 88.821667, 22.36151 ], [ 88.821663, 22.36147 ], [ 88.821438, 22.361012 ], [ 88.821079, 22.360888 ], [ 88.819347, 22.360887 ], [ 88.818656, 22.360793 ], [ 88.818232, 22.360616 ], [ 88.818164, 22.360611 ], [ 88.818121, 22.360571 ], [ 88.818117, 22.360567 ], [ 88.817361, 22.360251 ], [ 88.817043, 22.359861 ], [ 88.816746, 22.358716 ], [ 88.816189, 22.357363 ], [ 88.815826, 22.355571 ], [ 88.815207, 22.353393 ], [ 88.815177, 22.353286 ], [ 88.814621, 22.352589 ], [ 88.813983, 22.351791 ], [ 88.813772, 22.351504 ], [ 88.813753, 22.351478 ], [ 88.813402, 22.351001 ], [ 88.812664, 22.349998 ], [ 88.811596, 22.348959 ], [ 88.811072, 22.347789 ], [ 88.810787, 22.34629 ], [ 88.810445, 22.344619 ], [ 88.810375, 22.344276 ], [ 88.810249, 22.343947 ], [ 88.810028, 22.34337 ], [ 88.809958, 22.343189 ], [ 88.809868, 22.342953 ], [ 88.809721, 22.342569 ], [ 88.809592, 22.342178 ], [ 88.809362, 22.341481 ], [ 88.8091, 22.340686 ], [ 88.808842, 22.340191 ], [ 88.806874, 22.336418 ], [ 88.806206, 22.334697 ], [ 88.804741, 22.332547 ], [ 88.803422, 22.330677 ], [ 88.80317, 22.329638 ], [ 88.803646, 22.328438 ], [ 88.804521, 22.327324 ], [ 88.805171, 22.325739 ], [ 88.806295, 22.322918 ], [ 88.806598, 22.322491 ], [ 88.807388, 22.321379 ], [ 88.809343, 22.320023 ], [ 88.810624, 22.319325 ], [ 88.810945, 22.31908 ], [ 88.810945, 22.318926 ], [ 88.810945, 22.318597 ], [ 88.810946, 22.317342 ], [ 88.810709, 22.315712 ], [ 88.810497, 22.315209 ], [ 88.81017, 22.314434 ], [ 88.809691, 22.313296 ], [ 88.80947, 22.312894 ], [ 88.808695, 22.311487 ], [ 88.808353, 22.310866 ], [ 88.807689, 22.309529 ], [ 88.807069, 22.307452 ], [ 88.806897, 22.306607 ], [ 88.806849, 22.306373 ], [ 88.806734, 22.305808 ], [ 88.806358, 22.304103 ], [ 88.80626, 22.303659 ], [ 88.805703, 22.301789 ], [ 88.804874, 22.299432 ], [ 88.804463, 22.297932 ], [ 88.804421, 22.297411 ], [ 88.804304, 22.295959 ], [ 88.804305, 22.293977 ], [ 88.804325, 22.293054 ], [ 88.804325, 22.293042 ], [ 88.804369, 22.291042 ], [ 88.804608, 22.289471 ], [ 88.804908, 22.288414 ], [ 88.804992, 22.288121 ], [ 88.805264, 22.286518 ], [ 88.805551, 22.28618 ], [ 88.805557, 22.286178 ], [ 88.805789, 22.286124 ], [ 88.806073, 22.283913 ], [ 88.80646, 22.2833 ], [ 88.80423, 22.282698 ], [ 88.799572, 22.282892 ], [ 88.797701, 22.28171 ], [ 88.797356, 22.280554 ], [ 88.798187, 22.278673 ], [ 88.79908, 22.277402 ], [ 88.799132, 22.274222 ], [ 88.799133, 22.274151 ], [ 88.799216, 22.270593 ], [ 88.799273, 22.268131 ], [ 88.799337, 22.265364 ], [ 88.799375, 22.263737 ], [ 88.79738, 22.2612 ], [ 88.794691, 22.260246 ], [ 88.792175, 22.259354 ], [ 88.786667, 22.258247 ], [ 88.78493, 22.257074 ], [ 88.783071, 22.255819 ], [ 88.778952, 22.249862 ], [ 88.775255, 22.244793 ], [ 88.773962, 22.243824 ], [ 88.769746, 22.243753 ], [ 88.766048, 22.24315 ], [ 88.761593, 22.239715 ], [ 88.759946, 22.238445 ], [ 88.759222, 22.23646 ], [ 88.758208, 22.233679 ], [ 88.757907, 22.225485 ], [ 88.757865, 22.225029 ], [ 88.757704, 22.223294 ], [ 88.757659, 22.222809 ], [ 88.757291, 22.218843 ], [ 88.757039, 22.212071 ], [ 88.756619, 22.211159 ], [ 88.754935, 22.207501 ], [ 88.754378, 22.201291 ], [ 88.75426, 22.199978 ], [ 88.754924, 22.194981 ], [ 88.757221, 22.192381 ], [ 88.76452, 22.190473 ], [ 88.765829, 22.189683 ], [ 88.766313, 22.189392 ], [ 88.76728, 22.188808 ], [ 88.768777, 22.187905 ], [ 88.772712, 22.182895 ], [ 88.77872, 22.179883 ], [ 88.783757, 22.178478 ], [ 88.790115, 22.176283 ], [ 88.794168, 22.172831 ], [ 88.794398, 22.171365 ], [ 88.794655, 22.169726 ], [ 88.793641, 22.168011 ], [ 88.793241, 22.167334 ], [ 88.787992, 22.163931 ], [ 88.784069, 22.162604 ], [ 88.783151, 22.162294 ], [ 88.778158, 22.156593 ], [ 88.773755, 22.150429 ], [ 88.772441, 22.146414 ], [ 88.772146, 22.146224 ], [ 88.76899, 22.14419 ], [ 88.76493, 22.143716 ], [ 88.760215, 22.143231 ], [ 88.755944, 22.140495 ], [ 88.754465, 22.139547 ], [ 88.750568, 22.137925 ], [ 88.750524, 22.137881 ], [ 88.74821, 22.135584 ], [ 88.74633, 22.13068 ], [ 88.745476, 22.127791 ], [ 88.744817, 22.12556 ], [ 88.744199, 22.12347 ], [ 88.741581, 22.114966 ], [ 88.738741, 22.1098 ], [ 88.738127, 22.108681 ], [ 88.736278, 22.106733 ], [ 88.733559, 22.103866 ], [ 88.724593, 22.097149 ], [ 88.716844, 22.091535 ], [ 88.714639, 22.09015 ], [ 88.712456, 22.088778 ], [ 88.71009, 22.087291 ], [ 88.706936, 22.084801 ], [ 88.705053, 22.080234 ], [ 88.705496, 22.075572 ], [ 88.706795, 22.071737 ], [ 88.706854, 22.071566 ], [ 88.707788, 22.068843 ], [ 88.710406, 22.064354 ], [ 88.713416, 22.062375 ], [ 88.718367, 22.057317 ], [ 88.721671, 22.05514 ], [ 88.729318, 22.053714 ], [ 88.737768, 22.052259 ], [ 88.732698, 22.035924 ], [ 88.733319, 22.034941 ], [ 88.734164, 22.033902 ], [ 88.735917, 22.031239 ], [ 88.737215, 22.027798 ], [ 88.738125, 22.024941 ], [ 88.739943, 22.02059 ], [ 88.739943, 22.018902 ], [ 88.739748, 22.018058 ], [ 88.738774, 22.016499 ], [ 88.736494, 22.014738 ], [ 88.734988, 22.012795 ], [ 88.733482, 22.011095 ], [ 88.729547, 22.008909 ], [ 88.722309, 22.0058 ], [ 88.72056, 22.005411 ], [ 88.719006, 22.004731 ], [ 88.716841, 22.003119 ], [ 88.715778, 22.000997 ], [ 88.715639, 22.000634 ], [ 88.715085, 21.999449 ], [ 88.714711, 21.998756 ], [ 88.714338, 21.998062 ], [ 88.713804, 21.997315 ], [ 88.71327, 21.996515 ], [ 88.71279, 21.995768 ], [ 88.71215, 21.995181 ], [ 88.711296, 21.994647 ], [ 88.710656, 21.994274 ], [ 88.709749, 21.993633 ], [ 88.708895, 21.992993 ], [ 88.708255, 21.991552 ], [ 88.704405, 21.9873 ], [ 88.703599, 21.98661 ], [ 88.702967, 21.986236 ], [ 88.702737, 21.985949 ], [ 88.702161, 21.985143 ], [ 88.701097, 21.983562 ], [ 88.700781, 21.982785 ], [ 88.700407, 21.982124 ], [ 88.699976, 21.980973 ], [ 88.698917, 21.979313 ], [ 88.69657, 21.975831 ], [ 88.694162, 21.971879 ], [ 88.693617, 21.970062 ], [ 88.693435, 21.968911 ], [ 88.693375, 21.967397 ], [ 88.693617, 21.966367 ], [ 88.693908, 21.965277 ], [ 88.693908, 21.964744 ], [ 88.694005, 21.964065 ], [ 88.694005, 21.963581 ], [ 88.694005, 21.962951 ], [ 88.693971, 21.962175 ], [ 88.693824, 21.962103 ], [ 88.69222, 21.961119 ], [ 88.690729, 21.959992 ], [ 88.689365, 21.958732 ], [ 88.688141, 21.957353 ], [ 88.68707, 21.955868 ], [ 88.686162, 21.954291 ], [ 88.685425, 21.952638 ], [ 88.685399, 21.952569 ], [ 88.685408, 21.952528 ], [ 88.68525, 21.952381 ], [ 88.68521, 21.952357 ], [ 88.684783, 21.951918 ], [ 88.683632, 21.950619 ], [ 88.682616, 21.949226 ], [ 88.682548, 21.949123 ], [ 88.682535, 21.949054 ], [ 88.682471, 21.948984 ], [ 88.682451, 21.948975 ], [ 88.682252, 21.948673 ], [ 88.681596, 21.947596 ], [ 88.681476, 21.947381 ], [ 88.681477, 21.947381 ], [ 88.681474, 21.947333 ], [ 88.681426, 21.947291 ], [ 88.681401, 21.947281 ], [ 88.681393, 21.947272 ], [ 88.681251, 21.947097 ], [ 88.681236, 21.94706 ], [ 88.681211, 21.947048 ], [ 88.681158, 21.946983 ], [ 88.680957, 21.946762 ], [ 88.680892, 21.946686 ], [ 88.680538, 21.946259 ], [ 88.680456, 21.946156 ], [ 88.680419, 21.946076 ], [ 88.680378, 21.94606 ], [ 88.680224, 21.945868 ], [ 88.679925, 21.945484 ], [ 88.679907, 21.945434 ], [ 88.679829, 21.945318 ], [ 88.679793, 21.945318 ], [ 88.679553, 21.945107 ], [ 88.678679, 21.944412 ], [ 88.678542, 21.944292 ], [ 88.678489, 21.944214 ], [ 88.678296, 21.944061 ], [ 88.678151, 21.944041 ], [ 88.678141, 21.944044 ], [ 88.67811, 21.944038 ], [ 88.677667, 21.943943 ], [ 88.677649, 21.943929 ], [ 88.677582, 21.943906 ], [ 88.677542, 21.943917 ], [ 88.677513, 21.943911 ], [ 88.676181, 21.943683 ], [ 88.675979, 21.943867 ], [ 88.673583, 21.945721 ], [ 88.672738, 21.946379 ], [ 88.672625, 21.946499 ], [ 88.67121, 21.947722 ], [ 88.669672, 21.948809 ], [ 88.668026, 21.949747 ], [ 88.667319, 21.950105 ], [ 88.667263, 21.950107 ], [ 88.667131, 21.950201 ], [ 88.667122, 21.950206 ], [ 88.666597, 21.950436 ], [ 88.665851, 21.950806 ], [ 88.665846, 21.950805 ], [ 88.665781, 21.950813 ], [ 88.665694, 21.950888 ], [ 88.665678, 21.950907 ], [ 88.66548, 21.951031 ], [ 88.664543, 21.951692 ], [ 88.664524, 21.95171 ], [ 88.662959, 21.953042 ], [ 88.661518, 21.953243 ], [ 88.660996, 21.953472 ], [ 88.659114, 21.954088 ], [ 88.657173, 21.95452 ], [ 88.655195, 21.954764 ], [ 88.653201, 21.954816 ], [ 88.652489, 21.954801 ], [ 88.652476, 21.954793 ], [ 88.652366, 21.954775 ], [ 88.652328, 21.954797 ], [ 88.65139, 21.954777 ], [ 88.65139, 21.954759 ], [ 88.650632, 21.954768 ], [ 88.649953, 21.954734 ], [ 88.649873, 21.954716 ], [ 88.649808, 21.954703 ], [ 88.64974, 21.954723 ], [ 88.64966, 21.954719 ], [ 88.647754, 21.954535 ], [ 88.645991, 21.954197 ], [ 88.645604, 21.95422 ], [ 88.643666, 21.954322 ], [ 88.641728, 21.953812 ] ] ] } },
{ "type": "Feature", "properties": { "census2011_code": "02435", "block_name": "Gosaba", "geoboundaries_shape_id": "7132399B91874597027785", "area_km2": 2319.3, "land_area_km2": 1918.6, "water_area_km2": 400.7 }, "geometry": { "type": "MultiPolygon", "coordinates": [ [ [ [ 88.663578, 21.916385 ], [ 88.663785, 21.916445 ], [ 88.664716, 21.915163 ], [ 88.665946, 21.913787 ], [ 88.666408, 21.913363 ], [ 88.666871, 21.912907 ], [ 88.666923, 21.912879 ], [ 88.667007, 21.912789 ], [ 88.667045, 21.912654 ], [ 88.667047, 21.912554 ], [ 88.667017, 21.912326 ], [ 88.666986, 21.912297 ], [ 88.666815, 21.911704 ], [ 88.666809, 21.911647 ], [ 88.666787, 21.911599 ], [ 88.666784, 21.911596 ], [ 88.666756, 21.9115 ], [ 88.666763, 21.911498 ], [ 88.666654, 21.911174 ], [ 88.66654, 21.910757 ], [ 88.66655, 21.910755 ], [ 88.666208, 21.909639 ], [ 88.666199, 21.909542 ], [ 88.666139, 21.909319 ], [ 88.666117, 21.909279 ], [ 88.666017, 21.908953 ], [ 88.666011, 21.908938 ], [ 88.666013, 21.908907 ], [ 88.665981, 21.908823 ], [ 88.665954, 21.90873 ], [ 88.665891, 21.908621 ], [ 88.665885, 21.908616 ], [ 88.665878, 21.908597 ], [ 88.66537, 21.907494 ], [ 88.66485, 21.906028 ], [ 88.664845, 21.906016 ], [ 88.664847, 21.906006 ], [ 88.664845, 21.905961 ], [ 88.664822, 21.905897 ], [ 88.664776, 21.905847 ], [ 88.664768, 21.905844 ], [ 88.664531, 21.905404 ], [ 88.664364, 21.905132 ], [ 88.664104, 21.904661 ], [ 88.664105, 21.904658 ], [ 88.664107, 21.904622 ], [ 88.664079, 21.904597 ], [ 88.664043, 21.904589 ], [ 88.663808, 21.904357 ], [ 88.66366, 21.904204 ], [ 88.663659, 21.904202 ], [ 88.663656, 21.9042 ], [ 88.663146, 21.903672 ], [ 88.662733, 21.903222 ], [ 88.662734, 21.903214 ], [ 88.662723, 21.903175 ], [ 88.662681, 21.903163 ], [ 88.662678, 21.903162 ], [ 88.662477, 21.902943 ], [ 88.661056, 21.901188 ], [ 88.660382, 21.900105 ], [ 88.660815, 21.914362 ], [ 88.661878, 21.916061 ], [ 88.663578, 21.916385 ] ] ], [ [ [ 88.648913, 21.847283 ], [ 88.648858, 21.846715 ], [ 88.648664, 21.84517 ], [ 88.64866, 21.845101 ], [ 88.648668, 21.845098 ], [ 88.648681, 21.845082 ], [ 88.648668, 21.845039 ], [ 88.648657, 21.845023 ], [ 88.648649, 21.844864 ], [ 88.648643, 21.844579 ], [ 88.648627, 21.844445 ], [ 88.648639, 21.84442 ], [ 88.648638, 21.84436 ], [ 88.648635, 21.844318 ], [ 88.64862, 21.844301 ], [ 88.648609, 21.844297 ], [ 88.648604, 21.84426 ], [ 88.648606, 21.844258 ], [ 88.648615, 21.844243 ], [ 88.648618, 21.844224 ], [ 88.64861, 21.844209 ], [ 88.648595, 21.84418 ], [ 88.648555, 21.843856 ], [ 88.648407, 21.84292 ], [ 88.648359, 21.842272 ], [ 88.648324, 21.842013 ], [ 88.648333, 21.841996 ], [ 88.648338, 21.841952 ], [ 88.648314, 21.841933 ], [ 88.648261, 21.841539 ], [ 88.648121, 21.839867 ], [ 88.648135, 21.839004 ], [ 88.648119, 21.838704 ], [ 88.648148, 21.83867 ], [ 88.648115, 21.838637 ], [ 88.648114, 21.838615 ], [ 88.648124, 21.838568 ], [ 88.648128, 21.838497 ], [ 88.648106, 21.838471 ], [ 88.648061, 21.837653 ], [ 88.648071, 21.837652 ], [ 88.648025, 21.836983 ], [ 88.648061, 21.835423 ], [ 88.648088, 21.835035 ], [ 88.64811, 21.83492 ], [ 88.64811, 21.834801 ], [ 88.648104, 21.834797 ], [ 88.648101, 21.834643 ], [ 88.648105, 21.83464 ], [ 88.64812, 21.834585 ], [ 88.648099, 21.834565 ], [ 88.64809, 21.834128 ], [ 88.648067, 21.833833 ], [ 88.648069, 21.833527 ], [ 88.648045, 21.83311 ], [ 88.648066, 21.833093 ], [ 88.648046, 21.833008 ], [ 88.648026, 21.83296 ], [ 88.648012, 21.832895 ], [ 88.648012, 21.83289 ], [ 88.64801, 21.832885 ], [ 88.648008, 21.832876 ], [ 88.647984, 21.832778 ], [ 88.647983, 21.832701 ], [ 88.647955, 21.832612 ], [ 88.64793, 21.83258 ], [ 88.647768, 21.831969 ], [ 88.647442, 21.83046 ], [ 88.647358, 21.829775 ], [ 88.647296, 21.829448 ], [ 88.647318, 21.829424 ], [ 88.647308, 21.829397 ], [ 88.647281, 21.82939 ], [ 88.647242, 21.82925 ], [ 88.647242, 21.829249 ], [ 88.64724, 21.82921 ], [ 88.647234, 21.82918 ], [ 88.647222, 21.829178 ], [ 88.647074, 21.828645 ], [ 88.64699, 21.828316 ], [ 88.646992, 21.828316 ], [ 88.646863, 21.827889 ], [ 88.646863, 21.827825 ], [ 88.646842, 21.827776 ], [ 88.646818, 21.827672 ], [ 88.646787, 21.827605 ], [ 88.646766, 21.827565 ], [ 88.646762, 21.827554 ], [ 88.646771, 21.827502 ], [ 88.646769, 21.827469 ], [ 88.646738, 21.827451 ], [ 88.646728, 21.82745 ], [ 88.646713, 21.827402 ], [ 88.646696, 21.827366 ], [ 88.646066, 21.825783 ], [ 88.645597, 21.824153 ], [ 88.645293, 21.822488 ], [ 88.645157, 21.820805 ], [ 88.645135, 21.820085 ], [ 88.645151, 21.820042 ], [ 88.645153, 21.81991 ], [ 88.645122, 21.819879 ], [ 88.644986, 21.819319 ], [ 88.644929, 21.819153 ], [ 88.644932, 21.819149 ], [ 88.644936, 21.819112 ], [ 88.644914, 21.819069 ], [ 88.644892, 21.819046 ], [ 88.644647, 21.818332 ], [ 88.64466, 21.818328 ], [ 88.644476, 21.81785 ], [ 88.643972, 21.815847 ], [ 88.643794, 21.814426 ], [ 88.643744, 21.814117 ], [ 88.64375, 21.814035 ], [ 88.643714, 21.81395 ], [ 88.643672, 21.813897 ], [ 88.643542, 21.813619 ], [ 88.642889, 21.812028 ], [ 88.6424, 21.810386 ], [ 88.642079, 21.808708 ], [ 88.641928, 21.807009 ], [ 88.64195, 21.805305 ], [ 88.642143, 21.80361 ], [ 88.642259, 21.803077 ], [ 88.642337, 21.802592 ], [ 88.64237, 21.802534 ], [ 88.642355, 21.802463 ], [ 88.642329, 21.802427 ], [ 88.642205, 21.801653 ], [ 88.642214, 21.801652 ], [ 88.642073, 21.800917 ], [ 88.641935, 21.798915 ], [ 88.641943, 21.798867 ], [ 88.641948, 21.798714 ], [ 88.64192, 21.798514 ], [ 88.641911, 21.798495 ], [ 88.64177, 21.797579 ], [ 88.641673, 21.796188 ], [ 88.641665, 21.795903 ], [ 88.641668, 21.795888 ], [ 88.641674, 21.795543 ], [ 88.641652, 21.79541 ], [ 88.641648, 21.795297 ], [ 88.641549, 21.79383 ], [ 88.641634, 21.791943 ], [ 88.641848, 21.790586 ], [ 88.641866, 21.790422 ], [ 88.641887, 21.790391 ], [ 88.641898, 21.790319 ], [ 88.64188, 21.790264 ], [ 88.641882, 21.790137 ], [ 88.641858, 21.789897 ], [ 88.641869, 21.789866 ], [ 88.64188, 21.789812 ], [ 88.64187, 21.789753 ], [ 88.641827, 21.78968 ], [ 88.641782, 21.78953 ], [ 88.641737, 21.789438 ], [ 88.641728, 21.789419 ], [ 88.641659, 21.789285 ], [ 88.641579, 21.789086 ], [ 88.641472, 21.788981 ], [ 88.641295, 21.788827 ], [ 88.640946, 21.788578 ], [ 88.640592, 21.788324 ], [ 88.640086, 21.788044 ], [ 88.640076, 21.788039 ], [ 88.640024, 21.78801 ], [ 88.63981, 21.787896 ], [ 88.639477, 21.787713 ], [ 88.638897, 21.787387 ], [ 88.638409, 21.787178 ], [ 88.637883, 21.786999 ], [ 88.637605, 21.786939 ], [ 88.636226, 21.786488 ], [ 88.634538, 21.78576 ], [ 88.632932, 21.784883 ], [ 88.631423, 21.783865 ], [ 88.630026, 21.782718 ], [ 88.628754, 21.78145 ], [ 88.627618, 21.780074 ], [ 88.626629, 21.778602 ], [ 88.625796, 21.777048 ], [ 88.625642, 21.776676 ], [ 88.630888, 21.8013 ], [ 88.647722, 21.843348 ], [ 88.648913, 21.847283 ] ] ], [ [ [ 88.624217, 21.76814 ], [ 88.624241, 21.768019 ], [ 88.6243, 21.765727 ], [ 88.624304, 21.765516 ], [ 88.624304, 21.765495 ], [ 88.62441, 21.763884 ], [ 88.62467, 21.762288 ], [ 88.625081, 21.760719 ], [ 88.625624, 21.759236 ], [ 88.625671, 21.759173 ], [ 88.625675, 21.759088 ], [ 88.625825, 21.758604 ], [ 88.625937, 21.758163 ], [ 88.626501, 21.756597 ], [ 88.627142, 21.755243 ], [ 88.627176, 21.75522 ], [ 88.627471, 21.754582 ], [ 88.627695, 21.753964 ], [ 88.627796, 21.753685 ], [ 88.627849, 21.753538 ], [ 88.62805, 21.752913 ], [ 88.628115, 21.752559 ], [ 88.628098, 21.752265 ], [ 88.628087, 21.752204 ], [ 88.628088, 21.751956 ], [ 88.628156, 21.750504 ], [ 88.628157, 21.75049 ], [ 88.628163, 21.750472 ], [ 88.628275, 21.749186 ], [ 88.628219, 21.748795 ], [ 88.628173, 21.747553 ], [ 88.628179, 21.747447 ], [ 88.628098, 21.745213 ], [ 88.628037, 21.744549 ], [ 88.62799, 21.744047 ], [ 88.627937, 21.743486 ], [ 88.627893, 21.743294 ], [ 88.627763, 21.742113 ], [ 88.627746, 21.740433 ], [ 88.627776, 21.739666 ], [ 88.627801, 21.739637 ], [ 88.627798, 21.739445 ], [ 88.627777, 21.739374 ], [ 88.627771, 21.739248 ], [ 88.627738, 21.738532 ], [ 88.627752, 21.738449 ], [ 88.627755, 21.738222 ], [ 88.627696, 21.738055 ], [ 88.627609, 21.737937 ], [ 88.627575, 21.737873 ], [ 88.626711, 21.735986 ], [ 88.626082, 21.73402 ], [ 88.625821, 21.732658 ], [ 88.625742, 21.732302 ], [ 88.625746, 21.732282 ], [ 88.625741, 21.732217 ], [ 88.625696, 21.732096 ], [ 88.625686, 21.732053 ], [ 88.625617, 21.731627 ], [ 88.625448, 21.730813 ], [ 88.625464, 21.730788 ], [ 88.625456, 21.730737 ], [ 88.625421, 21.730721 ], [ 88.625046, 21.730055 ], [ 88.624607, 21.729343 ], [ 88.624104, 21.72825 ], [ 88.623857, 21.72776 ], [ 88.62386, 21.72772 ], [ 88.623796, 21.727606 ], [ 88.623726, 21.727539 ], [ 88.623441, 21.727086 ], [ 88.622481, 21.725352 ], [ 88.621857, 21.723844 ], [ 88.621817, 21.723758 ], [ 88.621801, 21.723668 ], [ 88.621506, 21.723315 ], [ 88.62123, 21.722949 ], [ 88.621244, 21.722939 ], [ 88.620812, 21.722371 ], [ 88.619957, 21.721012 ], [ 88.619702, 21.720562 ], [ 88.619647, 21.72041 ], [ 88.6196, 21.720383 ], [ 88.619142, 21.719575 ], [ 88.61915, 21.719571 ], [ 88.618548, 21.718592 ], [ 88.618444, 21.718388 ], [ 88.618453, 21.71835 ], [ 88.618367, 21.718203 ], [ 88.618233, 21.718121 ], [ 88.617723, 21.717699 ], [ 88.616557, 21.716649 ], [ 88.61549, 21.715512 ], [ 88.615019, 21.714917 ], [ 88.615013, 21.714921 ], [ 88.614648, 21.71447 ], [ 88.614639, 21.714449 ], [ 88.614419, 21.714145 ], [ 88.613955, 21.713728 ], [ 88.613648, 21.713599 ], [ 88.612207, 21.712813 ], [ 88.612009, 21.712678 ], [ 88.624165, 21.769742 ], [ 88.624187, 21.768573 ], [ 88.624217, 21.76814 ] ] ], [ [ [ 88.698067, 21.671638 ], [ 88.69804, 21.67167 ], [ 88.698022, 21.671707 ], [ 88.698021, 21.671791 ], [ 88.698021, 21.671792 ], [ 88.697377, 21.673576 ], [ 88.696538, 21.675288 ], [ 88.696488, 21.675377 ], [ 88.696438, 21.675421 ], [ 88.696361, 21.675578 ], [ 88.696341, 21.67564 ], [ 88.696028, 21.676199 ], [ 88.69601, 21.67619 ], [ 88.695537, 21.677034 ], [ 88.694504, 21.678508 ], [ 88.693322, 21.679881 ], [ 88.692002, 21.681139 ], [ 88.691703, 21.681398 ], [ 88.691624, 21.68145 ], [ 88.691484, 21.68156 ], [ 88.691455, 21.681621 ], [ 88.690892, 21.682208 ], [ 88.690878, 21.682196 ], [ 88.690186, 21.682956 ], [ 88.69017, 21.682968 ], [ 88.68998, 21.683132 ], [ 88.689821, 21.683459 ], [ 88.689762, 21.683805 ], [ 88.68973, 21.684319 ], [ 88.689832, 21.684717 ], [ 88.689985, 21.684977 ], [ 88.690031, 21.685072 ], [ 88.690164, 21.685303 ], [ 88.69016, 21.685325 ], [ 88.690187, 21.685399 ], [ 88.690246, 21.685445 ], [ 88.690706, 21.686244 ], [ 88.690684, 21.686255 ], [ 88.69073, 21.686332 ], [ 88.690739, 21.686328 ], [ 88.690937, 21.686657 ], [ 88.69093, 21.68666 ], [ 88.691031, 21.68682 ], [ 88.691102, 21.686956 ], [ 88.691786, 21.688101 ], [ 88.691848, 21.688222 ], [ 88.692524, 21.689719 ], [ 88.692945, 21.690947 ], [ 88.693039, 21.691215 ], [ 88.693174, 21.691681 ], [ 88.693498, 21.692457 ], [ 88.693887, 21.693392 ], [ 88.694228, 21.694276 ], [ 88.694347, 21.694611 ], [ 88.694457, 21.694923 ], [ 88.694478, 21.694981 ], [ 88.694499, 21.695039 ], [ 88.69452, 21.695096 ], [ 88.694518, 21.695097 ], [ 88.694959, 21.69647 ], [ 88.695291, 21.697937 ], [ 88.695492, 21.699425 ], [ 88.695504, 21.699558 ], [ 88.695518, 21.699756 ], [ 88.695536, 21.699918 ], [ 88.695602, 21.700517 ], [ 88.695674, 21.701176 ], [ 88.696221, 21.70319 ], [ 88.696324, 21.7035 ], [ 88.696327, 21.703509 ], [ 88.696457, 21.703898 ], [ 88.696725, 21.704286 ], [ 88.696849, 21.704348 ], [ 88.698265, 21.70544 ], [ 88.699612, 21.706709 ], [ 88.700819, 21.708097 ], [ 88.701873, 21.709589 ], [ 88.702764, 21.711172 ], [ 88.703483, 21.712828 ], [ 88.704024, 21.714544 ], [ 88.70438, 21.7163 ], [ 88.704549, 21.718081 ], [ 88.704529, 21.719869 ], [ 88.704319, 21.721647 ], [ 88.704182, 21.722444 ], [ 88.70416, 21.722452 ], [ 88.704147, 21.722512 ], [ 88.704162, 21.72256 ], [ 88.70386, 21.723961 ], [ 88.703439, 21.725338 ], [ 88.703397, 21.725457 ], [ 88.703356, 21.725507 ], [ 88.70334, 21.725702 ], [ 88.703351, 21.725713 ], [ 88.703279, 21.726249 ], [ 88.703188, 21.727239 ], [ 88.702737, 21.729301 ], [ 88.702694, 21.72945 ], [ 88.702669, 21.729474 ], [ 88.702599, 21.729673 ], [ 88.702601, 21.729775 ], [ 88.702508, 21.730102 ], [ 88.701982, 21.731662 ], [ 88.701307, 21.733171 ], [ 88.701088, 21.733604 ], [ 88.701038, 21.73365 ], [ 88.700792, 21.734208 ], [ 88.700785, 21.73423 ], [ 88.700068, 21.735835 ], [ 88.698899, 21.737753 ], [ 88.698693, 21.738048 ], [ 88.698635, 21.738105 ], [ 88.698522, 21.738249 ], [ 88.69849, 21.738339 ], [ 88.698499, 21.738433 ], [ 88.698363, 21.739185 ], [ 88.698006, 21.740736 ], [ 88.697504, 21.742252 ], [ 88.696862, 21.743721 ], [ 88.696652, 21.744147 ], [ 88.696597, 21.744213 ], [ 88.696467, 21.744616 ], [ 88.696455, 21.744654 ], [ 88.696285, 21.74518 ], [ 88.696178, 21.745738 ], [ 88.696205, 21.746396 ], [ 88.696259, 21.746571 ], [ 88.696287, 21.746843 ], [ 88.696377, 21.748263 ], [ 88.69636, 21.749067 ], [ 88.696362, 21.749121 ], [ 88.696361, 21.749127 ], [ 88.696355, 21.74955 ], [ 88.696394, 21.749636 ], [ 88.696419, 21.749801 ], [ 88.696466, 21.750004 ], [ 88.696448, 21.750073 ], [ 88.696676, 21.750833 ], [ 88.696744, 21.75106 ], [ 88.696854, 21.751428 ], [ 88.69736, 21.752694 ], [ 88.697588, 21.753265 ], [ 88.697709, 21.753577 ], [ 88.697745, 21.753672 ], [ 88.697906, 21.754098 ], [ 88.698294, 21.755248 ], [ 88.698327, 21.755358 ], [ 88.698528, 21.756032 ], [ 88.69862, 21.756215 ], [ 88.698881, 21.756909 ], [ 88.698887, 21.756906 ], [ 88.699159, 21.757568 ], [ 88.699172, 21.757646 ], [ 88.699339, 21.758007 ], [ 88.699364, 21.75806 ], [ 88.699579, 21.758523 ], [ 88.699636, 21.758558 ], [ 88.700069, 21.759088 ], [ 88.701249, 21.76071 ], [ 88.702234, 21.762442 ], [ 88.703012, 21.764263 ], [ 88.703575, 21.766152 ], [ 88.703578, 21.766168 ], [ 88.703581, 21.766235 ], [ 88.703635, 21.766549 ], [ 88.703851, 21.767038 ], [ 88.703939, 21.767235 ], [ 88.704021, 21.767421 ], [ 88.704112, 21.767603 ], [ 88.704113, 21.767605 ], [ 88.704115, 21.767609 ], [ 88.704708, 21.768929 ], [ 88.704754, 21.769043 ], [ 88.704881, 21.769363 ], [ 88.705029, 21.769733 ], [ 88.705154, 21.769976 ], [ 88.705796, 21.771621 ], [ 88.706089, 21.772705 ], [ 88.706102, 21.772702 ], [ 88.70636, 21.773649 ], [ 88.706611, 21.774033 ], [ 88.706842, 21.774429 ], [ 88.706836, 21.774432 ], [ 88.707272, 21.775168 ], [ 88.707938, 21.77641 ], [ 88.708, 21.776526 ], [ 88.708076, 21.776671 ], [ 88.708574, 21.777786 ], [ 88.708575, 21.777786 ], [ 88.708843, 21.778352 ], [ 88.708881, 21.778471 ], [ 88.709128, 21.778939 ], [ 88.709132, 21.778943 ], [ 88.709711, 21.780033 ], [ 88.710341, 21.781553 ], [ 88.710823, 21.78312 ], [ 88.711151, 21.784722 ], [ 88.711177, 21.784889 ], [ 88.711166, 21.784946 ], [ 88.711204, 21.785131 ], [ 88.711235, 21.785154 ], [ 88.71132, 21.78548 ], [ 88.711629, 21.786447 ], [ 88.711991, 21.788177 ], [ 88.71217, 21.789931 ], [ 88.712165, 21.791693 ], [ 88.712146, 21.792044 ], [ 88.712121, 21.792124 ], [ 88.712159, 21.792533 ], [ 88.712175, 21.792912 ], [ 88.71219, 21.793834 ], [ 88.712185, 21.794256 ], [ 88.712172, 21.794264 ], [ 88.712156, 21.794351 ], [ 88.712183, 21.794518 ], [ 88.712209, 21.794596 ], [ 88.712247, 21.794964 ], [ 88.712385, 21.795974 ], [ 88.712451, 21.797594 ], [ 88.712361, 21.799212 ], [ 88.712116, 21.800817 ], [ 88.711851, 21.801868 ], [ 88.711808, 21.802086 ], [ 88.711781, 21.802111 ], [ 88.711791, 21.802174 ], [ 88.711764, 21.802314 ], [ 88.71169, 21.802898 ], [ 88.711671, 21.802906 ], [ 88.711657, 21.80295 ], [ 88.711676, 21.803001 ], [ 88.711608, 21.803541 ], [ 88.711277, 21.805351 ], [ 88.71075, 21.80712 ], [ 88.710035, 21.80883 ], [ 88.709137, 21.810463 ], [ 88.708695, 21.811098 ], [ 88.70841, 21.811555 ], [ 88.708377, 21.811564 ], [ 88.708291, 21.811843 ], [ 88.708259, 21.812291 ], [ 88.70826, 21.812295 ], [ 88.708231, 21.812523 ], [ 88.708164, 21.813419 ], [ 88.707856, 21.815141 ], [ 88.707371, 21.816828 ], [ 88.706714, 21.818463 ], [ 88.705919, 21.819977 ], [ 88.705748, 21.82024 ], [ 88.705641, 21.820568 ], [ 88.705651, 21.820617 ], [ 88.705584, 21.820862 ], [ 88.705008, 21.822611 ], [ 88.704246, 21.824296 ], [ 88.703304, 21.825901 ], [ 88.702632, 21.826814 ], [ 88.702451, 21.827085 ], [ 88.702398, 21.827124 ], [ 88.702299, 21.827336 ], [ 88.702301, 21.827432 ], [ 88.702291, 21.827466 ], [ 88.702088, 21.828176 ], [ 88.702036, 21.828268 ], [ 88.702015, 21.828437 ], [ 88.702021, 21.82847 ], [ 88.701911, 21.829092 ], [ 88.701896, 21.829089 ], [ 88.701694, 21.83021 ], [ 88.701174, 21.831979 ], [ 88.700514, 21.833568 ], [ 88.700341, 21.833885 ], [ 88.700231, 21.834268 ], [ 88.699583, 21.835857 ], [ 88.698727, 21.837458 ], [ 88.698462, 21.837899 ], [ 88.698421, 21.837928 ], [ 88.698286, 21.838177 ], [ 88.698288, 21.838228 ], [ 88.698063, 21.838702 ], [ 88.697989, 21.838909 ], [ 88.697938, 21.838984 ], [ 88.69787, 21.839339 ], [ 88.697411, 21.840875 ], [ 88.697337, 21.841087 ], [ 88.697326, 21.841095 ], [ 88.697214, 21.841369 ], [ 88.697234, 21.841455 ], [ 88.697225, 21.841747 ], [ 88.697203, 21.842158 ], [ 88.697204, 21.842214 ], [ 88.697184, 21.842273 ], [ 88.697211, 21.842342 ], [ 88.697236, 21.842364 ], [ 88.697322, 21.842624 ], [ 88.697784, 21.844315 ], [ 88.698069, 21.84604 ], [ 88.698174, 21.847783 ], [ 88.698099, 21.849527 ], [ 88.69808, 21.849726 ], [ 88.698056, 21.849759 ], [ 88.69812, 21.850007 ], [ 88.698162, 21.850079 ], [ 88.698379, 21.850776 ], [ 88.698361, 21.850781 ], [ 88.698801, 21.852117 ], [ 88.699011, 21.85297 ], [ 88.699356, 21.854795 ], [ 88.699498, 21.856643 ], [ 88.699437, 21.858495 ], [ 88.699386, 21.859082 ], [ 88.699365, 21.859159 ], [ 88.699327, 21.859413 ], [ 88.699397, 21.859746 ], [ 88.699434, 21.859773 ], [ 88.699456, 21.85983 ], [ 88.699987, 21.861442 ], [ 88.700119, 21.861921 ], [ 88.700116, 21.861937 ], [ 88.700169, 21.862176 ], [ 88.700268, 21.862275 ], [ 88.700549, 21.862647 ], [ 88.70177, 21.864506 ], [ 88.701788, 21.864532 ], [ 88.701804, 21.864588 ], [ 88.701869, 21.864673 ], [ 88.701897, 21.864705 ], [ 88.702991, 21.866519 ], [ 88.703854, 21.868478 ], [ 88.703856, 21.868484 ], [ 88.703863, 21.868543 ], [ 88.703946, 21.868698 ], [ 88.703962, 21.868704 ], [ 88.704038, 21.868864 ], [ 88.704783, 21.870674 ], [ 88.704842, 21.870847 ], [ 88.704831, 21.870881 ], [ 88.704861, 21.870925 ], [ 88.704885, 21.870946 ], [ 88.704904, 21.870986 ], [ 88.705511, 21.872128 ], [ 88.706119, 21.873572 ], [ 88.706233, 21.873882 ], [ 88.706231, 21.87395 ], [ 88.706298, 21.874 ], [ 88.706304, 21.874001 ], [ 88.70662, 21.874397 ], [ 88.707534, 21.875647 ], [ 88.708333, 21.876964 ], [ 88.708868, 21.87805 ], [ 88.708946, 21.878256 ], [ 88.709162, 21.878684 ], [ 88.709638, 21.879622 ], [ 88.709916, 21.880173 ], [ 88.710001, 21.880293 ], [ 88.710774, 21.881793 ], [ 88.711526, 21.883858 ], [ 88.71164, 21.884246 ], [ 88.711638, 21.884349 ], [ 88.711703, 21.884528 ], [ 88.711731, 21.884539 ], [ 88.711929, 21.885013 ], [ 88.712598, 21.886926 ], [ 88.713001, 21.88874 ], [ 88.712993, 21.888754 ], [ 88.713009, 21.888914 ], [ 88.713085, 21.889035 ], [ 88.713613, 21.890519 ], [ 88.713963, 21.89192 ], [ 88.713964, 21.891921 ], [ 88.713967, 21.892015 ], [ 88.714018, 21.892095 ], [ 88.71414, 21.89248 ], [ 88.714604, 21.893751 ], [ 88.715086, 21.895884 ], [ 88.715214, 21.896691 ], [ 88.715195, 21.896738 ], [ 88.715226, 21.896758 ], [ 88.71543, 21.897293 ], [ 88.716038, 21.899221 ], [ 88.71621, 21.899906 ], [ 88.716209, 21.899909 ], [ 88.716209, 21.899996 ], [ 88.716246, 21.900063 ], [ 88.71625, 21.900064 ], [ 88.716273, 21.900156 ], [ 88.716619, 21.901922 ], [ 88.716718, 21.903047 ], [ 88.716757, 21.90334 ], [ 88.716744, 21.9034 ], [ 88.716778, 21.903512 ], [ 88.716822, 21.903668 ], [ 88.716847, 21.903718 ], [ 88.716848, 21.903718 ], [ 88.716909, 21.903925 ], [ 88.716986, 21.904164 ], [ 88.716987, 21.904172 ], [ 88.716989, 21.904174 ], [ 88.717235, 21.904938 ], [ 88.717234, 21.904941 ], [ 88.71724, 21.904997 ], [ 88.71726, 21.905018 ], [ 88.717302, 21.905146 ], [ 88.717411, 21.90555 ], [ 88.717625, 21.906215 ], [ 88.717989, 21.907952 ], [ 88.718168, 21.909714 ], [ 88.718163, 21.911483 ], [ 88.717971, 21.913244 ], [ 88.717936, 21.913464 ], [ 88.717911, 21.913474 ], [ 88.717916, 21.913527 ], [ 88.71793, 21.91354 ], [ 88.717911, 21.91388 ], [ 88.717783, 21.915137 ], [ 88.717773, 21.915143 ], [ 88.717738, 21.915502 ], [ 88.717743, 21.915614 ], [ 88.717743, 21.915716 ], [ 88.717761, 21.91573 ], [ 88.717737, 21.916396 ], [ 88.717747, 21.916924 ], [ 88.717667, 21.917771 ], [ 88.717642, 21.918303 ], [ 88.717617, 21.918339 ], [ 88.717647, 21.918428 ], [ 88.717659, 21.918454 ], [ 88.717714, 21.918785 ], [ 88.71777, 21.919031 ], [ 88.717884, 21.919824 ], [ 88.717888, 21.919931 ], [ 88.717905, 21.91997 ], [ 88.717969, 21.920417 ], [ 88.717994, 21.920669 ], [ 88.718042, 21.920954 ], [ 88.718044, 21.921006 ], [ 88.718055, 21.92105 ], [ 88.718139, 21.921811 ], [ 88.718135, 21.921812 ], [ 88.718119, 21.921917 ], [ 88.718152, 21.921939 ], [ 88.718156, 21.921971 ], [ 88.718223, 21.922268 ], [ 88.718396, 21.922865 ], [ 88.718387, 21.922892 ], [ 88.718413, 21.922924 ], [ 88.718443, 21.923028 ], [ 88.718487, 21.92321 ], [ 88.718574, 21.923622 ], [ 88.718575, 21.923664 ], [ 88.718591, 21.923705 ], [ 88.718649, 21.923899 ], [ 88.718677, 21.924101 ], [ 88.718773, 21.924246 ], [ 88.718774, 21.924248 ], [ 88.718927, 21.924598 ], [ 88.719139, 21.925176 ], [ 88.719429, 21.925861 ], [ 88.719417, 21.925898 ], [ 88.719502, 21.926033 ], [ 88.719631, 21.926336 ], [ 88.719707, 21.926487 ], [ 88.719859, 21.926861 ], [ 88.719986, 21.927128 ], [ 88.719986, 21.927132 ], [ 88.720023, 21.927256 ], [ 88.720056, 21.927274 ], [ 88.720197, 21.92757 ], [ 88.720954, 21.929428 ], [ 88.721196, 21.930137 ], [ 88.721187, 21.930143 ], [ 88.721214, 21.930287 ], [ 88.721253, 21.930304 ], [ 88.721269, 21.930351 ], [ 88.722062, 21.93184 ], [ 88.722748, 21.933536 ], [ 88.723248, 21.935288 ], [ 88.723557, 21.937078 ], [ 88.723673, 21.938888 ], [ 88.723593, 21.9407 ], [ 88.723319, 21.942495 ], [ 88.72289, 21.944119 ], [ 88.722887, 21.944132 ], [ 88.722853, 21.944186 ], [ 88.722882, 21.944301 ], [ 88.722932, 21.944889 ], [ 88.722924, 21.9449 ], [ 88.722916, 21.945004 ], [ 88.722944, 21.94504 ], [ 88.722951, 21.945124 ], [ 88.723007, 21.946913 ], [ 88.722872, 21.948699 ], [ 88.722549, 21.950464 ], [ 88.72204, 21.95219 ], [ 88.72135, 21.95386 ], [ 88.720486, 21.955459 ], [ 88.719457, 21.95697 ], [ 88.718272, 21.958379 ], [ 88.716944, 21.959671 ], [ 88.715485, 21.960834 ], [ 88.71391, 21.961857 ], [ 88.712234, 21.962729 ], [ 88.710474, 21.963443 ], [ 88.708647, 21.96399 ], [ 88.70677, 21.964365 ], [ 88.704863, 21.964566 ], [ 88.702944, 21.96459 ], [ 88.701032, 21.964436 ], [ 88.699145, 21.964106 ], [ 88.697303, 21.963604 ], [ 88.695524, 21.962934 ], [ 88.693971, 21.962175 ], [ 88.694005, 21.962951 ], [ 88.694005, 21.963581 ], [ 88.694005, 21.964065 ], [ 88.693908, 21.964744 ], [ 88.693908, 21.965277 ], [ 88.693617, 21.966367 ], [ 88.693375, 21.967397 ], [ 88.693435, 21.968911 ], [ 88.693617, 21.970062 ], [ 88.694162, 21.971879 ], [ 88.69657, 21.975831 ], [ 88.698917, 21.979313 ], [ 88.699976, 21.980973 ], [ 88.700407, 21.982124 ], [ 88.700781, 21.982785 ], [ 88.701097, 21.983562 ], [ 88.702161, 21.985143 ], [ 88.702737, 21.985949 ], [ 88.702967, 21.986236 ], [ 88.703599, 21.98661 ], [ 88.704405, 21.9873 ], [ 88.708255, 21.991552 ], [ 88.708895, 21.992993 ], [ 88.709749, 21.993633 ], [ 88.710656, 21.994274 ], [ 88.711296, 21.994647 ], [ 88.71215, 21.995181 ], [ 88.71279, 21.995768 ], [ 88.71327, 21.996515 ], [ 88.713804, 21.997315 ], [ 88.714338, 21.998062 ], [ 88.714711, 21.998756 ], [ 88.715085, 21.999449 ], [ 88.715639, 22.000634 ], [ 88.715778, 22.000997 ], [ 88.716841, 22.003119 ], [ 88.719006, 22.004731 ], [ 88.72056, 22.005411 ], [ 88.722309, 22.0058 ], [ 88.729547, 22.008909 ], [ 88.733482, 22.011095 ], [ 88.734988, 22.012795 ], [ 88.736494, 22.014738 ], [ 88.738774, 22.016499 ], [ 88.739748, 22.018058 ], [ 88.739943, 22.018902 ], [ 88.739943, 22.02059 ], [ 88.738125, 22.024941 ], [ 88.737215, 22.027798 ], [ 88.735917, 22.031239 ], [ 88.734164, 22.033902 ], [ 88.733319, 22.034941 ], [ 88.732698, 22.035924 ], [ 88.737768, 22.052259 ], [ 88.729318, 22.053714 ], [ 88.721671, 22.05514 ], [ 88.718367, 22.057317 ], [ 88.713416, 22.062375 ], [ 88.710406, 22.064354 ], [ 88.707788, 22.068843 ], [ 88.706854, 22.071566 ], [ 88.706795, 22.071737 ], [ 88.705496, 22.075572 ], [ 88.705053, 22.080234 ], [ 88.706936, 22.084801 ], [ 88.71009, 22.087291 ], [ 88.712456, 22.088778 ], [ 88.714639, 22.09015 ], [ 88.716844, 22.091535 ], [ 88.724593, 22.097149 ], [ 88.733559, 22.103866 ], [ 88.736278, 22.106733 ], [ 88.738127, 22.108681 ], [ 88.738741, 22.1098 ], [ 88.741581, 22.114966 ], [ 88.744199, 22.12347 ], [ 88.744817, 22.12556 ], [ 88.745476, 22.127791 ], [ 88.74633, 22.13068 ], [ 88.74821, 22.135584 ], [ 88.750524, 22.137881 ], [ 88.750568, 22.137925 ], [ 88.754465, 22.139547 ], [ 88.755944, 22.140495 ], [ 88.760215, 22.143231 ], [ 88.76493, 22.143716 ], [ 88.76899, 22.14419 ], [ 88.772146, 22.146224 ], [ 88.772441, 22.146414 ], [ 88.773755, 22.150429 ], [ 88.778158, 22.156593 ], [ 88.783151, 22.162294 ], [ 88.784069, 22.162604 ], [ 88.787992, 22.163931 ], [ 88.793241, 22.167334 ], [ 88.793641, 22.168011 ], [ 88.794655, 22.169726 ], [ 88.794398, 22.171365 ], [ 88.794168, 22.172831 ], [ 88.790115, 22.176283 ], [ 88.783757, 22.178478 ], [ 88.77872, 22.179883 ], [ 88.772712, 22.182895 ], [ 88.768777, 22.187905 ], [ 88.76728, 22.188808 ], [ 88.766313, 22.189392 ], [ 88.765829, 22.189683 ], [ 88.76452, 22.190473 ], [ 88.757221, 22.192381 ], [ 88.754924, 22.194981 ], [ 88.75426, 22.199978 ], [ 88.754378, 22.201291 ], [ 88.754935, 22.207501 ], [ 88.756619, 22.211159 ], [ 88.757039, 22.212071 ], [ 88.757291, 22.218843 ], [ 88.757659, 22.222809 ], [ 88.757704, 22.223294 ], [ 88.757865, 22.225029 ], [ 88.757907, 22.225485 ], [ 88.758208, 22.233679 ], [ 88.759222, 22.23646 ], [ 88.759946, 22.238445 ], [ 88.761593, 22.239715 ], [ 88.766048, 22.24315 ], [ 88.769746, 22.243753 ], [ 88.773962, 22.243824 ], [ 88.775255, 22.244793 ], [ 88.778952, 22.249862 ], [ 88.783071, 22.255819 ], [ 88.78493, 22.257074 ], [ 88.786667, 22.258247 ], [ 88.792175, 22.259354 ], [ 88.794691, 22.260246 ], [ 88.79738, 22.2612 ], [ 88.799375, 22.263737 ], [ 88.799337, 22.265364 ], [ 88.799273, 22.268131 ], [ 88.799216, 22.270593 ], [ 88.799133, 22.274151 ], [ 88.799132, 22.274222 ], [ 88.79908, 22.277402 ], [ 88.798187, 22.278673 ], [ 88.797356, 22.280554 ], [ 88.797701, 22.28171 ], [ 88.799572, 22.282892 ], [ 88.80423, 22.282698 ], [ 88.80646, 22.2833 ], [ 88.806551, 22.283157 ], [ 88.807041, 22.282976 ], [ 88.807343, 22.282864 ], [ 88.808137, 22.283024 ], [ 88.810262, 22.283811 ], [ 88.81245, 22.284263 ], [ 88.813478, 22.284218 ], [ 88.814151, 22.283995 ], [ 88.815206, 22.283347 ], [ 88.816298, 22.282462 ], [ 88.816759, 22.281949 ], [ 88.816775, 22.281854 ], [ 88.817048, 22.27938 ], [ 88.817097, 22.277958 ], [ 88.817097, 22.277957 ], [ 88.816951, 22.277659 ], [ 88.815807, 22.277022 ], [ 88.81522, 22.276832 ], [ 88.815217, 22.276825 ], [ 88.815162, 22.276646 ], [ 88.815045, 22.276268 ], [ 88.814949, 22.274295 ], [ 88.814741, 22.272177 ], [ 88.814252, 22.270339 ], [ 88.813932, 22.270014 ], [ 88.813806, 22.269521 ], [ 88.813932, 22.268997 ], [ 88.813967, 22.268812 ], [ 88.814219, 22.268072 ], [ 88.814268, 22.26665 ], [ 88.814589, 22.265214 ], [ 88.815128, 22.264428 ], [ 88.81518, 22.264388 ], [ 88.815764, 22.263937 ], [ 88.815768, 22.263935 ], [ 88.815895, 22.263899 ], [ 88.816126, 22.26206 ], [ 88.816516, 22.261476 ], [ 88.817995, 22.261044 ], [ 88.82036, 22.261044 ], [ 88.823018, 22.261565 ], [ 88.825028, 22.262348 ], [ 88.825669, 22.262309 ], [ 88.826278, 22.261943 ], [ 88.827435, 22.261837 ], [ 88.829786, 22.262929 ], [ 88.830343, 22.263023 ], [ 88.83097, 22.263426 ], [ 88.831887, 22.265452 ], [ 88.832039, 22.265668 ], [ 88.832794, 22.266735 ], [ 88.833383, 22.267164 ], [ 88.835029, 22.267638 ], [ 88.835873, 22.267953 ], [ 88.83621, 22.268579 ], [ 88.836731, 22.269912 ], [ 88.837282, 22.271321 ], [ 88.837951, 22.272731 ], [ 88.838704, 22.273266 ], [ 88.84129, 22.273067 ], [ 88.842199, 22.272947 ], [ 88.842842, 22.273287 ], [ 88.843451, 22.273863 ], [ 88.844387, 22.275878 ], [ 88.845431, 22.277527 ], [ 88.847595, 22.279632 ], [ 88.848098, 22.280361 ], [ 88.848577, 22.281463 ], [ 88.849716, 22.283481 ], [ 88.850935, 22.285256 ], [ 88.851574, 22.285665 ], [ 88.85168, 22.285669 ], [ 88.851841, 22.285675 ], [ 88.852271, 22.285393 ], [ 88.852434, 22.285183 ], [ 88.852745, 22.284568 ], [ 88.853122, 22.28429 ], [ 88.853645, 22.283612 ], [ 88.854456, 22.283048 ], [ 88.85551, 22.282585 ], [ 88.856346, 22.282066 ], [ 88.856865, 22.280893 ], [ 88.857631, 22.280121 ], [ 88.858309, 22.279753 ], [ 88.858613, 22.279286 ], [ 88.85929, 22.278613 ], [ 88.860844, 22.278227 ], [ 88.862665, 22.277775 ], [ 88.863502, 22.277128 ], [ 88.863903, 22.276158 ], [ 88.864109, 22.27566 ], [ 88.864075, 22.273452 ], [ 88.86474, 22.272245 ], [ 88.864793, 22.272147 ], [ 88.865477, 22.271719 ], [ 88.865999, 22.27171 ], [ 88.866074, 22.271552 ], [ 88.866526, 22.271147 ], [ 88.867388, 22.27072 ], [ 88.867927, 22.270608 ], [ 88.868796, 22.27098 ], [ 88.869716, 22.271685 ], [ 88.869801, 22.27175 ], [ 88.871339, 22.273143 ], [ 88.872786, 22.274361 ], [ 88.873224, 22.274623 ], [ 88.874158, 22.274648 ], [ 88.876377, 22.274395 ], [ 88.87764, 22.274501 ], [ 88.878263, 22.274421 ], [ 88.878272, 22.274405 ], [ 88.879381, 22.272315 ], [ 88.879932, 22.271157 ], [ 88.880128, 22.270744 ], [ 88.881448, 22.26849 ], [ 88.88204, 22.267971 ], [ 88.882932, 22.26775 ], [ 88.883182, 22.267786 ], [ 88.883919, 22.267079 ], [ 88.886538, 22.266822 ], [ 88.887661, 22.266447 ], [ 88.888508, 22.266058 ], [ 88.889088, 22.2649 ], [ 88.889457, 22.263491 ], [ 88.890078, 22.260556 ], [ 88.890601, 22.25894 ], [ 88.891542, 22.257933 ], [ 88.891841, 22.2577 ], [ 88.892476, 22.257205 ], [ 88.892636, 22.25696 ], [ 88.892715, 22.256932 ], [ 88.893225, 22.25675 ], [ 88.893929, 22.256375 ], [ 88.894913, 22.25553 ], [ 88.89532, 22.25493 ], [ 88.895534, 22.254614 ], [ 88.89555, 22.254462 ], [ 88.895713, 22.252872 ], [ 88.895723, 22.252776 ], [ 88.895702, 22.252699 ], [ 88.895693, 22.25267 ], [ 88.895617, 22.252536 ], [ 88.895644, 22.252533 ], [ 88.89569, 22.252527 ], [ 88.896799, 22.252392 ], [ 88.89769, 22.252372 ], [ 88.897692, 22.251167 ], [ 88.897737, 22.250438 ], [ 88.898017, 22.250254 ], [ 88.899138, 22.250061 ], [ 88.900917, 22.250116 ], [ 88.904054, 22.249971 ], [ 88.90692, 22.249648 ], [ 88.907567, 22.2498 ], [ 88.907881, 22.25019 ], [ 88.907983, 22.25065 ], [ 88.908039, 22.252644 ], [ 88.90807, 22.25375 ], [ 88.908388, 22.255037 ], [ 88.908595, 22.256338 ], [ 88.90896, 22.257929 ], [ 88.909342, 22.259051 ], [ 88.909349, 22.259668 ], [ 88.908982, 22.260712 ], [ 88.908837, 22.262208 ], [ 88.909066, 22.263318 ], [ 88.909782, 22.264676 ], [ 88.909854, 22.265579 ], [ 88.91019, 22.26632 ], [ 88.910247, 22.266447 ], [ 88.910777, 22.266916 ], [ 88.911735, 22.268256 ], [ 88.91245, 22.269443 ], [ 88.912702, 22.269585 ], [ 88.914112, 22.270376 ], [ 88.914219, 22.270437 ], [ 88.9147, 22.270691 ], [ 88.914984, 22.270842 ], [ 88.915835, 22.269691 ], [ 88.916842, 22.268735 ], [ 88.917796, 22.26731 ], [ 88.919005, 22.265597 ], [ 88.919909, 22.264614 ], [ 88.920472, 22.264134 ], [ 88.92065, 22.263906 ], [ 88.921888, 22.262284 ], [ 88.922084, 22.261807 ], [ 88.922216, 22.260211 ], [ 88.923157, 22.259277 ], [ 88.924094, 22.258811 ], [ 88.925221, 22.258422 ], [ 88.925857, 22.258553 ], [ 88.926968, 22.259768 ], [ 88.927424, 22.260694 ], [ 88.928646, 22.262561 ], [ 88.929976, 22.263256 ], [ 88.930079, 22.26325 ], [ 88.932054, 22.261771 ], [ 88.932283, 22.258681 ], [ 88.932878, 22.256422 ], [ 88.934233, 22.255002 ], [ 88.935029, 22.254649 ], [ 88.936469, 22.25401 ], [ 88.937827, 22.253564 ], [ 88.93839, 22.252928 ], [ 88.940374, 22.251888 ], [ 88.943914, 22.250812 ], [ 88.946481, 22.250032 ], [ 88.949142, 22.249205 ], [ 88.949545, 22.24908 ], [ 88.950298, 22.248523 ], [ 88.950575, 22.248317 ], [ 88.951106, 22.247924 ], [ 88.952812, 22.246249 ], [ 88.95283, 22.246231 ], [ 88.953195, 22.245873 ], [ 88.953728, 22.245046 ], [ 88.954642, 22.242898 ], [ 88.955782, 22.240222 ], [ 88.957409, 22.235613 ], [ 88.957816, 22.233968 ], [ 88.957868, 22.233777 ], [ 88.958382, 22.231886 ], [ 88.958812, 22.228073 ], [ 88.95889, 22.227386 ], [ 88.958976, 22.222477 ], [ 88.958982, 22.222117 ], [ 88.959672, 22.220685 ], [ 88.959714, 22.220517 ], [ 88.960626, 22.216884 ], [ 88.964872, 22.208602 ], [ 88.967829, 22.204321 ], [ 88.968204, 22.204091 ], [ 88.969283, 22.202824 ], [ 88.97058, 22.201572 ], [ 88.972, 22.200442 ], [ 88.97353, 22.199444 ], [ 88.975156, 22.198588 ], [ 88.976863, 22.197882 ], [ 88.978635, 22.197332 ], [ 88.980456, 22.196943 ], [ 88.982308, 22.196719 ], [ 88.984175, 22.196662 ], [ 88.986039, 22.196772 ], [ 88.987883, 22.197049 ], [ 88.98969, 22.19749 ], [ 88.991443, 22.198091 ], [ 88.991953, 22.198292 ], [ 88.992253, 22.19841 ], [ 88.992742, 22.198603 ], [ 88.993265, 22.198692 ], [ 88.993592, 22.198748 ], [ 88.995196, 22.199023 ], [ 88.99662, 22.19918 ], [ 88.996896, 22.199211 ], [ 88.997262, 22.199251 ], [ 88.997629, 22.19924 ], [ 88.999584, 22.199179 ], [ 88.999807, 22.199172 ], [ 89.000909, 22.19909 ], [ 89.001729, 22.199029 ], [ 89.002149, 22.198998 ], [ 89.003243, 22.198734 ], [ 89.003718, 22.19862 ], [ 89.004005, 22.198551 ], [ 89.005893, 22.19798 ], [ 89.009004, 22.196977 ], [ 89.011815, 22.196063 ], [ 89.012523, 22.195775 ], [ 89.013151, 22.195429 ], [ 89.013682, 22.195047 ], [ 89.013835, 22.194657 ], [ 89.013961, 22.193996 ], [ 89.013981, 22.19311 ], [ 89.013993, 22.192586 ], [ 89.014004, 22.192084 ], [ 89.013955, 22.191584 ], [ 89.013781, 22.18979 ], [ 89.013526, 22.187169 ], [ 89.01329, 22.184872 ], [ 89.013206, 22.184459 ], [ 89.013142, 22.184044 ], [ 89.013146, 22.184043 ], [ 89.012953, 22.182757 ], [ 89.012885, 22.182062 ], [ 89.012834, 22.181533 ], [ 89.01279, 22.180997 ], [ 89.012778, 22.180805 ], [ 89.012721, 22.179936 ], [ 89.012713, 22.177888 ], [ 89.0129, 22.176308 ], [ 89.012886, 22.176307 ], [ 89.012934, 22.175963 ], [ 89.012995, 22.175622 ], [ 89.013029, 22.175278 ], [ 89.013176, 22.173751 ], [ 89.013248, 22.173014 ], [ 89.013253, 22.172943 ], [ 89.013262, 22.172832 ], [ 89.013345, 22.171788 ], [ 89.013654, 22.169818 ], [ 89.013637, 22.169815 ], [ 89.013719, 22.169353 ], [ 89.013827, 22.168896 ], [ 89.013831, 22.168428 ], [ 89.013862, 22.167961 ], [ 89.013863, 22.167961 ], [ 89.013919, 22.166956 ], [ 89.014049, 22.165708 ], [ 89.014274, 22.164199 ], [ 89.014446, 22.163321 ], [ 89.014648, 22.162423 ], [ 89.014676, 22.162314 ], [ 89.014739, 22.162063 ], [ 89.015319, 22.160216 ], [ 89.015348, 22.16014 ], [ 89.015412, 22.159976 ], [ 89.015453, 22.159863 ], [ 89.015554, 22.159584 ], [ 89.015617, 22.15941 ], [ 89.016584, 22.157222 ], [ 89.016755, 22.156896 ], [ 89.017005, 22.156466 ], [ 89.0171, 22.156202 ], [ 89.017648, 22.155011 ], [ 89.018106, 22.154201 ], [ 89.018279, 22.153959 ], [ 89.018561, 22.153427 ], [ 89.018822, 22.153005 ], [ 89.019885, 22.151474 ], [ 89.021107, 22.150051 ], [ 89.021606, 22.149527 ], [ 89.021705, 22.149445 ], [ 89.021739, 22.149418 ], [ 89.021742, 22.149389 ], [ 89.023035, 22.14816 ], [ 89.024511, 22.14701 ], [ 89.02564, 22.146294 ], [ 89.025638, 22.146292 ], [ 89.026043, 22.146036 ], [ 89.02646, 22.145799 ], [ 89.02685, 22.145523 ], [ 89.026867, 22.145512 ], [ 89.027914, 22.14493 ], [ 89.028327, 22.144682 ], [ 89.028346, 22.144678 ], [ 89.028576, 22.144553 ], [ 89.028917, 22.144329 ], [ 89.029181, 22.14417 ], [ 89.029426, 22.144017 ], [ 89.029502, 22.143972 ], [ 89.029699, 22.143857 ], [ 89.029819, 22.143783 ], [ 89.029956, 22.143698 ], [ 89.030238, 22.143525 ], [ 89.030512, 22.143338 ], [ 89.030719, 22.143196 ], [ 89.031801, 22.142531 ], [ 89.031795, 22.142522 ], [ 89.031813, 22.142511 ], [ 89.03183, 22.1425 ], [ 89.032307, 22.142219 ], [ 89.032323, 22.14221 ], [ 89.032341, 22.1422 ], [ 89.032343, 22.142199 ], [ 89.032344, 22.142198 ], [ 89.032688, 22.142002 ], [ 89.032781, 22.141947 ], [ 89.033301, 22.141636 ], [ 89.034237, 22.141111 ], [ 89.039469, 22.13836 ], [ 89.043296, 22.13591 ], [ 89.044985, 22.134943 ], [ 89.046184, 22.134405 ], [ 89.04618, 22.134398 ], [ 89.046618, 22.134202 ], [ 89.047065, 22.134027 ], [ 89.047797, 22.133455 ], [ 89.047909, 22.133368 ], [ 89.048159, 22.133173 ], [ 89.048482, 22.132884 ], [ 89.048601, 22.132778 ], [ 89.048829, 22.132578 ], [ 89.048857, 22.132552 ], [ 89.049296, 22.132179 ], [ 89.049625, 22.131717 ], [ 89.049691, 22.131625 ], [ 89.050047, 22.131125 ], [ 89.05009, 22.130469 ], [ 89.049866, 22.129988 ], [ 89.049817, 22.129885 ], [ 89.049747, 22.129734 ], [ 89.049671, 22.129585 ], [ 89.049345, 22.128951 ], [ 89.048889, 22.128064 ], [ 89.048183, 22.127149 ], [ 89.04768, 22.126464 ], [ 89.047268, 22.125874 ], [ 89.045799, 22.123771 ], [ 89.045698, 22.123638 ], [ 89.043761, 22.121071 ], [ 89.043503, 22.120729 ], [ 89.04125, 22.118264 ], [ 89.041186, 22.118197 ], [ 89.041181, 22.118192 ], [ 89.041176, 22.118187 ], [ 89.039818, 22.116586 ], [ 89.038662, 22.114851 ], [ 89.037723, 22.113007 ], [ 89.037697, 22.112945 ], [ 89.03754, 22.112586 ], [ 89.037467, 22.112477 ], [ 89.037276, 22.112088 ], [ 89.036436, 22.110063 ], [ 89.035863, 22.107958 ], [ 89.035813, 22.107715 ], [ 89.035751, 22.107316 ], [ 89.035418, 22.106008 ], [ 89.035251, 22.105353 ], [ 89.035102, 22.104766 ], [ 89.034819, 22.10408 ], [ 89.03471, 22.103814 ], [ 89.034635, 22.103633 ], [ 89.034508, 22.103359 ], [ 89.03448, 22.103298 ], [ 89.033742, 22.101424 ], [ 89.033724, 22.101362 ], [ 89.033639, 22.101126 ], [ 89.033562, 22.100889 ], [ 89.033569, 22.100887 ], [ 89.033507, 22.10069 ], [ 89.033398, 22.100379 ], [ 89.033249, 22.099846 ], [ 89.032969, 22.099187 ], [ 89.032955, 22.099153 ], [ 89.032361, 22.097535 ], [ 89.032191, 22.096986 ], [ 89.031742, 22.095212 ], [ 89.031487, 22.093405 ], [ 89.03143, 22.091583 ], [ 89.031569, 22.089765 ], [ 89.031584, 22.08965 ], [ 89.03161, 22.089512 ], [ 89.031639, 22.089413 ], [ 89.031615, 22.089313 ], [ 89.031606, 22.089292 ], [ 89.0316, 22.089216 ], [ 89.031425, 22.087934 ], [ 89.031367, 22.086227 ], [ 89.03137, 22.085996 ], [ 89.031377, 22.085611 ], [ 89.031393, 22.085094 ], [ 89.031398, 22.084995 ], [ 89.031436, 22.084599 ], [ 89.031435, 22.084261 ], [ 89.031588, 22.082679 ], [ 89.031906, 22.081059 ], [ 89.032042, 22.08051 ], [ 89.032067, 22.080385 ], [ 89.032235, 22.079714 ], [ 89.032278, 22.079613 ], [ 89.032329, 22.079243 ], [ 89.032396, 22.078876 ], [ 89.032403, 22.078877 ], [ 89.032607, 22.077784 ], [ 89.033039, 22.076273 ], [ 89.033045, 22.076249 ], [ 89.033198, 22.075797 ], [ 89.033513, 22.074346 ], [ 89.033965, 22.07227 ], [ 89.034209, 22.071288 ], [ 89.035095, 22.06813 ], [ 89.03522, 22.067684 ], [ 89.035253, 22.067279 ], [ 89.035267, 22.067169 ], [ 89.035662, 22.065126 ], [ 89.035761, 22.064741 ], [ 89.0359, 22.064204 ], [ 89.035936, 22.064066 ], [ 89.036262, 22.062841 ], [ 89.036493, 22.062052 ], [ 89.036577, 22.061788 ], [ 89.036581, 22.061789 ], [ 89.036757, 22.061124 ], [ 89.036783, 22.061039 ], [ 89.036821, 22.060985 ], [ 89.036819, 22.060922 ], [ 89.03716, 22.059816 ], [ 89.037257, 22.05954 ], [ 89.03731, 22.059464 ], [ 89.037311, 22.059388 ], [ 89.037465, 22.05895 ], [ 89.037467, 22.058942 ], [ 89.037505, 22.058885 ], [ 89.037517, 22.058736 ], [ 89.037566, 22.058536 ], [ 89.037601, 22.058339 ], [ 89.037619, 22.058305 ], [ 89.037634, 22.058216 ], [ 89.037626, 22.058201 ], [ 89.037667, 22.05797 ], [ 89.037799, 22.057374 ], [ 89.03783, 22.05738 ], [ 89.038084, 22.056203 ], [ 89.038272, 22.055554 ], [ 89.038332, 22.055424 ], [ 89.038321, 22.055364 ], [ 89.03845, 22.054665 ], [ 89.038488, 22.054383 ], [ 89.038904, 22.052669 ], [ 89.039497, 22.051 ], [ 89.040261, 22.049393 ], [ 89.041161, 22.047908 ], [ 89.041208, 22.047835 ], [ 89.041489, 22.04739 ], [ 89.04182, 22.0469 ], [ 89.041855, 22.04684 ], [ 89.041904, 22.046798 ], [ 89.041913, 22.046726 ], [ 89.042034, 22.046458 ], [ 89.042303, 22.045761 ], [ 89.042492, 22.045331 ], [ 89.042595, 22.045104 ], [ 89.042628, 22.044972 ], [ 89.042671, 22.044866 ], [ 89.042675, 22.044855 ], [ 89.042779, 22.044563 ], [ 89.04287, 22.044406 ], [ 89.043017, 22.043893 ], [ 89.043044, 22.043819 ], [ 89.043562, 22.042531 ], [ 89.0436, 22.042445 ], [ 89.043744, 22.042125 ], [ 89.043887, 22.041815 ], [ 89.044026, 22.041522 ], [ 89.044547, 22.04042 ], [ 89.044619, 22.040269 ], [ 89.044684, 22.040116 ], [ 89.044752, 22.039964 ], [ 89.044758, 22.039966 ], [ 89.04526, 22.03891 ], [ 89.045323, 22.038789 ], [ 89.045509, 22.038469 ], [ 89.045531, 22.038423 ], [ 89.046269, 22.03717 ], [ 89.046979, 22.036196 ], [ 89.047025, 22.036125 ], [ 89.047132, 22.036005 ], [ 89.047188, 22.035876 ], [ 89.047187, 22.035873 ], [ 89.04732, 22.035666 ], [ 89.047774, 22.034863 ], [ 89.048793, 22.033417 ], [ 89.049834, 22.032208 ], [ 89.049895, 22.032149 ], [ 89.050115, 22.0319 ], [ 89.050268, 22.031738 ], [ 89.050444, 22.031585 ], [ 89.050823, 22.03116 ], [ 89.050922, 22.03104 ], [ 89.051017, 22.030925 ], [ 89.051417, 22.030443 ], [ 89.051699, 22.030126 ], [ 89.052049, 22.029716 ], [ 89.052102, 22.029663 ], [ 89.052388, 22.029363 ], [ 89.052697, 22.028956 ], [ 89.052816, 22.028816 ], [ 89.053621, 22.027947 ], [ 89.053617, 22.027943 ], [ 89.053801, 22.027749 ], [ 89.05399, 22.02756 ], [ 89.054168, 22.027362 ], [ 89.054382, 22.027122 ], [ 89.054565, 22.026918 ], [ 89.054731, 22.026734 ], [ 89.054773, 22.026689 ], [ 89.054904, 22.026546 ], [ 89.055421, 22.026006 ], [ 89.055639, 22.025787 ], [ 89.056615, 22.024809 ], [ 89.056631, 22.024793 ], [ 89.056692, 22.024731 ], [ 89.059242, 22.022198 ], [ 89.059535, 22.021843 ], [ 89.059846, 22.021501 ], [ 89.059858, 22.021511 ], [ 89.060771, 22.020518 ], [ 89.061226, 22.020076 ], [ 89.061498, 22.019811 ], [ 89.062697, 22.018518 ], [ 89.062849, 22.018337 ], [ 89.063539, 22.017511 ], [ 89.063701, 22.017319 ], [ 89.064761, 22.016085 ], [ 89.065439, 22.015339 ], [ 89.065904, 22.014854 ], [ 89.066162, 22.014584 ], [ 89.066961, 22.013605 ], [ 89.067383, 22.012796 ], [ 89.067393, 22.012801 ], [ 89.067916, 22.011797 ], [ 89.068921, 22.010274 ], [ 89.069211, 22.009879 ], [ 89.069447, 22.009564 ], [ 89.069798, 22.009108 ], [ 89.070486, 22.008214 ], [ 89.070671, 22.007932 ], [ 89.071461, 22.006727 ], [ 89.071747, 22.006291 ], [ 89.071822, 22.006177 ], [ 89.071858, 22.006123 ], [ 89.071918, 22.006034 ], [ 89.072149, 22.005687 ], [ 89.072345, 22.005322 ], [ 89.072378, 22.005268 ], [ 89.07262, 22.004841 ], [ 89.072803, 22.004563 ], [ 89.072923, 22.004193 ], [ 89.072936, 22.004157 ], [ 89.073077, 22.003803 ], [ 89.073275, 22.003399 ], [ 89.073473, 22.002474 ], [ 89.073489, 22.002399 ], [ 89.073581, 22.001993 ], [ 89.073846, 22.000891 ], [ 89.073955, 22.000458 ], [ 89.07396, 22.000442 ], [ 89.074, 22.000291 ], [ 89.07461, 21.99844 ], [ 89.075035, 21.997361 ], [ 89.075136, 21.997026 ], [ 89.07568, 21.995227 ], [ 89.075732, 21.995053 ], [ 89.076505, 21.992039 ], [ 89.076561, 21.99172 ], [ 89.0767, 21.990933 ], [ 89.076939, 21.989576 ], [ 89.077033, 21.988024 ], [ 89.077115, 21.986665 ], [ 89.077138, 21.986294 ], [ 89.077086, 21.984447 ], [ 89.077086, 21.984441 ], [ 89.077068, 21.983804 ], [ 89.076722, 21.981891 ], [ 89.076704, 21.981802 ], [ 89.076578, 21.981185 ], [ 89.07647, 21.98065 ], [ 89.076339, 21.980312 ], [ 89.076207, 21.97997 ], [ 89.076186, 21.979915 ], [ 89.076164, 21.979861 ], [ 89.075955, 21.979342 ], [ 89.075897, 21.979199 ], [ 89.075834, 21.979056 ], [ 89.07571, 21.978777 ], [ 89.075677, 21.978704 ], [ 89.075643, 21.978631 ], [ 89.075548, 21.978426 ], [ 89.075387, 21.978082 ], [ 89.075152, 21.977557 ], [ 89.075002, 21.977204 ], [ 89.074831, 21.97675 ], [ 89.074715, 21.976515 ], [ 89.074507, 21.975987 ], [ 89.074476, 21.975906 ], [ 89.074428, 21.975786 ], [ 89.074412, 21.97574 ], [ 89.074411, 21.975738 ], [ 89.074393, 21.975684 ], [ 89.07439, 21.975678 ], [ 89.074346, 21.975556 ], [ 89.074348, 21.975556 ], [ 89.074104, 21.974861 ], [ 89.0741, 21.974846 ], [ 89.074026, 21.97463 ], [ 89.074004, 21.974568 ], [ 89.073869, 21.974177 ], [ 89.073718, 21.973663 ], [ 89.073539, 21.973231 ], [ 89.073488, 21.973086 ], [ 89.07336, 21.97264 ], [ 89.073144, 21.972009 ], [ 89.073144, 21.971984 ], [ 89.07314, 21.971923 ], [ 89.073108, 21.971862 ], [ 89.073068, 21.971824 ], [ 89.072923, 21.971512 ], [ 89.07219, 21.969657 ], [ 89.071679, 21.967738 ], [ 89.071653, 21.967611 ], [ 89.071653, 21.967477 ], [ 89.071615, 21.967179 ], [ 89.071489, 21.966738 ], [ 89.071373, 21.966426 ], [ 89.071363, 21.966397 ], [ 89.070839, 21.964405 ], [ 89.070561, 21.96237 ], [ 89.070549, 21.962207 ], [ 89.070539, 21.962075 ], [ 89.070513, 21.96167 ], [ 89.070427, 21.959982 ], [ 89.070325, 21.958266 ], [ 89.070251, 21.957935 ], [ 89.070219, 21.957791 ], [ 89.070177, 21.957602 ], [ 89.069838, 21.955381 ], [ 89.069837, 21.955353 ], [ 89.069774, 21.95477 ], [ 89.069742, 21.954462 ], [ 89.069697, 21.954047 ], [ 89.069612, 21.953636 ], [ 89.069023, 21.950807 ], [ 89.068936, 21.950388 ], [ 89.068807, 21.94998 ], [ 89.068576, 21.949248 ], [ 89.06849, 21.948977 ], [ 89.068387, 21.948711 ], [ 89.067588, 21.946663 ], [ 89.067482, 21.946389 ], [ 89.067357, 21.946123 ], [ 89.065871, 21.942961 ], [ 89.065671, 21.94252 ], [ 89.06523, 21.94151 ], [ 89.065175, 21.941384 ], [ 89.065053, 21.941128 ], [ 89.064783, 21.940558 ], [ 89.064546, 21.940036 ], [ 89.064195, 21.939229 ], [ 89.063812, 21.938349 ], [ 89.06376, 21.938228 ], [ 89.063568, 21.937779 ], [ 89.063437, 21.93747 ], [ 89.063284, 21.937175 ], [ 89.063234, 21.937079 ], [ 89.063056, 21.936736 ], [ 89.062934, 21.93653 ], [ 89.062741, 21.936202 ], [ 89.062684, 21.936104 ], [ 89.062384, 21.935653 ], [ 89.06238, 21.935609 ], [ 89.062343, 21.935574 ], [ 89.062332, 21.935574 ], [ 89.062223, 21.93541 ], [ 89.062096, 21.935258 ], [ 89.062089, 21.935218 ], [ 89.062027, 21.935171 ], [ 89.062023, 21.93517 ], [ 89.061851, 21.934965 ], [ 89.060918, 21.933745 ], [ 89.060598, 21.933287 ], [ 89.060582, 21.933223 ], [ 89.060521, 21.933189 ], [ 89.060418, 21.933069 ], [ 89.060219, 21.932871 ], [ 89.060042, 21.932683 ], [ 89.060043, 21.932678 ], [ 89.06003, 21.932641 ], [ 89.059988, 21.932623 ], [ 89.05944, 21.932539 ], [ 89.058813, 21.932526 ], [ 89.058789, 21.932528 ], [ 89.058668, 21.932518 ], [ 89.056771, 21.932265 ], [ 89.05491, 21.931838 ], [ 89.053104, 21.931242 ], [ 89.05137, 21.930481 ], [ 89.051217, 21.930405 ], [ 89.050482, 21.930083 ], [ 89.049575, 21.929624 ], [ 89.049551, 21.92958 ], [ 89.049353, 21.929465 ], [ 89.049082, 21.929349 ], [ 89.048734, 21.929227 ], [ 89.048474, 21.929138 ], [ 89.048148, 21.929058 ], [ 89.047742, 21.928987 ], [ 89.047551, 21.928957 ], [ 89.047375, 21.928928 ], [ 89.047124, 21.928885 ], [ 89.04706, 21.928876 ], [ 89.046627, 21.928797 ], [ 89.046306, 21.928793 ], [ 89.046277, 21.928796 ], [ 89.045978, 21.92878 ], [ 89.045753, 21.928765 ], [ 89.045702, 21.928756 ], [ 89.045475, 21.928734 ], [ 89.045375, 21.928722 ], [ 89.045291, 21.928732 ], [ 89.045263, 21.928747 ], [ 89.044547, 21.928803 ], [ 89.044545, 21.928781 ], [ 89.043332, 21.928874 ], [ 89.041155, 21.928812 ], [ 89.041013, 21.928801 ], [ 89.040792, 21.928778 ], [ 89.040571, 21.928765 ], [ 89.040357, 21.928747 ], [ 89.038666, 21.92854 ], [ 89.037001, 21.928194 ], [ 89.035375, 21.927714 ], [ 89.035294, 21.927686 ], [ 89.034947, 21.927553 ], [ 89.034876, 21.927537 ], [ 89.034857, 21.927536 ], [ 89.034562, 21.927436 ], [ 89.03445, 21.927396 ], [ 89.034391, 21.92736 ], [ 89.034165, 21.927288 ], [ 89.033787, 21.927163 ], [ 89.033423, 21.927059 ], [ 89.033105, 21.926995 ], [ 89.033062, 21.926989 ], [ 89.03294, 21.926959 ], [ 89.031095, 21.92642 ], [ 89.029317, 21.925711 ], [ 89.027624, 21.924841 ], [ 89.026032, 21.923817 ], [ 89.024558, 21.922651 ], [ 89.023215, 21.921352 ], [ 89.022019, 21.919936 ], [ 89.020979, 21.918415 ], [ 89.020108, 21.916805 ], [ 89.020037, 21.916634 ], [ 89.020028, 21.916604 ], [ 89.02002, 21.916593 ], [ 89.019874, 21.916239 ], [ 89.019646, 21.915763 ], [ 89.019642, 21.915696 ], [ 89.019595, 21.91565 ], [ 89.019588, 21.915641 ], [ 89.019431, 21.915312 ], [ 89.01936, 21.915192 ], [ 89.019332, 21.915101 ], [ 89.019252, 21.914947 ], [ 89.019135, 21.91481 ], [ 89.018933, 21.914466 ], [ 89.018102, 21.912868 ], [ 89.018004, 21.912653 ], [ 89.018006, 21.912603 ], [ 89.017971, 21.912588 ], [ 89.017596, 21.911946 ], [ 89.017558, 21.911888 ], [ 89.017481, 21.911753 ], [ 89.017394, 21.911611 ], [ 89.016752, 21.910459 ], [ 89.016639, 21.910202 ], [ 89.016578, 21.910133 ], [ 89.016427, 21.909831 ], [ 89.015753, 21.908315 ], [ 89.015229, 21.906747 ], [ 89.014861, 21.905142 ], [ 89.014749, 21.90428 ], [ 89.014713, 21.904092 ], [ 89.014709, 21.903938 ], [ 89.014422, 21.903744 ], [ 89.014372, 21.903708 ], [ 89.013038, 21.9026 ], [ 89.011751, 21.901298 ], [ 89.011351, 21.900804 ], [ 89.007011, 21.899481 ], [ 89.001007, 21.903105 ], [ 88.997208, 21.8895 ], [ 89.004402, 21.886921 ], [ 89.008774, 21.882713 ], [ 89.009445, 21.881356 ], [ 89.010405, 21.879827 ], [ 89.011521, 21.878394 ], [ 89.012781, 21.87707 ], [ 89.014175, 21.875868 ], [ 89.015688, 21.874799 ], [ 89.015851, 21.874695 ], [ 89.016144, 21.874522 ], [ 89.016423, 21.87433 ], [ 89.023115, 21.869731 ], [ 89.024265, 21.868998 ], [ 89.024812, 21.868676 ], [ 89.025003, 21.868564 ], [ 89.025114, 21.868498 ], [ 89.025222, 21.86843 ], [ 89.025634, 21.868173 ], [ 89.026165, 21.867842 ], [ 89.026477, 21.867472 ], [ 89.02681, 21.867118 ], [ 89.026831, 21.867135 ], [ 89.028205, 21.865731 ], [ 89.028215, 21.865722 ], [ 89.028627, 21.865397 ], [ 89.029137, 21.864765 ], [ 89.029447, 21.864002 ], [ 89.02979, 21.863215 ], [ 89.02986, 21.863065 ], [ 89.030156, 21.86243 ], [ 89.030156, 21.861967 ], [ 89.030156, 21.86125 ], [ 89.030156, 21.86119 ], [ 89.030155, 21.86113 ], [ 89.030153, 21.860974 ], [ 89.030135, 21.859687 ], [ 89.029813, 21.856002 ], [ 89.029343, 21.854425 ], [ 89.029137, 21.853732 ], [ 89.029145, 21.85373 ], [ 89.028762, 21.852381 ], [ 89.028456, 21.850601 ], [ 89.028342, 21.848801 ], [ 89.028421, 21.847 ], [ 89.028692, 21.845215 ], [ 89.029137, 21.843521 ], [ 89.029185, 21.84342 ], [ 89.029346, 21.842823 ], [ 89.029319, 21.838476 ], [ 89.029315, 21.838354 ], [ 89.029228, 21.835881 ], [ 89.029223, 21.835717 ], [ 89.029207, 21.835501 ], [ 89.029187, 21.835237 ], [ 89.029148, 21.834701 ], [ 89.02901, 21.834025 ], [ 89.028972, 21.833838 ], [ 89.02889, 21.833436 ], [ 89.028286, 21.831976 ], [ 89.027703, 21.830569 ], [ 89.027538, 21.83017 ], [ 89.027334, 21.829787 ], [ 89.026695, 21.828594 ], [ 89.025865, 21.827042 ], [ 89.025738, 21.826835 ], [ 89.024352, 21.824554 ], [ 89.024169, 21.824254 ], [ 89.022505, 21.82229 ], [ 89.022047, 21.821727 ], [ 89.021096, 21.820509 ], [ 89.020632, 21.820061 ], [ 89.020296, 21.819687 ], [ 89.019398, 21.818591 ], [ 89.019374, 21.818547 ], [ 89.019302, 21.818474 ], [ 89.019215, 21.818368 ], [ 89.018927, 21.817981 ], [ 89.018654, 21.817647 ], [ 89.017657, 21.816143 ], [ 89.016822, 21.814554 ], [ 89.016158, 21.812897 ], [ 89.01567, 21.811187 ], [ 89.015506, 21.810473 ], [ 89.015356, 21.809817 ], [ 89.015062, 21.808169 ], [ 89.01503, 21.807918 ], [ 89.014996, 21.807425 ], [ 89.014929, 21.807273 ], [ 89.014786, 21.806699 ], [ 89.014454, 21.804992 ], [ 89.014298, 21.803263 ], [ 89.014292, 21.803102 ], [ 89.014315, 21.803038 ], [ 89.014224, 21.802594 ], [ 89.014223, 21.802593 ], [ 89.014204, 21.802467 ], [ 89.014081, 21.801715 ], [ 89.014025, 21.801422 ], [ 89.014031, 21.801409 ], [ 89.013993, 21.801135 ], [ 89.013959, 21.801097 ], [ 89.013779, 21.800487 ], [ 89.013515, 21.799719 ], [ 89.013093, 21.797778 ], [ 89.012902, 21.795806 ], [ 89.012942, 21.793826 ], [ 89.01297, 21.793479 ], [ 89.013001, 21.793281 ], [ 89.013011, 21.79327 ], [ 89.013013, 21.793203 ], [ 89.013137, 21.792415 ], [ 89.013108, 21.792412 ], [ 89.013202, 21.7917 ], [ 89.013242, 21.791561 ], [ 89.013222, 21.791502 ], [ 89.013245, 21.790711 ], [ 89.013242, 21.790564 ], [ 89.013396, 21.788786 ], [ 89.013736, 21.78703 ], [ 89.01411, 21.785806 ], [ 89.014147, 21.785649 ], [ 89.014192, 21.785589 ], [ 89.014481, 21.783938 ], [ 89.014573, 21.783416 ], [ 89.014642, 21.783019 ], [ 89.014674, 21.782617 ], [ 89.014724, 21.782217 ], [ 89.014746, 21.782219 ], [ 89.014902, 21.781064 ], [ 89.015365, 21.779221 ], [ 89.016031, 21.777434 ], [ 89.016331, 21.776749 ], [ 89.016429, 21.776595 ], [ 89.016424, 21.776536 ], [ 89.016505, 21.77635 ], [ 89.016702, 21.775791 ], [ 89.016968, 21.775116 ], [ 89.017054, 21.774969 ], [ 89.017099, 21.774762 ], [ 89.017094, 21.774734 ], [ 89.017267, 21.774108 ], [ 89.017276, 21.77411 ], [ 89.01738, 21.773659 ], [ 89.018031, 21.771817 ], [ 89.018241, 21.771316 ], [ 89.018282, 21.77127 ], [ 89.018303, 21.771132 ], [ 89.018356, 21.770961 ], [ 89.019191, 21.768804 ], [ 89.019242, 21.768726 ], [ 89.019299, 21.768443 ], [ 89.019289, 21.768416 ], [ 89.01965, 21.766648 ], [ 89.020275, 21.764749 ], [ 89.02056, 21.764027 ], [ 89.020616, 21.763962 ], [ 89.020602, 21.763919 ], [ 89.020867, 21.763248 ], [ 89.021687, 21.761472 ], [ 89.021758, 21.761337 ], [ 89.021804, 21.761293 ], [ 89.021849, 21.761217 ], [ 89.021835, 21.761193 ], [ 89.02197, 21.760938 ], [ 89.022544, 21.759713 ], [ 89.023558, 21.758053 ], [ 89.024754, 21.756502 ], [ 89.025876, 21.755331 ], [ 89.025972, 21.755224 ], [ 89.026036, 21.755178 ], [ 89.026284, 21.754878 ], [ 89.026815, 21.754234 ], [ 89.026964, 21.754054 ], [ 89.027055, 21.753937 ], [ 89.027308, 21.753609 ], [ 89.027592, 21.753242 ], [ 89.027827, 21.752866 ], [ 89.028082, 21.7525 ], [ 89.028108, 21.752516 ], [ 89.028623, 21.751812 ], [ 89.02861, 21.751803 ], [ 89.02895, 21.751331 ], [ 89.02903, 21.751244 ], [ 89.029222, 21.750954 ], [ 89.029369, 21.75075 ], [ 89.030942, 21.748855 ], [ 89.031051, 21.74874 ], [ 89.031143, 21.748663 ], [ 89.031483, 21.748276 ], [ 89.031738, 21.747923 ], [ 89.032665, 21.74685 ], [ 89.032728, 21.746792 ], [ 89.032788, 21.746726 ], [ 89.033709, 21.745814 ], [ 89.033711, 21.745812 ], [ 89.033712, 21.745811 ], [ 89.03407, 21.745484 ], [ 89.034389, 21.745124 ], [ 89.034599, 21.744887 ], [ 89.034684, 21.744792 ], [ 89.034898, 21.744536 ], [ 89.035253, 21.744112 ], [ 89.035361, 21.743988 ], [ 89.035491, 21.743852 ], [ 89.035549, 21.74377 ], [ 89.035616, 21.743693 ], [ 89.035725, 21.743571 ], [ 89.036367, 21.742811 ], [ 89.036419, 21.742759 ], [ 89.036647, 21.742494 ], [ 89.036724, 21.742412 ], [ 89.038305, 21.740902 ], [ 89.039668, 21.739874 ], [ 89.039658, 21.739863 ], [ 89.040022, 21.7396 ], [ 89.040033, 21.739596 ], [ 89.040263, 21.739442 ], [ 89.040352, 21.73936 ], [ 89.040469, 21.739276 ], [ 89.040766, 21.739071 ], [ 89.040974, 21.738952 ], [ 89.041086, 21.738823 ], [ 89.041492, 21.738491 ], [ 89.04245, 21.737758 ], [ 89.042784, 21.737518 ], [ 89.042921, 21.737447 ], [ 89.043148, 21.737181 ], [ 89.044263, 21.736099 ], [ 89.045564, 21.735043 ], [ 89.046961, 21.7341 ], [ 89.047121, 21.734001 ], [ 89.048334, 21.733334 ], [ 89.048478, 21.733274 ], [ 89.048971, 21.732996 ], [ 89.049492, 21.732703 ], [ 89.049498, 21.732712 ], [ 89.049597, 21.732653 ], [ 89.049685, 21.732611 ], [ 89.050068, 21.732384 ], [ 89.050155, 21.732332 ], [ 89.050172, 21.732293 ], [ 89.050545, 21.731994 ], [ 89.052553, 21.730587 ], [ 89.052619, 21.730546 ], [ 89.05304, 21.730297 ], [ 89.053278, 21.73016 ], [ 89.053625, 21.729972 ], [ 89.054272, 21.72957 ], [ 89.054425, 21.729475 ], [ 89.054731, 21.729285 ], [ 89.055154, 21.728923 ], [ 89.055299, 21.728746 ], [ 89.05535, 21.728469 ], [ 89.055822, 21.726895 ], [ 89.055889, 21.726733 ], [ 89.055891, 21.726676 ], [ 89.056082, 21.726149 ], [ 89.056705, 21.724653 ], [ 89.057469, 21.723214 ], [ 89.058366, 21.721845 ], [ 89.059065, 21.720964 ], [ 89.059079, 21.720944 ], [ 89.059204, 21.720815 ], [ 89.059311, 21.720638 ], [ 89.060346, 21.71931 ], [ 89.060394, 21.719244 ], [ 89.060487, 21.719148 ], [ 89.060707, 21.718821 ], [ 89.060943, 21.718503 ], [ 89.060949, 21.718507 ], [ 89.061797, 21.717382 ], [ 89.061869, 21.717296 ], [ 89.062246, 21.716846 ], [ 89.062559, 21.716355 ], [ 89.063045, 21.715595 ], [ 89.063083, 21.715535 ], [ 89.06312, 21.715475 ], [ 89.063614, 21.714674 ], [ 89.063931, 21.71416 ], [ 89.06525, 21.711169 ], [ 89.066736, 21.707767 ], [ 89.066768, 21.707694 ], [ 89.067643, 21.705717 ], [ 89.067977, 21.704874 ], [ 89.068394, 21.703823 ], [ 89.068501, 21.703554 ], [ 89.069231, 21.701281 ], [ 89.069542, 21.699756 ], [ 89.069572, 21.699277 ], [ 89.069852, 21.697756 ], [ 89.070269, 21.696313 ], [ 89.069046, 21.693301 ], [ 89.069046, 21.691807 ], [ 89.068714, 21.690644 ], [ 89.068049, 21.689731 ], [ 89.066719, 21.689565 ], [ 89.066386, 21.689067 ], [ 89.067966, 21.6889 ], [ 89.069628, 21.689067 ], [ 89.070875, 21.68915 ], [ 89.072122, 21.690063 ], [ 89.073429, 21.690634 ], [ 89.073756, 21.690222 ], [ 89.074936, 21.688994 ], [ 89.075255, 21.68872 ], [ 89.0757, 21.688152 ], [ 89.075751, 21.688032 ], [ 89.076069, 21.687493 ], [ 89.076377, 21.686927 ], [ 89.077459, 21.685363 ], [ 89.078707, 21.683912 ], [ 89.080109, 21.682588 ], [ 89.081648, 21.681406 ], [ 89.08331, 21.680379 ], [ 89.08367, 21.680203 ], [ 89.084509, 21.678604 ], [ 89.085257, 21.679102 ], [ 89.085969, 21.679186 ], [ 89.086928, 21.67883 ], [ 89.087054, 21.67879 ], [ 89.087336, 21.678438 ], [ 89.087585, 21.676528 ], [ 89.087174, 21.672927 ], [ 89.088447, 21.67002 ], [ 89.089721, 21.66902 ], [ 89.089935, 21.668867 ], [ 89.090367, 21.667923 ], [ 89.091221, 21.66645 ], [ 89.091317, 21.666301 ], [ 89.091622, 21.665884 ], [ 89.091874, 21.665011 ], [ 89.09195, 21.664599 ], [ 89.092066, 21.66397 ], [ 89.092401, 21.662518 ], [ 89.092431, 21.662411 ], [ 89.092485, 21.662229 ], [ 89.092532, 21.662046 ], [ 89.09259, 21.661816 ], [ 89.093006, 21.660175 ], [ 89.093137, 21.65939 ], [ 89.093334, 21.658207 ], [ 89.093392, 21.657862 ], [ 89.093392, 21.656765 ], [ 89.093391, 21.656719 ], [ 89.093475, 21.654841 ], [ 89.093674, 21.653585 ], [ 89.093703, 21.653484 ], [ 89.093806, 21.652767 ], [ 89.093827, 21.652619 ], [ 89.093891, 21.652173 ], [ 89.093914, 21.651538 ], [ 89.093925, 21.651207 ], [ 89.093939, 21.650827 ], [ 89.093889, 21.649904 ], [ 89.09386, 21.64938 ], [ 89.093832, 21.648857 ], [ 89.093679, 21.648011 ], [ 89.093641, 21.647795 ], [ 89.09358, 21.647456 ], [ 89.093491, 21.647123 ], [ 89.093478, 21.647074 ], [ 89.093322, 21.646484 ], [ 89.093135, 21.646027 ], [ 89.09266, 21.644302 ], [ 89.092364, 21.64247 ], [ 89.092285, 21.640908 ], [ 89.092274, 21.640722 ], [ 89.092276, 21.6407 ], [ 89.092273, 21.640299 ], [ 89.092239, 21.640002 ], [ 89.092147, 21.639498 ], [ 89.092094, 21.639214 ], [ 89.091745, 21.638476 ], [ 89.091646, 21.638348 ], [ 89.091365, 21.637829 ], [ 89.091311, 21.637678 ], [ 89.091074, 21.637305 ], [ 89.09106, 21.637283 ], [ 89.091047, 21.637258 ], [ 89.090917, 21.63705 ], [ 89.090892, 21.637 ], [ 89.090758, 21.636766 ], [ 89.090436, 21.636367 ], [ 89.090259, 21.636207 ], [ 89.090107, 21.636153 ], [ 89.089699, 21.635937 ], [ 89.089497, 21.635844 ], [ 89.088058, 21.635029 ], [ 89.086701, 21.634099 ], [ 89.086246, 21.633758 ], [ 89.086126, 21.633632 ], [ 89.085901, 21.633515 ], [ 89.085809, 21.633496 ], [ 89.085062, 21.63315 ], [ 89.085064, 21.633146 ], [ 89.084589, 21.632948 ], [ 89.084301, 21.632789 ], [ 89.08435, 21.632912 ], [ 89.083404, 21.633338 ], [ 89.081697, 21.632059 ], [ 89.081029, 21.630726 ], [ 89.080936, 21.630622 ], [ 89.08078, 21.630513 ], [ 89.080706, 21.63049 ], [ 89.079375, 21.629565 ], [ 89.078023, 21.628427 ], [ 89.076791, 21.627175 ], [ 89.076448, 21.62679 ], [ 89.0764, 21.62671 ], [ 89.076263, 21.626538 ], [ 89.076191, 21.626466 ], [ 89.076089, 21.626379 ], [ 89.07596, 21.626299 ], [ 89.075807, 21.626247 ], [ 89.075523, 21.626192 ], [ 89.075274, 21.626149 ], [ 89.075253, 21.62615 ], [ 89.075215, 21.62614 ], [ 89.073364, 21.625539 ], [ 89.071587, 21.624767 ], [ 89.070953, 21.624414 ], [ 89.070461, 21.624168 ], [ 89.070392, 21.62411 ], [ 89.070078, 21.62397 ], [ 89.069979, 21.623967 ], [ 89.069541, 21.623843 ], [ 89.068783, 21.62367 ], [ 89.066979, 21.623074 ], [ 89.066247, 21.622793 ], [ 89.066087, 21.622699 ], [ 89.065698, 21.622574 ], [ 89.065561, 21.622564 ], [ 89.065486, 21.62255 ], [ 89.064092, 21.622334 ], [ 89.062473, 21.621935 ], [ 89.062332, 21.621866 ], [ 89.06184, 21.621751 ], [ 89.061316, 21.621586 ], [ 89.060507, 21.621316 ], [ 89.060336, 21.621227 ], [ 89.059832, 21.621143 ], [ 89.059661, 21.621148 ], [ 89.059279, 21.621103 ], [ 89.057926, 21.621003 ], [ 89.057855, 21.620993 ], [ 89.057511, 21.620948 ], [ 89.057359, 21.620928 ], [ 89.056769, 21.620868 ], [ 89.056308, 21.620953 ], [ 89.056305, 21.620955 ], [ 89.055089, 21.621181 ], [ 89.053417, 21.621353 ], [ 89.051736, 21.621388 ], [ 89.051523, 21.621384 ], [ 89.051378, 21.621362 ], [ 89.051331, 21.62138 ], [ 89.050769, 21.621368 ], [ 89.050013, 21.621383 ], [ 89.049437, 21.621342 ], [ 89.048057, 21.622542 ], [ 89.046083, 21.623995 ], [ 89.044316, 21.625759 ], [ 89.039021, 21.629937 ], [ 89.038544, 21.630811 ], [ 89.037509, 21.631367 ], [ 89.036077, 21.631526 ], [ 89.034645, 21.632321 ], [ 89.034565, 21.633593 ], [ 89.033451, 21.633911 ], [ 89.032496, 21.633434 ], [ 89.030984, 21.63407 ], [ 89.029552, 21.634626 ], [ 89.028836, 21.635023 ], [ 89.028517, 21.635659 ], [ 89.028119, 21.637169 ], [ 89.02804, 21.638521 ], [ 89.026926, 21.639395 ], [ 89.025971, 21.639395 ], [ 89.024141, 21.639236 ], [ 89.023265, 21.638839 ], [ 89.022151, 21.637964 ], [ 89.022231, 21.635341 ], [ 89.023186, 21.633354 ], [ 89.024634, 21.630772 ], [ 89.025592, 21.629468 ], [ 89.026897, 21.628163 ], [ 89.027855, 21.627294 ], [ 89.029335, 21.627381 ], [ 89.031163, 21.627033 ], [ 89.032817, 21.625902 ], [ 89.033775, 21.625033 ], [ 89.035168, 21.623815 ], [ 89.035255, 21.622511 ], [ 89.035255, 21.620946 ], [ 89.035516, 21.61912 ], [ 89.035952, 21.617902 ], [ 89.0363, 21.616163 ], [ 89.0363, 21.615492 ], [ 89.035402, 21.614518 ], [ 89.035336, 21.614402 ], [ 89.03525, 21.61431 ], [ 89.035224, 21.614299 ], [ 89.034409, 21.613167 ], [ 89.034405, 21.61317 ], [ 89.034081, 21.612745 ], [ 89.034078, 21.612734 ], [ 89.03385, 21.6124 ], [ 89.033718, 21.612378 ], [ 89.033715, 21.612382 ], [ 89.033568, 21.612334 ], [ 89.032162, 21.611949 ], [ 89.030282, 21.611228 ], [ 89.028494, 21.610325 ], [ 89.026817, 21.609252 ], [ 89.026731, 21.60919 ], [ 89.026685, 21.609133 ], [ 89.026317, 21.608895 ], [ 89.025961, 21.60864 ], [ 89.025973, 21.608625 ], [ 89.024989, 21.607913 ], [ 89.02365, 21.606715 ], [ 89.023649, 21.606705 ], [ 89.023558, 21.606605 ], [ 89.023492, 21.606593 ], [ 89.022994, 21.606321 ], [ 89.022555, 21.606095 ], [ 89.022378, 21.605971 ], [ 89.021793, 21.605887 ], [ 89.021369, 21.605911 ], [ 89.02128, 21.605942 ], [ 89.020438, 21.60603 ], [ 89.020438, 21.606029 ], [ 89.019805, 21.606119 ], [ 89.017568, 21.606192 ], [ 89.017534, 21.606191 ], [ 89.017319, 21.606177 ], [ 89.017287, 21.606161 ], [ 89.017138, 21.606165 ], [ 89.015694, 21.606069 ], [ 89.013874, 21.605783 ], [ 89.012344, 21.605399 ], [ 89.012209, 21.605366 ], [ 89.012201, 21.605363 ], [ 89.011813, 21.605251 ], [ 89.011725, 21.605256 ], [ 89.01115, 21.605166 ], [ 89.010554, 21.605098 ], [ 89.010261, 21.605037 ], [ 89.009783, 21.604968 ], [ 89.00961, 21.604914 ], [ 89.008795, 21.604839 ], [ 89.008611, 21.604862 ], [ 89.008507, 21.604858 ], [ 89.007541, 21.604885 ], [ 89.005831, 21.604791 ], [ 89.004137, 21.604556 ], [ 89.002991, 21.604298 ], [ 89.002991, 21.6043 ], [ 89.002844, 21.604268 ], [ 89.002016, 21.604084 ], [ 89.001532, 21.603976 ], [ 89.00055, 21.604046 ], [ 88.999783, 21.604281 ], [ 88.999386, 21.604854 ], [ 88.999384, 21.604901 ], [ 88.999176, 21.605319 ], [ 88.998834, 21.606085 ], [ 88.99801, 21.607518 ], [ 88.997863, 21.611781 ], [ 88.997032, 21.614104 ], [ 88.994208, 21.613938 ], [ 88.992897, 21.61283 ], [ 88.992872, 21.612849 ], [ 88.991296, 21.61383 ], [ 88.989625, 21.614662 ], [ 88.987875, 21.615337 ], [ 88.987546, 21.615446 ], [ 88.987459, 21.615456 ], [ 88.987336, 21.615529 ], [ 88.986879, 21.615726 ], [ 88.986394, 21.61596 ], [ 88.984726, 21.616587 ], [ 88.983002, 21.617067 ], [ 88.981238, 21.617395 ], [ 88.979704, 21.617543 ], [ 88.979625, 21.617555 ], [ 88.979575, 21.617542 ], [ 88.979436, 21.617594 ], [ 88.979405, 21.617601 ], [ 88.978049, 21.617979 ], [ 88.976302, 21.618306 ], [ 88.974603, 21.618474 ], [ 88.974451, 21.618485 ], [ 88.974254, 21.618496 ], [ 88.973035, 21.618528 ], [ 88.972737, 21.618526 ], [ 88.972178, 21.618524 ], [ 88.970515, 21.618539 ], [ 88.968851, 21.618704 ], [ 88.967801, 21.618807 ], [ 88.967369, 21.618845 ], [ 88.967287, 21.618852 ], [ 88.963981, 21.619108 ], [ 88.963824, 21.619125 ], [ 88.963154, 21.619197 ], [ 88.96191, 21.619332 ], [ 88.960988, 21.619478 ], [ 88.960574, 21.619544 ], [ 88.960118, 21.619617 ], [ 88.959239, 21.619926 ], [ 88.959005, 21.620021 ], [ 88.958978, 21.620032 ], [ 88.957897, 21.620474 ], [ 88.957302, 21.620821 ], [ 88.957164, 21.620902 ], [ 88.956717, 21.621162 ], [ 88.956341, 21.621507 ], [ 88.95592, 21.621894 ], [ 88.955151, 21.622599 ], [ 88.954818, 21.622979 ], [ 88.953969, 21.623948 ], [ 88.952919, 21.625146 ], [ 88.952526, 21.625581 ], [ 88.95221, 21.625919 ], [ 88.95057, 21.627675 ], [ 88.94992, 21.62864 ], [ 88.949612, 21.629097 ], [ 88.9494, 21.629411 ], [ 88.949375, 21.629482 ], [ 88.949325, 21.629564 ], [ 88.948275, 21.63109 ], [ 88.947067, 21.632511 ], [ 88.945712, 21.633811 ], [ 88.944224, 21.634977 ], [ 88.942619, 21.635998 ], [ 88.940912, 21.636863 ], [ 88.93912, 21.637563 ], [ 88.937263, 21.638092 ], [ 88.935358, 21.638443 ], [ 88.933426, 21.638615 ], [ 88.931484, 21.638603 ], [ 88.929554, 21.63841 ], [ 88.927654, 21.638036 ], [ 88.925803, 21.637486 ], [ 88.924022, 21.636766 ], [ 88.922326, 21.635881 ], [ 88.920734, 21.634842 ], [ 88.920576, 21.634727 ], [ 88.920575, 21.634724 ], [ 88.920522, 21.634663 ], [ 88.920438, 21.634682 ], [ 88.920436, 21.634683 ], [ 88.919614, 21.634682 ], [ 88.919614, 21.634679 ], [ 88.919231, 21.634693 ], [ 88.918808, 21.634688 ], [ 88.918721, 21.634668 ], [ 88.918625, 21.634716 ], [ 88.91861, 21.634769 ], [ 88.918387, 21.63501 ], [ 88.917952, 21.635542 ], [ 88.916831, 21.636692 ], [ 88.915608, 21.637748 ], [ 88.914363, 21.63865 ], [ 88.914309, 21.638671 ], [ 88.914161, 21.638758 ], [ 88.914141, 21.638824 ], [ 88.914016, 21.638979 ], [ 88.912631, 21.64052 ], [ 88.911071, 21.641908 ], [ 88.90992, 21.642723 ], [ 88.909633, 21.642944 ], [ 88.909583, 21.642956 ], [ 88.909524, 21.643006 ], [ 88.909506, 21.643067 ], [ 88.909102, 21.643624 ], [ 88.908754, 21.644151 ], [ 88.907484, 21.645678 ], [ 88.907033, 21.646114 ], [ 88.906562, 21.646617 ], [ 88.906522, 21.646624 ], [ 88.906455, 21.646722 ], [ 88.906456, 21.64673 ], [ 88.906326, 21.646869 ], [ 88.905528, 21.647814 ], [ 88.904172, 21.649122 ], [ 88.902683, 21.650297 ], [ 88.901074, 21.651325 ], [ 88.899363, 21.652196 ], [ 88.897567, 21.652902 ], [ 88.896908, 21.65309 ], [ 88.89639, 21.653262 ], [ 88.89637, 21.653261 ], [ 88.896271, 21.65328 ], [ 88.896079, 21.653354 ], [ 88.89605, 21.653375 ], [ 88.89581, 21.653455 ], [ 88.895208, 21.65368 ], [ 88.895053, 21.653714 ], [ 88.894812, 21.653913 ], [ 88.894745, 21.653994 ], [ 88.893206, 21.655244 ], [ 88.891441, 21.656383 ], [ 88.890115, 21.65705 ], [ 88.890118, 21.657055 ], [ 88.889637, 21.657297 ], [ 88.889614, 21.657303 ], [ 88.889265, 21.657458 ], [ 88.888884, 21.657724 ], [ 88.887245, 21.658646 ], [ 88.885515, 21.659412 ], [ 88.883712, 21.660015 ], [ 88.881854, 21.660447 ], [ 88.879959, 21.660706 ], [ 88.878046, 21.660788 ], [ 88.876134, 21.660693 ], [ 88.874242, 21.660421 ], [ 88.872387, 21.659976 ], [ 88.870589, 21.659361 ], [ 88.868864, 21.658582 ], [ 88.867231, 21.657648 ], [ 88.865705, 21.656567 ], [ 88.8643, 21.655351 ], [ 88.863031, 21.65401 ], [ 88.861911, 21.652559 ], [ 88.86095, 21.651011 ], [ 88.860157, 21.649381 ], [ 88.859541, 21.647686 ], [ 88.859107, 21.645943 ], [ 88.85886, 21.644168 ], [ 88.858802, 21.642379 ], [ 88.858817, 21.641659 ], [ 88.858849, 21.641498 ], [ 88.858779, 21.641047 ], [ 88.858763, 21.640954 ], [ 88.858758, 21.640928 ], [ 88.858709, 21.640645 ], [ 88.858511, 21.639833 ], [ 88.858342, 21.639462 ], [ 88.858111, 21.638956 ], [ 88.858017, 21.638751 ], [ 88.857982, 21.638681 ], [ 88.857859, 21.638588 ], [ 88.857738, 21.638501 ], [ 88.857729, 21.638498 ], [ 88.857302, 21.638148 ], [ 88.85731, 21.638139 ], [ 88.856178, 21.637199 ], [ 88.854731, 21.635695 ], [ 88.854505, 21.635431 ], [ 88.853887, 21.634711 ], [ 88.853321, 21.634275 ], [ 88.852948, 21.633981 ], [ 88.852584, 21.633686 ], [ 88.852159, 21.633305 ], [ 88.852007, 21.633218 ], [ 88.851788, 21.633041 ], [ 88.849908, 21.631291 ], [ 88.849839, 21.631217 ], [ 88.849558, 21.630887 ], [ 88.848978, 21.630323 ], [ 88.848982, 21.63032 ], [ 88.847938, 21.629268 ], [ 88.846826, 21.627911 ], [ 88.845857, 21.626463 ], [ 88.845039, 21.624935 ], [ 88.844379, 21.623342 ], [ 88.844083, 21.622362 ], [ 88.843988, 21.622099 ], [ 88.843989, 21.622035 ], [ 88.843952, 21.621945 ], [ 88.843924, 21.62192 ], [ 88.843326, 21.620475 ], [ 88.842822, 21.618792 ], [ 88.842495, 21.617072 ], [ 88.842347, 21.61533 ], [ 88.84238, 21.613583 ], [ 88.842593, 21.611848 ], [ 88.842985, 21.610139 ], [ 88.843551, 21.608474 ], [ 88.844287, 21.606868 ], [ 88.845185, 21.605336 ], [ 88.846237, 21.603892 ], [ 88.847433, 21.60255 ], [ 88.848763, 21.601322 ], [ 88.850213, 21.60022 ], [ 88.85177, 21.599255 ], [ 88.85342, 21.598434 ], [ 88.855146, 21.597767 ], [ 88.856891, 21.597271 ], [ 88.857272, 21.597198 ], [ 88.857661, 21.597012 ], [ 88.8577, 21.596993 ], [ 88.857719, 21.596984 ], [ 88.859048, 21.596423 ], [ 88.859117, 21.59641 ], [ 88.859639, 21.596184 ], [ 88.860111, 21.59601 ], [ 88.861506, 21.595553 ], [ 88.862237, 21.595343 ], [ 88.862336, 21.595338 ], [ 88.86239, 21.595299 ], [ 88.862442, 21.595285 ], [ 88.864459, 21.594814 ], [ 88.865172, 21.594685 ], [ 88.865206, 21.594699 ], [ 88.865361, 21.594649 ], [ 88.865608, 21.594555 ], [ 88.865611, 21.594551 ], [ 88.865966, 21.594428 ], [ 88.86597, 21.59444 ], [ 88.867214, 21.594025 ], [ 88.868986, 21.593606 ], [ 88.869171, 21.59357 ], [ 88.869173, 21.593572 ], [ 88.869267, 21.593577 ], [ 88.869591, 21.593427 ], [ 88.869808, 21.593321 ], [ 88.86993, 21.59323 ], [ 88.870304, 21.593026 ], [ 88.870407, 21.592962 ], [ 88.871497, 21.592397 ], [ 88.871691, 21.5923 ], [ 88.872845, 21.591664 ], [ 88.873507, 21.591316 ], [ 88.873527, 21.591305 ], [ 88.873912, 21.591113 ], [ 88.874443, 21.590544 ], [ 88.874674, 21.590226 ], [ 88.875734, 21.589061 ], [ 88.877072, 21.58785 ], [ 88.878528, 21.586765 ], [ 88.880089, 21.585816 ], [ 88.880544, 21.585568 ], [ 88.880677, 21.585516 ], [ 88.881047, 21.585247 ], [ 88.881313, 21.584978 ], [ 88.881591, 21.584719 ], [ 88.881595, 21.584723 ], [ 88.882468, 21.583918 ], [ 88.883796, 21.582893 ], [ 88.885216, 21.581983 ], [ 88.886718, 21.581195 ], [ 88.888289, 21.580535 ], [ 88.88857, 21.58043 ], [ 88.888664, 21.580418 ], [ 88.888715, 21.580343 ], [ 88.888856, 21.580216 ], [ 88.890437, 21.578939 ], [ 88.890876, 21.578655 ], [ 88.891459, 21.578239 ], [ 88.89155, 21.578203 ], [ 88.892766, 21.57724 ], [ 88.892792, 21.577221 ], [ 88.893138, 21.576946 ], [ 88.893314, 21.576555 ], [ 88.89333, 21.57652 ], [ 88.893564, 21.575999 ], [ 88.894173, 21.574774 ], [ 88.894879, 21.573596 ], [ 88.894922, 21.573529 ], [ 88.894943, 21.573497 ], [ 88.895241, 21.57304 ], [ 88.895416, 21.57253 ], [ 88.895597, 21.572092 ], [ 88.896514, 21.570209 ], [ 88.897371, 21.568876 ], [ 88.897363, 21.568871 ], [ 88.897602, 21.568508 ], [ 88.897859, 21.568156 ], [ 88.898, 21.567751 ], [ 88.898389, 21.566639 ], [ 88.898535, 21.566221 ], [ 88.898417, 21.564744 ], [ 88.898152, 21.563959 ], [ 88.898076, 21.563736 ], [ 88.898063, 21.563696 ], [ 88.897644, 21.562479 ], [ 88.897233, 21.561756 ], [ 88.897199, 21.561698 ], [ 88.896979, 21.561311 ], [ 88.896513, 21.560949 ], [ 88.896369, 21.560838 ], [ 88.896003, 21.560553 ], [ 88.895343, 21.560294 ], [ 88.895117, 21.560206 ], [ 88.894705, 21.560044 ], [ 88.894338, 21.560003 ], [ 88.892767, 21.559692 ], [ 88.891153, 21.559231 ], [ 88.889588, 21.55864 ], [ 88.888314, 21.558032 ], [ 88.888248, 21.558005 ], [ 88.888214, 21.557969 ], [ 88.887806, 21.557819 ], [ 88.88698, 21.557649 ], [ 88.886202, 21.557564 ], [ 88.886076, 21.557554 ], [ 88.886047, 21.557551 ], [ 88.885553, 21.55751 ], [ 88.885057, 21.557516 ], [ 88.88486, 21.557508 ], [ 88.884197, 21.5575 ], [ 88.884141, 21.557498 ], [ 88.883675, 21.55748 ], [ 88.883256, 21.557498 ], [ 88.882836, 21.557516 ], [ 88.882281, 21.557539 ], [ 88.8819, 21.55764 ], [ 88.879876, 21.557949 ], [ 88.878536, 21.558079 ], [ 88.878139, 21.558118 ], [ 88.877755, 21.558217 ], [ 88.8773, 21.558335 ], [ 88.875483, 21.558716 ], [ 88.873635, 21.558932 ], [ 88.871774, 21.558981 ], [ 88.869917, 21.558862 ], [ 88.86808, 21.558575 ], [ 88.866282, 21.558125 ], [ 88.865313, 21.557786 ], [ 88.865005, 21.557696 ], [ 88.864948, 21.557654 ], [ 88.864503, 21.557764 ], [ 88.864379, 21.557831 ], [ 88.863924, 21.558006 ], [ 88.862707, 21.55843 ], [ 88.862315, 21.558553 ], [ 88.86004, 21.559124 ], [ 88.857968, 21.559397 ], [ 88.857876, 21.559411 ], [ 88.857755, 21.559415 ], [ 88.85754, 21.559454 ], [ 88.855541, 21.559641 ], [ 88.853434, 21.559622 ], [ 88.853328, 21.559615 ], [ 88.853265, 21.55959 ], [ 88.852921, 21.559585 ], [ 88.85254, 21.559645 ], [ 88.852063, 21.55978 ], [ 88.851725, 21.55985 ], [ 88.851714, 21.559854 ], [ 88.851419, 21.55991 ], [ 88.85141, 21.559866 ], [ 88.850106, 21.560102 ], [ 88.849922, 21.560141 ], [ 88.849885, 21.560124 ], [ 88.84978, 21.560151 ], [ 88.849655, 21.560244 ], [ 88.849037, 21.560576 ], [ 88.848449, 21.560923 ], [ 88.846461, 21.561818 ], [ 88.845688, 21.562069 ], [ 88.845251, 21.56224 ], [ 88.845062, 21.562279 ], [ 88.84466, 21.562464 ], [ 88.844653, 21.562497 ], [ 88.84445, 21.56263 ], [ 88.843516, 21.563318 ], [ 88.842006, 21.564231 ], [ 88.841713, 21.56439 ], [ 88.841581, 21.564442 ], [ 88.841452, 21.564535 ], [ 88.841429, 21.564617 ], [ 88.841206, 21.565004 ], [ 88.840911, 21.565579 ], [ 88.839988, 21.567018 ], [ 88.838927, 21.568371 ], [ 88.837771, 21.569588 ], [ 88.837718, 21.569613 ], [ 88.837634, 21.569721 ], [ 88.836428, 21.570782 ], [ 88.835785, 21.571299 ], [ 88.83568, 21.571349 ], [ 88.835476, 21.571623 ], [ 88.835186, 21.572142 ], [ 88.835182, 21.572181 ], [ 88.83459, 21.573265 ], [ 88.833796, 21.574475 ], [ 88.83343, 21.574985 ], [ 88.833368, 21.575041 ], [ 88.832842, 21.576038 ], [ 88.832623, 21.576668 ], [ 88.832597, 21.576744 ], [ 88.832517, 21.576968 ], [ 88.832204, 21.577832 ], [ 88.831844, 21.578822 ], [ 88.83134, 21.580239 ], [ 88.831158, 21.581825 ], [ 88.831164, 21.582886 ], [ 88.831079, 21.584684 ], [ 88.830802, 21.586466 ], [ 88.830337, 21.588213 ], [ 88.829689, 21.589908 ], [ 88.828864, 21.591534 ], [ 88.828796, 21.591639 ], [ 88.829182, 21.592115 ], [ 88.830172, 21.593627 ], [ 88.830999, 21.595223 ], [ 88.831655, 21.596887 ], [ 88.832133, 21.598603 ], [ 88.832273, 21.599232 ], [ 88.83237, 21.599901 ], [ 88.832746, 21.601128 ], [ 88.832895, 21.601493 ], [ 88.832942, 21.601626 ], [ 88.833411, 21.603163 ], [ 88.833732, 21.604732 ], [ 88.833738, 21.604771 ], [ 88.833786, 21.605273 ], [ 88.833872, 21.605667 ], [ 88.833901, 21.605685 ], [ 88.833977, 21.605961 ], [ 88.834333, 21.607036 ], [ 88.834712, 21.608755 ], [ 88.834911, 21.6105 ], [ 88.834927, 21.612255 ], [ 88.834762, 21.614003 ], [ 88.834416, 21.615728 ], [ 88.833892, 21.617413 ], [ 88.833196, 21.619043 ], [ 88.832334, 21.620602 ], [ 88.831314, 21.622075 ], [ 88.830147, 21.623449 ], [ 88.828842, 21.624711 ], [ 88.827412, 21.625848 ], [ 88.825871, 21.62685 ], [ 88.824233, 21.627707 ], [ 88.822515, 21.628412 ], [ 88.822251, 21.628506 ], [ 88.822178, 21.628506 ], [ 88.822139, 21.628546 ], [ 88.822128, 21.62855 ], [ 88.822002, 21.628607 ], [ 88.821223, 21.628949 ], [ 88.821166, 21.628949 ], [ 88.821097, 21.629002 ], [ 88.821092, 21.629012 ], [ 88.819703, 21.629709 ], [ 88.818217, 21.630312 ], [ 88.816683, 21.630795 ], [ 88.81666, 21.630801 ], [ 88.816597, 21.630799 ], [ 88.816522, 21.630831 ], [ 88.816478, 21.630902 ], [ 88.816478, 21.630907 ], [ 88.816432, 21.630949 ], [ 88.816303, 21.63109 ], [ 88.816196, 21.631202 ], [ 88.816159, 21.631206 ], [ 88.815832, 21.631585 ], [ 88.815719, 21.631764 ], [ 88.815712, 21.631794 ], [ 88.815389, 21.632312 ], [ 88.815333, 21.632393 ], [ 88.815331, 21.632404 ], [ 88.815057, 21.632844 ], [ 88.814704, 21.63332 ], [ 88.814416, 21.633737 ], [ 88.814399, 21.633754 ], [ 88.814013, 21.634233 ], [ 88.813677, 21.634805 ], [ 88.813665, 21.634826 ], [ 88.813659, 21.634836 ], [ 88.813657, 21.634835 ], [ 88.813355, 21.635367 ], [ 88.813211, 21.6356 ], [ 88.813168, 21.63562 ], [ 88.81312, 21.635709 ], [ 88.813074, 21.635847 ], [ 88.812917, 21.636167 ], [ 88.812587, 21.636921 ], [ 88.811737, 21.638437 ], [ 88.811449, 21.638896 ], [ 88.811414, 21.63891 ], [ 88.811339, 21.63905 ], [ 88.811202, 21.639289 ], [ 88.811183, 21.639362 ], [ 88.81097, 21.639785 ], [ 88.810876, 21.639996 ], [ 88.810809, 21.640131 ], [ 88.810749, 21.640191 ], [ 88.810722, 21.640296 ], [ 88.810713, 21.640323 ], [ 88.810631, 21.640489 ], [ 88.810511, 21.640719 ], [ 88.81047, 21.640765 ], [ 88.810381, 21.640949 ], [ 88.81039, 21.640992 ], [ 88.810057, 21.64179 ], [ 88.809293, 21.643391 ], [ 88.808366, 21.644914 ], [ 88.807286, 21.646346 ], [ 88.806063, 21.647674 ], [ 88.804708, 21.648884 ], [ 88.803233, 21.649966 ], [ 88.801654, 21.650909 ], [ 88.799984, 21.651705 ], [ 88.798239, 21.652346 ], [ 88.796436, 21.652826 ], [ 88.794592, 21.65314 ], [ 88.792724, 21.653285 ], [ 88.79085, 21.653261 ], [ 88.788987, 21.653067 ], [ 88.787153, 21.652705 ], [ 88.785365, 21.652178 ], [ 88.78364, 21.651492 ], [ 88.781995, 21.650653 ], [ 88.780444, 21.649669 ], [ 88.779002, 21.648549 ], [ 88.777683, 21.647304 ], [ 88.7765, 21.645945 ], [ 88.775463, 21.644485 ], [ 88.77525, 21.644111 ], [ 88.77489, 21.643543 ], [ 88.774896, 21.643512 ], [ 88.774804, 21.643383 ], [ 88.774781, 21.643371 ], [ 88.774477, 21.642891 ], [ 88.773581, 21.641302 ], [ 88.772859, 21.639637 ], [ 88.772316, 21.637914 ], [ 88.772107, 21.6371 ], [ 88.772117, 21.637015 ], [ 88.772062, 21.636939 ], [ 88.771881, 21.636465 ], [ 88.771338, 21.634794 ], [ 88.77097, 21.633081 ], [ 88.770781, 21.631342 ], [ 88.770773, 21.629595 ], [ 88.770945, 21.627856 ], [ 88.771248, 21.626371 ], [ 88.771257, 21.626312 ], [ 88.771288, 21.626257 ], [ 88.771326, 21.625885 ], [ 88.771326, 21.625884 ], [ 88.771621, 21.624407 ], [ 88.77207, 21.6229 ], [ 88.77253, 21.621752 ], [ 88.772561, 21.621706 ], [ 88.772555, 21.621691 ], [ 88.772657, 21.621436 ], [ 88.772849, 21.621013 ], [ 88.772914, 21.620847 ], [ 88.773712, 21.619282 ], [ 88.774667, 21.617795 ], [ 88.774782, 21.617636 ], [ 88.774874, 21.617537 ], [ 88.774936, 21.617419 ], [ 88.775206, 21.617042 ], [ 88.776404, 21.61554 ], [ 88.777763, 21.614163 ], [ 88.778922, 21.613208 ], [ 88.778962, 21.613171 ], [ 88.779101, 21.613078 ], [ 88.780324, 21.611832 ], [ 88.780574, 21.611529 ], [ 88.780712, 21.611362 ], [ 88.780782, 21.611277 ], [ 88.782206, 21.609741 ], [ 88.782751, 21.609272 ], [ 88.783173, 21.608871 ], [ 88.78331, 21.608777 ], [ 88.783407, 21.60865 ], [ 88.784071, 21.608049 ], [ 88.784671, 21.607532 ], [ 88.784879, 21.607403 ], [ 88.785303, 21.606989 ], [ 88.785337, 21.606896 ], [ 88.785439, 21.606757 ], [ 88.785987, 21.605901 ], [ 88.787014, 21.604584 ], [ 88.788163, 21.603358 ], [ 88.788274, 21.603251 ], [ 88.788393, 21.603163 ], [ 88.78842, 21.603108 ], [ 88.788708, 21.602828 ], [ 88.788764, 21.602769 ], [ 88.788974, 21.602529 ], [ 88.789155, 21.602338 ], [ 88.789186, 21.602315 ], [ 88.789237, 21.602251 ], [ 88.789998, 21.601451 ], [ 88.791111, 21.600453 ], [ 88.79186, 21.599833 ], [ 88.792846, 21.59907 ], [ 88.793213, 21.598805 ], [ 88.793301, 21.598769 ], [ 88.793521, 21.598555 ], [ 88.794261, 21.597847 ], [ 88.794653, 21.597333 ], [ 88.794862, 21.596789 ], [ 88.794885, 21.596693 ], [ 88.795308, 21.595553 ], [ 88.796101, 21.593942 ], [ 88.796285, 21.593647 ], [ 88.795433, 21.592491 ], [ 88.794927, 21.591635 ], [ 88.794754, 21.591369 ], [ 88.794696, 21.591243 ], [ 88.794654, 21.591215 ], [ 88.794294, 21.590661 ], [ 88.793931, 21.590149 ], [ 88.793722, 21.589778 ], [ 88.793408, 21.589278 ], [ 88.793364, 21.589196 ], [ 88.793344, 21.589132 ], [ 88.793283, 21.589046 ], [ 88.79283, 21.588203 ], [ 88.792827, 21.588205 ], [ 88.79244, 21.587528 ], [ 88.792429, 21.587469 ], [ 88.792357, 21.587392 ], [ 88.792266, 21.587342 ], [ 88.791928, 21.587153 ], [ 88.791504, 21.586887 ], [ 88.791287, 21.586757 ], [ 88.791167, 21.58668 ], [ 88.790997, 21.586572 ], [ 88.790398, 21.586175 ], [ 88.790264, 21.586083 ], [ 88.790262, 21.586081 ], [ 88.789986, 21.58589 ], [ 88.789439, 21.585566 ], [ 88.789127, 21.585426 ], [ 88.78908, 21.585415 ], [ 88.788534, 21.585133 ], [ 88.787819, 21.584806 ], [ 88.785903, 21.583651 ], [ 88.785588, 21.583436 ], [ 88.785549, 21.583381 ], [ 88.785233, 21.583187 ], [ 88.784863, 21.583062 ], [ 88.784687, 21.583059 ], [ 88.783827, 21.58291 ], [ 88.783832, 21.582887 ], [ 88.783054, 21.582781 ], [ 88.78269, 21.58269 ], [ 88.781998, 21.582577 ], [ 88.780889, 21.582356 ], [ 88.780889, 21.582358 ], [ 88.78063, 21.582304 ], [ 88.780373, 21.582244 ], [ 88.77952, 21.582089 ], [ 88.778667, 21.581994 ], [ 88.777964, 21.581975 ], [ 88.777632, 21.581984 ], [ 88.777512, 21.582005 ], [ 88.776904, 21.582045 ], [ 88.776902, 21.582017 ], [ 88.776053, 21.582085 ], [ 88.774451, 21.582036 ], [ 88.774451, 21.582048 ], [ 88.773932, 21.582029 ], [ 88.773415, 21.581984 ], [ 88.773083, 21.581989 ], [ 88.771387, 21.581849 ], [ 88.770754, 21.581725 ], [ 88.770098, 21.581682 ], [ 88.769423, 21.581638 ], [ 88.769081, 21.581615 ], [ 88.769082, 21.581598 ], [ 88.76786, 21.581493 ], [ 88.767804, 21.581481 ], [ 88.767305, 21.581441 ], [ 88.766812, 21.581448 ], [ 88.76678, 21.581449 ], [ 88.766754, 21.581449 ], [ 88.766579, 21.581451 ], [ 88.766099, 21.581455 ], [ 88.765969, 21.581456 ], [ 88.765839, 21.58146 ], [ 88.76575, 21.581462 ], [ 88.764319, 21.58144 ], [ 88.762893, 21.58132 ], [ 88.762558, 21.58128 ], [ 88.762386, 21.581231 ], [ 88.761941, 21.581201 ], [ 88.7617, 21.581218 ], [ 88.760349, 21.581219 ], [ 88.759838, 21.581202 ], [ 88.759757, 21.581183 ], [ 88.759535, 21.581184 ], [ 88.75946, 21.581189 ], [ 88.759161, 21.581178 ], [ 88.757955, 21.581168 ], [ 88.757907, 21.581165 ], [ 88.757821, 21.581141 ], [ 88.757451, 21.581236 ], [ 88.75731, 21.581301 ], [ 88.757289, 21.581308 ], [ 88.755829, 21.581827 ], [ 88.753985, 21.582294 ], [ 88.7521, 21.582588 ], [ 88.750193, 21.582706 ], [ 88.748283, 21.582647 ], [ 88.746389, 21.582413 ], [ 88.744529, 21.582004 ], [ 88.742721, 21.581425 ], [ 88.740983, 21.580682 ], [ 88.739332, 21.579782 ], [ 88.737784, 21.578734 ], [ 88.736355, 21.577547 ], [ 88.736306, 21.577502 ], [ 88.736276, 21.577445 ], [ 88.736174, 21.577389 ], [ 88.736148, 21.577392 ], [ 88.735788, 21.577171 ], [ 88.734754, 21.57649 ], [ 88.734241, 21.576128 ], [ 88.734239, 21.57612 ], [ 88.73415, 21.576036 ], [ 88.734027, 21.575973 ], [ 88.733702, 21.576003 ], [ 88.733442, 21.576073 ], [ 88.733343, 21.576121 ], [ 88.731953, 21.576506 ], [ 88.730358, 21.576813 ], [ 88.730251, 21.576829 ], [ 88.730164, 21.576824 ], [ 88.729947, 21.576906 ], [ 88.729927, 21.576922 ], [ 88.729686, 21.577001 ], [ 88.728862, 21.577316 ], [ 88.727161, 21.577801 ], [ 88.727141, 21.577806 ], [ 88.727136, 21.577807 ], [ 88.72701, 21.577822 ], [ 88.72682, 21.577891 ], [ 88.726718, 21.577949 ], [ 88.726703, 21.577969 ], [ 88.726256, 21.578197 ], [ 88.724695, 21.57891 ], [ 88.723078, 21.579487 ], [ 88.722923, 21.579513 ], [ 88.72286, 21.579581 ], [ 88.722645, 21.579723 ], [ 88.722048, 21.580169 ], [ 88.720709, 21.581008 ], [ 88.719301, 21.581739 ], [ 88.719234, 21.581748 ], [ 88.719108, 21.581847 ], [ 88.719089, 21.581878 ], [ 88.718679, 21.582173 ], [ 88.718017, 21.58268 ], [ 88.716528, 21.583621 ], [ 88.715593, 21.5841 ], [ 88.715382, 21.58422 ], [ 88.715361, 21.584224 ], [ 88.715269, 21.584262 ], [ 88.71523, 21.584314 ], [ 88.715224, 21.584384 ], [ 88.714869, 21.585074 ], [ 88.714414, 21.58604 ], [ 88.714342, 21.586203 ], [ 88.71432, 21.586245 ], [ 88.714283, 21.586284 ], [ 88.714232, 21.586415 ], [ 88.714227, 21.586424 ], [ 88.713402, 21.588018 ], [ 88.712252, 21.589723 ], [ 88.711897, 21.59019 ], [ 88.711767, 21.590325 ], [ 88.711318, 21.59098 ], [ 88.711143, 21.591234 ], [ 88.710936, 21.591537 ], [ 88.71078, 21.59187 ], [ 88.710654, 21.592141 ], [ 88.710448, 21.592584 ], [ 88.710346, 21.593059 ], [ 88.710326, 21.593153 ], [ 88.710201, 21.593741 ], [ 88.710196, 21.594161 ], [ 88.710195, 21.594219 ], [ 88.710179, 21.595572 ], [ 88.710257, 21.596166 ], [ 88.710283, 21.596608 ], [ 88.710308, 21.59799 ], [ 88.710221, 21.59937 ], [ 88.710192, 21.599645 ], [ 88.710158, 21.599732 ], [ 88.710126, 21.60037 ], [ 88.710152, 21.600448 ], [ 88.710185, 21.600802 ], [ 88.710329, 21.601869 ], [ 88.710376, 21.603708 ], [ 88.710222, 21.605542 ], [ 88.71019, 21.605772 ], [ 88.710164, 21.605965 ], [ 88.710163, 21.605967 ], [ 88.709852, 21.607627 ], [ 88.709377, 21.609253 ], [ 88.709344, 21.609347 ], [ 88.709291, 21.609501 ], [ 88.711326, 21.611082 ], [ 88.713515, 21.61573 ], [ 88.71242, 21.618737 ], [ 88.712404, 21.618833 ], [ 88.713166, 21.619935 ], [ 88.714032, 21.621502 ], [ 88.714729, 21.623141 ], [ 88.71487, 21.623527 ], [ 88.715018, 21.62402 ], [ 88.715152, 21.624249 ], [ 88.715243, 21.624444 ], [ 88.715303, 21.624502 ], [ 88.715309, 21.624511 ], [ 88.71624, 21.625824 ], [ 88.717114, 21.62736 ], [ 88.717139, 21.62741 ], [ 88.717239, 21.62761 ], [ 88.717405, 21.62793 ], [ 88.717599, 21.628238 ], [ 88.717628, 21.628288 ], [ 88.71764, 21.628309 ], [ 88.717759, 21.628553 ], [ 88.717834, 21.628656 ], [ 88.717989, 21.628942 ], [ 88.718773, 21.630582 ], [ 88.719379, 21.632286 ], [ 88.719802, 21.634038 ], [ 88.720035, 21.635821 ], [ 88.720079, 21.637616 ], [ 88.719931, 21.639407 ], [ 88.719594, 21.641175 ], [ 88.719071, 21.642903 ], [ 88.718367, 21.644574 ], [ 88.718333, 21.644644 ], [ 88.718296, 21.644719 ], [ 88.717754, 21.645841 ], [ 88.717697, 21.645969 ], [ 88.717366, 21.646714 ], [ 88.717121, 21.647267 ], [ 88.717074, 21.647381 ], [ 88.716216, 21.649472 ], [ 88.715686, 21.650639 ], [ 88.714836, 21.652343 ], [ 88.714708, 21.652658 ], [ 88.714656, 21.652772 ], [ 88.713899, 21.654257 ], [ 88.713, 21.655672 ], [ 88.711967, 21.657004 ], [ 88.711584, 21.657454 ], [ 88.711478, 21.657553 ], [ 88.711081, 21.658061 ], [ 88.711021, 21.658172 ], [ 88.710652, 21.658688 ], [ 88.710641, 21.65868 ], [ 88.710366, 21.659103 ], [ 88.710313, 21.659143 ], [ 88.710285, 21.659227 ], [ 88.710224, 21.65932 ], [ 88.709534, 21.660507 ], [ 88.70871, 21.661647 ], [ 88.708768, 21.661822 ], [ 88.70943, 21.66228 ], [ 88.709989, 21.663144 ], [ 88.709379, 21.663347 ], [ 88.708463, 21.6635 ], [ 88.70775, 21.664008 ], [ 88.707394, 21.664364 ], [ 88.706631, 21.665025 ], [ 88.70602, 21.665228 ], [ 88.705019, 21.66526 ], [ 88.704542, 21.665625 ], [ 88.703377, 21.666355 ], [ 88.703305, 21.666407 ], [ 88.703281, 21.666407 ], [ 88.7032, 21.666447 ], [ 88.703057, 21.666626 ], [ 88.701755, 21.66792 ], [ 88.700713, 21.668747 ], [ 88.700724, 21.66876 ], [ 88.700256, 21.669129 ], [ 88.700145, 21.669201 ], [ 88.699912, 21.669366 ], [ 88.699862, 21.669453 ], [ 88.699458, 21.669847 ], [ 88.699457, 21.669848 ], [ 88.699455, 21.669851 ], [ 88.699214, 21.670086 ], [ 88.699208, 21.670081 ], [ 88.698841, 21.670423 ], [ 88.698185, 21.671243 ], [ 88.698178, 21.671268 ], [ 88.698067, 21.671638 ] ] ] ] } },
{ "type": "Feature", "properties": { "census2011_code": "02436", "block_name": "Mathurapur-II", "geoboundaries_shape_id": "7132399B3696711954189", "area_km2": 233.1, "land_area_km2": 225.8, "water_area_km2": 7.3 }, "geometry": { "type": "Polygon", "coordinates": [ [ [ 88.498408, 21.906779 ], [ 88.497641, 21.907406 ], [ 88.49649, 21.908077 ], [ 88.495818, 21.908524 ], [ 88.493708, 21.90924 ], [ 88.492213, 21.9102 ], [ 88.490948, 21.910923 ], [ 88.490261, 21.910944 ], [ 88.4885, 21.910999 ], [ 88.486664, 21.910238 ], [ 88.485031, 21.909476 ], [ 88.481847, 21.907576 ], [ 88.480752, 21.906434 ], [ 88.48014, 21.905984 ], [ 88.479336, 21.905022 ], [ 88.478821, 21.903611 ], [ 88.478063, 21.90067 ], [ 88.477681, 21.899125 ], [ 88.477639, 21.897778 ], [ 88.477597, 21.896353 ], [ 88.477597, 21.894887 ], [ 88.477556, 21.894798 ], [ 88.477003, 21.89358 ], [ 88.476026, 21.89354 ], [ 88.471571, 21.894357 ], [ 88.4691, 21.894714 ], [ 88.466161, 21.894794 ], [ 88.464372, 21.895032 ], [ 88.463179, 21.895588 ], [ 88.46076, 21.895116 ], [ 88.45961, 21.894042 ], [ 88.458755, 21.893705 ], [ 88.456698, 21.895128 ], [ 88.455642, 21.896157 ], [ 88.454539, 21.89759 ], [ 88.453722, 21.899335 ], [ 88.452618, 21.901663 ], [ 88.451806, 21.903202 ], [ 88.450957, 21.904258 ], [ 88.450767, 21.904494 ], [ 88.44998, 21.904846 ], [ 88.4479, 21.904834 ], [ 88.44682, 21.904793 ], [ 88.445783, 21.904229 ], [ 88.444358, 21.903785 ], [ 88.442975, 21.904591 ], [ 88.442596, 21.904894 ], [ 88.44237, 21.905074 ], [ 88.440901, 21.905477 ], [ 88.43952, 21.905256 ], [ 88.439389, 21.905235 ], [ 88.438439, 21.904025 ], [ 88.438267, 21.902252 ], [ 88.437878, 21.901204 ], [ 88.437403, 21.899954 ], [ 88.435046, 21.897976 ], [ 88.433348, 21.897323 ], [ 88.430749, 21.897555 ], [ 88.42925, 21.898254 ], [ 88.4272, 21.899326 ], [ 88.425801, 21.900491 ], [ 88.425151, 21.900957 ], [ 88.423501, 21.901609 ], [ 88.422598, 21.901479 ], [ 88.422202, 21.901422 ], [ 88.421253, 21.900582 ], [ 88.420504, 21.899416 ], [ 88.419905, 21.898623 ], [ 88.419906, 21.8955 ], [ 88.420207, 21.893775 ], [ 88.420208, 21.891816 ], [ 88.420158, 21.890417 ], [ 88.41936, 21.888599 ], [ 88.418511, 21.88706 ], [ 88.416926, 21.885128 ], [ 88.416235, 21.884286 ], [ 88.415064, 21.883301 ], [ 88.413892, 21.882317 ], [ 88.4119, 21.881113 ], [ 88.410319, 21.879854 ], [ 88.409382, 21.879307 ], [ 88.407207, 21.877663 ], [ 88.40638, 21.877666 ], [ 88.405514, 21.878411 ], [ 88.403315, 21.880088 ], [ 88.401982, 21.880896 ], [ 88.400783, 21.882262 ], [ 88.399317, 21.88338 ], [ 88.397585, 21.883566 ], [ 88.397421, 21.88365 ], [ 88.395652, 21.884559 ], [ 88.394089, 21.885626 ], [ 88.391373, 21.887072 ], [ 88.390177, 21.888233 ], [ 88.38951, 21.888881 ], [ 88.388967, 21.889982 ], [ 88.388412, 21.891111 ], [ 88.387616, 21.893568 ], [ 88.387071, 21.895479 ], [ 88.386861, 21.896532 ], [ 88.387111, 21.898756 ], [ 88.387605, 21.900887 ], [ 88.388582, 21.903951 ], [ 88.389618, 21.905994 ], [ 88.391056, 21.908735 ], [ 88.391801, 21.909705 ], [ 88.392446, 21.910545 ], [ 88.394587, 21.912448 ], [ 88.395993, 21.913433 ], [ 88.396885, 21.914058 ], [ 88.400961, 21.91643 ], [ 88.404243, 21.918081 ], [ 88.405109, 21.919125 ], [ 88.404531, 21.920033 ], [ 88.403758, 21.921003 ], [ 88.402906, 21.922422 ], [ 88.401472, 21.923933 ], [ 88.399834, 21.92527 ], [ 88.397258, 21.92719 ], [ 88.396652, 21.928526 ], [ 88.394699, 21.931974 ], [ 88.393666, 21.934106 ], [ 88.393596, 21.936895 ], [ 88.394002, 21.93924 ], [ 88.394866, 21.94423 ], [ 88.394935, 21.947528 ], [ 88.394517, 21.948335 ], [ 88.394352, 21.948654 ], [ 88.393404, 21.949697 ], [ 88.392456, 21.950981 ], [ 88.390476, 21.952265 ], [ 88.387519, 21.953988 ], [ 88.387254, 21.954537 ], [ 88.386952, 21.955162 ], [ 88.388336, 21.956102 ], [ 88.388321, 21.958057 ], [ 88.387436, 21.958352 ], [ 88.385727, 21.959177 ], [ 88.385284, 21.959885 ], [ 88.384081, 21.960651 ], [ 88.382815, 21.961712 ], [ 88.382372, 21.962007 ], [ 88.381635, 21.9636 ], [ 88.382188, 21.96458 ], [ 88.382464, 21.965071 ], [ 88.383169, 21.966077 ], [ 88.384247, 21.966813 ], [ 88.385616, 21.96724 ], [ 88.387566, 21.967667 ], [ 88.389599, 21.968249 ], [ 88.391987, 21.96925 ], [ 88.39342, 21.969622 ], [ 88.395409, 21.970811 ], [ 88.397001, 21.97148 ], [ 88.398991, 21.972446 ], [ 88.399094, 21.972467 ], [ 88.400105, 21.97267 ], [ 88.402169, 21.974476 ], [ 88.40345, 21.97627 ], [ 88.405654, 21.979156 ], [ 88.406637, 21.980046 ], [ 88.407085, 21.980687 ], [ 88.409643, 21.982768 ], [ 88.411094, 21.98419 ], [ 88.411964, 21.985239 ], [ 88.412398, 21.987236 ], [ 88.412342, 21.988519 ], [ 88.412115, 21.989901 ], [ 88.410849, 21.992151 ], [ 88.40987, 21.993515 ], [ 88.409396, 21.994038 ], [ 88.409019, 21.994454 ], [ 88.408136, 21.995238 ], [ 88.4072, 21.996067 ], [ 88.405811, 21.997991 ], [ 88.403694, 22.00036 ], [ 88.401904, 22.001738 ], [ 88.400497, 22.002635 ], [ 88.399149, 22.002713 ], [ 88.396677, 22.002004 ], [ 88.396115, 22.001847 ], [ 88.390716, 21.997453 ], [ 88.38996, 21.996603 ], [ 88.389323, 21.995886 ], [ 88.386929, 21.994451 ], [ 88.385285, 21.993683 ], [ 88.383534, 21.992816 ], [ 88.38162, 21.992552 ], [ 88.380209, 21.991849 ], [ 88.376781, 21.99043 ], [ 88.375049, 21.989448 ], [ 88.373689, 21.988236 ], [ 88.372174, 21.987341 ], [ 88.370482, 21.986235 ], [ 88.36897, 21.985686 ], [ 88.367289, 21.985684 ], [ 88.366304, 21.985958 ], [ 88.366162, 21.985997 ], [ 88.364958, 21.988113 ], [ 88.364371, 21.990077 ], [ 88.364545, 21.992314 ], [ 88.364894, 21.995152 ], [ 88.365305, 21.998679 ], [ 88.366035, 22.000402 ], [ 88.36613, 22.000821 ], [ 88.366456, 22.00115 ], [ 88.369333, 22.002035 ], [ 88.372478, 22.002408 ], [ 88.376473, 22.003056 ], [ 88.379173, 22.003884 ], [ 88.381258, 22.005101 ], [ 88.382688, 22.005976 ], [ 88.383422, 22.007272 ], [ 88.383953, 22.008111 ], [ 88.384481, 22.010056 ], [ 88.384724, 22.011277 ], [ 88.384639, 22.012727 ], [ 88.384307, 22.014827 ], [ 88.384223, 22.015858 ], [ 88.384015, 22.017309 ], [ 88.383403, 22.019294 ], [ 88.382861, 22.020392 ], [ 88.381682, 22.021309 ], [ 88.380453, 22.022547 ], [ 88.379224, 22.023601 ], [ 88.377895, 22.025479 ], [ 88.376813, 22.026899 ], [ 88.376419, 22.027769 ], [ 88.376759, 22.029003 ], [ 88.379211, 22.029638 ], [ 88.381564, 22.030502 ], [ 88.383033, 22.031506 ], [ 88.384357, 22.031777 ], [ 88.385634, 22.03086 ], [ 88.387551, 22.029072 ], [ 88.390006, 22.02829 ], [ 88.392215, 22.02737 ], [ 88.394209, 22.026442 ], [ 88.395823, 22.025269 ], [ 88.396608, 22.023761 ], [ 88.396722, 22.023543 ], [ 88.39762, 22.022316 ], [ 88.398636, 22.021591 ], [ 88.400129, 22.021365 ], [ 88.401679, 22.021918 ], [ 88.403049, 22.023473 ], [ 88.403702, 22.025252 ], [ 88.403878, 22.026476 ], [ 88.404711, 22.027921 ], [ 88.405485, 22.028921 ], [ 88.405661, 22.030479 ], [ 88.405002, 22.031704 ], [ 88.404403, 22.032819 ], [ 88.403625, 22.033488 ], [ 88.402728, 22.034436 ], [ 88.400394, 22.035445 ], [ 88.395987, 22.036549 ], [ 88.394522, 22.037071 ], [ 88.394368, 22.037153 ], [ 88.39218, 22.038314 ], [ 88.389838, 22.038968 ], [ 88.38851, 22.039148 ], [ 88.386737, 22.040271 ], [ 88.386165, 22.041511 ], [ 88.385214, 22.042692 ], [ 88.384894, 22.044107 ], [ 88.384892, 22.045404 ], [ 88.386028, 22.046522 ], [ 88.38805, 22.047225 ], [ 88.391274, 22.047808 ], [ 88.394119, 22.048156 ], [ 88.395069, 22.047859 ], [ 88.395218, 22.048185 ], [ 88.395258, 22.048271 ], [ 88.393422, 22.049101 ], [ 88.390384, 22.050109 ], [ 88.388863, 22.051292 ], [ 88.385952, 22.052418 ], [ 88.384813, 22.05242 ], [ 88.384247, 22.051065 ], [ 88.383998, 22.049356 ], [ 88.383495, 22.047766 ], [ 88.382927, 22.047059 ], [ 88.381979, 22.046884 ], [ 88.380207, 22.047419 ], [ 88.379067, 22.048128 ], [ 88.378054, 22.048602 ], [ 88.3773, 22.046481 ], [ 88.376232, 22.0433 ], [ 88.375982, 22.042003 ], [ 88.374466, 22.04124 ], [ 88.373326, 22.041773 ], [ 88.373282, 22.042418 ], [ 88.373261, 22.042716 ], [ 88.373257, 22.044367 ], [ 88.373756, 22.047373 ], [ 88.374006, 22.049082 ], [ 88.37438, 22.05138 ], [ 88.375211, 22.054811 ], [ 88.374873, 22.056987 ], [ 88.374368, 22.058853 ], [ 88.373872, 22.059316 ], [ 88.373115, 22.060022 ], [ 88.37278, 22.061032 ], [ 88.373442, 22.063052 ], [ 88.373854, 22.065227 ], [ 88.374017, 22.066936 ], [ 88.374848, 22.067867 ], [ 88.377184, 22.067318 ], [ 88.37952, 22.066691 ], [ 88.381356, 22.065677 ], [ 88.383356, 22.066062 ], [ 88.385771, 22.067456 ], [ 88.387185, 22.069162 ], [ 88.387764, 22.071181 ], [ 88.386844, 22.072738 ], [ 88.384337, 22.075074 ], [ 88.383391, 22.076444 ], [ 88.382975, 22.077046 ], [ 88.382754, 22.077998 ], [ 88.383043, 22.079289 ], [ 88.384645, 22.08051 ], [ 88.387195, 22.081728 ], [ 88.388799, 22.082404 ], [ 88.390913, 22.082672 ], [ 88.392299, 22.082669 ], [ 88.393831, 22.082665 ], [ 88.394267, 22.083548 ], [ 88.393974, 22.084161 ], [ 88.393095, 22.085522 ], [ 88.392071, 22.086884 ], [ 88.391121, 22.088109 ], [ 88.389806, 22.088928 ], [ 88.38791, 22.08866 ], [ 88.385796, 22.088188 ], [ 88.384191, 22.087988 ], [ 88.382587, 22.087855 ], [ 88.380908, 22.088267 ], [ 88.37974, 22.089017 ], [ 88.378862, 22.090038 ], [ 88.378859, 22.091262 ], [ 88.378781, 22.09173 ], [ 88.378564, 22.09303 ], [ 88.378853, 22.094253 ], [ 88.379071, 22.094485 ], [ 88.379362, 22.094796 ], [ 88.380601, 22.095337 ], [ 88.381941, 22.095929 ], [ 88.382131, 22.096013 ], [ 88.384538, 22.09628 ], [ 88.387528, 22.09641 ], [ 88.388475, 22.097156 ], [ 88.39004, 22.096269 ], [ 88.390885, 22.095791 ], [ 88.392565, 22.094836 ], [ 88.39446, 22.095376 ], [ 88.395774, 22.095305 ], [ 88.395864, 22.095208 ], [ 88.396724, 22.094283 ], [ 88.397303, 22.093315 ], [ 88.399011, 22.092215 ], [ 88.400186, 22.092596 ], [ 88.399832, 22.093254 ], [ 88.399655, 22.093748 ], [ 88.39977, 22.095008 ], [ 88.401004, 22.09528 ], [ 88.4013, 22.094512 ], [ 88.401949, 22.093743 ], [ 88.40336, 22.093795 ], [ 88.405171, 22.09355 ], [ 88.405419, 22.093516 ], [ 88.406833, 22.092636 ], [ 88.407071, 22.091156 ], [ 88.408601, 22.090768 ], [ 88.408481, 22.092029 ], [ 88.409421, 22.092521 ], [ 88.410186, 22.09219 ], [ 88.410519, 22.09302 ], [ 88.410537, 22.093066 ], [ 88.411184, 22.093065 ], [ 88.412774, 22.09191 ], [ 88.413537, 22.093114 ], [ 88.413964, 22.093278 ], [ 88.415241, 22.093768 ], [ 88.416537, 22.092998 ], [ 88.41889, 22.092499 ], [ 88.420537, 22.092605 ], [ 88.420891, 22.092905 ], [ 88.421183, 22.093152 ], [ 88.421298, 22.094467 ], [ 88.421296, 22.095399 ], [ 88.421177, 22.096111 ], [ 88.421138, 22.096169 ], [ 88.420882, 22.096551 ], [ 88.420823, 22.09677 ], [ 88.421074, 22.097121 ], [ 88.421175, 22.097262 ], [ 88.421469, 22.097262 ], [ 88.423529, 22.09649 ], [ 88.424321, 22.096346 ], [ 88.42487, 22.096246 ], [ 88.425059, 22.096212 ], [ 88.426646, 22.096757 ], [ 88.427231, 22.09818 ], [ 88.427699, 22.09944 ], [ 88.428019, 22.099627 ], [ 88.429286, 22.100368 ], [ 88.430107, 22.101791 ], [ 88.431103, 22.103597 ], [ 88.432632, 22.103923 ], [ 88.432707, 22.103847 ], [ 88.433398, 22.103153 ], [ 88.43287, 22.102497 ], [ 88.432401, 22.101457 ], [ 88.432757, 22.099976 ], [ 88.432547, 22.098248 ], [ 88.432284, 22.096758 ], [ 88.433018, 22.095764 ], [ 88.433817, 22.096134 ], [ 88.433905, 22.096192 ], [ 88.434948, 22.096876 ], [ 88.435612, 22.098116 ], [ 88.435808, 22.099667 ], [ 88.437405, 22.100843 ], [ 88.438002, 22.102145 ], [ 88.438, 22.103386 ], [ 88.43873, 22.104626 ], [ 88.439665, 22.103445 ], [ 88.440803, 22.100649 ], [ 88.441472, 22.098909 ], [ 88.442141, 22.097231 ], [ 88.444608, 22.096046 ], [ 88.446807, 22.095172 ], [ 88.44834, 22.094982 ], [ 88.450675, 22.092866 ], [ 88.452876, 22.091184 ], [ 88.454919, 22.090108 ], [ 88.456394, 22.089075 ], [ 88.45728, 22.087699 ], [ 88.459049, 22.08742 ], [ 88.46067, 22.08721 ], [ 88.462513, 22.086588 ], [ 88.463913, 22.086104 ], [ 88.465977, 22.085343 ], [ 88.466624, 22.085071 ], [ 88.468115, 22.084445 ], [ 88.47062, 22.084507 ], [ 88.471799, 22.084161 ], [ 88.474012, 22.082507 ], [ 88.476887, 22.081195 ], [ 88.478509, 22.080642 ], [ 88.481015, 22.079811 ], [ 88.482414, 22.079808 ], [ 88.486106, 22.079774 ], [ 88.487861, 22.079051 ], [ 88.490107, 22.077821 ], [ 88.491248, 22.076226 ], [ 88.491695, 22.075116 ], [ 88.491458, 22.072441 ], [ 88.491121, 22.069821 ], [ 88.490558, 22.068284 ], [ 88.490296, 22.066748 ], [ 88.490454, 22.064664 ], [ 88.491014, 22.063142 ], [ 88.491481, 22.06175 ], [ 88.492274, 22.059924 ], [ 88.49274, 22.058272 ], [ 88.49316, 22.057489 ], [ 88.49456, 22.056489 ], [ 88.49596, 22.057141 ], [ 88.496426, 22.057619 ], [ 88.497313, 22.057271 ], [ 88.497576, 22.056616 ], [ 88.497592, 22.056576 ], [ 88.497032, 22.055097 ], [ 88.497855, 22.053766 ], [ 88.498169, 22.052177 ], [ 88.497765, 22.050379 ], [ 88.495925, 22.04971 ], [ 88.494131, 22.049292 ], [ 88.491439, 22.04833 ], [ 88.486479, 22.046021 ], [ 88.486163, 22.045874 ], [ 88.481341, 22.043419 ], [ 88.479865, 22.043088 ], [ 88.47768, 22.043088 ], [ 88.47644, 22.043198 ], [ 88.474314, 22.043804 ], [ 88.471694, 22.04445 ], [ 88.470498, 22.04452 ], [ 88.468666, 22.044973 ], [ 88.466298, 22.044609 ], [ 88.464101, 22.042845 ], [ 88.462758, 22.041138 ], [ 88.462148, 22.039943 ], [ 88.461862, 22.038151 ], [ 88.461721, 22.037269 ], [ 88.460966, 22.034614 ], [ 88.460966, 22.032168 ], [ 88.460546, 22.029143 ], [ 88.459959, 22.027183 ], [ 88.460155, 22.024038 ], [ 88.460107, 22.022808 ], [ 88.460827, 22.018565 ], [ 88.461177, 22.016839 ], [ 88.461492, 22.015569 ], [ 88.462643, 22.013708 ], [ 88.462694, 22.013626 ], [ 88.463598, 22.013607 ], [ 88.465574, 22.011496 ], [ 88.468213, 22.011229 ], [ 88.471425, 22.010933 ], [ 88.473481, 22.011341 ], [ 88.475335, 22.011809 ], [ 88.476185, 22.011377 ], [ 88.476185, 22.010981 ], [ 88.476357, 22.01091 ], [ 88.47889, 22.009864 ], [ 88.481131, 22.009828 ], [ 88.48256, 22.009792 ], [ 88.483913, 22.009504 ], [ 88.486385, 22.009252 ], [ 88.488991, 22.00868 ], [ 88.489851, 22.008467 ], [ 88.491612, 22.008032 ], [ 88.492538, 22.007697 ], [ 88.494363, 22.006235 ], [ 88.495775, 22.005069 ], [ 88.496563, 22.004132 ], [ 88.497595, 22.002739 ], [ 88.498498, 22.000979 ], [ 88.498985, 22.0002 ], [ 88.498985, 21.998697 ], [ 88.498985, 21.998349 ], [ 88.499821, 21.996823 ], [ 88.501318, 21.995849 ], [ 88.502682, 21.995243 ], [ 88.50426, 21.994806 ], [ 88.506552, 21.994232 ], [ 88.508191, 21.993929 ], [ 88.510131, 21.993527 ], [ 88.51151, 21.992763 ], [ 88.512243, 21.991758 ], [ 88.512973, 21.991006 ], [ 88.513493, 21.990471 ], [ 88.51401, 21.988381 ], [ 88.512286, 21.987336 ], [ 88.509138, 21.985849 ], [ 88.507371, 21.984643 ], [ 88.506771, 21.984054 ], [ 88.506551, 21.983839 ], [ 88.50353, 21.981404 ], [ 88.500796, 21.978942 ], [ 88.499823, 21.977387 ], [ 88.498896, 21.97622 ], [ 88.49607, 21.973671 ], [ 88.493754, 21.971209 ], [ 88.493167, 21.969196 ], [ 88.492689, 21.966012 ], [ 88.492689, 21.964166 ], [ 88.493167, 21.9606 ], [ 88.49431, 21.959506 ], [ 88.494336, 21.959481 ], [ 88.49655, 21.959446 ], [ 88.498136, 21.95862 ], [ 88.499022, 21.957519 ], [ 88.499538, 21.956418 ], [ 88.501087, 21.954078 ], [ 88.502341, 21.952598 ], [ 88.504555, 21.95019 ], [ 88.50567, 21.948966 ], [ 88.508317, 21.946696 ], [ 88.510392, 21.944293 ], [ 88.510436, 21.944235 ], [ 88.511394, 21.942958 ], [ 88.512753, 21.940688 ], [ 88.514396, 21.935857 ], [ 88.515161, 21.934351 ], [ 88.51584, 21.932726 ], [ 88.51584, 21.931062 ], [ 88.515607, 21.925497 ], [ 88.515168, 21.921954 ], [ 88.514486, 21.920183 ], [ 88.51445, 21.920111 ], [ 88.513073, 21.917367 ], [ 88.511564, 21.915187 ], [ 88.509616, 21.912916 ], [ 88.508593, 21.911871 ], [ 88.504738, 21.90821 ], [ 88.503731, 21.907003 ], [ 88.501812, 21.905258 ], [ 88.501285, 21.905482 ], [ 88.499798, 21.906287 ], [ 88.498408, 21.906779 ] ] ] } },
{ "type": "Feature", "properties": { "census2011_code": "02437", "block_name": "Kakdwip", "geoboundaries_shape_id": "7132399B57179475336394", "area_km2": 258.3, "land_area_km2": 246.3, "water_area_km2": 12.0 }, "geometry": { "type": "Polygon", "coordinates": [ [ [ 88.183573, 21.987144 ], [ 88.186281, 21.991136 ], [ 88.188455, 21.994551 ], [ 88.190794, 21.99763 ], [ 88.192522, 21.999569 ], [ 88.193867, 21.998541 ], [ 88.194334, 21.998092 ], [ 88.194392, 21.997314 ], [ 88.194304, 21.996284 ], [ 88.193833, 21.994042 ], [ 88.193778, 21.993008 ], [ 88.194352, 21.991377 ], [ 88.194458, 21.99129 ], [ 88.195441, 21.990486 ], [ 88.198303, 21.989219 ], [ 88.201315, 21.988529 ], [ 88.203776, 21.987822 ], [ 88.20428, 21.987834 ], [ 88.205119, 21.987824 ], [ 88.205446, 21.988176 ], [ 88.205804, 21.988624 ], [ 88.206069, 21.988787 ], [ 88.206957, 21.988183 ], [ 88.208099, 21.986833 ], [ 88.209163, 21.985921 ], [ 88.209807, 21.985655 ], [ 88.210174, 21.985758 ], [ 88.210371, 21.985919 ], [ 88.21046, 21.986391 ], [ 88.210817, 21.986901 ], [ 88.211045, 21.987157 ], [ 88.211681, 21.987267 ], [ 88.213208, 21.987088 ], [ 88.214776, 21.9872 ], [ 88.215403, 21.987252 ], [ 88.216037, 21.987012 ], [ 88.216964, 21.986083 ], [ 88.217239, 21.985669 ], [ 88.21734, 21.985204 ], [ 88.217323, 21.984681 ], [ 88.217307, 21.98413 ], [ 88.217263, 21.983551 ], [ 88.217669, 21.982653 ], [ 88.218032, 21.982305 ], [ 88.218272, 21.982145 ], [ 88.218659, 21.982017 ], [ 88.219427, 21.981981 ], [ 88.220112, 21.981723 ], [ 88.22081, 21.981035 ], [ 88.221082, 21.980505 ], [ 88.221098, 21.979862 ], [ 88.22111, 21.979353 ], [ 88.22126, 21.979116 ], [ 88.221559, 21.97864 ], [ 88.222087, 21.978225 ], [ 88.223043, 21.977927 ], [ 88.223653, 21.9777 ], [ 88.224321, 21.977422 ], [ 88.224654, 21.97676 ], [ 88.224722, 21.975572 ], [ 88.224641, 21.974818 ], [ 88.224753, 21.974351 ], [ 88.224837, 21.974 ], [ 88.2251, 21.973583 ], [ 88.225484, 21.973334 ], [ 88.226223, 21.973047 ], [ 88.226633, 21.972752 ], [ 88.226763, 21.97259 ], [ 88.227338, 21.971144 ], [ 88.228092, 21.969845 ], [ 88.228405, 21.969468 ], [ 88.229045, 21.969201 ], [ 88.229569, 21.969163 ], [ 88.230225, 21.969359 ], [ 88.230691, 21.969447 ], [ 88.231022, 21.969456 ], [ 88.231832, 21.969356 ], [ 88.232124, 21.969256 ], [ 88.232237, 21.969073 ], [ 88.232465, 21.968707 ], [ 88.232554, 21.967434 ], [ 88.232658, 21.96471 ], [ 88.232311, 21.963142 ], [ 88.231397, 21.961587 ], [ 88.231254, 21.960651 ], [ 88.231171, 21.958501 ], [ 88.230889, 21.95745 ], [ 88.23073, 21.955946 ], [ 88.230734, 21.954379 ], [ 88.230617, 21.953462 ], [ 88.229246, 21.950882 ], [ 88.228207, 21.94906 ], [ 88.226571, 21.945168 ], [ 88.225639, 21.943457 ], [ 88.224395, 21.941262 ], [ 88.224048, 21.940301 ], [ 88.223883, 21.939475 ], [ 88.223918, 21.939162 ], [ 88.2253, 21.938398 ], [ 88.226639, 21.938106 ], [ 88.228516, 21.937798 ], [ 88.229953, 21.937361 ], [ 88.231579, 21.936721 ], [ 88.231973, 21.93673 ], [ 88.232578, 21.936717 ], [ 88.233123, 21.936702 ], [ 88.233455, 21.936711 ], [ 88.233944, 21.936525 ], [ 88.234131, 21.936304 ], [ 88.23414, 21.935937 ], [ 88.234119, 21.935598 ], [ 88.233978, 21.935171 ], [ 88.233929, 21.93469 ], [ 88.233934, 21.934493 ], [ 88.234211, 21.933983 ], [ 88.234541, 21.933991 ], [ 88.234825, 21.934152 ], [ 88.235073, 21.934158 ], [ 88.23549, 21.933938 ], [ 88.235749, 21.933482 ], [ 88.236045, 21.933182 ], [ 88.236427, 21.932768 ], [ 88.236637, 21.932619 ], [ 88.236884, 21.932625 ], [ 88.237047, 21.932706 ], [ 88.237291, 21.932828 ], [ 88.237283, 21.933174 ], [ 88.237268, 21.933751 ], [ 88.237174, 21.934248 ], [ 88.237156, 21.934941 ], [ 88.237428, 21.93564 ], [ 88.237932, 21.935915 ], [ 88.238316, 21.935924 ], [ 88.238641, 21.935932 ], [ 88.238906, 21.935939 ], [ 88.239141, 21.936027 ], [ 88.239399, 21.936337 ], [ 88.239539, 21.936644 ], [ 88.239738, 21.936979 ], [ 88.240169, 21.937235 ], [ 88.240855, 21.937181 ], [ 88.241826, 21.93692 ], [ 88.243747, 21.936234 ], [ 88.244919, 21.936073 ], [ 88.245962, 21.936004 ], [ 88.247076, 21.935989 ], [ 88.247915, 21.936174 ], [ 88.248404, 21.936284 ], [ 88.249351, 21.93634 ], [ 88.250025, 21.936095 ], [ 88.250482, 21.936073 ], [ 88.250872, 21.935952 ], [ 88.251539, 21.935968 ], [ 88.252031, 21.93598 ], [ 88.252592, 21.936027 ], [ 88.253011, 21.936103 ], [ 88.253433, 21.936113 ], [ 88.254317, 21.935873 ], [ 88.254814, 21.935688 ], [ 88.255344, 21.935537 ], [ 88.255976, 21.935553 ], [ 88.256469, 21.935532 ], [ 88.257772, 21.9354 ], [ 88.259176, 21.935468 ], [ 88.260749, 21.935801 ], [ 88.262007, 21.936062 ], [ 88.264228, 21.9366 ], [ 88.265977, 21.937662 ], [ 88.266596, 21.9384 ], [ 88.267262, 21.939096 ], [ 88.267977, 21.939665 ], [ 88.268743, 21.939982 ], [ 88.269828, 21.940305 ], [ 88.270001, 21.94065 ], [ 88.269987, 21.941244 ], [ 88.270228, 21.94392 ], [ 88.270644, 21.945553 ], [ 88.270666, 21.946326 ], [ 88.270859, 21.94691 ], [ 88.271266, 21.947191 ], [ 88.2718, 21.947358 ], [ 88.272259, 21.947215 ], [ 88.272549, 21.947222 ], [ 88.272755, 21.947266 ], [ 88.273206, 21.947432 ], [ 88.273407, 21.947668 ], [ 88.273435, 21.948248 ], [ 88.273084, 21.949012 ], [ 88.272487, 21.949732 ], [ 88.272413, 21.950179 ], [ 88.272648, 21.950724 ], [ 88.273453, 21.951553 ], [ 88.273939, 21.951911 ], [ 88.274097, 21.952223 ], [ 88.274206, 21.952803 ], [ 88.274194, 21.953304 ], [ 88.274214, 21.954151 ], [ 88.2742, 21.954729 ], [ 88.274183, 21.955422 ], [ 88.274364, 21.956466 ], [ 88.274257, 21.957613 ], [ 88.274206, 21.957665 ], [ 88.273873, 21.958003 ], [ 88.273226, 21.958187 ], [ 88.271091, 21.958659 ], [ 88.270112, 21.958845 ], [ 88.269209, 21.958963 ], [ 88.268756, 21.959091 ], [ 88.268151, 21.959286 ], [ 88.267397, 21.959478 ], [ 88.266719, 21.959601 ], [ 88.266114, 21.959796 ], [ 88.265265, 21.960186 ], [ 88.265044, 21.960758 ], [ 88.265085, 21.961193 ], [ 88.265257, 21.961622 ], [ 88.26528, 21.961679 ], [ 88.266348, 21.962553 ], [ 88.266495, 21.962673 ], [ 88.266747, 21.96292 ], [ 88.26689, 21.963405 ], [ 88.266887, 21.963432 ], [ 88.266821, 21.964077 ], [ 88.266186, 21.964688 ], [ 88.265243, 21.965243 ], [ 88.263991, 21.965742 ], [ 88.26279, 21.966291 ], [ 88.259539, 21.968752 ], [ 88.258934, 21.968924 ], [ 88.258127, 21.969153 ], [ 88.257587, 21.969389 ], [ 88.257373, 21.969944 ], [ 88.257359, 21.970504 ], [ 88.257474, 21.971253 ], [ 88.257459, 21.971876 ], [ 88.257029, 21.973048 ], [ 88.256483, 21.973532 ], [ 88.25607, 21.97402 ], [ 88.255539, 21.975392 ], [ 88.255481, 21.975903 ], [ 88.255502, 21.976886 ], [ 88.257395, 21.979903 ], [ 88.258562, 21.981129 ], [ 88.260711, 21.982418 ], [ 88.262186, 21.983332 ], [ 88.264007, 21.984054 ], [ 88.264538, 21.984067 ], [ 88.267127, 21.984129 ], [ 88.270236, 21.983575 ], [ 88.273579, 21.98266 ], [ 88.277223, 21.981357 ], [ 88.280233, 21.979808 ], [ 88.281212, 21.979665 ], [ 88.283387, 21.978184 ], [ 88.285577, 21.97609 ], [ 88.287476, 21.973003 ], [ 88.287997, 21.970942 ], [ 88.288023, 21.970837 ], [ 88.288273, 21.969849 ], [ 88.289382, 21.967312 ], [ 88.290144, 21.965622 ], [ 88.29236, 21.963296 ], [ 88.29357, 21.962287 ], [ 88.294565, 21.961458 ], [ 88.296353, 21.960586 ], [ 88.296544, 21.960558 ], [ 88.298126, 21.960324 ], [ 88.301054, 21.961006 ], [ 88.304546, 21.962677 ], [ 88.306204, 21.964427 ], [ 88.306708, 21.965019 ], [ 88.306525, 21.963641 ], [ 88.306412, 21.962788 ], [ 88.305336, 21.959784 ], [ 88.303689, 21.957904 ], [ 88.302521, 21.956572 ], [ 88.3007, 21.955146 ], [ 88.300555, 21.950364 ], [ 88.300006, 21.947405 ], [ 88.300165, 21.945674 ], [ 88.300297, 21.944232 ], [ 88.302027, 21.942673 ], [ 88.307349, 21.940648 ], [ 88.309254, 21.940167 ], [ 88.312622, 21.939317 ], [ 88.317524, 21.937462 ], [ 88.319112, 21.935652 ], [ 88.319177, 21.935577 ], [ 88.318863, 21.934868 ], [ 88.31855, 21.933862 ], [ 88.318299, 21.933094 ], [ 88.318174, 21.932503 ], [ 88.317923, 21.931911 ], [ 88.317481, 21.930891 ], [ 88.31736, 21.92996 ], [ 88.317107, 21.929841 ], [ 88.316728, 21.929604 ], [ 88.316222, 21.929425 ], [ 88.315715, 21.929482 ], [ 88.314067, 21.929831 ], [ 88.312863, 21.930181 ], [ 88.311913, 21.930178 ], [ 88.311154, 21.929939 ], [ 88.31084, 21.928993 ], [ 88.312115, 21.926694 ], [ 88.312623, 21.926341 ], [ 88.312624, 21.926105 ], [ 88.312689, 21.925515 ], [ 88.312313, 21.924273 ], [ 88.31143, 21.923266 ], [ 88.310736, 21.922614 ], [ 88.30993, 21.920689 ], [ 88.310008, 21.920331 ], [ 88.310404, 21.918516 ], [ 88.310583, 21.917429 ], [ 88.310995, 21.916343 ], [ 88.311931, 21.915313 ], [ 88.313046, 21.913087 ], [ 88.313049, 21.912434 ], [ 88.313051, 21.911728 ], [ 88.313171, 21.91064 ], [ 88.313174, 21.909934 ], [ 88.313475, 21.907161 ], [ 88.312779, 21.906289 ], [ 88.31249, 21.905527 ], [ 88.31121, 21.904816 ], [ 88.310677, 21.904717 ], [ 88.309404, 21.904483 ], [ 88.305501, 21.903709 ], [ 88.30364, 21.902561 ], [ 88.302854, 21.901257 ], [ 88.302655, 21.900926 ], [ 88.302656, 21.9006 ], [ 88.302662, 21.898969 ], [ 88.303305, 21.898536 ], [ 88.302668, 21.897229 ], [ 88.302552, 21.897065 ], [ 88.304759, 21.894505 ], [ 88.307482, 21.893577 ], [ 88.307841, 21.892364 ], [ 88.308021, 21.891758 ], [ 88.308204, 21.890104 ], [ 88.308027, 21.889938 ], [ 88.30602, 21.889159 ], [ 88.304957, 21.888604 ], [ 88.303897, 21.887552 ], [ 88.302719, 21.88639 ], [ 88.302487, 21.885065 ], [ 88.302549, 21.884128 ], [ 88.30267, 21.883466 ], [ 88.30208, 21.882328 ], [ 88.301974, 21.881272 ], [ 88.301976, 21.88068 ], [ 88.302089, 21.879729 ], [ 88.302366, 21.879395 ], [ 88.302451, 21.878855 ], [ 88.301798, 21.876383 ], [ 88.30169, 21.875584 ], [ 88.301857, 21.875276 ], [ 88.302078, 21.875097 ], [ 88.305002, 21.873178 ], [ 88.308553, 21.873239 ], [ 88.311016, 21.873282 ], [ 88.315187, 21.874092 ], [ 88.315634, 21.874679 ], [ 88.316439, 21.875603 ], [ 88.316598, 21.875824 ], [ 88.317198, 21.876653 ], [ 88.317511, 21.877073 ], [ 88.318267, 21.879002 ], [ 88.31813, 21.879755 ], [ 88.317677, 21.880884 ], [ 88.317573, 21.883088 ], [ 88.317964, 21.88449 ], [ 88.319377, 21.887148 ], [ 88.321638, 21.888409 ], [ 88.3234, 21.889029 ], [ 88.324637, 21.889353 ], [ 88.325372, 21.890043 ], [ 88.327001, 21.891277 ], [ 88.327683, 21.892336 ], [ 88.32971, 21.894854 ], [ 88.329919, 21.895916 ], [ 88.329845, 21.896878 ], [ 88.329413, 21.898536 ], [ 88.328983, 21.89943 ], [ 88.328697, 21.899828 ], [ 88.328874, 21.900094 ], [ 88.329264, 21.900327 ], [ 88.329727, 21.900329 ], [ 88.331258, 21.899803 ], [ 88.333394, 21.899179 ], [ 88.336098, 21.898956 ], [ 88.338056, 21.898232 ], [ 88.339941, 21.898238 ], [ 88.341007, 21.898573 ], [ 88.34111, 21.899701 ], [ 88.341251, 21.899967 ], [ 88.341642, 21.900168 ], [ 88.342175, 21.900402 ], [ 88.342708, 21.900436 ], [ 88.343347, 21.900427 ], [ 88.344522, 21.900409 ], [ 88.345127, 21.900411 ], [ 88.345197, 21.900477 ], [ 88.345623, 21.900777 ], [ 88.34587, 21.901342 ], [ 88.346081, 21.902338 ], [ 88.346964, 21.904033 ], [ 88.348309, 21.907416 ], [ 88.350006, 21.909966 ], [ 88.352797, 21.913649 ], [ 88.353512, 21.9151 ], [ 88.354409, 21.916348 ], [ 88.35458, 21.916693 ], [ 88.354682, 21.91686 ], [ 88.354776, 21.917014 ], [ 88.355316, 21.917223 ], [ 88.355636, 21.917292 ], [ 88.356078, 21.917317 ], [ 88.35657, 21.917193 ], [ 88.357162, 21.917045 ], [ 88.357729, 21.91645 ], [ 88.358322, 21.915718 ], [ 88.358544, 21.915351 ], [ 88.359456, 21.91478 ], [ 88.35995, 21.914277 ], [ 88.360864, 21.912173 ], [ 88.361164, 21.911481 ], [ 88.361635, 21.910221 ], [ 88.361857, 21.910107 ], [ 88.362325, 21.909879 ], [ 88.36272, 21.909513 ], [ 88.362968, 21.908825 ], [ 88.363018, 21.908527 ], [ 88.364139, 21.905981 ], [ 88.365893, 21.901994 ], [ 88.366704, 21.898661 ], [ 88.367196, 21.894878 ], [ 88.367474, 21.891344 ], [ 88.367242, 21.888553 ], [ 88.367178, 21.887782 ], [ 88.367132, 21.887227 ], [ 88.36689, 21.88575 ], [ 88.366292, 21.882098 ], [ 88.365495, 21.877894 ], [ 88.365055, 21.874616 ], [ 88.36372, 21.872892 ], [ 88.363236, 21.872268 ], [ 88.362554, 21.871507 ], [ 88.362011, 21.870144 ], [ 88.361789, 21.869586 ], [ 88.360945, 21.865668 ], [ 88.358608, 21.859827 ], [ 88.357371, 21.857153 ], [ 88.356373, 21.855275 ], [ 88.356265, 21.855191 ], [ 88.355561, 21.854647 ], [ 88.354893, 21.85411 ], [ 88.353222, 21.853256 ], [ 88.351071, 21.852803 ], [ 88.34849, 21.853367 ], [ 88.343801, 21.853912 ], [ 88.341985, 21.854726 ], [ 88.340308, 21.855478 ], [ 88.339344, 21.856444 ], [ 88.338941, 21.856846 ], [ 88.33519, 21.857839 ], [ 88.332558, 21.858101 ], [ 88.330474, 21.858308 ], [ 88.326434, 21.858295 ], [ 88.323431, 21.857753 ], [ 88.318201, 21.857156 ], [ 88.313705, 21.853757 ], [ 88.310741, 21.851609 ], [ 88.310573, 21.851307 ], [ 88.31006, 21.850377 ], [ 88.309646, 21.849628 ], [ 88.309992, 21.847692 ], [ 88.310844, 21.846311 ], [ 88.311023, 21.843465 ], [ 88.311246, 21.840224 ], [ 88.310958, 21.837811 ], [ 88.309992, 21.835356 ], [ 88.309273, 21.833926 ], [ 88.308569, 21.832528 ], [ 88.307826, 21.831829 ], [ 88.306889, 21.830948 ], [ 88.303972, 21.828393 ], [ 88.303064, 21.827954 ], [ 88.300112, 21.826529 ], [ 88.293131, 21.823728 ], [ 88.292185, 21.823389 ], [ 88.282028, 21.81975 ], [ 88.278794, 21.819061 ], [ 88.274729, 21.817015 ], [ 88.268991, 21.814443 ], [ 88.263261, 21.810099 ], [ 88.263217, 21.810045 ], [ 88.254768, 21.811536 ], [ 88.252569, 21.812551 ], [ 88.249379, 21.814023 ], [ 88.246892, 21.820655 ], [ 88.239056, 21.820908 ], [ 88.234043, 21.821069 ], [ 88.228654, 21.81651 ], [ 88.227616, 21.81535 ], [ 88.221608, 21.808634 ], [ 88.208632, 21.804929 ], [ 88.208227, 21.805877 ], [ 88.207755, 21.806488 ], [ 88.207213, 21.807226 ], [ 88.20639, 21.808065 ], [ 88.206334, 21.808367 ], [ 88.206014, 21.809159 ], [ 88.205253, 21.810601 ], [ 88.20454, 21.812234 ], [ 88.204065, 21.813862 ], [ 88.203442, 21.81558 ], [ 88.203216, 21.81589 ], [ 88.203156, 21.816355 ], [ 88.203116, 21.816774 ], [ 88.202987, 21.817258 ], [ 88.2028, 21.817568 ], [ 88.20241, 21.818547 ], [ 88.202241, 21.819732 ], [ 88.201181, 21.822042 ], [ 88.200462, 21.823291 ], [ 88.199742, 21.825026 ], [ 88.198136, 21.82771 ], [ 88.19735, 21.829194 ], [ 88.194888, 21.832731 ], [ 88.193082, 21.834711 ], [ 88.193074, 21.83494 ], [ 88.193023, 21.835264 ], [ 88.192784, 21.835746 ], [ 88.192592, 21.836065 ], [ 88.190384, 21.838674 ], [ 88.187367, 21.841933 ], [ 88.183933, 21.845328 ], [ 88.180479, 21.848638 ], [ 88.177837, 21.851646 ], [ 88.17704, 21.852846 ], [ 88.176163, 21.854822 ], [ 88.174816, 21.857819 ], [ 88.174731, 21.858065 ], [ 88.174565, 21.858327 ], [ 88.174304, 21.858858 ], [ 88.174069, 21.85933 ], [ 88.17387, 21.859749 ], [ 88.173568, 21.860416 ], [ 88.173302, 21.860897 ], [ 88.172859, 21.861655 ], [ 88.172247, 21.862753 ], [ 88.171727, 21.863744 ], [ 88.17108, 21.865021 ], [ 88.170404, 21.866409 ], [ 88.170336, 21.866657 ], [ 88.17034, 21.866746 ], [ 88.170351, 21.866793 ], [ 88.170343, 21.866834 ], [ 88.170299, 21.866875 ], [ 88.170255, 21.866899 ], [ 88.170196, 21.866991 ], [ 88.170188, 21.8671 ], [ 88.17, 21.867658 ], [ 88.169633, 21.868644 ], [ 88.169061, 21.869821 ], [ 88.168512, 21.871331 ], [ 88.168913, 21.871794 ], [ 88.169179, 21.872011 ], [ 88.169187, 21.872146 ], [ 88.169122, 21.872277 ], [ 88.168912, 21.872512 ], [ 88.168613, 21.872901 ], [ 88.16851, 21.873089 ], [ 88.16851, 21.873202 ], [ 88.168522, 21.873314 ], [ 88.168582, 21.873359 ], [ 88.168631, 21.873423 ], [ 88.168602, 21.873546 ], [ 88.168388, 21.87386 ], [ 88.167911, 21.87439 ], [ 88.167555, 21.874833 ], [ 88.16731, 21.874642 ], [ 88.166659, 21.875427 ], [ 88.166364, 21.875819 ], [ 88.166352, 21.875871 ], [ 88.166432, 21.875946 ], [ 88.167028, 21.876333 ], [ 88.167157, 21.876445 ], [ 88.1673, 21.876561 ], [ 88.167352, 21.876621 ], [ 88.167364, 21.876685 ], [ 88.167336, 21.876752 ], [ 88.167259, 21.876861 ], [ 88.167223, 21.876928 ], [ 88.167215, 21.877006 ], [ 88.167158, 21.877089 ], [ 88.167037, 21.877231 ], [ 88.166928, 21.877223 ], [ 88.166777, 21.877245 ], [ 88.166538, 21.877458 ], [ 88.166281, 21.877244 ], [ 88.166119, 21.877479 ], [ 88.165787, 21.878149 ], [ 88.165945, 21.878318 ], [ 88.165747, 21.878569 ], [ 88.165517, 21.87882 ], [ 88.166288, 21.879377 ], [ 88.166015, 21.879622 ], [ 88.165459, 21.879102 ], [ 88.165281, 21.879322 ], [ 88.164965, 21.879135 ], [ 88.164904, 21.879204 ], [ 88.165584, 21.879624 ], [ 88.165469, 21.879786 ], [ 88.165415, 21.879846 ], [ 88.16532, 21.879901 ], [ 88.165281, 21.879896 ], [ 88.16504, 21.879687 ], [ 88.164988, 21.879739 ], [ 88.165231, 21.880062 ], [ 88.165067, 21.880186 ], [ 88.165147, 21.880302 ], [ 88.165117, 21.880355 ], [ 88.164881, 21.880659 ], [ 88.16481, 21.880615 ], [ 88.16473, 21.880732 ], [ 88.164814, 21.880777 ], [ 88.164749, 21.880864 ], [ 88.164569, 21.880742 ], [ 88.164549, 21.880702 ], [ 88.164499, 21.8807 ], [ 88.16444, 21.880659 ], [ 88.164436, 21.880597 ], [ 88.164373, 21.88061 ], [ 88.164315, 21.880578 ], [ 88.164317, 21.88051 ], [ 88.16426, 21.880519 ], [ 88.164111, 21.880412 ], [ 88.164162, 21.880345 ], [ 88.164036, 21.880247 ], [ 88.163986, 21.880324 ], [ 88.163897, 21.88026 ], [ 88.163928, 21.880202 ], [ 88.163812, 21.88011 ], [ 88.163668, 21.880337 ], [ 88.163796, 21.880391 ], [ 88.163852, 21.880317 ], [ 88.163939, 21.880383 ], [ 88.163893, 21.88045 ], [ 88.164008, 21.880534 ], [ 88.164063, 21.880476 ], [ 88.164212, 21.880567 ], [ 88.164217, 21.880629 ], [ 88.164282, 21.880621 ], [ 88.164338, 21.880655 ], [ 88.164338, 21.880714 ], [ 88.164406, 21.880709 ], [ 88.16446, 21.880735 ], [ 88.164479, 21.880788 ], [ 88.164519, 21.8808 ], [ 88.164915, 21.881125 ], [ 88.164809, 21.881261 ], [ 88.164775, 21.881309 ], [ 88.164743, 21.88139 ], [ 88.164741, 21.881431 ], [ 88.164717, 21.881631 ], [ 88.164735, 21.881773 ], [ 88.16475, 21.881869 ], [ 88.164766, 21.881928 ], [ 88.164744, 21.881998 ], [ 88.164679, 21.882009 ], [ 88.164564, 21.882024 ], [ 88.164445, 21.882041 ], [ 88.164333, 21.882071 ], [ 88.164319, 21.882148 ], [ 88.163986, 21.882143 ], [ 88.163982, 21.882177 ], [ 88.164326, 21.88219 ], [ 88.164338, 21.882257 ], [ 88.164448, 21.882295 ], [ 88.164662, 21.882353 ], [ 88.164771, 21.882382 ], [ 88.164769, 21.882459 ], [ 88.164773, 21.882523 ], [ 88.164562, 21.882538 ], [ 88.164556, 21.882627 ], [ 88.164109, 21.88265 ], [ 88.163856, 21.882655 ], [ 88.163841, 21.882535 ], [ 88.163769, 21.882535 ], [ 88.163759, 21.882655 ], [ 88.163556, 21.882646 ], [ 88.163546, 21.882528 ], [ 88.163358, 21.882537 ], [ 88.16337, 21.882811 ], [ 88.163545, 21.882815 ], [ 88.163558, 21.882705 ], [ 88.163758, 21.882702 ], [ 88.163772, 21.88281 ], [ 88.163862, 21.88281 ], [ 88.163856, 21.882709 ], [ 88.164105, 21.882718 ], [ 88.164553, 21.882712 ], [ 88.164585, 21.882739 ], [ 88.164804, 21.882724 ], [ 88.164844, 21.88273 ], [ 88.164884, 21.882745 ], [ 88.164886, 21.882803 ], [ 88.164811, 21.882801 ], [ 88.16482, 21.882946 ], [ 88.164902, 21.88295 ], [ 88.164918, 21.882987 ], [ 88.164889, 21.883019 ], [ 88.164887, 21.883044 ], [ 88.164873, 21.883081 ], [ 88.164852, 21.8831 ], [ 88.164814, 21.883095 ], [ 88.164802, 21.883025 ], [ 88.164764, 21.883034 ], [ 88.164762, 21.883113 ], [ 88.16468, 21.883145 ], [ 88.164736, 21.883316 ], [ 88.164849, 21.883448 ], [ 88.165007, 21.885128 ], [ 88.165062, 21.885759 ], [ 88.165066, 21.886565 ], [ 88.165052, 21.886676 ], [ 88.165172, 21.886716 ], [ 88.165201, 21.886828 ], [ 88.165235, 21.887439 ], [ 88.165269, 21.88809 ], [ 88.165389, 21.88857 ], [ 88.165515, 21.888899 ], [ 88.165792, 21.888985 ], [ 88.165997, 21.889084 ], [ 88.166195, 21.889196 ], [ 88.166404, 21.889486 ], [ 88.16646, 21.88965 ], [ 88.166453, 21.88992 ], [ 88.166447, 21.890209 ], [ 88.166393, 21.890259 ], [ 88.165987, 21.890352 ], [ 88.166013, 21.890412 ], [ 88.166311, 21.890355 ], [ 88.166365, 21.890513 ], [ 88.166409, 21.890571 ], [ 88.166593, 21.890591 ], [ 88.166746, 21.890567 ], [ 88.166813, 21.890532 ], [ 88.167319, 21.891601 ], [ 88.167622, 21.892245 ], [ 88.167992, 21.893595 ], [ 88.167957, 21.894306 ], [ 88.168389, 21.894938 ], [ 88.168658, 21.895248 ], [ 88.168828, 21.895406 ], [ 88.168835, 21.895518 ], [ 88.168806, 21.895663 ], [ 88.168799, 21.895775 ], [ 88.168764, 21.896054 ], [ 88.168834, 21.896146 ], [ 88.168948, 21.896192 ], [ 88.169026, 21.896304 ], [ 88.169294, 21.896805 ], [ 88.169407, 21.897121 ], [ 88.169526, 21.897394 ], [ 88.16961, 21.897538 ], [ 88.169589, 21.897688 ], [ 88.169581, 21.897838 ], [ 88.169567, 21.898041 ], [ 88.1697, 21.898224 ], [ 88.169875, 21.898558 ], [ 88.170064, 21.899094 ], [ 88.170183, 21.899495 ], [ 88.170284, 21.900046 ], [ 88.170326, 21.90036 ], [ 88.170529, 21.901007 ], [ 88.170755, 21.901744 ], [ 88.171064, 21.902394 ], [ 88.170986, 21.902518 ], [ 88.170852, 21.902603 ], [ 88.170816, 21.902721 ], [ 88.170922, 21.902897 ], [ 88.171013, 21.903107 ], [ 88.171041, 21.903218 ], [ 88.171123, 21.903955 ], [ 88.171333, 21.904615 ], [ 88.171166, 21.905815 ], [ 88.172602, 21.908298 ], [ 88.173986, 21.91155 ], [ 88.174217, 21.912062 ], [ 88.174678, 21.91344 ], [ 88.175769, 21.91614 ], [ 88.177236, 21.920608 ], [ 88.177192, 21.92136 ], [ 88.177044, 21.921887 ], [ 88.177131, 21.922561 ], [ 88.177251, 21.923393 ], [ 88.177516, 21.924277 ], [ 88.177595, 21.925115 ], [ 88.177699, 21.925492 ], [ 88.177867, 21.925979 ], [ 88.177777, 21.926929 ], [ 88.177532, 21.928536 ], [ 88.17724, 21.929359 ], [ 88.176907, 21.930307 ], [ 88.176501, 21.932022 ], [ 88.175788, 21.933604 ], [ 88.175328, 21.93433 ], [ 88.174503, 21.935271 ], [ 88.173427, 21.936152 ], [ 88.171853, 21.93734 ], [ 88.170741, 21.938211 ], [ 88.170346, 21.938784 ], [ 88.170065, 21.93894 ], [ 88.169727, 21.939322 ], [ 88.168903, 21.939801 ], [ 88.16822, 21.940104 ], [ 88.167057, 21.940911 ], [ 88.165819, 21.94176 ], [ 88.164773, 21.942643 ], [ 88.163216, 21.94411 ], [ 88.162553, 21.944991 ], [ 88.160676, 21.9469 ], [ 88.160245, 21.947472 ], [ 88.159757, 21.948462 ], [ 88.15974, 21.948493 ], [ 88.159629, 21.948628 ], [ 88.159404, 21.949091 ], [ 88.159384, 21.949128 ], [ 88.159238, 21.949375 ], [ 88.159082, 21.949603 ], [ 88.159039, 21.949743 ], [ 88.158803, 21.950231 ], [ 88.158383, 21.95119 ], [ 88.15784, 21.952105 ], [ 88.157841, 21.952106 ], [ 88.157526, 21.952668 ], [ 88.157448, 21.952773 ], [ 88.157411, 21.952848 ], [ 88.157372, 21.953013 ], [ 88.157362, 21.953038 ], [ 88.157167, 21.953468 ], [ 88.156878, 21.954086 ], [ 88.156781, 21.954233 ], [ 88.156737, 21.954387 ], [ 88.156576, 21.95473 ], [ 88.15594, 21.955959 ], [ 88.155306, 21.956979 ], [ 88.155287, 21.95699 ], [ 88.155239, 21.957054 ], [ 88.155203, 21.957194 ], [ 88.155069, 21.957515 ], [ 88.154979, 21.957712 ], [ 88.15493, 21.957841 ], [ 88.154867, 21.957955 ], [ 88.15479, 21.958187 ], [ 88.154788, 21.958435 ], [ 88.154796, 21.958465 ], [ 88.154783, 21.95868 ], [ 88.154778, 21.95914 ], [ 88.154785, 21.95929 ], [ 88.154765, 21.959326 ], [ 88.154801, 21.959445 ], [ 88.154916, 21.959629 ], [ 88.1556, 21.96034 ], [ 88.15593, 21.960607 ], [ 88.156044, 21.960716 ], [ 88.156547, 21.961213 ], [ 88.156641, 21.961338 ], [ 88.156819, 21.961496 ], [ 88.157934, 21.962714 ], [ 88.159027, 21.964181 ], [ 88.159041, 21.964202 ], [ 88.159614, 21.965116 ], [ 88.159872, 21.965557 ], [ 88.159868, 21.965567 ], [ 88.159875, 21.965603 ], [ 88.160296, 21.96613 ], [ 88.160322, 21.966152 ], [ 88.160813, 21.966756 ], [ 88.160859, 21.966808 ], [ 88.160933, 21.966917 ], [ 88.161416, 21.967419 ], [ 88.161417, 21.967419 ], [ 88.161807, 21.967824 ], [ 88.162247, 21.968182 ], [ 88.162511, 21.968397 ], [ 88.16274, 21.968584 ], [ 88.162987, 21.968761 ], [ 88.163121, 21.968815 ], [ 88.163182, 21.968816 ], [ 88.164044, 21.969229 ], [ 88.164036, 21.969244 ], [ 88.165008, 21.969687 ], [ 88.165266, 21.969824 ], [ 88.16527, 21.969828 ], [ 88.165404, 21.969902 ], [ 88.165584, 21.969992 ], [ 88.166429, 21.970467 ], [ 88.166612, 21.970576 ], [ 88.167083, 21.970895 ], [ 88.167307, 21.970981 ], [ 88.167928, 21.971297 ], [ 88.168254, 21.971318 ], [ 88.169168, 21.971471 ], [ 88.17047, 21.972372 ], [ 88.171933, 21.973771 ], [ 88.172116, 21.974192 ], [ 88.173274, 21.975327 ], [ 88.17371, 21.975853 ], [ 88.174135, 21.976335 ], [ 88.174207, 21.976441 ], [ 88.174675, 21.976929 ], [ 88.174754, 21.977012 ], [ 88.174793, 21.977053 ], [ 88.174833, 21.977093 ], [ 88.174881, 21.977142 ], [ 88.175129, 21.977395 ], [ 88.175225, 21.977467 ], [ 88.175626, 21.977845 ], [ 88.176044, 21.978264 ], [ 88.176045, 21.978265 ], [ 88.176046, 21.978266 ], [ 88.176433, 21.978654 ], [ 88.176579, 21.97881 ], [ 88.176897, 21.979124 ], [ 88.178039, 21.980498 ], [ 88.179035, 21.981969 ], [ 88.179065, 21.982023 ], [ 88.179924, 21.983137 ], [ 88.181708, 21.984847 ], [ 88.183573, 21.987144 ] ] ] } },
{ "type": "Feature", "properties": { "census2011_code": "02438", "block_name": "Sagar", "geoboundaries_shape_id": "7132399B83946510622683", "area_km2": 240.0, "land_area_km2": 235.5, "water_area_km2": 4.6 }, "geometry": { "type": "MultiPolygon", "coordinates": [ [ [ [ 88.165088, 21.936015 ], [ 88.166648, 21.935137 ], [ 88.169218, 21.933829 ], [ 88.170304, 21.933116 ], [ 88.170936, 21.93264 ], [ 88.171134, 21.932146 ], [ 88.171268, 21.930417 ], [ 88.17117, 21.929172 ], [ 88.17048, 21.927084 ], [ 88.169145, 21.924123 ], [ 88.168317, 21.922713 ], [ 88.167261, 21.920965 ], [ 88.166906, 21.920434 ], [ 88.166571, 21.920306 ], [ 88.166334, 21.920278 ], [ 88.165441, 21.919725 ], [ 88.165143, 21.919448 ], [ 88.164829, 21.919187 ], [ 88.164167, 21.91891 ], [ 88.163687, 21.918726 ], [ 88.163224, 21.918741 ], [ 88.16281, 21.918756 ], [ 88.162495, 21.918909 ], [ 88.162429, 21.919124 ], [ 88.162065, 21.919369 ], [ 88.161843, 21.919044 ], [ 88.161613, 21.918621 ], [ 88.161258, 21.918072 ], [ 88.16112, 21.917614 ], [ 88.160963, 21.917174 ], [ 88.160687, 21.916863 ], [ 88.160312, 21.916661 ], [ 88.159976, 21.916814 ], [ 88.159402, 21.91826 ], [ 88.158927, 21.919688 ], [ 88.158551, 21.921445 ], [ 88.158253, 21.923768 ], [ 88.157955, 21.926488 ], [ 88.157869, 21.927224 ], [ 88.158147, 21.927552 ], [ 88.159158, 21.929014 ], [ 88.160014, 21.93056 ], [ 88.160706, 21.932175 ], [ 88.161229, 21.933845 ], [ 88.161577, 21.935554 ], [ 88.161734, 21.937154 ], [ 88.161733, 21.937419 ], [ 88.161761, 21.937472 ], [ 88.161773, 21.937556 ], [ 88.161953, 21.937551 ], [ 88.163296, 21.936984 ], [ 88.165088, 21.936015 ] ] ], [ [ [ 88.141654, 21.916268 ], [ 88.14248, 21.915394 ], [ 88.142637, 21.915121 ], [ 88.142815, 21.914702 ], [ 88.142501, 21.914064 ], [ 88.141363, 21.911971 ], [ 88.14001, 21.909875 ], [ 88.138872, 21.908234 ], [ 88.137215, 21.906371 ], [ 88.135619, 21.904362 ], [ 88.13456, 21.903049 ], [ 88.1337, 21.902313 ], [ 88.132816, 21.901748 ], [ 88.131798, 21.900854 ], [ 88.130817, 21.900397 ], [ 88.129835, 21.900324 ], [ 88.129422, 21.900196 ], [ 88.129147, 21.899995 ], [ 88.128941, 21.899995 ], [ 88.128733, 21.900359 ], [ 88.127715, 21.901796 ], [ 88.127287, 21.90229 ], [ 88.127087, 21.902559 ], [ 88.127043, 21.90258 ], [ 88.126995, 21.902625 ], [ 88.126961, 21.902708 ], [ 88.126914, 21.902748 ], [ 88.126893, 21.902802 ], [ 88.126882, 21.902869 ], [ 88.126716, 21.90323 ], [ 88.125962, 21.904684 ], [ 88.125072, 21.906068 ], [ 88.124054, 21.907373 ], [ 88.123599, 21.907858 ], [ 88.123604, 21.907862 ], [ 88.123205, 21.908305 ], [ 88.122776, 21.908724 ], [ 88.12237, 21.909237 ], [ 88.122224, 21.909421 ], [ 88.120732, 21.911089 ], [ 88.120559, 21.91126 ], [ 88.120484, 21.911326 ], [ 88.120321, 21.911474 ], [ 88.120198, 21.911631 ], [ 88.120075, 21.91177 ], [ 88.11999, 21.911908 ], [ 88.11987, 21.912054 ], [ 88.11984, 21.912091 ], [ 88.119762, 21.912174 ], [ 88.119586, 21.91234 ], [ 88.119351, 21.912645 ], [ 88.119214, 21.912834 ], [ 88.11896, 21.913176 ], [ 88.118741, 21.913456 ], [ 88.11865, 21.913595 ], [ 88.118582, 21.913708 ], [ 88.118562, 21.913737 ], [ 88.118536, 21.913782 ], [ 88.118348, 21.914076 ], [ 88.118269, 21.914278 ], [ 88.117963, 21.914913 ], [ 88.117962, 21.914916 ], [ 88.117859, 21.915114 ], [ 88.117765, 21.915241 ], [ 88.117674, 21.915442 ], [ 88.11761, 21.915557 ], [ 88.117607, 21.915651 ], [ 88.117635, 21.9157 ], [ 88.117641, 21.916011 ], [ 88.11762, 21.917321 ], [ 88.117607, 21.917544 ], [ 88.11758, 21.917567 ], [ 88.11758, 21.917629 ], [ 88.117692, 21.917747 ], [ 88.117909, 21.918061 ], [ 88.117937, 21.918115 ], [ 88.118012, 21.918222 ], [ 88.11806, 21.918316 ], [ 88.118122, 21.918393 ], [ 88.118278, 21.918563 ], [ 88.118438, 21.918747 ], [ 88.118699, 21.918993 ], [ 88.11898, 21.919237 ], [ 88.119037, 21.919253 ], [ 88.119534, 21.919642 ], [ 88.119541, 21.919665 ], [ 88.119632, 21.919722 ], [ 88.119865, 21.919893 ], [ 88.119923, 21.919939 ], [ 88.120118, 21.92011 ], [ 88.120268, 21.920247 ], [ 88.120423, 21.920339 ], [ 88.120439, 21.920342 ], [ 88.121957, 21.921474 ], [ 88.122014, 21.921533 ], [ 88.122292, 21.92175 ], [ 88.122448, 21.921879 ], [ 88.122766, 21.922137 ], [ 88.122878, 21.922231 ], [ 88.1231, 21.922424 ], [ 88.123427, 21.922688 ], [ 88.1235, 21.922745 ], [ 88.123564, 21.922794 ], [ 88.124037, 21.923175 ], [ 88.124077, 21.923205 ], [ 88.124404, 21.923479 ], [ 88.124887, 21.923756 ], [ 88.125014, 21.923824 ], [ 88.125079, 21.92386 ], [ 88.125145, 21.923895 ], [ 88.125648, 21.924172 ], [ 88.126177, 21.924504 ], [ 88.126429, 21.924624 ], [ 88.126867, 21.924704 ], [ 88.127067, 21.92474 ], [ 88.127319, 21.924788 ], [ 88.127476, 21.924818 ], [ 88.127703, 21.924863 ], [ 88.127918, 21.924896 ], [ 88.128101, 21.924923 ], [ 88.128687, 21.925012 ], [ 88.128929, 21.924995 ], [ 88.129181, 21.924883 ], [ 88.129287, 21.924774 ], [ 88.129639, 21.924504 ], [ 88.130106, 21.924109 ], [ 88.131602, 21.923071 ], [ 88.133198, 21.922171 ], [ 88.134879, 21.921419 ], [ 88.13663, 21.920821 ], [ 88.13754, 21.920601 ], [ 88.138564, 21.919418 ], [ 88.140357, 21.917561 ], [ 88.141654, 21.916268 ] ] ], [ [ [ 88.117009, 21.851529 ], [ 88.117315, 21.851928 ], [ 88.119411, 21.856429 ], [ 88.120065, 21.857868 ], [ 88.120398, 21.858905 ], [ 88.120538, 21.859963 ], [ 88.12118, 21.86173 ], [ 88.122199, 21.863497 ], [ 88.122561, 21.864202 ], [ 88.122587, 21.864466 ], [ 88.122297, 21.864732 ], [ 88.122635, 21.865193 ], [ 88.123182, 21.865677 ], [ 88.124066, 21.867068 ], [ 88.127418, 21.869917 ], [ 88.127601, 21.86976 ], [ 88.129783, 21.871549 ], [ 88.131955, 21.873238 ], [ 88.133597, 21.875177 ], [ 88.135185, 21.876256 ], [ 88.135586, 21.876386 ], [ 88.135892, 21.876189 ], [ 88.136104, 21.875753 ], [ 88.136849, 21.874614 ], [ 88.138195, 21.870853 ], [ 88.139269, 21.867828 ], [ 88.140042, 21.866614 ], [ 88.141586, 21.863605 ], [ 88.142205, 21.862579 ], [ 88.142867, 21.861677 ], [ 88.143209, 21.861138 ], [ 88.143255, 21.861049 ], [ 88.143324, 21.861052 ], [ 88.143384, 21.860976 ], [ 88.143483, 21.861025 ], [ 88.143499, 21.861074 ], [ 88.143556, 21.861068 ], [ 88.143625, 21.86109 ], [ 88.143635, 21.861154 ], [ 88.143701, 21.861145 ], [ 88.143859, 21.861216 ], [ 88.143813, 21.861305 ], [ 88.143958, 21.861375 ], [ 88.144097, 21.861167 ], [ 88.143959, 21.86109 ], [ 88.143912, 21.861155 ], [ 88.143744, 21.861087 ], [ 88.143724, 21.861025 ], [ 88.143668, 21.861035 ], [ 88.143613, 21.861011 ], [ 88.143586, 21.860946 ], [ 88.143523, 21.860958 ], [ 88.143415, 21.860888 ], [ 88.143451, 21.860802 ], [ 88.143534, 21.860634 ], [ 88.143906, 21.859997 ], [ 88.144049, 21.85955 ], [ 88.144227, 21.85943 ], [ 88.144333, 21.859286 ], [ 88.144438, 21.85917 ], [ 88.144603, 21.859305 ], [ 88.144623, 21.859283 ], [ 88.144462, 21.859141 ], [ 88.144543, 21.859063 ], [ 88.144677, 21.858843 ], [ 88.144724, 21.85871 ], [ 88.14507, 21.858825 ], [ 88.145041, 21.858921 ], [ 88.145106, 21.858949 ], [ 88.145222, 21.858698 ], [ 88.145145, 21.858666 ], [ 88.1451, 21.858784 ], [ 88.144748, 21.858653 ], [ 88.144808, 21.858349 ], [ 88.144929, 21.858182 ], [ 88.145021, 21.85807 ], [ 88.145138, 21.857817 ], [ 88.145171, 21.85733 ], [ 88.145204, 21.856912 ], [ 88.145336, 21.856033 ], [ 88.14542, 21.855617 ], [ 88.145421, 21.855354 ], [ 88.145512, 21.854994 ], [ 88.145601, 21.854706 ], [ 88.145852, 21.854277 ], [ 88.146112, 21.853792 ], [ 88.146391, 21.853441 ], [ 88.146572, 21.853028 ], [ 88.14673, 21.852638 ], [ 88.146932, 21.852123 ], [ 88.147057, 21.851723 ], [ 88.147177, 21.851154 ], [ 88.147443, 21.850278 ], [ 88.147568, 21.849816 ], [ 88.147857, 21.849129 ], [ 88.148085, 21.848498 ], [ 88.148193, 21.847849 ], [ 88.148368, 21.847534 ], [ 88.148727, 21.846555 ], [ 88.148765, 21.846286 ], [ 88.149133, 21.845363 ], [ 88.149206, 21.844727 ], [ 88.149527, 21.84398 ], [ 88.149601, 21.84383 ], [ 88.149602, 21.84367 ], [ 88.149648, 21.843593 ], [ 88.149825, 21.842753 ], [ 88.150147, 21.841427 ], [ 88.151437, 21.838161 ], [ 88.152373, 21.836346 ], [ 88.153439, 21.834541 ], [ 88.15338, 21.834262 ], [ 88.1545, 21.832597 ], [ 88.155928, 21.830625 ], [ 88.156964, 21.829311 ], [ 88.158635, 21.826996 ], [ 88.16031, 21.824934 ], [ 88.161148, 21.824085 ], [ 88.161875, 21.823346 ], [ 88.162153, 21.823044 ], [ 88.163547, 21.821786 ], [ 88.164752, 21.820719 ], [ 88.166409, 21.819383 ], [ 88.167873, 21.817797 ], [ 88.168647, 21.817132 ], [ 88.169299, 21.81627 ], [ 88.169577, 21.815924 ], [ 88.16971, 21.815527 ], [ 88.17019, 21.814585 ], [ 88.170884, 21.813528 ], [ 88.171288, 21.812594 ], [ 88.171704, 21.811508 ], [ 88.171811, 21.810779 ], [ 88.171977, 21.809613 ], [ 88.17196, 21.809612 ], [ 88.172116, 21.808263 ], [ 88.172173, 21.806523 ], [ 88.172089, 21.805084 ], [ 88.172059, 21.804564 ], [ 88.172002, 21.80342 ], [ 88.17171, 21.800949 ], [ 88.171388, 21.79856 ], [ 88.171039, 21.795713 ], [ 88.170852, 21.792978 ], [ 88.1706, 21.789428 ], [ 88.17041, 21.786994 ], [ 88.170513, 21.78393 ], [ 88.171005, 21.780461 ], [ 88.171642, 21.776722 ], [ 88.1717, 21.771385 ], [ 88.171802, 21.769152 ], [ 88.171713, 21.764555 ], [ 88.171622, 21.761111 ], [ 88.171479, 21.759849 ], [ 88.171287, 21.758632 ], [ 88.171194, 21.756104 ], [ 88.170859, 21.753941 ], [ 88.170379, 21.750876 ], [ 88.170094, 21.747496 ], [ 88.169758, 21.745242 ], [ 88.169569, 21.742785 ], [ 88.169184, 21.740892 ], [ 88.168222, 21.736655 ], [ 88.167741, 21.734401 ], [ 88.16723, 21.73329 ], [ 88.166355, 21.731693 ], [ 88.165519, 21.730221 ], [ 88.164941, 21.728636 ], [ 88.16441, 21.726773 ], [ 88.163729, 21.72367 ], [ 88.163329, 21.72335 ], [ 88.163254, 21.722836 ], [ 88.163221, 21.722594 ], [ 88.163243, 21.722446 ], [ 88.163292, 21.722356 ], [ 88.163647, 21.722224 ], [ 88.163625, 21.721973 ], [ 88.163502, 21.72159 ], [ 88.163493, 21.721466 ], [ 88.163489, 21.721396 ], [ 88.163636, 21.721298 ], [ 88.163875, 21.721125 ], [ 88.163725, 21.720849 ], [ 88.163097, 21.719995 ], [ 88.163084, 21.719896 ], [ 88.163124, 21.719839 ], [ 88.162642, 21.719197 ], [ 88.161425, 21.717287 ], [ 88.159352, 21.713632 ], [ 88.158147, 21.710891 ], [ 88.156572, 21.706749 ], [ 88.155451, 21.703231 ], [ 88.154163, 21.699208 ], [ 88.153312, 21.697162 ], [ 88.152562, 21.695573 ], [ 88.152054, 21.695082 ], [ 88.151691, 21.694575 ], [ 88.151492, 21.694017 ], [ 88.151439, 21.693611 ], [ 88.151439, 21.693239 ], [ 88.151531, 21.692851 ], [ 88.152152, 21.691657 ], [ 88.152645, 21.690509 ], [ 88.15281, 21.689969 ], [ 88.152847, 21.689298 ], [ 88.153273, 21.685352 ], [ 88.153249, 21.684493 ], [ 88.153697, 21.682049 ], [ 88.154441, 21.679549 ], [ 88.154473, 21.676654 ], [ 88.15411, 21.673318 ], [ 88.154011, 21.670354 ], [ 88.154017, 21.667264 ], [ 88.153788, 21.663139 ], [ 88.153899, 21.660099 ], [ 88.154213, 21.657583 ], [ 88.153921, 21.656294 ], [ 88.154069, 21.655904 ], [ 88.154343, 21.655377 ], [ 88.15471, 21.655133 ], [ 88.154145, 21.653639 ], [ 88.153696, 21.651949 ], [ 88.153423, 21.650225 ], [ 88.153331, 21.649361 ], [ 88.152924, 21.648254 ], [ 88.152674, 21.647769 ], [ 88.152664, 21.647749 ], [ 88.152462, 21.647357 ], [ 88.151797, 21.646329 ], [ 88.15147, 21.645932 ], [ 88.151295, 21.645693 ], [ 88.150707, 21.644834 ], [ 88.150595, 21.644644 ], [ 88.150422, 21.644393 ], [ 88.150259, 21.644136 ], [ 88.150262, 21.644135 ], [ 88.149968, 21.643681 ], [ 88.149829, 21.643451 ], [ 88.149576, 21.642969 ], [ 88.149264, 21.642518 ], [ 88.147884, 21.640527 ], [ 88.147731, 21.640306 ], [ 88.147564, 21.640094 ], [ 88.146889, 21.639234 ], [ 88.146572, 21.63883 ], [ 88.146168, 21.638502 ], [ 88.146066, 21.638419 ], [ 88.145499, 21.637958 ], [ 88.144903, 21.6376 ], [ 88.144733, 21.637482 ], [ 88.144377, 21.637256 ], [ 88.144006, 21.637007 ], [ 88.143482, 21.636656 ], [ 88.142559, 21.636197 ], [ 88.142418, 21.63618 ], [ 88.142355, 21.636163 ], [ 88.141957, 21.636086 ], [ 88.141947, 21.636084 ], [ 88.141782, 21.636018 ], [ 88.141252, 21.635929 ], [ 88.141116, 21.635906 ], [ 88.141032, 21.635892 ], [ 88.139244, 21.635508 ], [ 88.137502, 21.634967 ], [ 88.136115, 21.634395 ], [ 88.136106, 21.634385 ], [ 88.135666, 21.634203 ], [ 88.135377, 21.634148 ], [ 88.13526, 21.634132 ], [ 88.135217, 21.634121 ], [ 88.133802, 21.63383 ], [ 88.132263, 21.633386 ], [ 88.131735, 21.633187 ], [ 88.131349, 21.633065 ], [ 88.131332, 21.633036 ], [ 88.131214, 21.633005 ], [ 88.130994, 21.633 ], [ 88.130886, 21.633 ], [ 88.130408, 21.632971 ], [ 88.130408, 21.632969 ], [ 88.129693, 21.632937 ], [ 88.128297, 21.632774 ], [ 88.128199, 21.632757 ], [ 88.126778, 21.63257 ], [ 88.126242, 21.632499 ], [ 88.125962, 21.632463 ], [ 88.12568, 21.632441 ], [ 88.125562, 21.632432 ], [ 88.123369, 21.632146 ], [ 88.123321, 21.632137 ], [ 88.122894, 21.632039 ], [ 88.122458, 21.631977 ], [ 88.122177, 21.631937 ], [ 88.12152, 21.631844 ], [ 88.121221, 21.631819 ], [ 88.120455, 21.631756 ], [ 88.118694, 21.631534 ], [ 88.116963, 21.631162 ], [ 88.115275, 21.630642 ], [ 88.113649, 21.629981 ], [ 88.113645, 21.629979 ], [ 88.112916, 21.629645 ], [ 88.111988, 21.629346 ], [ 88.111797, 21.629292 ], [ 88.111708, 21.629268 ], [ 88.111044, 21.629082 ], [ 88.110329, 21.629052 ], [ 88.108794, 21.62893 ], [ 88.108251, 21.628867 ], [ 88.107702, 21.628772 ], [ 88.10716, 21.628797 ], [ 88.10697, 21.628813 ], [ 88.106554, 21.628848 ], [ 88.105608, 21.628905 ], [ 88.105204, 21.62892 ], [ 88.104997, 21.628927 ], [ 88.104467, 21.628947 ], [ 88.103942, 21.629021 ], [ 88.103414, 21.629068 ], [ 88.103413, 21.629051 ], [ 88.102737, 21.629117 ], [ 88.102714, 21.629118 ], [ 88.102613, 21.629099 ], [ 88.102228, 21.62914 ], [ 88.102206, 21.629141 ], [ 88.102074, 21.629126 ], [ 88.101441, 21.629171 ], [ 88.101141, 21.629236 ], [ 88.099376, 21.629555 ], [ 88.098347, 21.629782 ], [ 88.097731, 21.629908 ], [ 88.097662, 21.629921 ], [ 88.097379, 21.629974 ], [ 88.096782, 21.630086 ], [ 88.096663, 21.630124 ], [ 88.095064, 21.630435 ], [ 88.09306, 21.63061 ], [ 88.092952, 21.63061 ], [ 88.092587, 21.630635 ], [ 88.091726, 21.630712 ], [ 88.09053, 21.630822 ], [ 88.090394, 21.630858 ], [ 88.09015, 21.63089 ], [ 88.088016, 21.631062 ], [ 88.086438, 21.631026 ], [ 88.086437, 21.631038 ], [ 88.086013, 21.631023 ], [ 88.085589, 21.630992 ], [ 88.083402, 21.631188 ], [ 88.083148, 21.631223 ], [ 88.080749, 21.63156 ], [ 88.07854, 21.631869 ], [ 88.075215, 21.632452 ], [ 88.074371, 21.632602 ], [ 88.07437, 21.632602 ], [ 88.07375, 21.632702 ], [ 88.072834, 21.632836 ], [ 88.07242, 21.632896 ], [ 88.072013, 21.63299 ], [ 88.071915, 21.633013 ], [ 88.069788, 21.633502 ], [ 88.069288, 21.633611 ], [ 88.069085, 21.633652 ], [ 88.068924, 21.633685 ], [ 88.068439, 21.633784 ], [ 88.067758, 21.633993 ], [ 88.066379, 21.634517 ], [ 88.065945, 21.634724 ], [ 88.065768, 21.634854 ], [ 88.065763, 21.63487 ], [ 88.065548, 21.635013 ], [ 88.064426, 21.635677 ], [ 88.064298, 21.635734 ], [ 88.063751, 21.636069 ], [ 88.063181, 21.636369 ], [ 88.063165, 21.636341 ], [ 88.063075, 21.636389 ], [ 88.063075, 21.63639 ], [ 88.062356, 21.636796 ], [ 88.062201, 21.636856 ], [ 88.061634, 21.637302 ], [ 88.061498, 21.637409 ], [ 88.061369, 21.637575 ], [ 88.061238, 21.63769 ], [ 88.060447, 21.638497 ], [ 88.058932, 21.639751 ], [ 88.057768, 21.640527 ], [ 88.057775, 21.640535 ], [ 88.057663, 21.640609 ], [ 88.057319, 21.640835 ], [ 88.056805, 21.641316 ], [ 88.056032, 21.64204 ], [ 88.055876, 21.642186 ], [ 88.054841, 21.643248 ], [ 88.054417, 21.643817 ], [ 88.054415, 21.643819 ], [ 88.054344, 21.643905 ], [ 88.054092, 21.644413 ], [ 88.053716, 21.64467 ], [ 88.052905, 21.645658 ], [ 88.052483, 21.64615 ], [ 88.05238, 21.646269 ], [ 88.052366, 21.646285 ], [ 88.052348, 21.646306 ], [ 88.051127, 21.647579 ], [ 88.05076, 21.647927 ], [ 88.050402, 21.648266 ], [ 88.050213, 21.648467 ], [ 88.049891, 21.648811 ], [ 88.049527, 21.649188 ], [ 88.049401, 21.649315 ], [ 88.04914, 21.649574 ], [ 88.048902, 21.649805 ], [ 88.048655, 21.650044 ], [ 88.048428, 21.650299 ], [ 88.04825, 21.650486 ], [ 88.046771, 21.651871 ], [ 88.04514, 21.653098 ], [ 88.04458, 21.653475 ], [ 88.044423, 21.653554 ], [ 88.044088, 21.653853 ], [ 88.043894, 21.654133 ], [ 88.043708, 21.654425 ], [ 88.043637, 21.654535 ], [ 88.043382, 21.654935 ], [ 88.043198, 21.655434 ], [ 88.043176, 21.655496 ], [ 88.043044, 21.655853 ], [ 88.042867, 21.656506 ], [ 88.042878, 21.656688 ], [ 88.042909, 21.65674 ], [ 88.042952, 21.656951 ], [ 88.043285, 21.658293 ], [ 88.043277, 21.658327 ], [ 88.043321, 21.658457 ], [ 88.043374, 21.658738 ], [ 88.043572, 21.659356 ], [ 88.043541, 21.659797 ], [ 88.043533, 21.659828 ], [ 88.04365, 21.66069 ], [ 88.043704, 21.662447 ], [ 88.043576, 21.664202 ], [ 88.043265, 21.665936 ], [ 88.04309, 21.666688 ], [ 88.043001, 21.666901 ], [ 88.04301, 21.667028 ], [ 88.042961, 21.66724 ], [ 88.042802, 21.668257 ], [ 88.042775, 21.66839 ], [ 88.042738, 21.668446 ], [ 88.042663, 21.66894 ], [ 88.042714, 21.669463 ], [ 88.042733, 21.669987 ], [ 88.042699, 21.669989 ], [ 88.042722, 21.671083 ], [ 88.042725, 21.671083 ], [ 88.042736, 21.671704 ], [ 88.042701, 21.672325 ], [ 88.042746, 21.672826 ], [ 88.042756, 21.672885 ], [ 88.042761, 21.673164 ], [ 88.042811, 21.673768 ], [ 88.042802, 21.675258 ], [ 88.042662, 21.676742 ], [ 88.042598, 21.677201 ], [ 88.042508, 21.677664 ], [ 88.042461, 21.678229 ], [ 88.042447, 21.678398 ], [ 88.042279, 21.679749 ], [ 88.042004, 21.681084 ], [ 88.041987, 21.681151 ], [ 88.041896, 21.681517 ], [ 88.041901, 21.681714 ], [ 88.04185, 21.682628 ], [ 88.041795, 21.683231 ], [ 88.041762, 21.683601 ], [ 88.041756, 21.683686 ], [ 88.041728, 21.684096 ], [ 88.041666, 21.684987 ], [ 88.041731, 21.685435 ], [ 88.041755, 21.685601 ], [ 88.041843, 21.686203 ], [ 88.042347, 21.68726 ], [ 88.04262, 21.687514 ], [ 88.042625, 21.687515 ], [ 88.042737, 21.687629 ], [ 88.044026, 21.68909 ], [ 88.045145, 21.690669 ], [ 88.046081, 21.69235 ], [ 88.046823, 21.694112 ], [ 88.047364, 21.695938 ], [ 88.047697, 21.697806 ], [ 88.04782, 21.699697 ], [ 88.047824, 21.700189 ], [ 88.047884, 21.701034 ], [ 88.047884, 21.701043 ], [ 88.047899, 21.701246 ], [ 88.047923, 21.701448 ], [ 88.047969, 21.701834 ], [ 88.047996, 21.702054 ], [ 88.048854, 21.707018 ], [ 88.049101, 21.707606 ], [ 88.049263, 21.707912 ], [ 88.049726, 21.708985 ], [ 88.049728, 21.708991 ], [ 88.049787, 21.709151 ], [ 88.050088, 21.709878 ], [ 88.050177, 21.710063 ], [ 88.050375, 21.710524 ], [ 88.050525, 21.710892 ], [ 88.050678, 21.711334 ], [ 88.051131, 21.712076 ], [ 88.051381, 21.712487 ], [ 88.051407, 21.71253 ], [ 88.051434, 21.712572 ], [ 88.051618, 21.712866 ], [ 88.05233, 21.714005 ], [ 88.052572, 21.714295 ], [ 88.053357, 21.715497 ], [ 88.054168, 21.71706 ], [ 88.054304, 21.717394 ], [ 88.054715, 21.718059 ], [ 88.054929, 21.718406 ], [ 88.054969, 21.718471 ], [ 88.056847, 21.721451 ], [ 88.056908, 21.721543 ], [ 88.057602, 21.722586 ], [ 88.058765, 21.724611 ], [ 88.059093, 21.725282 ], [ 88.059233, 21.725575 ], [ 88.060977, 21.729315 ], [ 88.061078, 21.729505 ], [ 88.061408, 21.730131 ], [ 88.061648, 21.730585 ], [ 88.061798, 21.730784 ], [ 88.061845, 21.730803 ], [ 88.062138, 21.731097 ], [ 88.063327, 21.732407 ], [ 88.064377, 21.733816 ], [ 88.065279, 21.735313 ], [ 88.065874, 21.736564 ], [ 88.065966, 21.736834 ], [ 88.066071, 21.736992 ], [ 88.066097, 21.737054 ], [ 88.066532, 21.7379 ], [ 88.066773, 21.738427 ], [ 88.066786, 21.738529 ], [ 88.067012, 21.738957 ], [ 88.067048, 21.738966 ], [ 88.06707, 21.73899 ], [ 88.068127, 21.740293 ], [ 88.069053, 21.74168 ], [ 88.069842, 21.743139 ], [ 88.070486, 21.74466 ], [ 88.070981, 21.746228 ], [ 88.071232, 21.747183 ], [ 88.071282, 21.747373 ], [ 88.071722, 21.748778 ], [ 88.072033, 21.749425 ], [ 88.072089, 21.749488 ], [ 88.072218, 21.749728 ], [ 88.072737, 21.750595 ], [ 88.073461, 21.75212 ], [ 88.074031, 21.753701 ], [ 88.074443, 21.755324 ], [ 88.074693, 21.756976 ], [ 88.074775, 21.758583 ], [ 88.074778, 21.758676 ], [ 88.074787, 21.758928 ], [ 88.074807, 21.75953 ], [ 88.07481, 21.759593 ], [ 88.074824, 21.759884 ], [ 88.074857, 21.760567 ], [ 88.074863, 21.760695 ], [ 88.074906, 21.76175 ], [ 88.074911, 21.761863 ], [ 88.074962, 21.763347 ], [ 88.074973, 21.76368 ], [ 88.075139, 21.765145 ], [ 88.075304, 21.765758 ], [ 88.075353, 21.765941 ], [ 88.075779, 21.768048 ], [ 88.075799, 21.768193 ], [ 88.075818, 21.768334 ], [ 88.075929, 21.769401 ], [ 88.075952, 21.769707 ], [ 88.075991, 21.770249 ], [ 88.076019, 21.77064 ], [ 88.076119, 21.771019 ], [ 88.076151, 21.771141 ], [ 88.07616, 21.771176 ], [ 88.076478, 21.772646 ], [ 88.076597, 21.773347 ], [ 88.076717, 21.774047 ], [ 88.076774, 21.774295 ], [ 88.07696, 21.775091 ], [ 88.07699, 21.775223 ], [ 88.077253, 21.776209 ], [ 88.077698, 21.777484 ], [ 88.077993, 21.777814 ], [ 88.078071, 21.777901 ], [ 88.078102, 21.777936 ], [ 88.078395, 21.778272 ], [ 88.078452, 21.778338 ], [ 88.078797, 21.778744 ], [ 88.078944, 21.778901 ], [ 88.079035, 21.778998 ], [ 88.07919, 21.779164 ], [ 88.079934, 21.78001 ], [ 88.079968, 21.780051 ], [ 88.080128, 21.780244 ], [ 88.080331, 21.780495 ], [ 88.080508, 21.780717 ], [ 88.081056, 21.781404 ], [ 88.081307, 21.781751 ], [ 88.082177, 21.782169 ], [ 88.083095, 21.782578 ], [ 88.082878, 21.784189 ], [ 88.082913, 21.784248 ], [ 88.083623, 21.785778 ], [ 88.084179, 21.787362 ], [ 88.084577, 21.788987 ], [ 88.084743, 21.790156 ], [ 88.084777, 21.790324 ], [ 88.084767, 21.790344 ], [ 88.084765, 21.790382 ], [ 88.084829, 21.79045 ], [ 88.085029, 21.790804 ], [ 88.085556, 21.791645 ], [ 88.086394, 21.793375 ], [ 88.087034, 21.795176 ], [ 88.087249, 21.795912 ], [ 88.08742, 21.796494 ], [ 88.087488, 21.796727 ], [ 88.087687, 21.797285 ], [ 88.08794, 21.797783 ], [ 88.088421, 21.798731 ], [ 88.088631, 21.799158 ], [ 88.088662, 21.799223 ], [ 88.088766, 21.799444 ], [ 88.088905, 21.799735 ], [ 88.088919, 21.79976 ], [ 88.089492, 21.800998 ], [ 88.090026, 21.8025 ], [ 88.090243, 21.803354 ], [ 88.090305, 21.803556 ], [ 88.090326, 21.80369 ], [ 88.090503, 21.804182 ], [ 88.090551, 21.804317 ], [ 88.090734, 21.804826 ], [ 88.090979, 21.80531 ], [ 88.091194, 21.805808 ], [ 88.091186, 21.80581 ], [ 88.091344, 21.806155 ], [ 88.091952, 21.807642 ], [ 88.091984, 21.807719 ], [ 88.092445, 21.808815 ], [ 88.092746, 21.809428 ], [ 88.09293, 21.809628 ], [ 88.093092, 21.809784 ], [ 88.093129, 21.809812 ], [ 88.09317, 21.809857 ], [ 88.09353, 21.810181 ], [ 88.093828, 21.810311 ], [ 88.094055, 21.810369 ], [ 88.094365, 21.810349 ], [ 88.094999, 21.810158 ], [ 88.095712, 21.812045 ], [ 88.096133, 21.813529 ], [ 88.096498, 21.814469 ], [ 88.09682, 21.815141 ], [ 88.096855, 21.81524 ], [ 88.096893, 21.815287 ], [ 88.096918, 21.815335 ], [ 88.097062, 21.815371 ], [ 88.097257, 21.815381 ], [ 88.097493, 21.815543 ], [ 88.098003, 21.816151 ], [ 88.098423, 21.817903 ], [ 88.098422, 21.818186 ], [ 88.09831, 21.818415 ], [ 88.098269, 21.818633 ], [ 88.098279, 21.818727 ], [ 88.098397, 21.819139 ], [ 88.098404, 21.819138 ], [ 88.098431, 21.81926 ], [ 88.098491, 21.819466 ], [ 88.098539, 21.819672 ], [ 88.098525, 21.819675 ], [ 88.098725, 21.820567 ], [ 88.098844, 21.821448 ], [ 88.098845, 21.821454 ], [ 88.098845, 21.821455 ], [ 88.098884, 21.821742 ], [ 88.09888, 21.821806 ], [ 88.098974, 21.822463 ], [ 88.099022, 21.82265 ], [ 88.099102, 21.82275 ], [ 88.099114, 21.822761 ], [ 88.099458, 21.823358 ], [ 88.099508, 21.823435 ], [ 88.100334, 21.825044 ], [ 88.100374, 21.825132 ], [ 88.101109, 21.827067 ], [ 88.101246, 21.827621 ], [ 88.101438, 21.828238 ], [ 88.101439, 21.828342 ], [ 88.101622, 21.828826 ], [ 88.101717, 21.829076 ], [ 88.101803, 21.829303 ], [ 88.101902, 21.829526 ], [ 88.102129, 21.830034 ], [ 88.102519, 21.830912 ], [ 88.102983, 21.831647 ], [ 88.103198, 21.831988 ], [ 88.103453, 21.832391 ], [ 88.10375, 21.832767 ], [ 88.103843, 21.832897 ], [ 88.103942, 21.833039 ], [ 88.104089, 21.833251 ], [ 88.104236, 21.833476 ], [ 88.104694, 21.834096 ], [ 88.105207, 21.83483 ], [ 88.10608, 21.836144 ], [ 88.106118, 21.836201 ], [ 88.106383, 21.836611 ], [ 88.106416, 21.836664 ], [ 88.10645, 21.83672 ], [ 88.106543, 21.836867 ], [ 88.107224, 21.837868 ], [ 88.107298, 21.837978 ], [ 88.107527, 21.838319 ], [ 88.10778, 21.838696 ], [ 88.10789, 21.838863 ], [ 88.108537, 21.839852 ], [ 88.108569, 21.839901 ], [ 88.108973, 21.840555 ], [ 88.109015, 21.840619 ], [ 88.109252, 21.841025 ], [ 88.109532, 21.841407 ], [ 88.10979, 21.841801 ], [ 88.109774, 21.841811 ], [ 88.109916, 21.842026 ], [ 88.110008, 21.84221 ], [ 88.11048, 21.842892 ], [ 88.111168, 21.84372 ], [ 88.11142, 21.844029 ], [ 88.111716, 21.844403 ], [ 88.111822, 21.844536 ], [ 88.11318, 21.846498 ], [ 88.113243, 21.846607 ], [ 88.113321, 21.846732 ], [ 88.113622, 21.847218 ], [ 88.114256, 21.848327 ], [ 88.114509, 21.848811 ], [ 88.114516, 21.848824 ], [ 88.114706, 21.849196 ], [ 88.114873, 21.849535 ], [ 88.115743, 21.850805 ], [ 88.116345, 21.851221 ], [ 88.117009, 21.851529 ] ] ] ] } },
{ "type": "Feature", "properties": { "census2011_code": "02439", "block_name": "Namkhana", "geoboundaries_shape_id": "7132399B33746893857226", "area_km2": 281.1, "land_area_km2": 243.6, "water_area_km2": 37.6 }, "geometry": { "type": "MultiPolygon", "coordinates": [ [ [ [ 88.188004, 21.664297 ], [ 88.187651, 21.665714 ], [ 88.187285, 21.666762 ], [ 88.186761, 21.667681 ], [ 88.186268, 21.668656 ], [ 88.185889, 21.669308 ], [ 88.185834, 21.670077 ], [ 88.185148, 21.671197 ], [ 88.18461, 21.671998 ], [ 88.184051, 21.672984 ], [ 88.183725, 21.673956 ], [ 88.183417, 21.675099 ], [ 88.183145, 21.676042 ], [ 88.182856, 21.676744 ], [ 88.182819, 21.677396 ], [ 88.182836, 21.678082 ], [ 88.182996, 21.679035 ], [ 88.182979, 21.680183 ], [ 88.183079, 21.681304 ], [ 88.183077, 21.682178 ], [ 88.182828, 21.683497 ], [ 88.182354, 21.685169 ], [ 88.182108, 21.685853 ], [ 88.182127, 21.686518 ], [ 88.18229, 21.686975 ], [ 88.182697, 21.688065 ], [ 88.182747, 21.6882 ], [ 88.184012, 21.69159 ], [ 88.184278, 21.691932 ], [ 88.184789, 21.694293 ], [ 88.185068, 21.694732 ], [ 88.185199, 21.694995 ], [ 88.185603, 21.696175 ], [ 88.186039, 21.697672 ], [ 88.186251, 21.698415 ], [ 88.186268, 21.699058 ], [ 88.186267, 21.699537 ], [ 88.186444, 21.699669 ], [ 88.186969, 21.69992 ], [ 88.187146, 21.700168 ], [ 88.187837, 21.701556 ], [ 88.188797, 21.704198 ], [ 88.189133, 21.70542 ], [ 88.189381, 21.705998 ], [ 88.190321, 21.706792 ], [ 88.192098, 21.708126 ], [ 88.193429, 21.709184 ], [ 88.194511, 21.710094 ], [ 88.195345, 21.710871 ], [ 88.196968, 21.71263 ], [ 88.19828, 21.714316 ], [ 88.200138, 21.716541 ], [ 88.201147, 21.717685 ], [ 88.202176, 21.718941 ], [ 88.202918, 21.719765 ], [ 88.203531, 21.72037 ], [ 88.203829, 21.720517 ], [ 88.20397, 21.720484 ], [ 88.204321, 21.720061 ], [ 88.204867, 21.719312 ], [ 88.205957, 21.718101 ], [ 88.206943, 21.716243 ], [ 88.207482, 21.715134 ], [ 88.208449, 21.713847 ], [ 88.210014, 21.712382 ], [ 88.211571, 21.711109 ], [ 88.212995, 21.709464 ], [ 88.214121, 21.708226 ], [ 88.215347, 21.706007 ], [ 88.215929, 21.70423 ], [ 88.22126, 21.705314 ], [ 88.221147, 21.705834 ], [ 88.221022, 21.706316 ], [ 88.220937, 21.706744 ], [ 88.220912, 21.707091 ], [ 88.2209, 21.70733 ], [ 88.220578, 21.708019 ], [ 88.220232, 21.708768 ], [ 88.219903, 21.709318 ], [ 88.219557, 21.709955 ], [ 88.219291, 21.710305 ], [ 88.219122, 21.710689 ], [ 88.218792, 21.710979 ], [ 88.217951, 21.711883 ], [ 88.217584, 21.712215 ], [ 88.217238, 21.712621 ], [ 88.216526, 21.7134 ], [ 88.216123, 21.713737 ], [ 88.215665, 21.714277 ], [ 88.215397, 21.71467 ], [ 88.215272, 21.714972 ], [ 88.215159, 21.715229 ], [ 88.215091, 21.715349 ], [ 88.215091, 21.715434 ], [ 88.215127, 21.715446 ], [ 88.215179, 21.715457 ], [ 88.215195, 21.71552 ], [ 88.215191, 21.71558 ], [ 88.214732, 21.715811 ], [ 88.214272, 21.716387 ], [ 88.213712, 21.717241 ], [ 88.212753, 21.718965 ], [ 88.212301, 21.719968 ], [ 88.212056, 21.720802 ], [ 88.211963, 21.721214 ], [ 88.211866, 21.722058 ], [ 88.211846, 21.722559 ], [ 88.211873, 21.722696 ], [ 88.211753, 21.723088 ], [ 88.211738, 21.723799 ], [ 88.211701, 21.724247 ], [ 88.211686, 21.724823 ], [ 88.211727, 21.725074 ], [ 88.211695, 21.725232 ], [ 88.211672, 21.725377 ], [ 88.211698, 21.726118 ], [ 88.211809, 21.727147 ], [ 88.211845, 21.727603 ], [ 88.21196, 21.72875 ], [ 88.212134, 21.730328 ], [ 88.212392, 21.731701 ], [ 88.212584, 21.73267 ], [ 88.212899, 21.734248 ], [ 88.2136, 21.737911 ], [ 88.214064, 21.740151 ], [ 88.21446, 21.742407 ], [ 88.214727, 21.744647 ], [ 88.214955, 21.746783 ], [ 88.215105, 21.748785 ], [ 88.215109, 21.748978 ], [ 88.215171, 21.749081 ], [ 88.215226, 21.749208 ], [ 88.215186, 21.749588 ], [ 88.215135, 21.749799 ], [ 88.214969, 21.750317 ], [ 88.215035, 21.75062 ], [ 88.215133, 21.750861 ], [ 88.215238, 21.751552 ], [ 88.21537, 21.75247 ], [ 88.215393, 21.753025 ], [ 88.215497, 21.75318 ], [ 88.215516, 21.753395 ], [ 88.2155, 21.753706 ], [ 88.215481, 21.753932 ], [ 88.215496, 21.754218 ], [ 88.215556, 21.754419 ], [ 88.215643, 21.755226 ], [ 88.215896, 21.756003 ], [ 88.216223, 21.756918 ], [ 88.216401, 21.757332 ], [ 88.21667, 21.757693 ], [ 88.216957, 21.758463 ], [ 88.217353, 21.759431 ], [ 88.217319, 21.761677 ], [ 88.217604, 21.764534 ], [ 88.218719, 21.765738 ], [ 88.218918, 21.766533 ], [ 88.219125, 21.767092 ], [ 88.219283, 21.767909 ], [ 88.219264, 21.768106 ], [ 88.219237, 21.768187 ], [ 88.219206, 21.768461 ], [ 88.219165, 21.768535 ], [ 88.219164, 21.768623 ], [ 88.219255, 21.768736 ], [ 88.219308, 21.768848 ], [ 88.219387, 21.769109 ], [ 88.219541, 21.769616 ], [ 88.219536, 21.769832 ], [ 88.219588, 21.770184 ], [ 88.219523, 21.770469 ], [ 88.219436, 21.770859 ], [ 88.219318, 21.771017 ], [ 88.219227, 21.771094 ], [ 88.219124, 21.771151 ], [ 88.219037, 21.771242 ], [ 88.21898, 21.77133 ], [ 88.218908, 21.771513 ], [ 88.218847, 21.771738 ], [ 88.218722, 21.772255 ], [ 88.218725, 21.772526 ], [ 88.218744, 21.772766 ], [ 88.218819, 21.772833 ], [ 88.218895, 21.77362 ], [ 88.218891, 21.774088 ], [ 88.218999, 21.774379 ], [ 88.219123, 21.774553 ], [ 88.219232, 21.77494 ], [ 88.219333, 21.775098 ], [ 88.219367, 21.775241 ], [ 88.219359, 21.77535 ], [ 88.219397, 21.775577 ], [ 88.219385, 21.775699 ], [ 88.219242, 21.775858 ], [ 88.219125, 21.775938 ], [ 88.219027, 21.776015 ], [ 88.218982, 21.776074 ], [ 88.218982, 21.77621 ], [ 88.219075, 21.776276 ], [ 88.219085, 21.77664 ], [ 88.219094, 21.777151 ], [ 88.218916, 21.77779 ], [ 88.218718, 21.778711 ], [ 88.218318, 21.779889 ], [ 88.217775, 21.781465 ], [ 88.216829, 21.783607 ], [ 88.216052, 21.784718 ], [ 88.215018, 21.786449 ], [ 88.214541, 21.786758 ], [ 88.21428, 21.787346 ], [ 88.213893, 21.787944 ], [ 88.213439, 21.788956 ], [ 88.213013, 21.790149 ], [ 88.212781, 21.790693 ], [ 88.212681, 21.791388 ], [ 88.212373, 21.792571 ], [ 88.212165, 21.793657 ], [ 88.212075, 21.794295 ], [ 88.212118, 21.795283 ], [ 88.211999, 21.796487 ], [ 88.21184, 21.797408 ], [ 88.211485, 21.798175 ], [ 88.210728, 21.800403 ], [ 88.210234, 21.801844 ], [ 88.209733, 21.802911 ], [ 88.208994, 21.804288 ], [ 88.208632, 21.804929 ], [ 88.221608, 21.808634 ], [ 88.227616, 21.81535 ], [ 88.228654, 21.81651 ], [ 88.234043, 21.821069 ], [ 88.239056, 21.820908 ], [ 88.246892, 21.820655 ], [ 88.249379, 21.814023 ], [ 88.252569, 21.812551 ], [ 88.254768, 21.811536 ], [ 88.263217, 21.810045 ], [ 88.261706, 21.808167 ], [ 88.260236, 21.804658 ], [ 88.260044, 21.80328 ], [ 88.260194, 21.802023 ], [ 88.26048, 21.800602 ], [ 88.260854, 21.79923 ], [ 88.261167, 21.798137 ], [ 88.261433, 21.797356 ], [ 88.261864, 21.796514 ], [ 88.262402, 21.795723 ], [ 88.263158, 21.794917 ], [ 88.268113, 21.79337 ], [ 88.271141, 21.793108 ], [ 88.275132, 21.792524 ], [ 88.277777, 21.792221 ], [ 88.280238, 21.791781 ], [ 88.282037, 21.791278 ], [ 88.283342, 21.790741 ], [ 88.284993, 21.789841 ], [ 88.286092, 21.789017 ], [ 88.286717, 21.788291 ], [ 88.287224, 21.787631 ], [ 88.287879, 21.786575 ], [ 88.288571, 21.785374 ], [ 88.289219, 21.784106 ], [ 88.289814, 21.78234 ], [ 88.290289, 21.780947 ], [ 88.290695, 21.779903 ], [ 88.291523, 21.778438 ], [ 88.292094, 21.777637 ], [ 88.292769, 21.776841 ], [ 88.293722, 21.775856 ], [ 88.295363, 21.774446 ], [ 88.296663, 21.773241 ], [ 88.296821, 21.775967 ], [ 88.297042, 21.779063 ], [ 88.297042, 21.779911 ], [ 88.29832, 21.780166 ], [ 88.29843, 21.778873 ], [ 88.298666, 21.776662 ], [ 88.298765, 21.774344 ], [ 88.298666, 21.773393 ], [ 88.298805, 21.77266 ], [ 88.299329, 21.771845 ], [ 88.299413, 21.771506 ], [ 88.299498, 21.771195 ], [ 88.299498, 21.770405 ], [ 88.300113, 21.768763 ], [ 88.300501, 21.767694 ], [ 88.300987, 21.766787 ], [ 88.301955, 21.765054 ], [ 88.302472, 21.764002 ], [ 88.303063, 21.762266 ], [ 88.303765, 21.759976 ], [ 88.304227, 21.758758 ], [ 88.304485, 21.758592 ], [ 88.304707, 21.758241 ], [ 88.304836, 21.75789 ], [ 88.305092, 21.756684 ], [ 88.305408, 21.755421 ], [ 88.305453, 21.754384 ], [ 88.306155, 21.750565 ], [ 88.306155, 21.749922 ], [ 88.306155, 21.749215 ], [ 88.306123, 21.748444 ], [ 88.306123, 21.747738 ], [ 88.30622, 21.747288 ], [ 88.306477, 21.746742 ], [ 88.306766, 21.745617 ], [ 88.306991, 21.744461 ], [ 88.3078, 21.740837 ], [ 88.309379, 21.737027 ], [ 88.309973, 21.734032 ], [ 88.3099, 21.730783 ], [ 88.3099, 21.729676 ], [ 88.308644, 21.726353 ], [ 88.307514, 21.7238 ], [ 88.306562, 21.719539 ], [ 88.306201, 21.718608 ], [ 88.306201, 21.71711 ], [ 88.306511, 21.715197 ], [ 88.306924, 21.71406 ], [ 88.307338, 21.713337 ], [ 88.307635, 21.71295 ], [ 88.307132, 21.712771 ], [ 88.30683, 21.711762 ], [ 88.305922, 21.709846 ], [ 88.305619, 21.708334 ], [ 88.305676, 21.70658 ], [ 88.3039, 21.707355 ], [ 88.303868, 21.707622 ], [ 88.303154, 21.70735 ], [ 88.302784, 21.707075 ], [ 88.302395, 21.706765 ], [ 88.301752, 21.706252 ], [ 88.301304, 21.705885 ], [ 88.301069, 21.705623 ], [ 88.300811, 21.705313 ], [ 88.300609, 21.704954 ], [ 88.300414, 21.704471 ], [ 88.300262, 21.703961 ], [ 88.300081, 21.703274 ], [ 88.300008, 21.702946 ], [ 88.299993, 21.702764 ], [ 88.300001, 21.702608 ], [ 88.300095, 21.702386 ], [ 88.300362, 21.702097 ], [ 88.300864, 21.701623 ], [ 88.301784, 21.700964 ], [ 88.302254, 21.700537 ], [ 88.303221, 21.699509 ], [ 88.304112, 21.698573 ], [ 88.305402, 21.69714 ], [ 88.305834, 21.696634 ], [ 88.306235, 21.696138 ], [ 88.307545, 21.694578 ], [ 88.308944, 21.692769 ], [ 88.309234, 21.692362 ], [ 88.309508, 21.692015 ], [ 88.310225, 21.690985 ], [ 88.310995, 21.689839 ], [ 88.311674, 21.688759 ], [ 88.327973, 21.687981 ], [ 88.329653, 21.687416 ], [ 88.330189, 21.687026 ], [ 88.331412, 21.686317 ], [ 88.332978, 21.685716 ], [ 88.334429, 21.685399 ], [ 88.337749, 21.685054 ], [ 88.340457, 21.685276 ], [ 88.343051, 21.685356 ], [ 88.344653, 21.685467 ], [ 88.346221, 21.684924 ], [ 88.346435, 21.684131 ], [ 88.347678, 21.682343 ], [ 88.348393, 21.681247 ], [ 88.349015, 21.679257 ], [ 88.349452, 21.676055 ], [ 88.349297, 21.675045 ], [ 88.349049, 21.67441 ], [ 88.348553, 21.673891 ], [ 88.347777, 21.67366 ], [ 88.347373, 21.673457 ], [ 88.346722, 21.673053 ], [ 88.345884, 21.672014 ], [ 88.345822, 21.671379 ], [ 88.345761, 21.670658 ], [ 88.345482, 21.670254 ], [ 88.34542, 21.669619 ], [ 88.345234, 21.669014 ], [ 88.344583, 21.668292 ], [ 88.344335, 21.667542 ], [ 88.344149, 21.666647 ], [ 88.344212, 21.666013 ], [ 88.34518, 21.664954 ], [ 88.34682, 21.662119 ], [ 88.348743, 21.659468 ], [ 88.348965, 21.659146 ], [ 88.348537, 21.658335 ], [ 88.347874, 21.656687 ], [ 88.347539, 21.655518 ], [ 88.347529, 21.655521 ], [ 88.34741, 21.655098 ], [ 88.347411, 21.655092 ], [ 88.34733, 21.654746 ], [ 88.347297, 21.654697 ], [ 88.34711, 21.654035 ], [ 88.346746, 21.652461 ], [ 88.346654, 21.651771 ], [ 88.346594, 21.651479 ], [ 88.346609, 21.651451 ], [ 88.346607, 21.651399 ], [ 88.346576, 21.651321 ], [ 88.346551, 21.651257 ], [ 88.346231, 21.648713 ], [ 88.346221, 21.648506 ], [ 88.346253, 21.646363 ], [ 88.346556, 21.644239 ], [ 88.346612, 21.643973 ], [ 88.346614, 21.643959 ], [ 88.346331, 21.643477 ], [ 88.346136, 21.64234 ], [ 88.346185, 21.641772 ], [ 88.346577, 21.641273 ], [ 88.346993, 21.640682 ], [ 88.347346, 21.640354 ], [ 88.347444, 21.639985 ], [ 88.347529, 21.639668 ], [ 88.347716, 21.638651 ], [ 88.347776, 21.638171 ], [ 88.34801, 21.636858 ], [ 88.347752, 21.635963 ], [ 88.347706, 21.635669 ], [ 88.347604, 21.635345 ], [ 88.34737, 21.634839 ], [ 88.347253, 21.634536 ], [ 88.34666, 21.632706 ], [ 88.346391, 21.631382 ], [ 88.346385, 21.631383 ], [ 88.346292, 21.630925 ], [ 88.346225, 21.630463 ], [ 88.345737, 21.629505 ], [ 88.345594, 21.629285 ], [ 88.344624, 21.628353 ], [ 88.343576, 21.627472 ], [ 88.343537, 21.627451 ], [ 88.34319, 21.627291 ], [ 88.342849, 21.627117 ], [ 88.342856, 21.627105 ], [ 88.341617, 21.626457 ], [ 88.339979, 21.625377 ], [ 88.338469, 21.624144 ], [ 88.337118, 21.622786 ], [ 88.337116, 21.622783 ], [ 88.336784, 21.622414 ], [ 88.336453, 21.622158 ], [ 88.336321, 21.622055 ], [ 88.336199, 21.62196 ], [ 88.335367, 21.621357 ], [ 88.33438, 21.620729 ], [ 88.333473, 21.620222 ], [ 88.333144, 21.620035 ], [ 88.332863, 21.61987 ], [ 88.332631, 21.619736 ], [ 88.331256, 21.618854 ], [ 88.330031, 21.617914 ], [ 88.328769, 21.617466 ], [ 88.327303, 21.616783 ], [ 88.326351, 21.61626 ], [ 88.32618, 21.615419 ], [ 88.326091, 21.615096 ], [ 88.325, 21.614499 ], [ 88.324391, 21.614151 ], [ 88.324183, 21.614027 ], [ 88.324022, 21.613931 ], [ 88.322885, 21.613312 ], [ 88.321402, 21.612417 ], [ 88.320011, 21.611399 ], [ 88.318726, 21.610267 ], [ 88.318182, 21.609741 ], [ 88.318081, 21.609603 ], [ 88.317546, 21.609234 ], [ 88.317143, 21.609009 ], [ 88.316698, 21.60876 ], [ 88.316367, 21.608575 ], [ 88.315897, 21.608358 ], [ 88.315454, 21.608202 ], [ 88.315091, 21.60855 ], [ 88.31387, 21.608481 ], [ 88.312085, 21.608616 ], [ 88.310643, 21.609114 ], [ 88.309469, 21.60984 ], [ 88.308411, 21.611076 ], [ 88.307677, 21.612689 ], [ 88.307088, 21.615479 ], [ 88.306939, 21.617997 ], [ 88.306815, 21.619861 ], [ 88.306369, 21.625826 ], [ 88.306048, 21.629434 ], [ 88.30668, 21.6332 ], [ 88.306996, 21.634632 ], [ 88.30863, 21.638904 ], [ 88.31063, 21.643615 ], [ 88.312023, 21.647824 ], [ 88.312688, 21.652054 ], [ 88.311556, 21.655124 ], [ 88.308485, 21.657134 ], [ 88.305196, 21.657285 ], [ 88.302675, 21.655601 ], [ 88.300758, 21.653217 ], [ 88.30008, 21.65199 ], [ 88.299229, 21.649645 ], [ 88.2992, 21.64939 ], [ 88.299129, 21.648741 ], [ 88.299099, 21.648476 ], [ 88.298303, 21.647129 ], [ 88.297421, 21.645582 ], [ 88.29647, 21.644105 ], [ 88.296086, 21.643013 ], [ 88.295798, 21.642029 ], [ 88.295472, 21.640865 ], [ 88.295103, 21.639842 ], [ 88.294718, 21.639036 ], [ 88.294218, 21.63832 ], [ 88.293371, 21.638711 ], [ 88.292622, 21.637064 ], [ 88.291449, 21.635005 ], [ 88.291835, 21.634844 ], [ 88.29176, 21.634409 ], [ 88.291318, 21.633335 ], [ 88.290938, 21.631977 ], [ 88.290152, 21.629309 ], [ 88.289671, 21.628772 ], [ 88.289031, 21.627648 ], [ 88.288301, 21.625482 ], [ 88.287841, 21.624174 ], [ 88.287032, 21.624352 ], [ 88.286647, 21.624065 ], [ 88.286862, 21.623463 ], [ 88.287421, 21.622909 ], [ 88.286902, 21.621817 ], [ 88.28675, 21.62048 ], [ 88.286479, 21.619776 ], [ 88.285845, 21.618666 ], [ 88.285248, 21.618844 ], [ 88.284998, 21.618701 ], [ 88.284768, 21.617459 ], [ 88.284692, 21.616689 ], [ 88.284673, 21.616099 ], [ 88.284559, 21.615344 ], [ 88.284213, 21.614914 ], [ 88.283713, 21.614376 ], [ 88.283501, 21.614054 ], [ 88.283425, 21.61375 ], [ 88.283406, 21.613302 ], [ 88.283367, 21.613177 ], [ 88.283572, 21.612758 ], [ 88.283515, 21.612221 ], [ 88.283457, 21.611881 ], [ 88.283496, 21.611469 ], [ 88.283497, 21.610825 ], [ 88.283306, 21.609786 ], [ 88.283614, 21.60981 ], [ 88.284288, 21.609631 ], [ 88.284557, 21.609667 ], [ 88.284845, 21.610294 ], [ 88.285056, 21.611296 ], [ 88.285306, 21.611279 ], [ 88.28546, 21.611905 ], [ 88.285748, 21.612639 ], [ 88.285846, 21.613388 ], [ 88.285826, 21.613925 ], [ 88.285806, 21.614355 ], [ 88.285921, 21.61516 ], [ 88.285939, 21.616037 ], [ 88.286304, 21.616843 ], [ 88.286512, 21.617292 ], [ 88.286916, 21.617776 ], [ 88.287224, 21.617526 ], [ 88.287263, 21.616845 ], [ 88.287226, 21.615682 ], [ 88.287036, 21.613018 ], [ 88.286925, 21.610581 ], [ 88.28681, 21.608575 ], [ 88.286351, 21.605687 ], [ 88.286045, 21.604001 ], [ 88.286182, 21.602247 ], [ 88.286327, 21.601608 ], [ 88.286327, 21.600871 ], [ 88.286479, 21.600064 ], [ 88.28631, 21.599256 ], [ 88.286104, 21.598396 ], [ 88.286085, 21.59808 ], [ 88.286066, 21.597852 ], [ 88.286452, 21.59686 ], [ 88.286452, 21.596299 ], [ 88.286453, 21.59579 ], [ 88.287586, 21.595563 ], [ 88.288888, 21.596003 ], [ 88.290116, 21.594775 ], [ 88.291412, 21.593918 ], [ 88.29264, 21.593129 ], [ 88.293169, 21.592778 ], [ 88.294365, 21.591913 ], [ 88.295921, 21.591161 ], [ 88.296808, 21.590916 ], [ 88.297791, 21.590233 ], [ 88.299295, 21.5892 ], [ 88.300315, 21.588727 ], [ 88.300901, 21.588254 ], [ 88.301333, 21.587319 ], [ 88.301872, 21.586176 ], [ 88.302656, 21.585542 ], [ 88.302833, 21.585132 ], [ 88.302846, 21.582987 ], [ 88.302892, 21.582407 ], [ 88.302918, 21.582329 ], [ 88.302897, 21.582197 ], [ 88.302838, 21.581999 ], [ 88.302666, 21.581604 ], [ 88.302628, 21.581536 ], [ 88.30211, 21.580343 ], [ 88.301602, 21.57879 ], [ 88.301379, 21.577792 ], [ 88.301368, 21.577794 ], [ 88.301283, 21.577408 ], [ 88.301215, 21.577019 ], [ 88.300764, 21.576083 ], [ 88.300025, 21.574859 ], [ 88.298929, 21.573114 ], [ 88.298621, 21.572698 ], [ 88.298296, 21.572245 ], [ 88.297715, 21.571406 ], [ 88.297492, 21.571134 ], [ 88.297281, 21.570853 ], [ 88.297296, 21.570844 ], [ 88.296441, 21.569666 ], [ 88.296386, 21.56958 ], [ 88.29606, 21.569074 ], [ 88.295711, 21.568665 ], [ 88.295055, 21.568003 ], [ 88.29428, 21.56717 ], [ 88.294091, 21.566954 ], [ 88.293345, 21.566143 ], [ 88.292877, 21.565829 ], [ 88.292818, 21.56579 ], [ 88.292251, 21.56541 ], [ 88.29122, 21.564879 ], [ 88.286609, 21.565303 ], [ 88.286716, 21.565184 ], [ 88.286824, 21.565062 ], [ 88.286973, 21.564895 ], [ 88.287126, 21.564487 ], [ 88.287012, 21.563847 ], [ 88.286669, 21.563367 ], [ 88.285925, 21.56278 ], [ 88.284169, 21.561731 ], [ 88.281272, 21.560603 ], [ 88.279921, 21.560036 ], [ 88.27964, 21.559967 ], [ 88.279631, 21.559962 ], [ 88.27921, 21.559815 ], [ 88.278711, 21.559695 ], [ 88.278416, 21.559624 ], [ 88.278357, 21.55961 ], [ 88.277971, 21.55952 ], [ 88.277555, 21.559433 ], [ 88.27715, 21.5594 ], [ 88.276876, 21.559377 ], [ 88.276599, 21.559337 ], [ 88.276096, 21.559258 ], [ 88.275743, 21.559198 ], [ 88.274806, 21.559039 ], [ 88.274115, 21.559015 ], [ 88.273719, 21.559002 ], [ 88.272777, 21.558969 ], [ 88.272711, 21.558966 ], [ 88.271966, 21.558977 ], [ 88.27139, 21.558993 ], [ 88.271093, 21.559004 ], [ 88.270983, 21.559006 ], [ 88.270864, 21.559008 ], [ 88.270831, 21.559007 ], [ 88.266745, 21.559114 ], [ 88.266416, 21.559069 ], [ 88.265703, 21.55912 ], [ 88.265132, 21.559121 ], [ 88.265107, 21.559119 ], [ 88.264536, 21.559131 ], [ 88.264306, 21.559173 ], [ 88.263777, 21.559296 ], [ 88.263522, 21.559392 ], [ 88.261202, 21.559996 ], [ 88.258299, 21.56057 ], [ 88.257659, 21.560686 ], [ 88.257603, 21.560695 ], [ 88.25757, 21.560701 ], [ 88.257436, 21.560723 ], [ 88.257111, 21.560785 ], [ 88.25669, 21.560957 ], [ 88.256582, 21.561022 ], [ 88.256004, 21.561285 ], [ 88.25599, 21.561258 ], [ 88.254662, 21.561873 ], [ 88.254263, 21.562026 ], [ 88.253691, 21.562217 ], [ 88.253229, 21.562421 ], [ 88.252795, 21.562612 ], [ 88.252069, 21.562933 ], [ 88.251779, 21.563084 ], [ 88.25135, 21.563308 ], [ 88.250856, 21.563566 ], [ 88.25076, 21.563619 ], [ 88.25036, 21.56384 ], [ 88.250046, 21.564013 ], [ 88.249748, 21.564207 ], [ 88.249248, 21.564533 ], [ 88.248885, 21.564769 ], [ 88.248547, 21.565035 ], [ 88.2484, 21.56515 ], [ 88.247874, 21.565564 ], [ 88.247349, 21.566031 ], [ 88.24734, 21.566038 ], [ 88.245751, 21.567305 ], [ 88.245406, 21.567524 ], [ 88.244487, 21.56844 ], [ 88.24406, 21.568381 ], [ 88.244025, 21.568403 ], [ 88.244007, 21.568413 ], [ 88.243962, 21.568414 ], [ 88.243892, 21.56848 ], [ 88.24381, 21.568589 ], [ 88.243772, 21.568652 ], [ 88.243761, 21.568665 ], [ 88.243761, 21.568666 ], [ 88.243679, 21.568785 ], [ 88.243566, 21.568929 ], [ 88.243558, 21.568941 ], [ 88.243397, 21.569256 ], [ 88.243282, 21.569629 ], [ 88.243243, 21.570268 ], [ 88.243089, 21.570836 ], [ 88.242428, 21.571351 ], [ 88.241299, 21.572526 ], [ 88.240254, 21.573922 ], [ 88.239178, 21.575297 ], [ 88.238578, 21.576313 ], [ 88.238184, 21.577155 ], [ 88.238146, 21.577372 ], [ 88.238137, 21.577445 ], [ 88.238202, 21.577949 ], [ 88.238309, 21.578178 ], [ 88.23835, 21.578197 ], [ 88.238603, 21.578575 ], [ 88.241621, 21.579172 ], [ 88.241801, 21.579442 ], [ 88.243215, 21.580141 ], [ 88.24462, 21.580333 ], [ 88.244938, 21.580475 ], [ 88.245961, 21.580872 ], [ 88.246734, 21.581749 ], [ 88.247052, 21.582626 ], [ 88.247407, 21.584036 ], [ 88.247591, 21.584537 ], [ 88.247675, 21.585038 ], [ 88.247488, 21.585835 ], [ 88.247469, 21.586872 ], [ 88.247938, 21.587842 ], [ 88.247954, 21.588906 ], [ 88.24765, 21.589876 ], [ 88.247615, 21.590533 ], [ 88.247833, 21.590791 ], [ 88.247799, 21.591307 ], [ 88.247732, 21.591479 ], [ 88.247614, 21.591573 ], [ 88.247546, 21.591761 ], [ 88.247596, 21.591917 ], [ 88.247748, 21.592183 ], [ 88.247612, 21.592621 ], [ 88.24741, 21.592871 ], [ 88.246829, 21.593659 ], [ 88.246862, 21.594301 ], [ 88.246389, 21.595161 ], [ 88.245539, 21.596852 ], [ 88.245, 21.597383 ], [ 88.24473, 21.597634 ], [ 88.244713, 21.597884 ], [ 88.244746, 21.59826 ], [ 88.243681, 21.599819 ], [ 88.242028, 21.601915 ], [ 88.240681, 21.6033 ], [ 88.240428, 21.603597 ], [ 88.240444, 21.60391 ], [ 88.240427, 21.604286 ], [ 88.240275, 21.604552 ], [ 88.240039, 21.604802 ], [ 88.239853, 21.6051 ], [ 88.239802, 21.605538 ], [ 88.239802, 21.605898 ], [ 88.240045, 21.606239 ], [ 88.240011, 21.606661 ], [ 88.238915, 21.607568 ], [ 88.235851, 21.606813 ], [ 88.234368, 21.608446 ], [ 88.233205, 21.609384 ], [ 88.231981, 21.610322 ], [ 88.230297, 21.610633 ], [ 88.226382, 21.611805 ], [ 88.224632, 21.612362 ], [ 88.221496, 21.613908 ], [ 88.219796, 21.614953 ], [ 88.219661, 21.615281 ], [ 88.21912, 21.616643 ], [ 88.219018, 21.617222 ], [ 88.218327, 21.617345 ], [ 88.21799, 21.617078 ], [ 88.217536, 21.616984 ], [ 88.216912, 21.617093 ], [ 88.21671, 21.617468 ], [ 88.216136, 21.617922 ], [ 88.216136, 21.61825 ], [ 88.216705, 21.618973 ], [ 88.217852, 21.620041 ], [ 88.219057, 21.621915 ], [ 88.218773, 21.622917 ], [ 88.212701, 21.625015 ], [ 88.211951, 21.62391 ], [ 88.211691, 21.623465 ], [ 88.210695, 21.621303 ], [ 88.210111, 21.620009 ], [ 88.209633, 21.619847 ], [ 88.208376, 21.617604 ], [ 88.208411, 21.616731 ], [ 88.20826, 21.616549 ], [ 88.208307, 21.614469 ], [ 88.207199, 21.614326 ], [ 88.207156, 21.614104 ], [ 88.208898, 21.609633 ], [ 88.209029, 21.608926 ], [ 88.209421, 21.608341 ], [ 88.210248, 21.607105 ], [ 88.210291, 21.607007 ], [ 88.210128, 21.606882 ], [ 88.210112, 21.606843 ], [ 88.210039, 21.606792 ], [ 88.209964, 21.606777 ], [ 88.209336, 21.606859 ], [ 88.208723, 21.607024 ], [ 88.207385, 21.607229 ], [ 88.207229, 21.607283 ], [ 88.205707, 21.607947 ], [ 88.20511, 21.608408 ], [ 88.204326, 21.609498 ], [ 88.203409, 21.612173 ], [ 88.202767, 21.615009 ], [ 88.202308, 21.61692 ], [ 88.202136, 21.617457 ], [ 88.202122, 21.617533 ], [ 88.202105, 21.617627 ], [ 88.202089, 21.617713 ], [ 88.201679, 21.619412 ], [ 88.201457, 21.620163 ], [ 88.201427, 21.620262 ], [ 88.201369, 21.620453 ], [ 88.201121, 21.621209 ], [ 88.201075, 21.621339 ], [ 88.200987, 21.621588 ], [ 88.200857, 21.621943 ], [ 88.200671, 21.622434 ], [ 88.200603, 21.622616 ], [ 88.200542, 21.622801 ], [ 88.200367, 21.623333 ], [ 88.200077, 21.62422 ], [ 88.199995, 21.624583 ], [ 88.199422, 21.626295 ], [ 88.199074, 21.627177 ], [ 88.199003, 21.627387 ], [ 88.198757, 21.628119 ], [ 88.198693, 21.628308 ], [ 88.19854, 21.628845 ], [ 88.197739, 21.631062 ], [ 88.197384, 21.631869 ], [ 88.197376, 21.631867 ], [ 88.19733, 21.631921 ], [ 88.197274, 21.632148 ], [ 88.197187, 21.632478 ], [ 88.196954, 21.633362 ], [ 88.196939, 21.633422 ], [ 88.196853, 21.633769 ], [ 88.196865, 21.6338 ], [ 88.196872, 21.633806 ], [ 88.196825, 21.634329 ], [ 88.196424, 21.636751 ], [ 88.196402, 21.636831 ], [ 88.196349, 21.637082 ], [ 88.196289, 21.637331 ], [ 88.196284, 21.63733 ], [ 88.196232, 21.637543 ], [ 88.196174, 21.637721 ], [ 88.196124, 21.638134 ], [ 88.196118, 21.638184 ], [ 88.195987, 21.63907 ], [ 88.195976, 21.639134 ], [ 88.195949, 21.639286 ], [ 88.195923, 21.639282 ], [ 88.195601, 21.64093 ], [ 88.195411, 21.641639 ], [ 88.195351, 21.641775 ], [ 88.19527, 21.642151 ], [ 88.195249, 21.64245 ], [ 88.195258, 21.642528 ], [ 88.195206, 21.642895 ], [ 88.194914, 21.644438 ], [ 88.194479, 21.645952 ], [ 88.194048, 21.647059 ], [ 88.194039, 21.647088 ], [ 88.193972, 21.64722 ], [ 88.193949, 21.647364 ], [ 88.193757, 21.64795 ], [ 88.193549, 21.648694 ], [ 88.192754, 21.650609 ], [ 88.192579, 21.650968 ], [ 88.192548, 21.651031 ], [ 88.191904, 21.652383 ], [ 88.191769, 21.652748 ], [ 88.191025, 21.654464 ], [ 88.190959, 21.654598 ], [ 88.190672, 21.655148 ], [ 88.190348, 21.655746 ], [ 88.19033, 21.655778 ], [ 88.190209, 21.655996 ], [ 88.190202, 21.656011 ], [ 88.189973, 21.656414 ], [ 88.189949, 21.656469 ], [ 88.189285, 21.657644 ], [ 88.189244, 21.657701 ], [ 88.189015, 21.658424 ], [ 88.188164, 21.66331 ], [ 88.188004, 21.664297 ] ] ], [ [ [ 88.184899, 21.593541 ], [ 88.18539, 21.592896 ], [ 88.185585, 21.592631 ], [ 88.185551, 21.592398 ], [ 88.185232, 21.592228 ], [ 88.184503, 21.591649 ], [ 88.183923, 21.591298 ], [ 88.183672, 21.591043 ], [ 88.183559, 21.590863 ], [ 88.183582, 21.590693 ], [ 88.183673, 21.590641 ], [ 88.183969, 21.590715 ], [ 88.184334, 21.590843 ], [ 88.184653, 21.590918 ], [ 88.185006, 21.590865 ], [ 88.185086, 21.590706 ], [ 88.184927, 21.590494 ], [ 88.184396, 21.590243 ], [ 88.184065, 21.59002 ], [ 88.183963, 21.589861 ], [ 88.183804, 21.58967 ], [ 88.183782, 21.589394 ], [ 88.183873, 21.589119 ], [ 88.184819, 21.587986 ], [ 88.185413, 21.586853 ], [ 88.185723, 21.585879 ], [ 88.186066, 21.584797 ], [ 88.186275, 21.583993 ], [ 88.186368, 21.583333 ], [ 88.186324, 21.582104 ], [ 88.186235, 21.580767 ], [ 88.186146, 21.579718 ], [ 88.186012, 21.578215 ], [ 88.185857, 21.57669 ], [ 88.186132, 21.576256 ], [ 88.186439, 21.576246 ], [ 88.186827, 21.576278 ], [ 88.187283, 21.576258 ], [ 88.187979, 21.575898 ], [ 88.189075, 21.574446 ], [ 88.18928, 21.573752 ], [ 88.189507, 21.5731 ], [ 88.189824, 21.572911 ], [ 88.190277, 21.572786 ], [ 88.190413, 21.572513 ], [ 88.190526, 21.57226 ], [ 88.190934, 21.572051 ], [ 88.191251, 21.571904 ], [ 88.191654, 21.571869 ], [ 88.191239, 21.571643 ], [ 88.191248, 21.571629 ], [ 88.190417, 21.571174 ], [ 88.189992, 21.57087 ], [ 88.189112, 21.570411 ], [ 88.18881, 21.570349 ], [ 88.187837, 21.570071 ], [ 88.187248, 21.569882 ], [ 88.187116, 21.569822 ], [ 88.186799, 21.569736 ], [ 88.185274, 21.569176 ], [ 88.184639, 21.568913 ], [ 88.184493, 21.56883 ], [ 88.183882, 21.568665 ], [ 88.183388, 21.568625 ], [ 88.182683, 21.568899 ], [ 88.182492, 21.568974 ], [ 88.182042, 21.569149 ], [ 88.18194, 21.569268 ], [ 88.1818, 21.56939 ], [ 88.180877, 21.570273 ], [ 88.179332, 21.571471 ], [ 88.177663, 21.572513 ], [ 88.177302, 21.572714 ], [ 88.176811, 21.57296 ], [ 88.176409, 21.573404 ], [ 88.176211, 21.573715 ], [ 88.175989, 21.574012 ], [ 88.175947, 21.574077 ], [ 88.175846, 21.574193 ], [ 88.175663, 21.574606 ], [ 88.17513, 21.575809 ], [ 88.174907, 21.576313 ], [ 88.174809, 21.576917 ], [ 88.174796, 21.576994 ], [ 88.17473, 21.5774 ], [ 88.174743, 21.577811 ], [ 88.174737, 21.578222 ], [ 88.174733, 21.578222 ], [ 88.174713, 21.579408 ], [ 88.174521, 21.581071 ], [ 88.174164, 21.58271 ], [ 88.173647, 21.584311 ], [ 88.173006, 21.585787 ], [ 88.172976, 21.585835 ], [ 88.172959, 21.585887 ], [ 88.172211, 21.587236 ], [ 88.172128, 21.587332 ], [ 88.171946, 21.587777 ], [ 88.17191, 21.587864 ], [ 88.171903, 21.587881 ], [ 88.171549, 21.588747 ], [ 88.171549, 21.588748 ], [ 88.171302, 21.589324 ], [ 88.171127, 21.589712 ], [ 88.170819, 21.590394 ], [ 88.170755, 21.590983 ], [ 88.170809, 21.591721 ], [ 88.171707, 21.59312 ], [ 88.171966, 21.593523 ], [ 88.172225, 21.593926 ], [ 88.172527, 21.594302 ], [ 88.173012, 21.594904 ], [ 88.173341, 21.595313 ], [ 88.174227, 21.59601 ], [ 88.174262, 21.596037 ], [ 88.174596, 21.5963 ], [ 88.17521, 21.596628 ], [ 88.175451, 21.596757 ], [ 88.17583, 21.596959 ], [ 88.176527, 21.597188 ], [ 88.177418, 21.597038 ], [ 88.178001, 21.596867 ], [ 88.178501, 21.596752 ], [ 88.180365, 21.596414 ], [ 88.182256, 21.596248 ], [ 88.183242, 21.596253 ], [ 88.183367, 21.596078 ], [ 88.184395, 21.594437 ], [ 88.184899, 21.593541 ] ] ] ] } },
{ "type": "Feature", "properties": { "census2011_code": "02440", "block_name": "Patharpratima", "geoboundaries_shape_id": "7132399B11296910323885", "area_km2": 563.6, "land_area_km2": 477.7, "water_area_km2": 85.9 }, "geometry": { "type": "Polygon", "coordinates": [ [ [ 88.381939, 21.662855 ], [ 88.381785, 21.664007 ], [ 88.381846, 21.664038 ], [ 88.381974, 21.664057 ], [ 88.382305, 21.664082 ], [ 88.3824, 21.664144 ], [ 88.382474, 21.664245 ], [ 88.382461, 21.664797 ], [ 88.382458, 21.666172 ], [ 88.382352, 21.6675 ], [ 88.382211, 21.668379 ], [ 88.381996, 21.66879 ], [ 88.381917, 21.66889 ], [ 88.381758, 21.669011 ], [ 88.381685, 21.669195 ], [ 88.381657, 21.66949 ], [ 88.381674, 21.669637 ], [ 88.381725, 21.669831 ], [ 88.381737, 21.670283 ], [ 88.381709, 21.670567 ], [ 88.381556, 21.671019 ], [ 88.381347, 21.671466 ], [ 88.381206, 21.671776 ], [ 88.381178, 21.671955 ], [ 88.38111, 21.672003 ], [ 88.381014, 21.672003 ], [ 88.380895, 21.67194 ], [ 88.380722, 21.671943 ], [ 88.380648, 21.671985 ], [ 88.380603, 21.67208 ], [ 88.380496, 21.672143 ], [ 88.380343, 21.672169 ], [ 88.380292, 21.672217 ], [ 88.380201, 21.672317 ], [ 88.380052, 21.672726 ], [ 88.379884, 21.673327 ], [ 88.379817, 21.673791 ], [ 88.379662, 21.674515 ], [ 88.379482, 21.674834 ], [ 88.379303, 21.675487 ], [ 88.379142, 21.676076 ], [ 88.379053, 21.676535 ], [ 88.378946, 21.676791 ], [ 88.378885, 21.67702 ], [ 88.378767, 21.677192 ], [ 88.378722, 21.677477 ], [ 88.378751, 21.677957 ], [ 88.378802, 21.678265 ], [ 88.378982, 21.678797 ], [ 88.379156, 21.679486 ], [ 88.379528, 21.680297 ], [ 88.379697, 21.680641 ], [ 88.37986, 21.680912 ], [ 88.380022, 21.681218 ], [ 88.38032, 21.681891 ], [ 88.380909, 21.682811 ], [ 88.381672, 21.683906 ], [ 88.382459, 21.684962 ], [ 88.383256, 21.685901 ], [ 88.383897, 21.686428 ], [ 88.384752, 21.687169 ], [ 88.385197, 21.687525 ], [ 88.386965, 21.688846 ], [ 88.3882, 21.689865 ], [ 88.389268, 21.690732 ], [ 88.390894, 21.691868 ], [ 88.391717, 21.692425 ], [ 88.393641, 21.693726 ], [ 88.39546, 21.694802 ], [ 88.395815, 21.694761 ], [ 88.396049, 21.694709 ], [ 88.39626, 21.69476 ], [ 88.39646, 21.694956 ], [ 88.396725, 21.695257 ], [ 88.396841, 21.695449 ], [ 88.39696, 21.695699 ], [ 88.397108, 21.696016 ], [ 88.3971, 21.696077 ], [ 88.397126, 21.696143 ], [ 88.397306, 21.69647 ], [ 88.396935, 21.696683 ], [ 88.396957, 21.696706 ], [ 88.397321, 21.696504 ], [ 88.397801, 21.696956 ], [ 88.398414, 21.697472 ], [ 88.398783, 21.697849 ], [ 88.398965, 21.697956 ], [ 88.399047, 21.698047 ], [ 88.399512, 21.698676 ], [ 88.400072, 21.699512 ], [ 88.400553, 21.700319 ], [ 88.400855, 21.701207 ], [ 88.401039, 21.701707 ], [ 88.394464, 21.709337 ], [ 88.393642, 21.70835 ], [ 88.392716, 21.707287 ], [ 88.391861, 21.706497 ], [ 88.390831, 21.705359 ], [ 88.389656, 21.704366 ], [ 88.387943, 21.703068 ], [ 88.386806, 21.702489 ], [ 88.386181, 21.701985 ], [ 88.385834, 21.70162 ], [ 88.385151, 21.70118 ], [ 88.384133, 21.700521 ], [ 88.383833, 21.700639 ], [ 88.383555, 21.700661 ], [ 88.38315, 21.700661 ], [ 88.382641, 21.700425 ], [ 88.382288, 21.700232 ], [ 88.380079, 21.69931 ], [ 88.378865, 21.698852 ], [ 88.378726, 21.698551 ], [ 88.37861, 21.698412 ], [ 88.378205, 21.698273 ], [ 88.377315, 21.697994 ], [ 88.376711, 21.697791 ], [ 88.376236, 21.697674 ], [ 88.375126, 21.697008 ], [ 88.37404, 21.696342 ], [ 88.373716, 21.696138 ], [ 88.373369, 21.695655 ], [ 88.372941, 21.695064 ], [ 88.372721, 21.694796 ], [ 88.372437, 21.69451 ], [ 88.371974, 21.694199 ], [ 88.371407, 21.693974 ], [ 88.371115, 21.693833 ], [ 88.369312, 21.694314 ], [ 88.36899, 21.694442 ], [ 88.368588, 21.694379 ], [ 88.367002, 21.693611 ], [ 88.366232, 21.693313 ], [ 88.365968, 21.69311 ], [ 88.365759, 21.69262 ], [ 88.365506, 21.69199 ], [ 88.365494, 21.691756 ], [ 88.365551, 21.691595 ], [ 88.36554, 21.691254 ], [ 88.365378, 21.69071 ], [ 88.365355, 21.6904 ], [ 88.365688, 21.690135 ], [ 88.365791, 21.6899 ], [ 88.365702, 21.688601 ], [ 88.365322, 21.688111 ], [ 88.364792, 21.687876 ], [ 88.362862, 21.687685 ], [ 88.361594, 21.68755 ], [ 88.361001, 21.687487 ], [ 88.359726, 21.68739 ], [ 88.35808, 21.687518 ], [ 88.357415, 21.687685 ], [ 88.356836, 21.688058 ], [ 88.354176, 21.689859 ], [ 88.35164, 21.691637 ], [ 88.35049, 21.692755 ], [ 88.350486, 21.693209 ], [ 88.349328, 21.694856 ], [ 88.348392, 21.696407 ], [ 88.346937, 21.698205 ], [ 88.345656, 21.699552 ], [ 88.343717, 21.701683 ], [ 88.342053, 21.703264 ], [ 88.340689, 21.704644 ], [ 88.339623, 21.705501 ], [ 88.338925, 21.706215 ], [ 88.33783, 21.705294 ], [ 88.333301, 21.702403 ], [ 88.334624, 21.701068 ], [ 88.33707, 21.698338 ], [ 88.340681, 21.694476 ], [ 88.343616, 21.690878 ], [ 88.344603, 21.689071 ], [ 88.345422, 21.687114 ], [ 88.345563, 21.686465 ], [ 88.345857, 21.685872 ], [ 88.346029, 21.68542 ], [ 88.346221, 21.684924 ], [ 88.344653, 21.685467 ], [ 88.343051, 21.685356 ], [ 88.340457, 21.685276 ], [ 88.337749, 21.685054 ], [ 88.334429, 21.685399 ], [ 88.332978, 21.685716 ], [ 88.331412, 21.686317 ], [ 88.330189, 21.687026 ], [ 88.329653, 21.687416 ], [ 88.327973, 21.687981 ], [ 88.311674, 21.688759 ], [ 88.310995, 21.689839 ], [ 88.310225, 21.690985 ], [ 88.309508, 21.692015 ], [ 88.309234, 21.692362 ], [ 88.308944, 21.692769 ], [ 88.307545, 21.694578 ], [ 88.306235, 21.696138 ], [ 88.305834, 21.696634 ], [ 88.305402, 21.69714 ], [ 88.304112, 21.698573 ], [ 88.303221, 21.699509 ], [ 88.302254, 21.700537 ], [ 88.301784, 21.700964 ], [ 88.300864, 21.701623 ], [ 88.300362, 21.702097 ], [ 88.300095, 21.702386 ], [ 88.300001, 21.702608 ], [ 88.299993, 21.702764 ], [ 88.300008, 21.702946 ], [ 88.300081, 21.703274 ], [ 88.300262, 21.703961 ], [ 88.300414, 21.704471 ], [ 88.300609, 21.704954 ], [ 88.300811, 21.705313 ], [ 88.301069, 21.705623 ], [ 88.301304, 21.705885 ], [ 88.301752, 21.706252 ], [ 88.302395, 21.706765 ], [ 88.302784, 21.707075 ], [ 88.303154, 21.70735 ], [ 88.303868, 21.707622 ], [ 88.3039, 21.707355 ], [ 88.305676, 21.70658 ], [ 88.305619, 21.708334 ], [ 88.305922, 21.709846 ], [ 88.30683, 21.711762 ], [ 88.307132, 21.712771 ], [ 88.307635, 21.71295 ], [ 88.307338, 21.713337 ], [ 88.306924, 21.71406 ], [ 88.306511, 21.715197 ], [ 88.306201, 21.71711 ], [ 88.306201, 21.718608 ], [ 88.306562, 21.719539 ], [ 88.307514, 21.7238 ], [ 88.308644, 21.726353 ], [ 88.3099, 21.729676 ], [ 88.3099, 21.730783 ], [ 88.309973, 21.734032 ], [ 88.309379, 21.737027 ], [ 88.3078, 21.740837 ], [ 88.306991, 21.744461 ], [ 88.306766, 21.745617 ], [ 88.306477, 21.746742 ], [ 88.30622, 21.747288 ], [ 88.306123, 21.747738 ], [ 88.306123, 21.748444 ], [ 88.306155, 21.749215 ], [ 88.306155, 21.749922 ], [ 88.306155, 21.750565 ], [ 88.305453, 21.754384 ], [ 88.305408, 21.755421 ], [ 88.305092, 21.756684 ], [ 88.304836, 21.75789 ], [ 88.304707, 21.758241 ], [ 88.304485, 21.758592 ], [ 88.304227, 21.758758 ], [ 88.303765, 21.759976 ], [ 88.303063, 21.762266 ], [ 88.302472, 21.764002 ], [ 88.301955, 21.765054 ], [ 88.300987, 21.766787 ], [ 88.300501, 21.767694 ], [ 88.300113, 21.768763 ], [ 88.299498, 21.770405 ], [ 88.299498, 21.771195 ], [ 88.299413, 21.771506 ], [ 88.299329, 21.771845 ], [ 88.298805, 21.77266 ], [ 88.298666, 21.773393 ], [ 88.298765, 21.774344 ], [ 88.298666, 21.776662 ], [ 88.29843, 21.778873 ], [ 88.29832, 21.780166 ], [ 88.297042, 21.779911 ], [ 88.297042, 21.779063 ], [ 88.296821, 21.775967 ], [ 88.296663, 21.773241 ], [ 88.295363, 21.774446 ], [ 88.293722, 21.775856 ], [ 88.292769, 21.776841 ], [ 88.292094, 21.777637 ], [ 88.291523, 21.778438 ], [ 88.290695, 21.779903 ], [ 88.290289, 21.780947 ], [ 88.289814, 21.78234 ], [ 88.289219, 21.784106 ], [ 88.288571, 21.785374 ], [ 88.287879, 21.786575 ], [ 88.287224, 21.787631 ], [ 88.286717, 21.788291 ], [ 88.286092, 21.789017 ], [ 88.284993, 21.789841 ], [ 88.283342, 21.790741 ], [ 88.282037, 21.791278 ], [ 88.280238, 21.791781 ], [ 88.277777, 21.792221 ], [ 88.275132, 21.792524 ], [ 88.271141, 21.793108 ], [ 88.268113, 21.79337 ], [ 88.263158, 21.794917 ], [ 88.262402, 21.795723 ], [ 88.261864, 21.796514 ], [ 88.261433, 21.797356 ], [ 88.261167, 21.798137 ], [ 88.260854, 21.79923 ], [ 88.26048, 21.800602 ], [ 88.260194, 21.802023 ], [ 88.260044, 21.80328 ], [ 88.260236, 21.804658 ], [ 88.261706, 21.808167 ], [ 88.263217, 21.810045 ], [ 88.263261, 21.810099 ], [ 88.268991, 21.814443 ], [ 88.274729, 21.817015 ], [ 88.278794, 21.819061 ], [ 88.282028, 21.81975 ], [ 88.292185, 21.823389 ], [ 88.293131, 21.823728 ], [ 88.300112, 21.826529 ], [ 88.303064, 21.827954 ], [ 88.303972, 21.828393 ], [ 88.306889, 21.830948 ], [ 88.307826, 21.831829 ], [ 88.308569, 21.832528 ], [ 88.309273, 21.833926 ], [ 88.309992, 21.835356 ], [ 88.310958, 21.837811 ], [ 88.311246, 21.840224 ], [ 88.311023, 21.843465 ], [ 88.310844, 21.846311 ], [ 88.309992, 21.847692 ], [ 88.309646, 21.849628 ], [ 88.31006, 21.850377 ], [ 88.310573, 21.851307 ], [ 88.310741, 21.851609 ], [ 88.313705, 21.853757 ], [ 88.318201, 21.857156 ], [ 88.323431, 21.857753 ], [ 88.326434, 21.858295 ], [ 88.330474, 21.858308 ], [ 88.332558, 21.858101 ], [ 88.33519, 21.857839 ], [ 88.338941, 21.856846 ], [ 88.339344, 21.856444 ], [ 88.340308, 21.855478 ], [ 88.341985, 21.854726 ], [ 88.343801, 21.853912 ], [ 88.34849, 21.853367 ], [ 88.351071, 21.852803 ], [ 88.353222, 21.853256 ], [ 88.354893, 21.85411 ], [ 88.355561, 21.854647 ], [ 88.356265, 21.855191 ], [ 88.356373, 21.855275 ], [ 88.357371, 21.857153 ], [ 88.358608, 21.859827 ], [ 88.360945, 21.865668 ], [ 88.361789, 21.869586 ], [ 88.362011, 21.870144 ], [ 88.362554, 21.871507 ], [ 88.363236, 21.872268 ], [ 88.36372, 21.872892 ], [ 88.365055, 21.874616 ], [ 88.365495, 21.877894 ], [ 88.366292, 21.882098 ], [ 88.36689, 21.88575 ], [ 88.367132, 21.887227 ], [ 88.367178, 21.887782 ], [ 88.367242, 21.888553 ], [ 88.367474, 21.891344 ], [ 88.367196, 21.894878 ], [ 88.366704, 21.898661 ], [ 88.365893, 21.901994 ], [ 88.364139, 21.905981 ], [ 88.363018, 21.908527 ], [ 88.362968, 21.908825 ], [ 88.36272, 21.909513 ], [ 88.362325, 21.909879 ], [ 88.361857, 21.910107 ], [ 88.361635, 21.910221 ], [ 88.361164, 21.911481 ], [ 88.360864, 21.912173 ], [ 88.35995, 21.914277 ], [ 88.359456, 21.91478 ], [ 88.358544, 21.915351 ], [ 88.358322, 21.915718 ], [ 88.357729, 21.91645 ], [ 88.357162, 21.917045 ], [ 88.35657, 21.917193 ], [ 88.356078, 21.917317 ], [ 88.355636, 21.917292 ], [ 88.355316, 21.917223 ], [ 88.354776, 21.917014 ], [ 88.354682, 21.91686 ], [ 88.35458, 21.916693 ], [ 88.354409, 21.916348 ], [ 88.353512, 21.9151 ], [ 88.352797, 21.913649 ], [ 88.350006, 21.909966 ], [ 88.348309, 21.907416 ], [ 88.346964, 21.904033 ], [ 88.346081, 21.902338 ], [ 88.34587, 21.901342 ], [ 88.345623, 21.900777 ], [ 88.345197, 21.900477 ], [ 88.345127, 21.900411 ], [ 88.344522, 21.900409 ], [ 88.343347, 21.900427 ], [ 88.342708, 21.900436 ], [ 88.342175, 21.900402 ], [ 88.341642, 21.900168 ], [ 88.341251, 21.899967 ], [ 88.34111, 21.899701 ], [ 88.341007, 21.898573 ], [ 88.339941, 21.898238 ], [ 88.338056, 21.898232 ], [ 88.336098, 21.898956 ], [ 88.333394, 21.899179 ], [ 88.331258, 21.899803 ], [ 88.329727, 21.900329 ], [ 88.329264, 21.900327 ], [ 88.328874, 21.900094 ], [ 88.328697, 21.899828 ], [ 88.328983, 21.89943 ], [ 88.329413, 21.898536 ], [ 88.329845, 21.896878 ], [ 88.329919, 21.895916 ], [ 88.32971, 21.894854 ], [ 88.327683, 21.892336 ], [ 88.327001, 21.891277 ], [ 88.325372, 21.890043 ], [ 88.324637, 21.889353 ], [ 88.3234, 21.889029 ], [ 88.321638, 21.888409 ], [ 88.319377, 21.887148 ], [ 88.317964, 21.88449 ], [ 88.317573, 21.883088 ], [ 88.317677, 21.880884 ], [ 88.31813, 21.879755 ], [ 88.318267, 21.879002 ], [ 88.317511, 21.877073 ], [ 88.317198, 21.876653 ], [ 88.316598, 21.875824 ], [ 88.316439, 21.875603 ], [ 88.315634, 21.874679 ], [ 88.315187, 21.874092 ], [ 88.311016, 21.873282 ], [ 88.308553, 21.873239 ], [ 88.305002, 21.873178 ], [ 88.302078, 21.875097 ], [ 88.301857, 21.875276 ], [ 88.30169, 21.875584 ], [ 88.301798, 21.876383 ], [ 88.302451, 21.878855 ], [ 88.302366, 21.879395 ], [ 88.302089, 21.879729 ], [ 88.301976, 21.88068 ], [ 88.301974, 21.881272 ], [ 88.30208, 21.882328 ], [ 88.30267, 21.883466 ], [ 88.302549, 21.884128 ], [ 88.302487, 21.885065 ], [ 88.302719, 21.88639 ], [ 88.303897, 21.887552 ], [ 88.304957, 21.888604 ], [ 88.30602, 21.889159 ], [ 88.308027, 21.889938 ], [ 88.308204, 21.890104 ], [ 88.308021, 21.891758 ], [ 88.307841, 21.892364 ], [ 88.307482, 21.893577 ], [ 88.304759, 21.894505 ], [ 88.302552, 21.897065 ], [ 88.302668, 21.897229 ], [ 88.303305, 21.898536 ], [ 88.302662, 21.898969 ], [ 88.302656, 21.9006 ], [ 88.302655, 21.900926 ], [ 88.302854, 21.901257 ], [ 88.30364, 21.902561 ], [ 88.305501, 21.903709 ], [ 88.309404, 21.904483 ], [ 88.310677, 21.904717 ], [ 88.31121, 21.904816 ], [ 88.31249, 21.905527 ], [ 88.312779, 21.906289 ], [ 88.313475, 21.907161 ], [ 88.313174, 21.909934 ], [ 88.313171, 21.91064 ], [ 88.313051, 21.911728 ], [ 88.313049, 21.912434 ], [ 88.313046, 21.913087 ], [ 88.311931, 21.915313 ], [ 88.310995, 21.916343 ], [ 88.310583, 21.917429 ], [ 88.310404, 21.918516 ], [ 88.310008, 21.920331 ], [ 88.30993, 21.920689 ], [ 88.310736, 21.922614 ], [ 88.31143, 21.923266 ], [ 88.312313, 21.924273 ], [ 88.312689, 21.925515 ], [ 88.312624, 21.926105 ], [ 88.312623, 21.926341 ], [ 88.312115, 21.926694 ], [ 88.31084, 21.928993 ], [ 88.311154, 21.929939 ], [ 88.311913, 21.930178 ], [ 88.312863, 21.930181 ], [ 88.314067, 21.929831 ], [ 88.315715, 21.929482 ], [ 88.316222, 21.929425 ], [ 88.316728, 21.929604 ], [ 88.317107, 21.929841 ], [ 88.31736, 21.92996 ], [ 88.317481, 21.930891 ], [ 88.317923, 21.931911 ], [ 88.318174, 21.932503 ], [ 88.318299, 21.933094 ], [ 88.31855, 21.933862 ], [ 88.318863, 21.934868 ], [ 88.319177, 21.935577 ], [ 88.319112, 21.935652 ], [ 88.317524, 21.937462 ], [ 88.312622, 21.939317 ], [ 88.309254, 21.940167 ], [ 88.307349, 21.940648 ], [ 88.302027, 21.942673 ], [ 88.300297, 21.944232 ], [ 88.300165, 21.945674 ], [ 88.300006, 21.947405 ], [ 88.300555, 21.950364 ], [ 88.3007, 21.955146 ], [ 88.302521, 21.956572 ], [ 88.303689, 21.957904 ], [ 88.305336, 21.959784 ], [ 88.306412, 21.962788 ], [ 88.306525, 21.963641 ], [ 88.306708, 21.965019 ], [ 88.307865, 21.96638 ], [ 88.308641, 21.969193 ], [ 88.308402, 21.972698 ], [ 88.30764, 21.976217 ], [ 88.307098, 21.977379 ], [ 88.306657, 21.978325 ], [ 88.304233, 21.98128 ], [ 88.303171, 21.982419 ], [ 88.302524, 21.983113 ], [ 88.301686, 21.984293 ], [ 88.300697, 21.984898 ], [ 88.299487, 21.985357 ], [ 88.299105, 21.985628 ], [ 88.298445, 21.986229 ], [ 88.298148, 21.986944 ], [ 88.297963, 21.987389 ], [ 88.297434, 21.988455 ], [ 88.296917, 21.989052 ], [ 88.296454, 21.989463 ], [ 88.296092, 21.989876 ], [ 88.295674, 21.990523 ], [ 88.295483, 21.990858 ], [ 88.295411, 21.990985 ], [ 88.29535, 21.991406 ], [ 88.295286, 21.991967 ], [ 88.295324, 21.992484 ], [ 88.29659, 21.994304 ], [ 88.297371, 21.996425 ], [ 88.298394, 21.999046 ], [ 88.299273, 21.996893 ], [ 88.302, 21.996098 ], [ 88.302118, 21.996064 ], [ 88.30673, 21.995703 ], [ 88.307702, 21.995532 ], [ 88.310774, 21.99499 ], [ 88.313491, 21.994749 ], [ 88.31434, 21.994209 ], [ 88.314883, 21.993864 ], [ 88.316531, 21.991799 ], [ 88.319124, 21.990499 ], [ 88.320769, 21.989377 ], [ 88.32235, 21.988609 ], [ 88.323363, 21.987723 ], [ 88.324496, 21.988958 ], [ 88.324934, 21.990725 ], [ 88.325627, 21.991371 ], [ 88.326477, 21.991332 ], [ 88.326954, 21.99131 ], [ 88.328281, 21.991131 ], [ 88.33024, 21.990539 ], [ 88.332551, 21.988907 ], [ 88.332581, 21.988885 ], [ 88.333833, 21.988387 ], [ 88.335273, 21.987814 ], [ 88.337435, 21.986981 ], [ 88.340042, 21.985851 ], [ 88.341696, 21.984782 ], [ 88.343412, 21.984187 ], [ 88.344581, 21.984659 ], [ 88.344871, 21.984776 ], [ 88.345088, 21.986061 ], [ 88.345122, 21.986256 ], [ 88.345244, 21.98827 ], [ 88.345623, 21.989099 ], [ 88.347147, 21.989273 ], [ 88.349878, 21.98915 ], [ 88.35299, 21.989262 ], [ 88.354766, 21.990325 ], [ 88.355398, 21.991331 ], [ 88.355904, 21.992455 ], [ 88.356535, 21.99429 ], [ 88.356912, 21.99577 ], [ 88.357545, 21.996835 ], [ 88.359892, 21.998371 ], [ 88.360525, 21.999258 ], [ 88.361285, 21.999967 ], [ 88.362363, 22.001031 ], [ 88.36433, 22.00162 ], [ 88.366265, 22.001192 ], [ 88.366456, 22.00115 ], [ 88.36613, 22.000821 ], [ 88.366035, 22.000402 ], [ 88.365305, 21.998679 ], [ 88.364894, 21.995152 ], [ 88.364545, 21.992314 ], [ 88.364371, 21.990077 ], [ 88.364958, 21.988113 ], [ 88.366162, 21.985997 ], [ 88.366304, 21.985958 ], [ 88.367289, 21.985684 ], [ 88.36897, 21.985686 ], [ 88.370482, 21.986235 ], [ 88.372174, 21.987341 ], [ 88.373689, 21.988236 ], [ 88.375049, 21.989448 ], [ 88.376781, 21.99043 ], [ 88.380209, 21.991849 ], [ 88.38162, 21.992552 ], [ 88.383534, 21.992816 ], [ 88.385285, 21.993683 ], [ 88.386929, 21.994451 ], [ 88.389323, 21.995886 ], [ 88.38996, 21.996603 ], [ 88.390716, 21.997453 ], [ 88.396115, 22.001847 ], [ 88.396677, 22.002004 ], [ 88.399149, 22.002713 ], [ 88.400497, 22.002635 ], [ 88.401904, 22.001738 ], [ 88.403694, 22.00036 ], [ 88.405811, 21.997991 ], [ 88.4072, 21.996067 ], [ 88.408136, 21.995238 ], [ 88.409019, 21.994454 ], [ 88.409396, 21.994038 ], [ 88.40987, 21.993515 ], [ 88.410849, 21.992151 ], [ 88.412115, 21.989901 ], [ 88.412342, 21.988519 ], [ 88.412398, 21.987236 ], [ 88.411964, 21.985239 ], [ 88.411094, 21.98419 ], [ 88.409643, 21.982768 ], [ 88.407085, 21.980687 ], [ 88.406637, 21.980046 ], [ 88.405654, 21.979156 ], [ 88.40345, 21.97627 ], [ 88.402169, 21.974476 ], [ 88.400105, 21.97267 ], [ 88.399094, 21.972467 ], [ 88.398991, 21.972446 ], [ 88.397001, 21.97148 ], [ 88.395409, 21.970811 ], [ 88.39342, 21.969622 ], [ 88.391987, 21.96925 ], [ 88.389599, 21.968249 ], [ 88.387566, 21.967667 ], [ 88.385616, 21.96724 ], [ 88.384247, 21.966813 ], [ 88.383169, 21.966077 ], [ 88.382464, 21.965071 ], [ 88.382188, 21.96458 ], [ 88.381635, 21.9636 ], [ 88.382372, 21.962007 ], [ 88.382815, 21.961712 ], [ 88.384081, 21.960651 ], [ 88.385284, 21.959885 ], [ 88.385727, 21.959177 ], [ 88.387436, 21.958352 ], [ 88.388321, 21.958057 ], [ 88.388336, 21.956102 ], [ 88.386952, 21.955162 ], [ 88.387254, 21.954537 ], [ 88.387519, 21.953988 ], [ 88.390476, 21.952265 ], [ 88.392456, 21.950981 ], [ 88.393404, 21.949697 ], [ 88.394352, 21.948654 ], [ 88.394517, 21.948335 ], [ 88.394935, 21.947528 ], [ 88.394866, 21.94423 ], [ 88.394002, 21.93924 ], [ 88.393596, 21.936895 ], [ 88.393666, 21.934106 ], [ 88.394699, 21.931974 ], [ 88.396652, 21.928526 ], [ 88.397258, 21.92719 ], [ 88.399834, 21.92527 ], [ 88.401472, 21.923933 ], [ 88.402906, 21.922422 ], [ 88.403758, 21.921003 ], [ 88.404531, 21.920033 ], [ 88.405109, 21.919125 ], [ 88.404243, 21.918081 ], [ 88.400961, 21.91643 ], [ 88.396885, 21.914058 ], [ 88.395993, 21.913433 ], [ 88.394587, 21.912448 ], [ 88.392446, 21.910545 ], [ 88.391801, 21.909705 ], [ 88.391056, 21.908735 ], [ 88.389618, 21.905994 ], [ 88.388582, 21.903951 ], [ 88.387605, 21.900887 ], [ 88.387111, 21.898756 ], [ 88.386861, 21.896532 ], [ 88.387071, 21.895479 ], [ 88.387616, 21.893568 ], [ 88.388412, 21.891111 ], [ 88.388967, 21.889982 ], [ 88.38951, 21.888881 ], [ 88.390177, 21.888233 ], [ 88.391373, 21.887072 ], [ 88.394089, 21.885626 ], [ 88.395652, 21.884559 ], [ 88.397421, 21.88365 ], [ 88.397585, 21.883566 ], [ 88.399317, 21.88338 ], [ 88.400783, 21.882262 ], [ 88.401982, 21.880896 ], [ 88.403315, 21.880088 ], [ 88.405514, 21.878411 ], [ 88.40638, 21.877666 ], [ 88.407207, 21.877663 ], [ 88.409382, 21.879307 ], [ 88.410319, 21.879854 ], [ 88.4119, 21.881113 ], [ 88.413892, 21.882317 ], [ 88.415064, 21.883301 ], [ 88.416235, 21.884286 ], [ 88.416926, 21.885128 ], [ 88.418511, 21.88706 ], [ 88.41936, 21.888599 ], [ 88.420158, 21.890417 ], [ 88.420208, 21.891816 ], [ 88.420207, 21.893775 ], [ 88.419906, 21.8955 ], [ 88.419905, 21.898623 ], [ 88.420504, 21.899416 ], [ 88.421253, 21.900582 ], [ 88.422202, 21.901422 ], [ 88.422598, 21.901479 ], [ 88.423501, 21.901609 ], [ 88.425151, 21.900957 ], [ 88.425801, 21.900491 ], [ 88.4272, 21.899326 ], [ 88.42925, 21.898254 ], [ 88.430749, 21.897555 ], [ 88.433348, 21.897323 ], [ 88.435046, 21.897976 ], [ 88.437403, 21.899954 ], [ 88.437878, 21.901204 ], [ 88.438267, 21.902252 ], [ 88.438439, 21.904025 ], [ 88.439389, 21.905235 ], [ 88.43952, 21.905256 ], [ 88.440901, 21.905477 ], [ 88.44237, 21.905074 ], [ 88.442596, 21.904894 ], [ 88.442975, 21.904591 ], [ 88.444358, 21.903785 ], [ 88.445783, 21.904229 ], [ 88.44682, 21.904793 ], [ 88.4479, 21.904834 ], [ 88.44998, 21.904846 ], [ 88.450767, 21.904494 ], [ 88.450957, 21.904258 ], [ 88.451806, 21.903202 ], [ 88.452618, 21.901663 ], [ 88.453722, 21.899335 ], [ 88.454539, 21.89759 ], [ 88.455642, 21.896157 ], [ 88.456698, 21.895128 ], [ 88.458755, 21.893705 ], [ 88.45961, 21.894042 ], [ 88.46076, 21.895116 ], [ 88.463179, 21.895588 ], [ 88.464372, 21.895032 ], [ 88.466161, 21.894794 ], [ 88.4691, 21.894714 ], [ 88.471571, 21.894357 ], [ 88.476026, 21.89354 ], [ 88.477003, 21.89358 ], [ 88.477556, 21.894798 ], [ 88.477597, 21.894887 ], [ 88.477597, 21.896353 ], [ 88.477639, 21.897778 ], [ 88.477681, 21.899125 ], [ 88.478063, 21.90067 ], [ 88.478821, 21.903611 ], [ 88.479336, 21.905022 ], [ 88.48014, 21.905984 ], [ 88.480752, 21.906434 ], [ 88.481847, 21.907576 ], [ 88.485031, 21.909476 ], [ 88.486664, 21.910238 ], [ 88.4885, 21.910999 ], [ 88.490261, 21.910944 ], [ 88.490948, 21.910923 ], [ 88.492213, 21.9102 ], [ 88.493708, 21.90924 ], [ 88.495818, 21.908524 ], [ 88.49649, 21.908077 ], [ 88.497641, 21.907406 ], [ 88.498408, 21.906779 ], [ 88.499798, 21.906287 ], [ 88.501285, 21.905482 ], [ 88.501812, 21.905258 ], [ 88.498084, 21.898696 ], [ 88.497339, 21.896878 ], [ 88.497287, 21.896752 ], [ 88.495744, 21.894457 ], [ 88.490998, 21.891507 ], [ 88.489638, 21.890806 ], [ 88.487211, 21.889555 ], [ 88.4853, 21.884719 ], [ 88.485016, 21.881449 ], [ 88.484988, 21.881131 ], [ 88.485041, 21.880126 ], [ 88.485269, 21.875835 ], [ 88.487745, 21.868013 ], [ 88.495868, 21.857522 ], [ 88.499591, 21.851694 ], [ 88.504023, 21.843216 ], [ 88.505604, 21.838321 ], [ 88.506744, 21.832692 ], [ 88.506608, 21.826771 ], [ 88.510484, 21.82104 ], [ 88.514536, 21.815419 ], [ 88.517765, 21.811272 ], [ 88.519196, 21.806486 ], [ 88.51913, 21.803073 ], [ 88.516397, 21.798699 ], [ 88.510253, 21.791027 ], [ 88.508528, 21.78894 ], [ 88.505371, 21.790516 ], [ 88.495711, 21.790516 ], [ 88.487597, 21.789745 ], [ 88.475618, 21.787043 ], [ 88.473781, 21.782584 ], [ 88.473535, 21.783436 ], [ 88.473217, 21.782393 ], [ 88.472638, 21.779809 ], [ 88.471245, 21.774643 ], [ 88.469986, 21.767093 ], [ 88.469455, 21.759874 ], [ 88.469221, 21.757612 ], [ 88.469095, 21.7564 ], [ 88.468531, 21.750948 ], [ 88.46796, 21.747854 ], [ 88.467715, 21.740689 ], [ 88.466784, 21.736019 ], [ 88.466051, 21.734245 ], [ 88.465037, 21.732732 ], [ 88.464418, 21.732054 ], [ 88.463091, 21.729308 ], [ 88.461345, 21.726856 ], [ 88.4587, 21.724196 ], [ 88.457967, 21.722474 ], [ 88.457624, 21.717879 ], [ 88.457337, 21.713911 ], [ 88.457317, 21.712995 ], [ 88.4569, 21.712045 ], [ 88.45696, 21.708867 ], [ 88.45779, 21.707975 ], [ 88.458161, 21.705493 ], [ 88.458256, 21.70515 ], [ 88.458497, 21.703737 ], [ 88.458894, 21.702245 ], [ 88.459, 21.701907 ], [ 88.459283, 21.701009 ], [ 88.459797, 21.699363 ], [ 88.459939, 21.698929 ], [ 88.460132, 21.698364 ], [ 88.460433, 21.697276 ], [ 88.462188, 21.692343 ], [ 88.46361, 21.689785 ], [ 88.464293, 21.688098 ], [ 88.464772, 21.687569 ], [ 88.464853, 21.687417 ], [ 88.465146, 21.686887 ], [ 88.465393, 21.686441 ], [ 88.465567, 21.686126 ], [ 88.465704, 21.685739 ], [ 88.465782, 21.685248 ], [ 88.465778, 21.685116 ], [ 88.465875, 21.683683 ], [ 88.466155, 21.682027 ], [ 88.466597, 21.680402 ], [ 88.466735, 21.67998 ], [ 88.466939, 21.679446 ], [ 88.466963, 21.679278 ], [ 88.467073, 21.678942 ], [ 88.467955, 21.676752 ], [ 88.468218, 21.676209 ], [ 88.46824, 21.676165 ], [ 88.468244, 21.676158 ], [ 88.468305, 21.676032 ], [ 88.469015, 21.674729 ], [ 88.46907, 21.67466 ], [ 88.469222, 21.674315 ], [ 88.46939, 21.673977 ], [ 88.469401, 21.673982 ], [ 88.469428, 21.673927 ], [ 88.469526, 21.6737 ], [ 88.469577, 21.673631 ], [ 88.469628, 21.673494 ], [ 88.469668, 21.673185 ], [ 88.469679, 21.67294 ], [ 88.469181, 21.67173 ], [ 88.469094, 21.671518 ], [ 88.469026, 21.671352 ], [ 88.468992, 21.671267 ], [ 88.468959, 21.671185 ], [ 88.468789, 21.670757 ], [ 88.468631, 21.670602 ], [ 88.467728, 21.669528 ], [ 88.466823, 21.668224 ], [ 88.466586, 21.668287 ], [ 88.466313, 21.668467 ], [ 88.466135, 21.668587 ], [ 88.465974, 21.668602 ], [ 88.465765, 21.668408 ], [ 88.465386, 21.668828 ], [ 88.465782, 21.671417 ], [ 88.465879, 21.672116 ], [ 88.46492, 21.672399 ], [ 88.464664, 21.6705 ], [ 88.464568, 21.668922 ], [ 88.464533, 21.667676 ], [ 88.464403, 21.66625 ], [ 88.464082, 21.665492 ], [ 88.463954, 21.665076 ], [ 88.463953, 21.664615 ], [ 88.463952, 21.664154 ], [ 88.463936, 21.663813 ], [ 88.464335, 21.663396 ], [ 88.464494, 21.662921 ], [ 88.464495, 21.662464 ], [ 88.464395, 21.662029 ], [ 88.464295, 21.661475 ], [ 88.464299, 21.661397 ], [ 88.464231, 21.661103 ], [ 88.46423, 21.661101 ], [ 88.463978, 21.658773 ], [ 88.463977, 21.658749 ], [ 88.463971, 21.658523 ], [ 88.463983, 21.658171 ], [ 88.46388, 21.657882 ], [ 88.463835, 21.657845 ], [ 88.463574, 21.657226 ], [ 88.463213, 21.656231 ], [ 88.463004, 21.656208 ], [ 88.462808, 21.656193 ], [ 88.462596, 21.656042 ], [ 88.46258, 21.655876 ], [ 88.462791, 21.655512 ], [ 88.462901, 21.655331 ], [ 88.462774, 21.654918 ], [ 88.462754, 21.654771 ], [ 88.46269, 21.654703 ], [ 88.462376, 21.654134 ], [ 88.462356, 21.654101 ], [ 88.462029, 21.654026 ], [ 88.461866, 21.653996 ], [ 88.461719, 21.653602 ], [ 88.461523, 21.653314 ], [ 88.461359, 21.652708 ], [ 88.461211, 21.652269 ], [ 88.46108, 21.651845 ], [ 88.460998, 21.651497 ], [ 88.460973, 21.651094 ], [ 88.460606, 21.650009 ], [ 88.460604, 21.650003 ], [ 88.460439, 21.649821 ], [ 88.460226, 21.64964 ], [ 88.459884, 21.649625 ], [ 88.459232, 21.649611 ], [ 88.458987, 21.649308 ], [ 88.458905, 21.648838 ], [ 88.458921, 21.648414 ], [ 88.459393, 21.647865 ], [ 88.459832, 21.647395 ], [ 88.459945, 21.64712 ], [ 88.459765, 21.646753 ], [ 88.459541, 21.646206 ], [ 88.459565, 21.646198 ], [ 88.459102, 21.64508 ], [ 88.459018, 21.644833 ], [ 88.458481, 21.642893 ], [ 88.458183, 21.640938 ], [ 88.458167, 21.640603 ], [ 88.458135, 21.640368 ], [ 88.458089, 21.640172 ], [ 88.458022, 21.640047 ], [ 88.457789, 21.639528 ], [ 88.457735, 21.639398 ], [ 88.457593, 21.639057 ], [ 88.457394, 21.638742 ], [ 88.457209, 21.63842 ], [ 88.457217, 21.638416 ], [ 88.456486, 21.637102 ], [ 88.456376, 21.636875 ], [ 88.456354, 21.636788 ], [ 88.456265, 21.636574 ], [ 88.45611, 21.636362 ], [ 88.456096, 21.636348 ], [ 88.455127, 21.634624 ], [ 88.454307, 21.632618 ], [ 88.454066, 21.631903 ], [ 88.454077, 21.631867 ], [ 88.454075, 21.631858 ], [ 88.454062, 21.63185 ], [ 88.454044, 21.63185 ], [ 88.453955, 21.631697 ], [ 88.453841, 21.631524 ], [ 88.453835, 21.631522 ], [ 88.453492, 21.631235 ], [ 88.453312, 21.631008 ], [ 88.45304, 21.630203 ], [ 88.452675, 21.629535 ], [ 88.452655, 21.629496 ], [ 88.451911, 21.627878 ], [ 88.451688, 21.627318 ], [ 88.451502, 21.626735 ], [ 88.451317, 21.626351 ], [ 88.45092, 21.626052 ], [ 88.450472, 21.62585 ], [ 88.449887, 21.625683 ], [ 88.44963, 21.625666 ], [ 88.449563, 21.625663 ], [ 88.448885, 21.625555 ], [ 88.448704, 21.625534 ], [ 88.448613, 21.625514 ], [ 88.448339, 21.625469 ], [ 88.448077, 21.625451 ], [ 88.447709, 21.625541 ], [ 88.447573, 21.625601 ], [ 88.446857, 21.62581 ], [ 88.446853, 21.625797 ], [ 88.445988, 21.626072 ], [ 88.445966, 21.626072 ], [ 88.445884, 21.626105 ], [ 88.445753, 21.626146 ], [ 88.445643, 21.626173 ], [ 88.443636, 21.626549 ], [ 88.443562, 21.626546 ], [ 88.443053, 21.626641 ], [ 88.442838, 21.626745 ], [ 88.442818, 21.626763 ], [ 88.441154, 21.627396 ], [ 88.440886, 21.627471 ], [ 88.440646, 21.627892 ], [ 88.440467, 21.628317 ], [ 88.440289, 21.628847 ], [ 88.439996, 21.629302 ], [ 88.43954, 21.629727 ], [ 88.438623, 21.631941 ], [ 88.438102, 21.632775 ], [ 88.437582, 21.63376 ], [ 88.436767, 21.634307 ], [ 88.436328, 21.635125 ], [ 88.435618, 21.635942 ], [ 88.434348, 21.637231 ], [ 88.431703, 21.640565 ], [ 88.430838, 21.64147 ], [ 88.430203, 21.642062 ], [ 88.429133, 21.643301 ], [ 88.427732, 21.644485 ], [ 88.425232, 21.646807 ], [ 88.425116, 21.647078 ], [ 88.424934, 21.647242 ], [ 88.422596, 21.649353 ], [ 88.421848, 21.650237 ], [ 88.418878, 21.648694 ], [ 88.415934, 21.646664 ], [ 88.416418, 21.646206 ], [ 88.41684, 21.645779 ], [ 88.417065, 21.645515 ], [ 88.417184, 21.645243 ], [ 88.417246, 21.644924 ], [ 88.417367, 21.644666 ], [ 88.417504, 21.644381 ], [ 88.417851, 21.644036 ], [ 88.418761, 21.643301 ], [ 88.419187, 21.642962 ], [ 88.419635, 21.642569 ], [ 88.420157, 21.642089 ], [ 88.420352, 21.641867 ], [ 88.4205, 21.641765 ], [ 88.420972, 21.641433 ], [ 88.421576, 21.640986 ], [ 88.422282, 21.640496 ], [ 88.42301, 21.640037 ], [ 88.423868, 21.639443 ], [ 88.424305, 21.639025 ], [ 88.424672, 21.638535 ], [ 88.425239, 21.637824 ], [ 88.425582, 21.637314 ], [ 88.425816, 21.63723 ], [ 88.426019, 21.637284 ], [ 88.426261, 21.637291 ], [ 88.426401, 21.637193 ], [ 88.42653, 21.637037 ], [ 88.426572, 21.636925 ], [ 88.426572, 21.636805 ], [ 88.426576, 21.636729 ], [ 88.426592, 21.636631 ], [ 88.426825, 21.636277 ], [ 88.426868, 21.636146 ], [ 88.426953, 21.635939 ], [ 88.427004, 21.63562 ], [ 88.427035, 21.635388 ], [ 88.42698, 21.635123 ], [ 88.426975, 21.634876 ], [ 88.426975, 21.634283 ], [ 88.427015, 21.633812 ], [ 88.427135, 21.633217 ], [ 88.427316, 21.632213 ], [ 88.427459, 21.631404 ], [ 88.427622, 21.630432 ], [ 88.427802, 21.629466 ], [ 88.427957, 21.628511 ], [ 88.428128, 21.628151 ], [ 88.428269, 21.627894 ], [ 88.428292, 21.627727 ], [ 88.428288, 21.627447 ], [ 88.428274, 21.627373 ], [ 88.426889, 21.62687 ], [ 88.425256, 21.626104 ], [ 88.423708, 21.625197 ], [ 88.422259, 21.624157 ], [ 88.421698, 21.62367 ], [ 88.42121, 21.62383 ], [ 88.420774, 21.623586 ], [ 88.419022, 21.622805 ], [ 88.418296, 21.622525 ], [ 88.417855, 21.622334 ], [ 88.417598, 21.622196 ], [ 88.417207, 21.622025 ], [ 88.416694, 21.621917 ], [ 88.416309, 21.621735 ], [ 88.415812, 21.621591 ], [ 88.415481, 21.621415 ], [ 88.415148, 21.621231 ], [ 88.41432, 21.620851 ], [ 88.413397, 21.620472 ], [ 88.413149, 21.620354 ], [ 88.412583, 21.61996 ], [ 88.411961, 21.619632 ], [ 88.411381, 21.619264 ], [ 88.410793, 21.618956 ], [ 88.410284, 21.618687 ], [ 88.409894, 21.618401 ], [ 88.409759, 21.618318 ], [ 88.408802, 21.617681 ], [ 88.407768, 21.617135 ], [ 88.405988, 21.615843 ], [ 88.405405, 21.614926 ], [ 88.403766, 21.612853 ], [ 88.402741, 21.611349 ], [ 88.402478, 21.610898 ], [ 88.402029, 21.609983 ], [ 88.401676, 21.609205 ], [ 88.401361, 21.608492 ], [ 88.40119, 21.60813 ], [ 88.401145, 21.60802 ], [ 88.401367, 21.607934 ], [ 88.40149, 21.607899 ], [ 88.40149, 21.607851 ], [ 88.40146, 21.60782 ], [ 88.401341, 21.607844 ], [ 88.40109, 21.607924 ], [ 88.401127, 21.607872 ], [ 88.400812, 21.607056 ], [ 88.400606, 21.60615 ], [ 88.400528, 21.605626 ], [ 88.400467, 21.605154 ], [ 88.400396, 21.604958 ], [ 88.40027, 21.604727 ], [ 88.399922, 21.604496 ], [ 88.399648, 21.604358 ], [ 88.399374, 21.604324 ], [ 88.39933, 21.604265 ], [ 88.399311, 21.604176 ], [ 88.399296, 21.604031 ], [ 88.399277, 21.603876 ], [ 88.399218, 21.60379 ], [ 88.3992, 21.603718 ], [ 88.399544, 21.603456 ], [ 88.399529, 21.603387 ], [ 88.39947, 21.603321 ], [ 88.399403, 21.603256 ], [ 88.399322, 21.603297 ], [ 88.398843, 21.603633 ], [ 88.398052, 21.604349 ], [ 88.39792, 21.604445 ], [ 88.396696, 21.605579 ], [ 88.395316, 21.606858 ], [ 88.395283, 21.606937 ], [ 88.394724, 21.607486 ], [ 88.393836, 21.608338 ], [ 88.393051, 21.608987 ], [ 88.392722, 21.609355 ], [ 88.392366, 21.609776 ], [ 88.391951, 21.610076 ], [ 88.391186, 21.61063 ], [ 88.391038, 21.610723 ], [ 88.390971, 21.610768 ], [ 88.390945, 21.61082 ], [ 88.390945, 21.610878 ], [ 88.390986, 21.610988 ], [ 88.391105, 21.611225 ], [ 88.39157, 21.612782 ], [ 88.392197, 21.614524 ], [ 88.39342, 21.617047 ], [ 88.394475, 21.619246 ], [ 88.394654, 21.619877 ], [ 88.39469, 21.620308 ], [ 88.394566, 21.621221 ], [ 88.394281, 21.622084 ], [ 88.393978, 21.622649 ], [ 88.393222, 21.623653 ], [ 88.392475, 21.624564 ], [ 88.390911, 21.626137 ], [ 88.389203, 21.627627 ], [ 88.387908, 21.628775 ], [ 88.386924, 21.629856 ], [ 88.386532, 21.631551 ], [ 88.385957, 21.633225 ], [ 88.385807, 21.633596 ], [ 88.385771, 21.633686 ], [ 88.385611, 21.634086 ], [ 88.385599, 21.634228 ], [ 88.385572, 21.63434 ], [ 88.385443, 21.635038 ], [ 88.38569, 21.635784 ], [ 88.385791, 21.636152 ], [ 88.385892, 21.63663 ], [ 88.385995, 21.636762 ], [ 88.386068, 21.636898 ], [ 88.386871, 21.638605 ], [ 88.387481, 21.640379 ], [ 88.387893, 21.642203 ], [ 88.388101, 21.644057 ], [ 88.388102, 21.645054 ], [ 88.388186, 21.645121 ], [ 88.388172, 21.646196 ], [ 88.388194, 21.647609 ], [ 88.38816, 21.647828 ], [ 88.388066, 21.647929 ], [ 88.388019, 21.648029 ], [ 88.388012, 21.648299 ], [ 88.388012, 21.648463 ], [ 88.388073, 21.648538 ], [ 88.387783, 21.649597 ], [ 88.38728, 21.65047 ], [ 88.387024, 21.651337 ], [ 88.386817, 21.652106 ], [ 88.386628, 21.652288 ], [ 88.386459, 21.652401 ], [ 88.386383, 21.652463 ], [ 88.386296, 21.65265 ], [ 88.386288, 21.65267 ], [ 88.38626, 21.652684 ], [ 88.386237, 21.652722 ], [ 88.386152, 21.652911 ], [ 88.385982, 21.653518 ], [ 88.385933, 21.653738 ], [ 88.385878, 21.653956 ], [ 88.38586, 21.653953 ], [ 88.385747, 21.654349 ], [ 88.385747, 21.654619 ], [ 88.385788, 21.654888 ], [ 88.385815, 21.655077 ], [ 88.385881, 21.655278 ], [ 88.385834, 21.655372 ], [ 88.385787, 21.65546 ], [ 88.385436, 21.655912 ], [ 88.384798, 21.657011 ], [ 88.384753, 21.657085 ], [ 88.38465, 21.657334 ], [ 88.383664, 21.659095 ], [ 88.383251, 21.659744 ], [ 88.383221, 21.659819 ], [ 88.382871, 21.660365 ], [ 88.382801, 21.660554 ], [ 88.382141, 21.662125 ], [ 88.381939, 21.662855 ] ] ] } }
]
}
