{
"type": "FeatureCollection",
"name": "s24p_land",
"crs": { "type": "name", "properties": { "name": "urn:ogc:def:crs:OGC:1.3:CRS84" } },
"xy_coordinate_resolution": 1e-05,
"features": [
{ "type": "Feature", "properties": { "district": "South 24 Parganas", "osm_relation": 9513027, "land_area_km2": 7415.9 }, "geometry": { "type": "MultiPolygon", "coordinates": [ [ [ [ 88.48433, 21.57159 ], [ 88.48601, 21.5784 ], [ 88.48609, 21.57961 ], [ 88.48567, 21.58241 ], [ 88.48571, 21.586 ], [ 88.48587, 21.5868 ], [ 88.49271, 21.59611 ], [ 88.49569, 21.59853 ], [ 88.4969, 21.59915 ], [ 88.49719, 21.59903 ], [ 88.4996, 21.59578 ], [ 88.50215, 21.59339 ], [ 88.50334, 21.59257 ], [ 88.50595, 21.59153 ], [ 88.50821, 21.59139 ], [ 88.50974, 21.59103 ], [ 88.51446, 21.58797 ], [ 88.51696, 21.58693 ], [ 88.52016, 21.58587 ], [ 88.52363, 21.58508 ], [ 88.5268, 21.58405 ], [ 88.52945, 21.58247 ], [ 88.53002, 21.5815 ], [ 88.53088, 21.58065 ], [ 88.53126, 21.57984 ], [ 88.5327, 21.57839 ], [ 88.53311, 21.57692 ], [ 88.53297, 21.57545 ], [ 88.53313, 21.57411 ], [ 88.53646, 21.56891 ], [ 88.53695, 21.56782 ], [ 88.53729, 21.56646 ], [ 88.53731, 21.56561 ], [ 88.53683, 21.56363 ], [ 88.53611, 21.56201 ], [ 88.53532, 21.56083 ], [ 88.53269, 21.55805 ], [ 88.53175, 21.55664 ], [ 88.53059, 21.55446 ], [ 88.52921, 21.55328 ], [ 88.52892, 21.55286 ], [ 88.52902, 21.55072 ], [ 88.52809, 21.5495 ], [ 88.51847, 21.54756 ], [ 88.51527, 21.5473 ], [ 88.50994, 21.54807 ], [ 88.50819, 21.54876 ], [ 88.50271, 21.5495 ], [ 88.50203, 21.54973 ], [ 88.5018, 21.55022 ], [ 88.49931, 21.55139 ], [ 88.49596, 21.5522 ], [ 88.49322, 21.55406 ], [ 88.49118, 21.55441 ], [ 88.48485, 21.55743 ], [ 88.48399, 21.55808 ], [ 88.48314, 21.55924 ], [ 88.48264, 21.56124 ], [ 88.48266, 21.5642 ], [ 88.48282, 21.56616 ], [ 88.48321, 21.56803 ], [ 88.48433, 21.57159 ] ] ], [ [ [ 88.17585, 21.57419 ], [ 88.17491, 21.57631 ], [ 88.17473, 21.5774 ], [ 88.17478, 21.57886 ], [ 88.17539, 21.58122 ], [ 88.1751, 21.58229 ], [ 88.17298, 21.58584 ], [ 88.17272, 21.58665 ], [ 88.17213, 21.58733 ], [ 88.17082, 21.59039 ], [ 88.17075, 21.59098 ], [ 88.17081, 21.59172 ], [ 88.17222, 21.59393 ], [ 88.17334, 21.59531 ], [ 88.1746, 21.5963 ], [ 88.17653, 21.59719 ], [ 88.17742, 21.59704 ], [ 88.18031, 21.59613 ], [ 88.18153, 21.59605 ], [ 88.18254, 21.59548 ], [ 88.18377, 21.59367 ], [ 88.18443, 21.59231 ], [ 88.18461, 21.59169 ], [ 88.18442, 21.59125 ], [ 88.18373, 21.59079 ], [ 88.18354, 21.59029 ], [ 88.18377, 21.5899 ], [ 88.184, 21.58831 ], [ 88.18469, 21.58565 ], [ 88.18664, 21.58315 ], [ 88.18688, 21.58241 ], [ 88.18687, 21.58151 ], [ 88.18722, 21.57916 ], [ 88.18764, 21.57794 ], [ 88.1889, 21.57638 ], [ 88.19309, 21.57304 ], [ 88.19298, 21.57276 ], [ 88.19208, 21.57208 ], [ 88.18911, 21.57041 ], [ 88.18785, 21.57015 ], [ 88.18712, 21.56982 ], [ 88.18541, 21.56937 ], [ 88.18449, 21.56883 ], [ 88.18339, 21.56863 ], [ 88.18204, 21.56915 ], [ 88.1808, 21.57085 ], [ 88.17949, 21.57218 ], [ 88.17864, 21.5722 ], [ 88.17681, 21.57296 ], [ 88.17585, 21.57419 ] ] ], [ [ [ 88.30622, 21.6138 ], [ 88.30623, 21.61497 ], [ 88.30658, 21.61528 ], [ 88.30702, 21.61523 ], [ 88.30621, 21.61758 ], [ 88.30634, 21.61956 ], [ 88.3063, 21.6231 ], [ 88.3059, 21.62857 ], [ 88.30603, 21.63154 ], [ 88.30684, 21.63508 ], [ 88.30794, 21.63817 ], [ 88.31191, 21.6471 ], [ 88.31361, 21.65025 ], [ 88.3143, 21.65213 ], [ 88.31466, 21.65447 ], [ 88.31571, 21.65809 ], [ 88.31607, 21.66053 ], [ 88.31652, 21.6618 ], [ 88.31668, 21.66291 ], [ 88.31709, 21.6642 ], [ 88.31707, 21.66583 ], [ 88.31726, 21.66672 ], [ 88.31688, 21.66935 ], [ 88.31708, 21.67196 ], [ 88.31679, 21.67385 ], [ 88.31623, 21.67592 ], [ 88.31601, 21.67807 ], [ 88.31542, 21.68022 ], [ 88.31511, 21.68209 ], [ 88.31315, 21.68666 ], [ 88.30983, 21.69176 ], [ 88.3079, 21.69426 ], [ 88.30359, 21.69934 ], [ 88.3013, 21.7016 ], [ 88.30047, 21.70219 ], [ 88.30007, 21.70262 ], [ 88.29989, 21.70309 ], [ 88.30034, 21.70469 ], [ 88.30097, 21.70571 ], [ 88.30307, 21.70726 ], [ 88.3037, 21.70748 ], [ 88.30782, 21.70641 ], [ 88.31071, 21.70593 ], [ 88.31509, 21.70553 ], [ 88.31797, 21.70572 ], [ 88.32251, 21.70663 ], [ 88.32477, 21.70728 ], [ 88.32652, 21.70752 ], [ 88.32738, 21.70746 ], [ 88.32808, 21.70729 ], [ 88.32914, 21.70674 ], [ 88.33016, 21.70581 ], [ 88.33049, 21.70514 ], [ 88.33337, 21.7023 ], [ 88.34204, 21.69263 ], [ 88.34341, 21.69072 ], [ 88.34471, 21.68809 ], [ 88.34474, 21.68764 ], [ 88.34505, 21.68705 ], [ 88.34492, 21.68656 ], [ 88.34558, 21.68539 ], [ 88.3456, 21.685 ], [ 88.34534, 21.68452 ], [ 88.34589, 21.68379 ], [ 88.34633, 21.68347 ], [ 88.34666, 21.68283 ], [ 88.34744, 21.68227 ], [ 88.34811, 21.68118 ], [ 88.34863, 21.67834 ], [ 88.34853, 21.67681 ], [ 88.34894, 21.67632 ], [ 88.34899, 21.67583 ], [ 88.34855, 21.6752 ], [ 88.34831, 21.67424 ], [ 88.34711, 21.67425 ], [ 88.3465, 21.67364 ], [ 88.34605, 21.67292 ], [ 88.34534, 21.67235 ], [ 88.34535, 21.67102 ], [ 88.34496, 21.67067 ], [ 88.34455, 21.67057 ], [ 88.34471, 21.66947 ], [ 88.34463, 21.669 ], [ 88.34409, 21.66811 ], [ 88.34355, 21.66487 ], [ 88.34368, 21.66417 ], [ 88.3439, 21.66388 ], [ 88.34614, 21.6623 ], [ 88.34642, 21.66195 ], [ 88.34643, 21.66076 ], [ 88.34671, 21.65937 ], [ 88.34668, 21.65775 ], [ 88.34713, 21.65699 ], [ 88.34738, 21.65549 ], [ 88.34733, 21.65475 ], [ 88.34669, 21.65389 ], [ 88.34638, 21.65287 ], [ 88.3458, 21.6522 ], [ 88.34585, 21.65193 ], [ 88.34661, 21.65145 ], [ 88.34621, 21.65023 ], [ 88.34629, 21.64935 ], [ 88.34609, 21.64643 ], [ 88.34692, 21.64197 ], [ 88.34772, 21.63865 ], [ 88.34787, 21.63744 ], [ 88.34771, 21.63567 ], [ 88.34649, 21.63274 ], [ 88.34623, 21.63046 ], [ 88.34532, 21.6289 ], [ 88.3445, 21.62811 ], [ 88.34354, 21.62745 ], [ 88.34025, 21.626 ], [ 88.33792, 21.62403 ], [ 88.33712, 21.62278 ], [ 88.3362, 21.62196 ], [ 88.33438, 21.62073 ], [ 88.33067, 21.61859 ], [ 88.32997, 21.61806 ], [ 88.32863, 21.61659 ], [ 88.31912, 21.61118 ], [ 88.31808, 21.6096 ], [ 88.31637, 21.60857 ], [ 88.3149, 21.60812 ], [ 88.31255, 21.60815 ], [ 88.31164, 21.60848 ], [ 88.31086, 21.60889 ], [ 88.30959, 21.61013 ], [ 88.30823, 21.61183 ], [ 88.30643, 21.61344 ], [ 88.30622, 21.6138 ] ] ], [ [ [ 88.20405, 21.61043 ], [ 88.20321, 21.61274 ], [ 88.20193, 21.61857 ], [ 88.20125, 21.62083 ], [ 88.19869, 21.62831 ], [ 88.1977, 21.63174 ], [ 88.19733, 21.63192 ], [ 88.19685, 21.63377 ], [ 88.19704, 21.63372 ], [ 88.19708, 21.6341 ], [ 88.19617, 21.63772 ], [ 88.19572, 21.6414 ], [ 88.19535, 21.64177 ], [ 88.19529, 21.64316 ], [ 88.19468, 21.64549 ], [ 88.19397, 21.64722 ], [ 88.19351, 21.64917 ], [ 88.18971, 21.65701 ], [ 88.1888, 21.66058 ], [ 88.18829, 21.66372 ], [ 88.18743, 21.66691 ], [ 88.18629, 21.66893 ], [ 88.18607, 21.66999 ], [ 88.18531, 21.67113 ], [ 88.18428, 21.6732 ], [ 88.18304, 21.67704 ], [ 88.18325, 21.68182 ], [ 88.18231, 21.68639 ], [ 88.18254, 21.68679 ], [ 88.1868, 21.6907 ], [ 88.18902, 21.69326 ], [ 88.18947, 21.69398 ], [ 88.19085, 21.69747 ], [ 88.19257, 21.69983 ], [ 88.19376, 21.70097 ], [ 88.19683, 21.70335 ], [ 88.19782, 21.70372 ], [ 88.19942, 21.70466 ], [ 88.20272, 21.7059 ], [ 88.20394, 21.70651 ], [ 88.20564, 21.70764 ], [ 88.20675, 21.70857 ], [ 88.20766, 21.70962 ], [ 88.20868, 21.7126 ], [ 88.20901, 21.71315 ], [ 88.20994, 21.71214 ], [ 88.21135, 21.71121 ], [ 88.21189, 21.71056 ], [ 88.2128, 21.7073 ], [ 88.21306, 21.70658 ], [ 88.21351, 21.70596 ], [ 88.21368, 21.70458 ], [ 88.21346, 21.7037 ], [ 88.2134, 21.70218 ], [ 88.21385, 21.7021 ], [ 88.21416, 21.70077 ], [ 88.21412, 21.69963 ], [ 88.21316, 21.69916 ], [ 88.21015, 21.69876 ], [ 88.20895, 21.69843 ], [ 88.20753, 21.69851 ], [ 88.20605, 21.69833 ], [ 88.2047, 21.69786 ], [ 88.2037, 21.69776 ], [ 88.20255, 21.69725 ], [ 88.20021, 21.6966 ], [ 88.19963, 21.6963 ], [ 88.19782, 21.69459 ], [ 88.19768, 21.69426 ], [ 88.19571, 21.69207 ], [ 88.19499, 21.69157 ], [ 88.19469, 21.69109 ], [ 88.19456, 21.69024 ], [ 88.19397, 21.68941 ], [ 88.19373, 21.68816 ], [ 88.19375, 21.68678 ], [ 88.1945, 21.68379 ], [ 88.19537, 21.68161 ], [ 88.19608, 21.68036 ], [ 88.19691, 21.6778 ], [ 88.19793, 21.67594 ], [ 88.19909, 21.67498 ], [ 88.20004, 21.67451 ], [ 88.20149, 21.67341 ], [ 88.20222, 21.67316 ], [ 88.20386, 21.67212 ], [ 88.2083, 21.67107 ], [ 88.21037, 21.67018 ], [ 88.21431, 21.66943 ], [ 88.21687, 21.66929 ], [ 88.22066, 21.66984 ], [ 88.22268, 21.66996 ], [ 88.22407, 21.66982 ], [ 88.22519, 21.67004 ], [ 88.22617, 21.66987 ], [ 88.22638, 21.66969 ], [ 88.22638, 21.66661 ], [ 88.22671, 21.66566 ], [ 88.22671, 21.66519 ], [ 88.22629, 21.66248 ], [ 88.22584, 21.66244 ], [ 88.22575, 21.66144 ], [ 88.22583, 21.66133 ], [ 88.22626, 21.66133 ], [ 88.22635, 21.66116 ], [ 88.22639, 21.65828 ], [ 88.22579, 21.65763 ], [ 88.22577, 21.65743 ], [ 88.22616, 21.65648 ], [ 88.2264, 21.65504 ], [ 88.22672, 21.65424 ], [ 88.22776, 21.65326 ], [ 88.22937, 21.64915 ], [ 88.23086, 21.64646 ], [ 88.23152, 21.64291 ], [ 88.23036, 21.64126 ], [ 88.2286, 21.63955 ], [ 88.22755, 21.63942 ], [ 88.22721, 21.6381 ], [ 88.22454, 21.6359 ], [ 88.22243, 21.63346 ], [ 88.22108, 21.63271 ], [ 88.22033, 21.63207 ], [ 88.21954, 21.63086 ], [ 88.21523, 21.62746 ], [ 88.21363, 21.62591 ], [ 88.21336, 21.62545 ], [ 88.21293, 21.62532 ], [ 88.2118, 21.6235 ], [ 88.21021, 21.62006 ], [ 88.20964, 21.61962 ], [ 88.20845, 21.61766 ], [ 88.20829, 21.61637 ], [ 88.2084, 21.61441 ], [ 88.20712, 21.61418 ], [ 88.20892, 21.60947 ], [ 88.20903, 21.60846 ], [ 88.20968, 21.60745 ], [ 88.21009, 21.6071 ], [ 88.21011, 21.60684 ], [ 88.20934, 21.60686 ], [ 88.20853, 21.60708 ], [ 88.20641, 21.60794 ], [ 88.20489, 21.60896 ], [ 88.20405, 21.61043 ] ] ], [ [ [ 88.30267, 21.5816 ], [ 88.30135, 21.57923 ], [ 88.30138, 21.57815 ], [ 88.30121, 21.57702 ], [ 88.30066, 21.57587 ], [ 88.29968, 21.57412 ], [ 88.29571, 21.56866 ], [ 88.29335, 21.56614 ], [ 88.29225, 21.56541 ], [ 88.2898, 21.56415 ], [ 88.28707, 21.56305 ], [ 88.28423, 21.56134 ], [ 88.28133, 21.56037 ], [ 88.28015, 21.56024 ], [ 88.27921, 21.55981 ], [ 88.27756, 21.55943 ], [ 88.27481, 21.55904 ], [ 88.27228, 21.55895 ], [ 88.26969, 21.55902 ], [ 88.26847, 21.55892 ], [ 88.26608, 21.55914 ], [ 88.26454, 21.55913 ], [ 88.26286, 21.55964 ], [ 88.25711, 21.56078 ], [ 88.25592, 21.56142 ], [ 88.25207, 21.56293 ], [ 88.25005, 21.56401 ], [ 88.24787, 21.56556 ], [ 88.2454, 21.56768 ], [ 88.24439, 21.56839 ], [ 88.24396, 21.56841 ], [ 88.2433, 21.56931 ], [ 88.24331, 21.57021 ], [ 88.24304, 21.57122 ], [ 88.24284, 21.57149 ], [ 88.24197, 21.57215 ], [ 88.24086, 21.57266 ], [ 88.23952, 21.57379 ], [ 88.2389, 21.57452 ], [ 88.23863, 21.57509 ], [ 88.2383, 21.57602 ], [ 88.2382, 21.57795 ], [ 88.23831, 21.57818 ], [ 88.23919, 21.57858 ], [ 88.24015, 21.57927 ], [ 88.23981, 21.58002 ], [ 88.23982, 21.58064 ], [ 88.24092, 21.58133 ], [ 88.24494, 21.58245 ], [ 88.24556, 21.58305 ], [ 88.24621, 21.5834 ], [ 88.24754, 21.58505 ], [ 88.24754, 21.5865 ], [ 88.24777, 21.58748 ], [ 88.24747, 21.5896 ], [ 88.24691, 21.59186 ], [ 88.24723, 21.59265 ], [ 88.247, 21.59318 ], [ 88.24691, 21.59448 ], [ 88.24449, 21.59865 ], [ 88.24339, 21.60128 ], [ 88.24064, 21.60551 ], [ 88.24048, 21.60628 ], [ 88.23982, 21.60707 ], [ 88.23928, 21.60726 ], [ 88.23735, 21.60721 ], [ 88.23577, 21.60682 ], [ 88.23431, 21.60858 ], [ 88.23185, 21.61043 ], [ 88.23154, 21.61031 ], [ 88.22993, 21.61058 ], [ 88.22498, 21.61215 ], [ 88.21968, 21.61492 ], [ 88.21935, 21.61538 ], [ 88.21948, 21.61564 ], [ 88.21902, 21.61731 ], [ 88.21924, 21.61978 ], [ 88.22027, 21.62201 ], [ 88.22185, 21.62347 ], [ 88.22312, 21.62534 ], [ 88.22764, 21.62869 ], [ 88.2296, 21.62956 ], [ 88.2299, 21.63004 ], [ 88.23209, 21.63186 ], [ 88.2331, 21.63291 ], [ 88.23492, 21.63541 ], [ 88.23589, 21.63824 ], [ 88.23622, 21.64092 ], [ 88.23717, 21.64416 ], [ 88.23631, 21.64894 ], [ 88.2355, 21.65131 ], [ 88.23515, 21.65195 ], [ 88.2326, 21.65484 ], [ 88.23207, 21.65627 ], [ 88.23201, 21.65694 ], [ 88.23217, 21.65928 ], [ 88.23252, 21.65962 ], [ 88.2331, 21.66212 ], [ 88.23327, 21.66465 ], [ 88.23401, 21.66487 ], [ 88.23373, 21.66505 ], [ 88.23382, 21.669 ], [ 88.23353, 21.66913 ], [ 88.23345, 21.66943 ], [ 88.2314, 21.67227 ], [ 88.23087, 21.67258 ], [ 88.23, 21.67368 ], [ 88.22851, 21.6747 ], [ 88.22576, 21.6758 ], [ 88.22387, 21.67623 ], [ 88.22189, 21.67637 ], [ 88.22004, 21.67629 ], [ 88.21501, 21.67521 ], [ 88.21001, 21.67567 ], [ 88.20855, 21.67603 ], [ 88.20722, 21.67797 ], [ 88.20676, 21.67806 ], [ 88.20658, 21.67824 ], [ 88.2058, 21.67782 ], [ 88.20448, 21.67665 ], [ 88.20448, 21.67686 ], [ 88.20517, 21.67744 ], [ 88.20383, 21.67891 ], [ 88.2014, 21.68211 ], [ 88.2031, 21.68287 ], [ 88.20245, 21.68415 ], [ 88.20195, 21.68404 ], [ 88.20173, 21.68432 ], [ 88.20008, 21.68942 ], [ 88.20037, 21.68996 ], [ 88.20104, 21.68975 ], [ 88.20213, 21.69074 ], [ 88.20365, 21.69111 ], [ 88.20398, 21.69103 ], [ 88.20409, 21.69085 ], [ 88.20388, 21.69038 ], [ 88.20448, 21.69003 ], [ 88.20542, 21.6907 ], [ 88.20508, 21.69119 ], [ 88.20575, 21.69163 ], [ 88.20624, 21.69174 ], [ 88.20668, 21.69121 ], [ 88.20898, 21.69168 ], [ 88.20985, 21.692 ], [ 88.20982, 21.69238 ], [ 88.2102, 21.69247 ], [ 88.21035, 21.69212 ], [ 88.21206, 21.69292 ], [ 88.21244, 21.69327 ], [ 88.21361, 21.69363 ], [ 88.21594, 21.69552 ], [ 88.21795, 21.69682 ], [ 88.21859, 21.69766 ], [ 88.2203, 21.69885 ], [ 88.2209, 21.69994 ], [ 88.22162, 21.7008 ], [ 88.22171, 21.70149 ], [ 88.222, 21.70182 ], [ 88.22207, 21.70315 ], [ 88.22122, 21.70641 ], [ 88.22102, 21.7078 ], [ 88.21994, 21.70977 ], [ 88.21872, 21.71132 ], [ 88.2185, 21.71199 ], [ 88.21771, 21.71238 ], [ 88.21637, 21.71368 ], [ 88.21405, 21.71684 ], [ 88.21262, 21.71961 ], [ 88.21211, 21.72156 ], [ 88.21243, 21.72197 ], [ 88.21203, 21.72345 ], [ 88.21205, 21.72586 ], [ 88.21285, 21.73012 ], [ 88.21358, 21.73303 ], [ 88.21371, 21.73448 ], [ 88.21498, 21.74082 ], [ 88.2155, 21.74166 ], [ 88.21582, 21.7495 ], [ 88.21574, 21.75092 ], [ 88.21611, 21.75314 ], [ 88.21649, 21.7551 ], [ 88.21723, 21.75731 ], [ 88.21929, 21.76142 ], [ 88.22023, 21.76169 ], [ 88.22128, 21.76168 ], [ 88.22428, 21.76112 ], [ 88.2257, 21.76129 ], [ 88.22582, 21.76167 ], [ 88.22974, 21.76173 ], [ 88.23084, 21.76149 ], [ 88.23505, 21.75965 ], [ 88.23654, 21.75922 ], [ 88.23748, 21.75915 ], [ 88.23761, 21.75884 ], [ 88.24314, 21.75767 ], [ 88.24592, 21.75731 ], [ 88.25293, 21.75582 ], [ 88.25577, 21.75552 ], [ 88.26324, 21.75539 ], [ 88.2698, 21.75506 ], [ 88.27169, 21.75466 ], [ 88.27262, 21.75416 ], [ 88.27275, 21.75388 ], [ 88.27271, 21.75282 ], [ 88.27228, 21.75173 ], [ 88.26956, 21.74682 ], [ 88.26819, 21.74361 ], [ 88.26645, 21.74097 ], [ 88.26541, 21.73974 ], [ 88.2647, 21.73848 ], [ 88.26476, 21.73819 ], [ 88.26448, 21.73813 ], [ 88.26392, 21.73737 ], [ 88.26205, 21.73561 ], [ 88.26195, 21.73521 ], [ 88.26092, 21.73398 ], [ 88.26024, 21.73135 ], [ 88.26041, 21.7303 ], [ 88.26087, 21.73015 ], [ 88.26165, 21.7291 ], [ 88.2626, 21.72843 ], [ 88.26521, 21.72784 ], [ 88.26678, 21.72777 ], [ 88.26799, 21.72726 ], [ 88.26825, 21.72774 ], [ 88.26837, 21.72751 ], [ 88.2691, 21.72742 ], [ 88.26957, 21.72716 ], [ 88.27066, 21.72709 ], [ 88.27086, 21.72682 ], [ 88.27126, 21.72708 ], [ 88.27395, 21.72702 ], [ 88.27451, 21.72683 ], [ 88.27511, 21.72589 ], [ 88.27559, 21.72569 ], [ 88.27636, 21.72338 ], [ 88.2763, 21.72238 ], [ 88.27688, 21.72079 ], [ 88.27716, 21.71942 ], [ 88.28024, 21.71169 ], [ 88.28036, 21.7109 ], [ 88.28018, 21.70976 ], [ 88.28134, 21.70968 ], [ 88.28148, 21.7072 ], [ 88.28286, 21.70638 ], [ 88.28398, 21.7062 ], [ 88.28481, 21.70629 ], [ 88.28381, 21.70614 ], [ 88.28381, 21.70604 ], [ 88.28788, 21.70006 ], [ 88.28828, 21.69965 ], [ 88.28865, 21.69965 ], [ 88.28979, 21.69828 ], [ 88.29106, 21.69719 ], [ 88.29328, 21.69367 ], [ 88.29489, 21.6924 ], [ 88.29564, 21.69209 ], [ 88.29656, 21.69204 ], [ 88.29686, 21.69152 ], [ 88.29709, 21.6895 ], [ 88.29791, 21.68949 ], [ 88.29896, 21.68871 ], [ 88.29924, 21.68776 ], [ 88.29905, 21.68645 ], [ 88.30051, 21.68504 ], [ 88.30147, 21.68376 ], [ 88.30264, 21.68088 ], [ 88.30329, 21.67988 ], [ 88.30322, 21.67949 ], [ 88.30202, 21.67905 ], [ 88.30174, 21.67828 ], [ 88.30281, 21.67391 ], [ 88.30342, 21.67056 ], [ 88.30309, 21.66612 ], [ 88.30353, 21.66591 ], [ 88.30345, 21.66563 ], [ 88.30304, 21.66553 ], [ 88.30247, 21.66335 ], [ 88.30242, 21.6622 ], [ 88.3029, 21.66212 ], [ 88.30304, 21.66163 ], [ 88.30277, 21.66126 ], [ 88.30221, 21.65832 ], [ 88.30171, 21.65824 ], [ 88.30069, 21.65503 ], [ 88.30037, 21.65495 ], [ 88.30014, 21.6544 ], [ 88.29952, 21.65229 ], [ 88.29922, 21.65005 ], [ 88.29927, 21.64944 ], [ 88.29879, 21.64798 ], [ 88.29789, 21.64595 ], [ 88.29629, 21.64302 ], [ 88.29471, 21.63923 ], [ 88.2937, 21.63764 ], [ 88.29241, 21.63502 ], [ 88.29181, 21.6346 ], [ 88.29017, 21.6294 ], [ 88.28899, 21.62746 ], [ 88.28774, 21.62418 ], [ 88.28739, 21.62415 ], [ 88.28657, 21.62442 ], [ 88.28602, 21.6239 ], [ 88.2861, 21.62374 ], [ 88.28656, 21.62383 ], [ 88.28679, 21.62343 ], [ 88.28741, 21.623 ], [ 88.28682, 21.62207 ], [ 88.28649, 21.62068 ], [ 88.2868, 21.62049 ], [ 88.28683, 21.61988 ], [ 88.28776, 21.61959 ], [ 88.28847, 21.61716 ], [ 88.28816, 21.615 ], [ 88.28708, 21.61136 ], [ 88.28677, 21.60871 ], [ 88.28581, 21.60443 ], [ 88.28579, 21.60259 ], [ 88.28589, 21.59933 ], [ 88.28671, 21.59463 ], [ 88.29629, 21.59044 ], [ 88.29801, 21.59019 ], [ 88.30077, 21.58947 ], [ 88.30105, 21.58926 ], [ 88.30212, 21.58808 ], [ 88.30288, 21.58752 ], [ 88.30273, 21.58446 ], [ 88.30234, 21.58343 ], [ 88.30292, 21.58233 ], [ 88.30267, 21.5816 ] ] ], [ [ [ 88.46797, 21.67017 ], [ 88.46677, 21.66884 ], [ 88.46646, 21.66877 ], [ 88.46591, 21.6693 ], [ 88.46559, 21.66924 ], [ 88.46576, 21.67116 ], [ 88.46639, 21.6744 ], [ 88.46734, 21.67691 ], [ 88.46744, 21.67765 ], [ 88.46907, 21.67466 ], [ 88.46967, 21.67318 ], [ 88.46879, 21.67076 ], [ 88.46824, 21.67022 ], [ 88.46797, 21.67017 ] ] ], [ [ [ 88.40029, 21.74908 ], [ 88.39975, 21.74896 ], [ 88.39972, 21.748 ], [ 88.39987, 21.7474 ], [ 88.39892, 21.74577 ], [ 88.39873, 21.74344 ], [ 88.39983, 21.74035 ], [ 88.40057, 21.739 ], [ 88.40037, 21.7386 ], [ 88.40042, 21.73817 ], [ 88.40096, 21.73804 ], [ 88.40127, 21.7372 ], [ 88.4024, 21.73588 ], [ 88.40289, 21.73559 ], [ 88.40448, 21.73526 ], [ 88.4045, 21.73467 ], [ 88.40478, 21.73465 ], [ 88.40487, 21.73522 ], [ 88.40617, 21.73516 ], [ 88.40757, 21.73431 ], [ 88.40914, 21.73315 ], [ 88.41033, 21.73192 ], [ 88.41152, 21.73028 ], [ 88.41206, 21.72898 ], [ 88.41258, 21.72868 ], [ 88.41343, 21.7289 ], [ 88.41361, 21.72881 ], [ 88.41366, 21.72864 ], [ 88.41289, 21.72838 ], [ 88.41286, 21.72818 ], [ 88.41408, 21.72731 ], [ 88.41515, 21.72597 ], [ 88.41518, 21.72571 ], [ 88.41461, 21.72438 ], [ 88.41498, 21.72408 ], [ 88.41544, 21.72436 ], [ 88.41577, 21.72406 ], [ 88.4154, 21.72364 ], [ 88.41615, 21.72252 ], [ 88.41756, 21.72293 ], [ 88.41879, 21.72105 ], [ 88.4197, 21.72016 ], [ 88.42071, 21.71882 ], [ 88.4227, 21.71385 ], [ 88.42324, 21.71109 ], [ 88.42379, 21.7101 ], [ 88.42416, 21.70867 ], [ 88.42677, 21.70426 ], [ 88.42777, 21.70311 ], [ 88.42793, 21.7023 ], [ 88.42819, 21.70224 ], [ 88.4278, 21.70201 ], [ 88.42758, 21.70119 ], [ 88.42596, 21.7013 ], [ 88.42487, 21.70108 ], [ 88.42421, 21.70109 ], [ 88.42293, 21.70073 ], [ 88.42138, 21.69984 ], [ 88.41868, 21.69979 ], [ 88.415, 21.69729 ], [ 88.41415, 21.69843 ], [ 88.41329, 21.69854 ], [ 88.41277, 21.69839 ], [ 88.41248, 21.69801 ], [ 88.41249, 21.69777 ], [ 88.41403, 21.69731 ], [ 88.41429, 21.69449 ], [ 88.41452, 21.69442 ], [ 88.41455, 21.69425 ], [ 88.4143, 21.69407 ], [ 88.41429, 21.69361 ], [ 88.41328, 21.69334 ], [ 88.41274, 21.69124 ], [ 88.41226, 21.69076 ], [ 88.41201, 21.68996 ], [ 88.41149, 21.68678 ], [ 88.41108, 21.68619 ], [ 88.4106, 21.68599 ], [ 88.41109, 21.6847 ], [ 88.41091, 21.68227 ], [ 88.411, 21.68209 ], [ 88.41055, 21.68088 ], [ 88.41062, 21.68031 ], [ 88.41027, 21.68017 ], [ 88.40988, 21.67919 ], [ 88.41003, 21.67901 ], [ 88.41073, 21.67918 ], [ 88.41119, 21.67878 ], [ 88.4113, 21.67793 ], [ 88.4112, 21.67771 ], [ 88.41164, 21.67526 ], [ 88.41191, 21.67411 ], [ 88.41239, 21.67364 ], [ 88.41259, 21.67249 ], [ 88.41248, 21.67046 ], [ 88.41152, 21.66809 ], [ 88.41147, 21.66757 ], [ 88.41125, 21.66726 ], [ 88.41043, 21.66726 ], [ 88.4104, 21.66713 ], [ 88.41062, 21.66682 ], [ 88.41054, 21.66648 ], [ 88.41073, 21.66634 ], [ 88.41053, 21.66627 ], [ 88.41042, 21.6658 ], [ 88.41091, 21.6656 ], [ 88.41075, 21.66444 ], [ 88.41086, 21.66422 ], [ 88.41069, 21.6641 ], [ 88.41054, 21.6632 ], [ 88.41048, 21.66107 ], [ 88.41078, 21.65678 ], [ 88.41164, 21.65269 ], [ 88.4125, 21.65154 ], [ 88.41309, 21.65014 ], [ 88.41426, 21.64889 ], [ 88.41598, 21.64663 ], [ 88.41694, 21.64566 ], [ 88.41743, 21.64454 ], [ 88.41781, 21.64409 ], [ 88.42034, 21.64188 ], [ 88.42404, 21.6393 ], [ 88.42551, 21.63743 ], [ 88.42548, 21.63707 ], [ 88.42588, 21.63721 ], [ 88.42624, 21.63702 ], [ 88.42689, 21.63598 ], [ 88.42703, 21.63447 ], [ 88.42751, 21.63348 ], [ 88.42764, 21.63059 ], [ 88.42791, 21.62868 ], [ 88.42755, 21.62816 ], [ 88.42692, 21.62772 ], [ 88.4264, 21.62708 ], [ 88.42511, 21.62639 ], [ 88.42429, 21.62564 ], [ 88.42381, 21.62544 ], [ 88.42197, 21.62418 ], [ 88.42128, 21.6236 ], [ 88.42044, 21.6225 ], [ 88.41948, 21.62183 ], [ 88.41727, 21.62071 ], [ 88.41001, 21.61818 ], [ 88.40871, 21.6175 ], [ 88.40747, 21.61664 ], [ 88.40488, 21.61451 ], [ 88.40357, 21.61307 ], [ 88.40306, 21.61225 ], [ 88.40042, 21.60659 ], [ 88.40039, 21.60479 ], [ 88.40058, 21.60354 ], [ 88.40086, 21.60297 ], [ 88.40129, 21.60282 ], [ 88.40174, 21.60226 ], [ 88.40167, 21.60198 ], [ 88.4008, 21.60172 ], [ 88.40061, 21.6018 ], [ 88.40049, 21.60241 ], [ 88.39985, 21.60331 ], [ 88.39929, 21.6034 ], [ 88.39663, 21.60575 ], [ 88.39563, 21.60602 ], [ 88.39457, 21.60679 ], [ 88.39183, 21.60946 ], [ 88.38692, 21.61318 ], [ 88.38583, 21.61459 ], [ 88.38525, 21.61567 ], [ 88.38493, 21.61689 ], [ 88.38481, 21.61794 ], [ 88.38495, 21.6184 ], [ 88.38551, 21.61772 ], [ 88.38603, 21.61753 ], [ 88.38719, 21.61463 ], [ 88.3882, 21.61316 ], [ 88.3892, 21.61226 ], [ 88.38975, 21.61246 ], [ 88.3906, 21.61189 ], [ 88.39096, 21.61103 ], [ 88.3922, 21.61442 ], [ 88.39464, 21.61964 ], [ 88.39475, 21.62038 ], [ 88.39425, 21.62096 ], [ 88.39384, 21.62227 ], [ 88.39336, 21.6225 ], [ 88.39319, 21.62279 ], [ 88.39228, 21.62598 ], [ 88.39184, 21.62647 ], [ 88.39017, 21.62737 ], [ 88.38718, 21.6301 ], [ 88.38672, 21.63167 ], [ 88.38561, 21.63409 ], [ 88.38577, 21.63604 ], [ 88.38607, 21.63686 ], [ 88.38669, 21.63697 ], [ 88.38819, 21.63665 ], [ 88.38831, 21.63666 ], [ 88.38846, 21.63711 ], [ 88.38907, 21.63702 ], [ 88.38967, 21.63941 ], [ 88.38977, 21.63955 ], [ 88.39058, 21.63969 ], [ 88.39098, 21.63925 ], [ 88.39111, 21.63928 ], [ 88.39143, 21.64072 ], [ 88.39136, 21.64088 ], [ 88.39028, 21.64137 ], [ 88.38959, 21.64186 ], [ 88.38933, 21.64264 ], [ 88.38859, 21.64345 ], [ 88.3883, 21.64461 ], [ 88.38832, 21.64749 ], [ 88.38811, 21.64834 ], [ 88.38819, 21.64861 ], [ 88.38735, 21.65056 ], [ 88.38699, 21.65201 ], [ 88.38615, 21.65291 ], [ 88.38584, 21.65413 ], [ 88.38594, 21.65555 ], [ 88.38533, 21.65631 ], [ 88.38325, 21.65974 ], [ 88.38198, 21.66283 ], [ 88.38182, 21.664 ], [ 88.38228, 21.66416 ], [ 88.3828, 21.66484 ], [ 88.38298, 21.66563 ], [ 88.38252, 21.67417 ], [ 88.38255, 21.67543 ], [ 88.38294, 21.67728 ], [ 88.38267, 21.67933 ], [ 88.38296, 21.68111 ], [ 88.38263, 21.6823 ], [ 88.3832, 21.68358 ], [ 88.38421, 21.68428 ], [ 88.38486, 21.68494 ], [ 88.38849, 21.68956 ], [ 88.38913, 21.68992 ], [ 88.39055, 21.68989 ], [ 88.39192, 21.69128 ], [ 88.39241, 21.6914 ], [ 88.39455, 21.69342 ], [ 88.39565, 21.69402 ], [ 88.39611, 21.69445 ], [ 88.39709, 21.69571 ], [ 88.39734, 21.69655 ], [ 88.39885, 21.69787 ], [ 88.39966, 21.69883 ], [ 88.40055, 21.70021 ], [ 88.40119, 21.70161 ], [ 88.40223, 21.70139 ], [ 88.40214, 21.70089 ], [ 88.40267, 21.70077 ], [ 88.40356, 21.70427 ], [ 88.40271, 21.70434 ], [ 88.40266, 21.70445 ], [ 88.40286, 21.70454 ], [ 88.40355, 21.70437 ], [ 88.40369, 21.7046 ], [ 88.40417, 21.70448 ], [ 88.40629, 21.70958 ], [ 88.40587, 21.71263 ], [ 88.40601, 21.71387 ], [ 88.40649, 21.71473 ], [ 88.40649, 21.71527 ], [ 88.40465, 21.71952 ], [ 88.40435, 21.72071 ], [ 88.40392, 21.72119 ], [ 88.40049, 21.72422 ], [ 88.39442, 21.7262 ], [ 88.39442, 21.72637 ], [ 88.39482, 21.72634 ], [ 88.39483, 21.72658 ], [ 88.39461, 21.72668 ], [ 88.3941, 21.72674 ], [ 88.39351, 21.72653 ], [ 88.39192, 21.727 ], [ 88.39004, 21.72725 ], [ 88.38798, 21.72725 ], [ 88.38504, 21.7269 ], [ 88.38337, 21.72656 ], [ 88.3828, 21.72679 ], [ 88.38186, 21.72688 ], [ 88.37731, 21.7259 ], [ 88.37726, 21.72569 ], [ 88.37716, 21.72587 ], [ 88.37461, 21.72548 ], [ 88.37332, 21.7251 ], [ 88.37302, 21.72473 ], [ 88.37137, 21.72546 ], [ 88.37107, 21.72573 ], [ 88.37071, 21.72639 ], [ 88.3706, 21.72695 ], [ 88.3708, 21.72747 ], [ 88.37264, 21.7284 ], [ 88.37241, 21.72902 ], [ 88.3726, 21.72914 ], [ 88.37575, 21.73013 ], [ 88.3759, 21.73008 ], [ 88.3761, 21.72942 ], [ 88.37628, 21.72939 ], [ 88.38231, 21.7305 ], [ 88.38674, 21.73221 ], [ 88.38837, 21.73325 ], [ 88.39032, 21.73487 ], [ 88.39206, 21.7375 ], [ 88.39238, 21.73842 ], [ 88.39229, 21.73861 ], [ 88.39182, 21.73884 ], [ 88.39206, 21.73947 ], [ 88.39279, 21.73943 ], [ 88.39303, 21.74009 ], [ 88.39316, 21.74178 ], [ 88.39359, 21.74391 ], [ 88.39354, 21.7468 ], [ 88.39419, 21.7487 ], [ 88.39466, 21.75157 ], [ 88.39522, 21.7529 ], [ 88.39623, 21.75341 ], [ 88.39817, 21.75246 ], [ 88.39917, 21.75174 ], [ 88.39946, 21.75139 ], [ 88.40029, 21.74908 ] ] ], [ [ [ 88.18819, 21.70028 ], [ 88.18898, 21.70405 ], [ 88.1895, 21.70509 ], [ 88.19245, 21.70741 ], [ 88.19628, 21.71077 ], [ 88.19983, 21.71547 ], [ 88.20022, 21.71615 ], [ 88.2006, 21.71742 ], [ 88.20359, 21.7207 ], [ 88.20383, 21.72069 ], [ 88.2049, 21.71912 ], [ 88.2057, 21.71826 ], [ 88.20722, 21.71535 ], [ 88.20835, 21.71372 ], [ 88.20841, 21.71328 ], [ 88.20811, 21.71183 ], [ 88.20728, 21.70978 ], [ 88.20624, 21.70854 ], [ 88.20398, 21.70684 ], [ 88.20077, 21.7053 ], [ 88.19808, 21.70429 ], [ 88.19731, 21.7037 ], [ 88.19666, 21.70358 ], [ 88.19392, 21.70154 ], [ 88.19135, 21.69914 ], [ 88.19018, 21.69754 ], [ 88.18961, 21.6965 ], [ 88.1891, 21.69467 ], [ 88.18869, 21.69388 ], [ 88.18725, 21.69201 ], [ 88.18678, 21.69149 ], [ 88.18574, 21.69075 ], [ 88.18509, 21.69051 ], [ 88.18473, 21.69057 ], [ 88.18427, 21.69084 ], [ 88.18436, 21.6917 ], [ 88.1849, 21.69397 ], [ 88.18548, 21.69493 ], [ 88.1862, 21.69671 ], [ 88.18664, 21.6994 ], [ 88.18752, 21.69962 ], [ 88.18819, 21.70028 ] ] ], [ [ [ 88.4657, 21.68574 ], [ 88.46589, 21.68264 ], [ 88.46702, 21.67891 ], [ 88.46496, 21.67354 ], [ 88.46441, 21.66694 ], [ 88.46382, 21.66592 ], [ 88.46365, 21.66493 ], [ 88.4636, 21.66405 ], [ 88.46394, 21.66399 ], [ 88.46387, 21.66368 ], [ 88.4644, 21.6633 ], [ 88.46424, 21.66299 ], [ 88.4643, 21.6614 ], [ 88.46384, 21.66051 ], [ 88.464, 21.6597 ], [ 88.46398, 21.65817 ], [ 88.46379, 21.65781 ], [ 88.46333, 21.65773 ], [ 88.4634, 21.65686 ], [ 88.4632, 21.65656 ], [ 88.46226, 21.65618 ], [ 88.46263, 21.65578 ], [ 88.46251, 21.65558 ], [ 88.46268, 21.65547 ], [ 88.46275, 21.65477 ], [ 88.46234, 21.6544 ], [ 88.46172, 21.65463 ], [ 88.46178, 21.65431 ], [ 88.46124, 21.65461 ], [ 88.46137, 21.65433 ], [ 88.46119, 21.65433 ], [ 88.46148, 21.65417 ], [ 88.46153, 21.6539 ], [ 88.46118, 21.65371 ], [ 88.46133, 21.65353 ], [ 88.46129, 21.65327 ], [ 88.46106, 21.6529 ], [ 88.46027, 21.65239 ], [ 88.46077, 21.65238 ], [ 88.46054, 21.65212 ], [ 88.46045, 21.65154 ], [ 88.46075, 21.65129 ], [ 88.46065, 21.65105 ], [ 88.46023, 21.65084 ], [ 88.46062, 21.65072 ], [ 88.46054, 21.65057 ], [ 88.46028, 21.65058 ], [ 88.4604, 21.65039 ], [ 88.45977, 21.65025 ], [ 88.45972, 21.65013 ], [ 88.45973, 21.64992 ], [ 88.46028, 21.64963 ], [ 88.45994, 21.64862 ], [ 88.46015, 21.64766 ], [ 88.45921, 21.64582 ], [ 88.45916, 21.64525 ], [ 88.45842, 21.64335 ], [ 88.45809, 21.64017 ], [ 88.45759, 21.63906 ], [ 88.45697, 21.63807 ], [ 88.45647, 21.63757 ], [ 88.45627, 21.63657 ], [ 88.4553, 21.63571 ], [ 88.45403, 21.63324 ], [ 88.45369, 21.63244 ], [ 88.45407, 21.63186 ], [ 88.4533, 21.63201 ], [ 88.45293, 21.63175 ], [ 88.45281, 21.63102 ], [ 88.45313, 21.63052 ], [ 88.45199, 21.62831 ], [ 88.45132, 21.62635 ], [ 88.45092, 21.62605 ], [ 88.44989, 21.62568 ], [ 88.44808, 21.62545 ], [ 88.44694, 21.62591 ], [ 88.44597, 21.62607 ], [ 88.4448, 21.62663 ], [ 88.44356, 21.62655 ], [ 88.44305, 21.62664 ], [ 88.44269, 21.62687 ], [ 88.44205, 21.62774 ], [ 88.44099, 21.62833 ], [ 88.44105, 21.62909 ], [ 88.44062, 21.6296 ], [ 88.44066, 21.63019 ], [ 88.43944, 21.63047 ], [ 88.43941, 21.63113 ], [ 88.43912, 21.63184 ], [ 88.43845, 21.63233 ], [ 88.43875, 21.63313 ], [ 88.4387, 21.63333 ], [ 88.43728, 21.63452 ], [ 88.43727, 21.63501 ], [ 88.43631, 21.63575 ], [ 88.43599, 21.63665 ], [ 88.43565, 21.63698 ], [ 88.43486, 21.63733 ], [ 88.43445, 21.63735 ], [ 88.43348, 21.63877 ], [ 88.43183, 21.64062 ], [ 88.43111, 21.64174 ], [ 88.43011, 21.64233 ], [ 88.42938, 21.64326 ], [ 88.42632, 21.64576 ], [ 88.42293, 21.64913 ], [ 88.42131, 21.65136 ], [ 88.42056, 21.65278 ], [ 88.42039, 21.65354 ], [ 88.41993, 21.66454 ], [ 88.42004, 21.66577 ], [ 88.41994, 21.67454 ], [ 88.41918, 21.67809 ], [ 88.41818, 21.68106 ], [ 88.41808, 21.68243 ], [ 88.41835, 21.68377 ], [ 88.41883, 21.68482 ], [ 88.41958, 21.68837 ], [ 88.41964, 21.68965 ], [ 88.42013, 21.69007 ], [ 88.42435, 21.69224 ], [ 88.42489, 21.69284 ], [ 88.4266, 21.69414 ], [ 88.42903, 21.69634 ], [ 88.43045, 21.69812 ], [ 88.43103, 21.69925 ], [ 88.43146, 21.70019 ], [ 88.43226, 21.7031 ], [ 88.43271, 21.70359 ], [ 88.43266, 21.70443 ], [ 88.43239, 21.70481 ], [ 88.43156, 21.70741 ], [ 88.43004, 21.71122 ], [ 88.42755, 21.71438 ], [ 88.42705, 21.71511 ], [ 88.42673, 21.71597 ], [ 88.42702, 21.71728 ], [ 88.4267, 21.71801 ], [ 88.42679, 21.71877 ], [ 88.42665, 21.71897 ], [ 88.42689, 21.71897 ], [ 88.42759, 21.71968 ], [ 88.42826, 21.72154 ], [ 88.42881, 21.72158 ], [ 88.42893, 21.72172 ], [ 88.42867, 21.72216 ], [ 88.42934, 21.72457 ], [ 88.43046, 21.72512 ], [ 88.4305, 21.72534 ], [ 88.42979, 21.7254 ], [ 88.43048, 21.72549 ], [ 88.43025, 21.72609 ], [ 88.42976, 21.72597 ], [ 88.42981, 21.72563 ], [ 88.4296, 21.72564 ], [ 88.42974, 21.72601 ], [ 88.43021, 21.72615 ], [ 88.42989, 21.72684 ], [ 88.43017, 21.72724 ], [ 88.42994, 21.72746 ], [ 88.4297, 21.72731 ], [ 88.42955, 21.72738 ], [ 88.42911, 21.73005 ], [ 88.42869, 21.73092 ], [ 88.4284, 21.73239 ], [ 88.42799, 21.73291 ], [ 88.42653, 21.73616 ], [ 88.42532, 21.73811 ], [ 88.42514, 21.73899 ], [ 88.42448, 21.74036 ], [ 88.42427, 21.74119 ], [ 88.42444, 21.74512 ], [ 88.42502, 21.7459 ], [ 88.42509, 21.7464 ], [ 88.42614, 21.74757 ], [ 88.42685, 21.74883 ], [ 88.42772, 21.75051 ], [ 88.42797, 21.75155 ], [ 88.4285, 21.75159 ], [ 88.42828, 21.75197 ], [ 88.42852, 21.7526 ], [ 88.42715, 21.75519 ], [ 88.42688, 21.75637 ], [ 88.42659, 21.75671 ], [ 88.42642, 21.758 ], [ 88.42485, 21.76094 ], [ 88.42469, 21.7615 ], [ 88.42527, 21.76149 ], [ 88.42535, 21.76163 ], [ 88.42465, 21.76176 ], [ 88.42457, 21.76191 ], [ 88.42372, 21.76698 ], [ 88.42428, 21.76843 ], [ 88.42559, 21.76955 ], [ 88.42586, 21.76948 ], [ 88.42873, 21.7715 ], [ 88.42948, 21.77098 ], [ 88.43021, 21.77119 ], [ 88.43081, 21.77244 ], [ 88.43034, 21.77302 ], [ 88.4309, 21.77254 ], [ 88.43109, 21.77259 ], [ 88.43159, 21.77318 ], [ 88.4367, 21.77656 ], [ 88.43676, 21.77726 ], [ 88.43724, 21.77739 ], [ 88.43717, 21.77763 ], [ 88.43744, 21.77757 ], [ 88.43789, 21.77828 ], [ 88.43863, 21.77812 ], [ 88.43874, 21.77821 ], [ 88.4387, 21.77842 ], [ 88.43822, 21.77859 ], [ 88.43825, 21.7788 ], [ 88.44103, 21.78293 ], [ 88.44097, 21.78329 ], [ 88.44128, 21.78334 ], [ 88.44218, 21.78536 ], [ 88.44222, 21.78636 ], [ 88.44189, 21.7864 ], [ 88.44221, 21.78651 ], [ 88.44202, 21.78844 ], [ 88.44262, 21.79018 ], [ 88.44243, 21.79187 ], [ 88.44256, 21.79262 ], [ 88.44444, 21.79616 ], [ 88.44551, 21.79732 ], [ 88.44664, 21.79722 ], [ 88.44815, 21.79591 ], [ 88.44855, 21.79619 ], [ 88.44883, 21.79617 ], [ 88.44919, 21.79546 ], [ 88.44859, 21.79497 ], [ 88.44844, 21.7945 ], [ 88.44965, 21.79405 ], [ 88.45124, 21.79277 ], [ 88.4513, 21.7919 ], [ 88.4518, 21.79144 ], [ 88.4523, 21.79149 ], [ 88.45288, 21.79082 ], [ 88.45299, 21.79047 ], [ 88.45342, 21.79042 ], [ 88.45365, 21.79056 ], [ 88.45495, 21.78978 ], [ 88.45856, 21.78842 ], [ 88.46256, 21.78834 ], [ 88.46419, 21.78877 ], [ 88.46541, 21.78971 ], [ 88.46612, 21.79059 ], [ 88.46655, 21.79252 ], [ 88.46733, 21.79282 ], [ 88.46759, 21.79349 ], [ 88.4678, 21.79363 ], [ 88.47074, 21.79413 ], [ 88.47344, 21.79422 ], [ 88.47619, 21.79299 ], [ 88.47658, 21.7923 ], [ 88.47665, 21.79181 ], [ 88.47643, 21.79036 ], [ 88.4749, 21.78727 ], [ 88.47488, 21.78593 ], [ 88.47337, 21.78237 ], [ 88.47274, 21.77978 ], [ 88.47168, 21.77642 ], [ 88.47135, 21.77461 ], [ 88.47076, 21.77324 ], [ 88.47037, 21.76879 ], [ 88.46961, 21.76556 ], [ 88.46942, 21.76111 ], [ 88.46908, 21.75875 ], [ 88.46867, 21.75107 ], [ 88.46815, 21.74477 ], [ 88.46787, 21.73856 ], [ 88.46737, 21.7364 ], [ 88.46667, 21.73452 ], [ 88.4647, 21.73178 ], [ 88.46338, 21.7291 ], [ 88.4623, 21.72773 ], [ 88.46103, 21.72646 ], [ 88.45901, 21.72597 ], [ 88.45874, 21.72559 ], [ 88.45874, 21.72506 ], [ 88.45919, 21.72369 ], [ 88.45841, 21.72328 ], [ 88.45821, 21.72278 ], [ 88.4587, 21.72144 ], [ 88.45886, 21.71968 ], [ 88.45879, 21.71955 ], [ 88.45815, 21.71939 ], [ 88.458, 21.71907 ], [ 88.45797, 21.71865 ], [ 88.45853, 21.71705 ], [ 88.45815, 21.71314 ], [ 88.45749, 21.71168 ], [ 88.45658, 21.71087 ], [ 88.45693, 21.71018 ], [ 88.45726, 21.70877 ], [ 88.45787, 21.70765 ], [ 88.45844, 21.70353 ], [ 88.46143, 21.69466 ], [ 88.46165, 21.6935 ], [ 88.46256, 21.69149 ], [ 88.4634, 21.69033 ], [ 88.4657, 21.68574 ] ] ], [ [ [ 88.48752, 21.72406 ], [ 88.48843, 21.72308 ], [ 88.48873, 21.72244 ], [ 88.48754, 21.72377 ], [ 88.48564, 21.72516 ], [ 88.48527, 21.72517 ], [ 88.48588, 21.72525 ], [ 88.48752, 21.72406 ] ] ], [ [ [ 88.36327, 21.72389 ], [ 88.36303, 21.72383 ], [ 88.36302, 21.72358 ], [ 88.36324, 21.72353 ], [ 88.36328, 21.72333 ], [ 88.36423, 21.72308 ], [ 88.36512, 21.72142 ], [ 88.36589, 21.72053 ], [ 88.36639, 21.71968 ], [ 88.36779, 21.71915 ], [ 88.36901, 21.71846 ], [ 88.36962, 21.71771 ], [ 88.37062, 21.71716 ], [ 88.37136, 21.71705 ], [ 88.37306, 21.71715 ], [ 88.37382, 21.71702 ], [ 88.37523, 21.71707 ], [ 88.37551, 21.71686 ], [ 88.37594, 21.71682 ], [ 88.37792, 21.71691 ], [ 88.37899, 21.71681 ], [ 88.38105, 21.71719 ], [ 88.38221, 21.7177 ], [ 88.38673, 21.71836 ], [ 88.38842, 21.71837 ], [ 88.39238, 21.7173 ], [ 88.39244, 21.71703 ], [ 88.39402, 21.71547 ], [ 88.39446, 21.71474 ], [ 88.39443, 21.71417 ], [ 88.39393, 21.71264 ], [ 88.39307, 21.71126 ], [ 88.3928, 21.71 ], [ 88.39119, 21.70738 ], [ 88.39114, 21.70706 ], [ 88.39102, 21.70694 ], [ 88.39075, 21.70704 ], [ 88.38958, 21.70607 ], [ 88.39043, 21.70509 ], [ 88.38958, 21.70574 ], [ 88.38923, 21.70576 ], [ 88.38749, 21.70429 ], [ 88.38643, 21.70311 ], [ 88.38267, 21.7005 ], [ 88.37887, 21.69897 ], [ 88.37838, 21.69843 ], [ 88.37595, 21.69755 ], [ 88.37383, 21.69625 ], [ 88.37273, 21.69485 ], [ 88.37221, 21.6944 ], [ 88.37095, 21.69392 ], [ 88.36897, 21.69451 ], [ 88.36603, 21.69324 ], [ 88.36548, 21.69186 ], [ 88.36542, 21.69038 ], [ 88.36577, 21.6902 ], [ 88.36576, 21.68895 ], [ 88.36565, 21.68859 ], [ 88.36508, 21.68811 ], [ 88.36464, 21.68797 ], [ 88.35977, 21.68755 ], [ 88.35782, 21.68847 ], [ 88.35711, 21.68902 ], [ 88.35658, 21.68971 ], [ 88.35428, 21.69091 ], [ 88.35375, 21.69116 ], [ 88.35229, 21.69144 ], [ 88.35064, 21.69283 ], [ 88.34963, 21.69472 ], [ 88.34948, 21.69529 ], [ 88.34769, 21.69783 ], [ 88.34738, 21.69923 ], [ 88.34765, 21.69957 ], [ 88.34755, 21.69981 ], [ 88.34727, 21.69978 ], [ 88.34683, 21.70007 ], [ 88.34616, 21.70132 ], [ 88.34628, 21.7015 ], [ 88.34611, 21.7022 ], [ 88.3458, 21.70236 ], [ 88.34558, 21.70359 ], [ 88.34533, 21.7036 ], [ 88.34524, 21.70377 ], [ 88.34521, 21.70456 ], [ 88.34482, 21.70476 ], [ 88.34502, 21.70563 ], [ 88.34498, 21.7066 ], [ 88.34347, 21.7065 ], [ 88.34305, 21.70942 ], [ 88.34287, 21.70952 ], [ 88.34248, 21.70937 ], [ 88.3413, 21.71078 ], [ 88.34031, 21.71246 ], [ 88.34002, 21.7133 ], [ 88.34006, 21.71357 ], [ 88.34052, 21.71374 ], [ 88.33999, 21.71429 ], [ 88.34079, 21.71496 ], [ 88.34212, 21.71553 ], [ 88.34266, 21.7155 ], [ 88.34316, 21.71593 ], [ 88.34391, 21.71596 ], [ 88.34446, 21.71573 ], [ 88.34499, 21.71582 ], [ 88.34487, 21.71737 ], [ 88.34534, 21.71701 ], [ 88.34611, 21.71694 ], [ 88.34631, 21.71806 ], [ 88.34647, 21.71812 ], [ 88.34678, 21.71787 ], [ 88.34702, 21.71799 ], [ 88.34775, 21.71868 ], [ 88.34794, 21.7192 ], [ 88.34878, 21.7192 ], [ 88.34893, 21.71961 ], [ 88.34939, 21.71966 ], [ 88.34955, 21.72 ], [ 88.34856, 21.72102 ], [ 88.34861, 21.72136 ], [ 88.34907, 21.72188 ], [ 88.34909, 21.72227 ], [ 88.34886, 21.72285 ], [ 88.34922, 21.72301 ], [ 88.34927, 21.7232 ], [ 88.34933, 21.72602 ], [ 88.34925, 21.72631 ], [ 88.34901, 21.72642 ], [ 88.34869, 21.72693 ], [ 88.34827, 21.72975 ], [ 88.34801, 21.73023 ], [ 88.34824, 21.73132 ], [ 88.3486, 21.73134 ], [ 88.34883, 21.7321 ], [ 88.34778, 21.73221 ], [ 88.34724, 21.73288 ], [ 88.34539, 21.73835 ], [ 88.3458, 21.73843 ], [ 88.34598, 21.73902 ], [ 88.34547, 21.7392 ], [ 88.34545, 21.73983 ], [ 88.34561, 21.74024 ], [ 88.34553, 21.74093 ], [ 88.34544, 21.74111 ], [ 88.34502, 21.74127 ], [ 88.34457, 21.74313 ], [ 88.34456, 21.748 ], [ 88.34476, 21.75109 ], [ 88.34498, 21.75184 ], [ 88.34531, 21.75198 ], [ 88.34535, 21.75214 ], [ 88.34521, 21.75238 ], [ 88.34516, 21.75352 ], [ 88.34469, 21.75387 ], [ 88.34473, 21.75437 ], [ 88.34512, 21.75552 ], [ 88.34648, 21.75792 ], [ 88.3479, 21.75949 ], [ 88.3493, 21.76068 ], [ 88.34965, 21.76089 ], [ 88.35045, 21.76088 ], [ 88.3527, 21.76154 ], [ 88.35265, 21.76189 ], [ 88.35294, 21.76201 ], [ 88.35485, 21.76199 ], [ 88.355, 21.76286 ], [ 88.35437, 21.76309 ], [ 88.35413, 21.76335 ], [ 88.35433, 21.76384 ], [ 88.35459, 21.76395 ], [ 88.35511, 21.76398 ], [ 88.35533, 21.76378 ], [ 88.35528, 21.76187 ], [ 88.35641, 21.7616 ], [ 88.35669, 21.76162 ], [ 88.35783, 21.76236 ], [ 88.3596, 21.76283 ], [ 88.35981, 21.76303 ], [ 88.36137, 21.76331 ], [ 88.36235, 21.76333 ], [ 88.36269, 21.76356 ], [ 88.36317, 21.76357 ], [ 88.36332, 21.76337 ], [ 88.36541, 21.76339 ], [ 88.36551, 21.76373 ], [ 88.36747, 21.76371 ], [ 88.36756, 21.76354 ], [ 88.36852, 21.76339 ], [ 88.36937, 21.76352 ], [ 88.37025, 21.7634 ], [ 88.37268, 21.7623 ], [ 88.37308, 21.76287 ], [ 88.37328, 21.76284 ], [ 88.37346, 21.76321 ], [ 88.37399, 21.76305 ], [ 88.37462, 21.76377 ], [ 88.37585, 21.76439 ], [ 88.37764, 21.76568 ], [ 88.37919, 21.76601 ], [ 88.37947, 21.76592 ], [ 88.38025, 21.76514 ], [ 88.38173, 21.76472 ], [ 88.3826, 21.76419 ], [ 88.38534, 21.76359 ], [ 88.38847, 21.76156 ], [ 88.38887, 21.76054 ], [ 88.38957, 21.75979 ], [ 88.38988, 21.75831 ], [ 88.38967, 21.75779 ], [ 88.38906, 21.75699 ], [ 88.38917, 21.75678 ], [ 88.38896, 21.75642 ], [ 88.38905, 21.75618 ], [ 88.38835, 21.75503 ], [ 88.38745, 21.75449 ], [ 88.38688, 21.75367 ], [ 88.38709, 21.75253 ], [ 88.38659, 21.75201 ], [ 88.38744, 21.75174 ], [ 88.38746, 21.75125 ], [ 88.38726, 21.75116 ], [ 88.3862, 21.75146 ], [ 88.38581, 21.75084 ], [ 88.38586, 21.74985 ], [ 88.38679, 21.74982 ], [ 88.38702, 21.74964 ], [ 88.38682, 21.74926 ], [ 88.38691, 21.74753 ], [ 88.38651, 21.74716 ], [ 88.38669, 21.74659 ], [ 88.38616, 21.74493 ], [ 88.38661, 21.74437 ], [ 88.38687, 21.74293 ], [ 88.38669, 21.74266 ], [ 88.38623, 21.74245 ], [ 88.38636, 21.74216 ], [ 88.38593, 21.74102 ], [ 88.38503, 21.73966 ], [ 88.38375, 21.73979 ], [ 88.38364, 21.73907 ], [ 88.38315, 21.73862 ], [ 88.38287, 21.73861 ], [ 88.3821, 21.73821 ], [ 88.38007, 21.73805 ], [ 88.37971, 21.73824 ], [ 88.37594, 21.7383 ], [ 88.37561, 21.73816 ], [ 88.37486, 21.73827 ], [ 88.37213, 21.73737 ], [ 88.37159, 21.73714 ], [ 88.37037, 21.73619 ], [ 88.36989, 21.7364 ], [ 88.36798, 21.73516 ], [ 88.36733, 21.73458 ], [ 88.36713, 21.73416 ], [ 88.3648, 21.73276 ], [ 88.36439, 21.73232 ], [ 88.36316, 21.73019 ], [ 88.36359, 21.72973 ], [ 88.36307, 21.72771 ], [ 88.36332, 21.72742 ], [ 88.3631, 21.72567 ], [ 88.36327, 21.72389 ] ] ], [ [ [ 88.19745, 21.73457 ], [ 88.19704, 21.734 ], [ 88.19655, 21.73399 ], [ 88.19611, 21.73418 ], [ 88.19589, 21.73446 ], [ 88.19585, 21.73688 ], [ 88.19602, 21.73738 ], [ 88.19656, 21.73818 ], [ 88.19941, 21.74149 ], [ 88.19994, 21.74193 ], [ 88.20001, 21.7418 ], [ 88.19883, 21.73778 ], [ 88.19745, 21.73457 ] ] ], [ [ [ 88.29442, 21.70732 ], [ 88.29283, 21.70913 ], [ 88.28874, 21.71463 ], [ 88.28524, 21.71993 ], [ 88.28434, 21.72174 ], [ 88.28246, 21.72454 ], [ 88.2796, 21.72708 ], [ 88.27828, 21.72805 ], [ 88.27706, 21.72993 ], [ 88.27657, 21.73105 ], [ 88.27605, 21.73275 ], [ 88.27558, 21.73544 ], [ 88.27585, 21.73743 ], [ 88.27647, 21.73902 ], [ 88.27787, 21.7413 ], [ 88.28206, 21.74644 ], [ 88.28362, 21.74881 ], [ 88.28535, 21.75268 ], [ 88.286, 21.75497 ], [ 88.28638, 21.75764 ], [ 88.28638, 21.76114 ], [ 88.28594, 21.76539 ], [ 88.28571, 21.76633 ], [ 88.2846, 21.76906 ], [ 88.28457, 21.76977 ], [ 88.28473, 21.77098 ], [ 88.28545, 21.77312 ], [ 88.28649, 21.77525 ], [ 88.28833, 21.77784 ], [ 88.28906, 21.77976 ], [ 88.29016, 21.77794 ], [ 88.29168, 21.77601 ], [ 88.29527, 21.77276 ], [ 88.29596, 21.77185 ], [ 88.29718, 21.76973 ], [ 88.30025, 21.76269 ], [ 88.30203, 21.75733 ], [ 88.30284, 21.75376 ], [ 88.30371, 21.74365 ], [ 88.30496, 21.73805 ], [ 88.30536, 21.73552 ], [ 88.3054, 21.7323 ], [ 88.30507, 21.73075 ], [ 88.3015, 21.72354 ], [ 88.30051, 21.72064 ], [ 88.29981, 21.71764 ], [ 88.29971, 21.71516 ], [ 88.30013, 21.71244 ], [ 88.30063, 21.71081 ], [ 88.30151, 21.70897 ], [ 88.29938, 21.70666 ], [ 88.29863, 21.70621 ], [ 88.29803, 21.70606 ], [ 88.29731, 21.70607 ], [ 88.29594, 21.70644 ], [ 88.29442, 21.70732 ] ] ], [ [ [ 88.1378, 21.87036 ], [ 88.14102, 21.86461 ], [ 88.14176, 21.86304 ], [ 88.1437, 21.86002 ], [ 88.14447, 21.85911 ], [ 88.145, 21.858 ], [ 88.14553, 21.85484 ], [ 88.14622, 21.8537 ], [ 88.14671, 21.85205 ], [ 88.14667, 21.85125 ], [ 88.14722, 21.85025 ], [ 88.14725, 21.84899 ], [ 88.14782, 21.84852 ], [ 88.14805, 21.84796 ], [ 88.14807, 21.84745 ], [ 88.14863, 21.84613 ], [ 88.14842, 21.84584 ], [ 88.14832, 21.84507 ], [ 88.14859, 21.84419 ], [ 88.14947, 21.84252 ], [ 88.1498, 21.84113 ], [ 88.15091, 21.83798 ], [ 88.1534, 21.83339 ], [ 88.15354, 21.8328 ], [ 88.15383, 21.83247 ], [ 88.1546, 21.83215 ], [ 88.15767, 21.82792 ], [ 88.16004, 21.82507 ], [ 88.15992, 21.82454 ], [ 88.16022, 21.82434 ], [ 88.16049, 21.82447 ], [ 88.16111, 21.82395 ], [ 88.16165, 21.82343 ], [ 88.16151, 21.82317 ], [ 88.16175, 21.82281 ], [ 88.16214, 21.8228 ], [ 88.16273, 21.82231 ], [ 88.16287, 21.82182 ], [ 88.16329, 21.82138 ], [ 88.16613, 21.81904 ], [ 88.16779, 21.81726 ], [ 88.16886, 21.81556 ], [ 88.16914, 21.81579 ], [ 88.16935, 21.81563 ], [ 88.17081, 21.81338 ], [ 88.17097, 21.81246 ], [ 88.17135, 21.81158 ], [ 88.17106, 21.81079 ], [ 88.16763, 21.80894 ], [ 88.16629, 21.80803 ], [ 88.16486, 21.80602 ], [ 88.16418, 21.80417 ], [ 88.1636, 21.80202 ], [ 88.16352, 21.79671 ], [ 88.16368, 21.79606 ], [ 88.16361, 21.79386 ], [ 88.16387, 21.79232 ], [ 88.16597, 21.78697 ], [ 88.16842, 21.78241 ], [ 88.16844, 21.78214 ], [ 88.16834, 21.78113 ], [ 88.16857, 21.77883 ], [ 88.16875, 21.76647 ], [ 88.16984, 21.76627 ], [ 88.16967, 21.76463 ], [ 88.16948, 21.76458 ], [ 88.16943, 21.7642 ], [ 88.16884, 21.76407 ], [ 88.16876, 21.7624 ], [ 88.16951, 21.76233 ], [ 88.16952, 21.76182 ], [ 88.16872, 21.76164 ], [ 88.16867, 21.7604 ], [ 88.16925, 21.76021 ], [ 88.16918, 21.75877 ], [ 88.16848, 21.75871 ], [ 88.16833, 21.75677 ], [ 88.16908, 21.7567 ], [ 88.16913, 21.75655 ], [ 88.16833, 21.75646 ], [ 88.16828, 21.75591 ], [ 88.16913, 21.75574 ], [ 88.16922, 21.75414 ], [ 88.17033, 21.75467 ], [ 88.16873, 21.7535 ], [ 88.16942, 21.74815 ], [ 88.1693, 21.74797 ], [ 88.16868, 21.74783 ], [ 88.16885, 21.74666 ], [ 88.16863, 21.74647 ], [ 88.16924, 21.74301 ], [ 88.16763, 21.73657 ], [ 88.16729, 21.73439 ], [ 88.16584, 21.73257 ], [ 88.16614, 21.73222 ], [ 88.16587, 21.73186 ], [ 88.16551, 21.73193 ], [ 88.16539, 21.73177 ], [ 88.16563, 21.73136 ], [ 88.16529, 21.73093 ], [ 88.16493, 21.72909 ], [ 88.16432, 21.72805 ], [ 88.16374, 21.72482 ], [ 88.16324, 21.72475 ], [ 88.16307, 21.72374 ], [ 88.16362, 21.72363 ], [ 88.16335, 21.72335 ], [ 88.16327, 21.72258 ], [ 88.16361, 21.72234 ], [ 88.16354, 21.72148 ], [ 88.16386, 21.72117 ], [ 88.16135, 21.71746 ], [ 88.16037, 21.71723 ], [ 88.15696, 21.711 ], [ 88.15696, 21.70966 ], [ 88.15619, 21.70823 ], [ 88.15462, 21.70424 ], [ 88.15439, 21.70219 ], [ 88.15413, 21.70183 ], [ 88.15371, 21.69996 ], [ 88.15351, 21.69957 ], [ 88.15298, 21.69907 ], [ 88.15241, 21.69792 ], [ 88.15231, 21.69705 ], [ 88.15203, 21.69664 ], [ 88.15146, 21.69486 ], [ 88.15118, 21.69318 ], [ 88.15143, 21.6926 ], [ 88.15141, 21.69168 ], [ 88.15212, 21.68898 ], [ 88.15282, 21.68517 ], [ 88.15275, 21.68391 ], [ 88.1529, 21.68293 ], [ 88.15378, 21.68126 ], [ 88.15413, 21.6801 ], [ 88.15432, 21.67863 ], [ 88.15294, 21.67011 ], [ 88.15335, 21.66887 ], [ 88.15344, 21.66732 ], [ 88.15312, 21.65509 ], [ 88.15348, 21.65078 ], [ 88.15333, 21.64936 ], [ 88.15246, 21.64736 ], [ 88.15107, 21.64544 ], [ 88.14958, 21.64297 ], [ 88.14657, 21.63883 ], [ 88.1455, 21.63796 ], [ 88.14256, 21.6362 ], [ 88.13964, 21.63568 ], [ 88.13866, 21.63601 ], [ 88.13839, 21.63596 ], [ 88.13567, 21.6342 ], [ 88.13176, 21.63358 ], [ 88.13149, 21.63344 ], [ 88.13121, 21.633 ], [ 88.12962, 21.63301 ], [ 88.11709, 21.63132 ], [ 88.11565, 21.63099 ], [ 88.11292, 21.62965 ], [ 88.11104, 21.62908 ], [ 88.10886, 21.62897 ], [ 88.1077, 21.62877 ], [ 88.10144, 21.62917 ], [ 88.09678, 21.63009 ], [ 88.09589, 21.63077 ], [ 88.09439, 21.63096 ], [ 88.09358, 21.63061 ], [ 88.09295, 21.63061 ], [ 88.09053, 21.63082 ], [ 88.08875, 21.63114 ], [ 88.08559, 21.63099 ], [ 88.0834, 21.63119 ], [ 88.07242, 21.6329 ], [ 88.06844, 21.63378 ], [ 88.06594, 21.63472 ], [ 88.06543, 21.63524 ], [ 88.0622, 21.63686 ], [ 88.0615, 21.63741 ], [ 88.06092, 21.63815 ], [ 88.06056, 21.63915 ], [ 88.05732, 21.64083 ], [ 88.05484, 21.64325 ], [ 88.05376, 21.64477 ], [ 88.05177, 21.64697 ], [ 88.04866, 21.65004 ], [ 88.04763, 21.65168 ], [ 88.04537, 21.6533 ], [ 88.04488, 21.65357 ], [ 88.04468, 21.65342 ], [ 88.04442, 21.65355 ], [ 88.04338, 21.65494 ], [ 88.04288, 21.65669 ], [ 88.04333, 21.65783 ], [ 88.04337, 21.65855 ], [ 88.04402, 21.65866 ], [ 88.0444, 21.65915 ], [ 88.04483, 21.66023 ], [ 88.04492, 21.66175 ], [ 88.04432, 21.66542 ], [ 88.04414, 21.66595 ], [ 88.0431, 21.66666 ], [ 88.04307, 21.66764 ], [ 88.04266, 21.66894 ], [ 88.04281, 21.67042 ], [ 88.0427, 21.67232 ], [ 88.04291, 21.67411 ], [ 88.04282, 21.67589 ], [ 88.04231, 21.67975 ], [ 88.0419, 21.68152 ], [ 88.04167, 21.68499 ], [ 88.04184, 21.6862 ], [ 88.04235, 21.68726 ], [ 88.04262, 21.68751 ], [ 88.04515, 21.68756 ], [ 88.04577, 21.68796 ], [ 88.0461, 21.68845 ], [ 88.04694, 21.69268 ], [ 88.04787, 21.69388 ], [ 88.0479, 21.69454 ], [ 88.04763, 21.69588 ], [ 88.0479, 21.70125 ], [ 88.04885, 21.70702 ], [ 88.05068, 21.71133 ], [ 88.05233, 21.714 ], [ 88.05334, 21.71521 ], [ 88.0543, 21.71739 ], [ 88.05825, 21.72356 ], [ 88.06165, 21.73059 ], [ 88.06204, 21.73088 ], [ 88.06348, 21.73113 ], [ 88.06429, 21.73173 ], [ 88.06494, 21.73254 ], [ 88.06582, 21.73641 ], [ 88.06597, 21.73683 ], [ 88.06653, 21.73752 ], [ 88.06701, 21.73896 ], [ 88.06934, 21.73937 ], [ 88.06992, 21.73971 ], [ 88.07011, 21.74003 ], [ 88.07042, 21.7407 ], [ 88.07086, 21.74245 ], [ 88.07087, 21.74344 ], [ 88.07064, 21.74436 ], [ 88.07092, 21.74599 ], [ 88.07203, 21.74943 ], [ 88.07252, 21.74984 ], [ 88.07435, 21.75083 ], [ 88.07598, 21.75136 ], [ 88.07623, 21.75162 ], [ 88.07638, 21.75228 ], [ 88.07586, 21.7543 ], [ 88.0748, 21.75733 ], [ 88.07497, 21.76368 ], [ 88.07514, 21.76514 ], [ 88.07563, 21.76698 ], [ 88.07602, 21.77064 ], [ 88.07699, 21.77522 ], [ 88.0777, 21.77748 ], [ 88.08115, 21.78152 ], [ 88.08269, 21.78235 ], [ 88.08331, 21.78248 ], [ 88.08399, 21.78303 ], [ 88.08445, 21.78411 ], [ 88.08498, 21.78659 ], [ 88.08491, 21.78729 ], [ 88.08509, 21.78997 ], [ 88.08476, 21.79038 ], [ 88.08557, 21.79122 ], [ 88.08594, 21.79187 ], [ 88.08769, 21.79728 ], [ 88.0899, 21.80148 ], [ 88.09017, 21.80228 ], [ 88.09033, 21.80369 ], [ 88.09275, 21.80943 ], [ 88.09398, 21.81045 ], [ 88.09499, 21.81025 ], [ 88.09582, 21.81215 ], [ 88.09685, 21.81524 ], [ 88.09752, 21.81537 ], [ 88.09805, 21.816 ], [ 88.09864, 21.81834 ], [ 88.09843, 21.81919 ], [ 88.09901, 21.82122 ], [ 88.09888, 21.82181 ], [ 88.09902, 21.82265 ], [ 88.09936, 21.82299 ], [ 88.10008, 21.82431 ], [ 88.10152, 21.82791 ], [ 88.10144, 21.82834 ], [ 88.10252, 21.83091 ], [ 88.11001, 21.84221 ], [ 88.11238, 21.84512 ], [ 88.11388, 21.8476 ], [ 88.11538, 21.85056 ], [ 88.12153, 21.86463 ], [ 88.12528, 21.87465 ], [ 88.12657, 21.87773 ], [ 88.12849, 21.88152 ], [ 88.12924, 21.88263 ], [ 88.13014, 21.88352 ], [ 88.13046, 21.88367 ], [ 88.13095, 21.88342 ], [ 88.13266, 21.88053 ], [ 88.13584, 21.87592 ], [ 88.13718, 21.87291 ], [ 88.13752, 21.87161 ], [ 88.13749, 21.8711 ], [ 88.1378, 21.87036 ] ] ], [ [ [ 88.19786, 21.7644 ], [ 88.19942, 21.76521 ], [ 88.20006, 21.7651 ], [ 88.20098, 21.76354 ], [ 88.20118, 21.76162 ], [ 88.20109, 21.76107 ], [ 88.19992, 21.76032 ], [ 88.19789, 21.75937 ], [ 88.19743, 21.7592 ], [ 88.19626, 21.75926 ], [ 88.1956, 21.75977 ], [ 88.1956, 21.7605 ], [ 88.19655, 21.76277 ], [ 88.19786, 21.7644 ] ] ], [ [ [ 88.40858, 21.73691 ], [ 88.40668, 21.73741 ], [ 88.40673, 21.73805 ], [ 88.4062, 21.73811 ], [ 88.40578, 21.73769 ], [ 88.40557, 21.73785 ], [ 88.40461, 21.73802 ], [ 88.40399, 21.73833 ], [ 88.40301, 21.73929 ], [ 88.40258, 21.74108 ], [ 88.40183, 21.7424 ], [ 88.40193, 21.74277 ], [ 88.4015, 21.74281 ], [ 88.40195, 21.74287 ], [ 88.4021, 21.7449 ], [ 88.40253, 21.74615 ], [ 88.40364, 21.74783 ], [ 88.40308, 21.75114 ], [ 88.40242, 21.75238 ], [ 88.40185, 21.75305 ], [ 88.40049, 21.7542 ], [ 88.39798, 21.75537 ], [ 88.39667, 21.75627 ], [ 88.3965, 21.75745 ], [ 88.39628, 21.75772 ], [ 88.39649, 21.75825 ], [ 88.39648, 21.75875 ], [ 88.3958, 21.76179 ], [ 88.39398, 21.76529 ], [ 88.39356, 21.76597 ], [ 88.39147, 21.76774 ], [ 88.39111, 21.76854 ], [ 88.38994, 21.76934 ], [ 88.38972, 21.76967 ], [ 88.38938, 21.77105 ], [ 88.3883, 21.77127 ], [ 88.38796, 21.77152 ], [ 88.38559, 21.77408 ], [ 88.38342, 21.7784 ], [ 88.38339, 21.77869 ], [ 88.38362, 21.77903 ], [ 88.38395, 21.77904 ], [ 88.38407, 21.7792 ], [ 88.38441, 21.77998 ], [ 88.38434, 21.78035 ], [ 88.38632, 21.78183 ], [ 88.38655, 21.78196 ], [ 88.38724, 21.78198 ], [ 88.38997, 21.78383 ], [ 88.39053, 21.78463 ], [ 88.39211, 21.78611 ], [ 88.39214, 21.78649 ], [ 88.39437, 21.78767 ], [ 88.39699, 21.78981 ], [ 88.39808, 21.79108 ], [ 88.39864, 21.79149 ], [ 88.39957, 21.7915 ], [ 88.3997, 21.79222 ], [ 88.40178, 21.79373 ], [ 88.40218, 21.79374 ], [ 88.40242, 21.79416 ], [ 88.40383, 21.79519 ], [ 88.40446, 21.79586 ], [ 88.40472, 21.79628 ], [ 88.40477, 21.79676 ], [ 88.40737, 21.79897 ], [ 88.4073, 21.79939 ], [ 88.40802, 21.80002 ], [ 88.41047, 21.8018 ], [ 88.41239, 21.80266 ], [ 88.41271, 21.80262 ], [ 88.41262, 21.80289 ], [ 88.41328, 21.80394 ], [ 88.4138, 21.80405 ], [ 88.41732, 21.80788 ], [ 88.41978, 21.81025 ], [ 88.41991, 21.81062 ], [ 88.42158, 21.81092 ], [ 88.42335, 21.81085 ], [ 88.42491, 21.8102 ], [ 88.42536, 21.80959 ], [ 88.4252, 21.80851 ], [ 88.42565, 21.80813 ], [ 88.42644, 21.80551 ], [ 88.42672, 21.80375 ], [ 88.42676, 21.80245 ], [ 88.42628, 21.80176 ], [ 88.42644, 21.80165 ], [ 88.4268, 21.80179 ], [ 88.42677, 21.80146 ], [ 88.42735, 21.80117 ], [ 88.4294, 21.79934 ], [ 88.43087, 21.79875 ], [ 88.43073, 21.79827 ], [ 88.43135, 21.79782 ], [ 88.43397, 21.7979 ], [ 88.4361, 21.79848 ], [ 88.4364, 21.79911 ], [ 88.44186, 21.80046 ], [ 88.44215, 21.80049 ], [ 88.44238, 21.80023 ], [ 88.44116, 21.79842 ], [ 88.43998, 21.79615 ], [ 88.43946, 21.79444 ], [ 88.43947, 21.79367 ], [ 88.43889, 21.7922 ], [ 88.43849, 21.79056 ], [ 88.43802, 21.78801 ], [ 88.43721, 21.78557 ], [ 88.43635, 21.78363 ], [ 88.43373, 21.78021 ], [ 88.43328, 21.7799 ], [ 88.43286, 21.78001 ], [ 88.43166, 21.77867 ], [ 88.43047, 21.77765 ], [ 88.42876, 21.77703 ], [ 88.42841, 21.77668 ], [ 88.42814, 21.77671 ], [ 88.42791, 21.77606 ], [ 88.42842, 21.77566 ], [ 88.4278, 21.77593 ], [ 88.42522, 21.7735 ], [ 88.42381, 21.77286 ], [ 88.42304, 21.77235 ], [ 88.42137, 21.76956 ], [ 88.42084, 21.76926 ], [ 88.42019, 21.76736 ], [ 88.42047, 21.76595 ], [ 88.41994, 21.7647 ], [ 88.41939, 21.76404 ], [ 88.4197, 21.76322 ], [ 88.42021, 21.76019 ], [ 88.41977, 21.76014 ], [ 88.41971, 21.75988 ], [ 88.42021, 21.75949 ], [ 88.4204, 21.75905 ], [ 88.42058, 21.75902 ], [ 88.4213, 21.7575 ], [ 88.42169, 21.75737 ], [ 88.42359, 21.75523 ], [ 88.42411, 21.755 ], [ 88.424, 21.75463 ], [ 88.42452, 21.75392 ], [ 88.42482, 21.7528 ], [ 88.42469, 21.75223 ], [ 88.42377, 21.75048 ], [ 88.42153, 21.74721 ], [ 88.4211, 21.74612 ], [ 88.42033, 21.74507 ], [ 88.41979, 21.74205 ], [ 88.4205, 21.73946 ], [ 88.42191, 21.73566 ], [ 88.42315, 21.73348 ], [ 88.42371, 21.73185 ], [ 88.42368, 21.73122 ], [ 88.42439, 21.73103 ], [ 88.42468, 21.7298 ], [ 88.42476, 21.72867 ], [ 88.42518, 21.72681 ], [ 88.4249, 21.72591 ], [ 88.42541, 21.72544 ], [ 88.42407, 21.72126 ], [ 88.42351, 21.72047 ], [ 88.42309, 21.72028 ], [ 88.42074, 21.72275 ], [ 88.41993, 21.72436 ], [ 88.41881, 21.72535 ], [ 88.41888, 21.72577 ], [ 88.4179, 21.72748 ], [ 88.41727, 21.72838 ], [ 88.41668, 21.7287 ], [ 88.41643, 21.72957 ], [ 88.41557, 21.73029 ], [ 88.41298, 21.73332 ], [ 88.41259, 21.73367 ], [ 88.41225, 21.73375 ], [ 88.41196, 21.73457 ], [ 88.41165, 21.73466 ], [ 88.41051, 21.73552 ], [ 88.40992, 21.7357 ], [ 88.40858, 21.73691 ] ] ], [ [ [ 88.27103, 21.77968 ], [ 88.26645, 21.78582 ], [ 88.26468, 21.78898 ], [ 88.26352, 21.79259 ], [ 88.26924, 21.79124 ], [ 88.27681, 21.79101 ], [ 88.27929, 21.79077 ], [ 88.28165, 21.79029 ], [ 88.28344, 21.78957 ], [ 88.28472, 21.7888 ], [ 88.28578, 21.78781 ], [ 88.2871, 21.78573 ], [ 88.28871, 21.78035 ], [ 88.28854, 21.77947 ], [ 88.28578, 21.77517 ], [ 88.28444, 21.77253 ], [ 88.28389, 21.77095 ], [ 88.28357, 21.76882 ], [ 88.28121, 21.77118 ], [ 88.27787, 21.77296 ], [ 88.27424, 21.7755 ], [ 88.27225, 21.77783 ], [ 88.27103, 21.77968 ] ] ], [ [ [ 88.50753, 21.78739 ], [ 88.50755, 21.78636 ], [ 88.50729, 21.78539 ], [ 88.5057, 21.78248 ], [ 88.50188, 21.77751 ], [ 88.50111, 21.77687 ], [ 88.5004, 21.77679 ], [ 88.50011, 21.77697 ], [ 88.499, 21.77836 ], [ 88.49893, 21.77898 ], [ 88.49922, 21.78024 ], [ 88.50014, 21.78173 ], [ 88.50128, 21.78311 ], [ 88.50482, 21.78643 ], [ 88.50656, 21.78765 ], [ 88.50722, 21.78777 ], [ 88.50753, 21.78739 ] ] ], [ [ [ 88.28895, 21.7846 ], [ 88.28713, 21.78788 ], [ 88.28713, 21.78867 ], [ 88.28644, 21.7893 ], [ 88.28612, 21.78994 ], [ 88.28086, 21.79191 ], [ 88.27738, 21.7929 ], [ 88.27673, 21.79331 ], [ 88.27628, 21.79338 ], [ 88.27592, 21.79368 ], [ 88.27536, 21.79364 ], [ 88.27307, 21.79413 ], [ 88.27193, 21.79384 ], [ 88.27076, 21.79395 ], [ 88.27, 21.79374 ], [ 88.26714, 21.79419 ], [ 88.26552, 21.7947 ], [ 88.26328, 21.79637 ], [ 88.26322, 21.79661 ], [ 88.26385, 21.79875 ], [ 88.26371, 21.79915 ], [ 88.26286, 21.79994 ], [ 88.26278, 21.80017 ], [ 88.26295, 21.80054 ], [ 88.26322, 21.80056 ], [ 88.26442, 21.80002 ], [ 88.26591, 21.80289 ], [ 88.26667, 21.8037 ], [ 88.26658, 21.80434 ], [ 88.26986, 21.80754 ], [ 88.27265, 21.80961 ], [ 88.27284, 21.80963 ], [ 88.2734, 21.80914 ], [ 88.27376, 21.80906 ], [ 88.27678, 21.81057 ], [ 88.27709, 21.81144 ], [ 88.28078, 21.81398 ], [ 88.28139, 21.81427 ], [ 88.28298, 21.8142 ], [ 88.28876, 21.81746 ], [ 88.29254, 21.81979 ], [ 88.29482, 21.82099 ], [ 88.29506, 21.82116 ], [ 88.29514, 21.82149 ], [ 88.2941, 21.82308 ], [ 88.29403, 21.82344 ], [ 88.29567, 21.82388 ], [ 88.29685, 21.82385 ], [ 88.30346, 21.82664 ], [ 88.30718, 21.82952 ], [ 88.3087, 21.83104 ], [ 88.31125, 21.83467 ], [ 88.31135, 21.83562 ], [ 88.31217, 21.83781 ], [ 88.31311, 21.83943 ], [ 88.31345, 21.84035 ], [ 88.31361, 21.84038 ], [ 88.31477, 21.84309 ], [ 88.31523, 21.84492 ], [ 88.31527, 21.84573 ], [ 88.31555, 21.84626 ], [ 88.31554, 21.84704 ], [ 88.31508, 21.84928 ], [ 88.31445, 21.84993 ], [ 88.31433, 21.85043 ], [ 88.31342, 21.85138 ], [ 88.31315, 21.85241 ], [ 88.31273, 21.85255 ], [ 88.31258, 21.85279 ], [ 88.31296, 21.85474 ], [ 88.31344, 21.85551 ], [ 88.31616, 21.85768 ], [ 88.31773, 21.85854 ], [ 88.32168, 21.85989 ], [ 88.32334, 21.86013 ], [ 88.32389, 21.86038 ], [ 88.32846, 21.86053 ], [ 88.32886, 21.86039 ], [ 88.33076, 21.86068 ], [ 88.3317, 21.86067 ], [ 88.33374, 21.86044 ], [ 88.3362, 21.85983 ], [ 88.33928, 21.8585 ], [ 88.34103, 21.85722 ], [ 88.34101, 21.85669 ], [ 88.3407, 21.85647 ], [ 88.34053, 21.85591 ], [ 88.34102, 21.85563 ], [ 88.34104, 21.8554 ], [ 88.34256, 21.85531 ], [ 88.34511, 21.8546 ], [ 88.35206, 21.85389 ], [ 88.35207, 21.85348 ], [ 88.3516, 21.85227 ], [ 88.35128, 21.85007 ], [ 88.35009, 21.84865 ], [ 88.35044, 21.84821 ], [ 88.35044, 21.84763 ], [ 88.35106, 21.84739 ], [ 88.35163, 21.84203 ], [ 88.35154, 21.84023 ], [ 88.35109, 21.83857 ], [ 88.35105, 21.83757 ], [ 88.35045, 21.8365 ], [ 88.35025, 21.83584 ], [ 88.35018, 21.83488 ], [ 88.35032, 21.8338 ], [ 88.35007, 21.833 ], [ 88.34964, 21.83026 ], [ 88.34948, 21.82635 ], [ 88.35, 21.8224 ], [ 88.35059, 21.82096 ], [ 88.35063, 21.82041 ], [ 88.35087, 21.82001 ], [ 88.35134, 21.81978 ], [ 88.35276, 21.81683 ], [ 88.35451, 21.81492 ], [ 88.35516, 21.81435 ], [ 88.35576, 21.81414 ], [ 88.35693, 21.8121 ], [ 88.35791, 21.81101 ], [ 88.35908, 21.80858 ], [ 88.35994, 21.80739 ], [ 88.36006, 21.80622 ], [ 88.35962, 21.80234 ], [ 88.35974, 21.80038 ], [ 88.36043, 21.79775 ], [ 88.36183, 21.79575 ], [ 88.36355, 21.79483 ], [ 88.36539, 21.79405 ], [ 88.36655, 21.79379 ], [ 88.36779, 21.79322 ], [ 88.37142, 21.79225 ], [ 88.3719, 21.79187 ], [ 88.37185, 21.79125 ], [ 88.37208, 21.7912 ], [ 88.3723, 21.79164 ], [ 88.3725, 21.79161 ], [ 88.37667, 21.78945 ], [ 88.3793, 21.78781 ], [ 88.37885, 21.78534 ], [ 88.37842, 21.78435 ], [ 88.37731, 21.7826 ], [ 88.37655, 21.78087 ], [ 88.37608, 21.77827 ], [ 88.37575, 21.77792 ], [ 88.37532, 21.77414 ], [ 88.37543, 21.77174 ], [ 88.37534, 21.77114 ], [ 88.37504, 21.7708 ], [ 88.37583, 21.77027 ], [ 88.37559, 21.7692 ], [ 88.37525, 21.7685 ], [ 88.37459, 21.7679 ], [ 88.37215, 21.76798 ], [ 88.36961, 21.76782 ], [ 88.36781, 21.76792 ], [ 88.36698, 21.76811 ], [ 88.3639, 21.76752 ], [ 88.3632, 21.7675 ], [ 88.36246, 21.76775 ], [ 88.3622, 21.76745 ], [ 88.36066, 21.76738 ], [ 88.35968, 21.76766 ], [ 88.35891, 21.7677 ], [ 88.35549, 21.76692 ], [ 88.3549, 21.76662 ], [ 88.35197, 21.76626 ], [ 88.3506, 21.76592 ], [ 88.34954, 21.76558 ], [ 88.3491, 21.76535 ], [ 88.34837, 21.76463 ], [ 88.34691, 21.76402 ], [ 88.34667, 21.76403 ], [ 88.34642, 21.76464 ], [ 88.3459, 21.76462 ], [ 88.34579, 21.76369 ], [ 88.34426, 21.76246 ], [ 88.34371, 21.76175 ], [ 88.34366, 21.76115 ], [ 88.3428, 21.75994 ], [ 88.3413, 21.75879 ], [ 88.34092, 21.75669 ], [ 88.34011, 21.75377 ], [ 88.34019, 21.75327 ], [ 88.3397, 21.7523 ], [ 88.33925, 21.74969 ], [ 88.33974, 21.74732 ], [ 88.33946, 21.74411 ], [ 88.33992, 21.7377 ], [ 88.34008, 21.73641 ], [ 88.34062, 21.73603 ], [ 88.34121, 21.73388 ], [ 88.34107, 21.73312 ], [ 88.34229, 21.73042 ], [ 88.34413, 21.7219 ], [ 88.34386, 21.72136 ], [ 88.34272, 21.72022 ], [ 88.3396, 21.71822 ], [ 88.33843, 21.71724 ], [ 88.33608, 21.71587 ], [ 88.33586, 21.71548 ], [ 88.33271, 21.71301 ], [ 88.33199, 21.71208 ], [ 88.33177, 21.71038 ], [ 88.33053, 21.71065 ], [ 88.3296, 21.71056 ], [ 88.32903, 21.71073 ], [ 88.32843, 21.71071 ], [ 88.32061, 21.70923 ], [ 88.31913, 21.70915 ], [ 88.30895, 21.70992 ], [ 88.30636, 21.71085 ], [ 88.30526, 21.71209 ], [ 88.30454, 21.71429 ], [ 88.30448, 21.71529 ], [ 88.30451, 21.71607 ], [ 88.30497, 21.71788 ], [ 88.30697, 21.72339 ], [ 88.30874, 21.72614 ], [ 88.31011, 21.72862 ], [ 88.31022, 21.73717 ], [ 88.30963, 21.7387 ], [ 88.30824, 21.74103 ], [ 88.30827, 21.74191 ], [ 88.30819, 21.74207 ], [ 88.30783, 21.74215 ], [ 88.30724, 21.7456 ], [ 88.30681, 21.74605 ], [ 88.30658, 21.74673 ], [ 88.30663, 21.74701 ], [ 88.30698, 21.74726 ], [ 88.30637, 21.74985 ], [ 88.30586, 21.75335 ], [ 88.30607, 21.75371 ], [ 88.30588, 21.75505 ], [ 88.30543, 21.7569 ], [ 88.3055, 21.75722 ], [ 88.30471, 21.75839 ], [ 88.30405, 21.76326 ], [ 88.30344, 21.76525 ], [ 88.3032, 21.76675 ], [ 88.30121, 21.76698 ], [ 88.29983, 21.76955 ], [ 88.29892, 21.77183 ], [ 88.29662, 21.77327 ], [ 88.29324, 21.7763 ], [ 88.29171, 21.77796 ], [ 88.29065, 21.77966 ], [ 88.28895, 21.7846 ] ] ], [ [ [ 88.18157, 21.7916 ], [ 88.1817, 21.79197 ], [ 88.18202, 21.79222 ], [ 88.18239, 21.7921 ], [ 88.18273, 21.79187 ], [ 88.18359, 21.79067 ], [ 88.18301, 21.7898 ], [ 88.18217, 21.78913 ], [ 88.18192, 21.7891 ], [ 88.1817, 21.78951 ], [ 88.18157, 21.7916 ] ] ], [ [ [ 88.16929, 21.78233 ], [ 88.1665, 21.78733 ], [ 88.16584, 21.78882 ], [ 88.16503, 21.79127 ], [ 88.16436, 21.79557 ], [ 88.16405, 21.79908 ], [ 88.16427, 21.79985 ], [ 88.16408, 21.80065 ], [ 88.16455, 21.80345 ], [ 88.16495, 21.80377 ], [ 88.16572, 21.80596 ], [ 88.16662, 21.80721 ], [ 88.16736, 21.80798 ], [ 88.16918, 21.80914 ], [ 88.16997, 21.80939 ], [ 88.17151, 21.80954 ], [ 88.17199, 21.80854 ], [ 88.17171, 21.80306 ], [ 88.17055, 21.7965 ], [ 88.17028, 21.79251 ], [ 88.16981, 21.7926 ], [ 88.16957, 21.78903 ], [ 88.16981, 21.7831 ], [ 88.17006, 21.7814 ], [ 88.16929, 21.78233 ] ] ], [ [ [ 88.45858, 21.80369 ], [ 88.45675, 21.80514 ], [ 88.45677, 21.80545 ], [ 88.45651, 21.80592 ], [ 88.45724, 21.80658 ], [ 88.45681, 21.80702 ], [ 88.45718, 21.80759 ], [ 88.45676, 21.80785 ], [ 88.45613, 21.8074 ], [ 88.45616, 21.80782 ], [ 88.45446, 21.80912 ], [ 88.45411, 21.80888 ], [ 88.45389, 21.80899 ], [ 88.45425, 21.8095 ], [ 88.45418, 21.80993 ], [ 88.45236, 21.81196 ], [ 88.45148, 21.81235 ], [ 88.4508, 21.81366 ], [ 88.45084, 21.81401 ], [ 88.45257, 21.81525 ], [ 88.45492, 21.81654 ], [ 88.45524, 21.81646 ], [ 88.45587, 21.81573 ], [ 88.45667, 21.81572 ], [ 88.45763, 21.81624 ], [ 88.45733, 21.81687 ], [ 88.45747, 21.8171 ], [ 88.45857, 21.81757 ], [ 88.459, 21.81726 ], [ 88.45967, 21.81718 ], [ 88.46077, 21.81766 ], [ 88.46067, 21.81808 ], [ 88.46079, 21.81815 ], [ 88.46099, 21.81818 ], [ 88.46127, 21.81787 ], [ 88.46203, 21.81817 ], [ 88.46146, 21.82027 ], [ 88.46151, 21.82059 ], [ 88.46171, 21.82046 ], [ 88.46244, 21.81859 ], [ 88.4626, 21.81854 ], [ 88.46553, 21.8196 ], [ 88.46593, 21.82025 ], [ 88.46654, 21.82057 ], [ 88.4683, 21.82102 ], [ 88.46873, 21.82156 ], [ 88.46876, 21.82193 ], [ 88.46895, 21.82213 ], [ 88.46962, 21.82184 ], [ 88.47105, 21.8237 ], [ 88.47085, 21.82403 ], [ 88.4711, 21.8244 ], [ 88.47159, 21.8243 ], [ 88.47328, 21.82758 ], [ 88.47364, 21.82797 ], [ 88.47435, 21.82952 ], [ 88.47427, 21.82993 ], [ 88.47482, 21.83028 ], [ 88.47543, 21.83226 ], [ 88.47555, 21.83246 ], [ 88.47586, 21.83256 ], [ 88.47676, 21.83384 ], [ 88.47744, 21.83399 ], [ 88.47878, 21.83394 ], [ 88.47953, 21.83454 ], [ 88.48099, 21.83443 ], [ 88.48218, 21.83458 ], [ 88.48492, 21.83443 ], [ 88.48565, 21.83381 ], [ 88.48698, 21.83339 ], [ 88.48786, 21.8339 ], [ 88.48887, 21.83351 ], [ 88.49138, 21.82828 ], [ 88.49384, 21.82566 ], [ 88.49401, 21.82516 ], [ 88.49525, 21.82355 ], [ 88.4962, 21.82282 ], [ 88.49653, 21.82204 ], [ 88.49818, 21.81534 ], [ 88.49823, 21.81423 ], [ 88.49799, 21.8131 ], [ 88.49716, 21.81097 ], [ 88.49643, 21.8097 ], [ 88.49575, 21.80895 ], [ 88.49441, 21.80812 ], [ 88.49044, 21.80486 ], [ 88.48395, 21.801 ], [ 88.48318, 21.80064 ], [ 88.48245, 21.80099 ], [ 88.48161, 21.80112 ], [ 88.48014, 21.80067 ], [ 88.47867, 21.79997 ], [ 88.47685, 21.79991 ], [ 88.4742, 21.80015 ], [ 88.47256, 21.79987 ], [ 88.47043, 21.80019 ], [ 88.46934, 21.80006 ], [ 88.46382, 21.8002 ], [ 88.46303, 21.80117 ], [ 88.46177, 21.80161 ], [ 88.46068, 21.80239 ], [ 88.4592, 21.80249 ], [ 88.45869, 21.80311 ], [ 88.45877, 21.80336 ], [ 88.45858, 21.80369 ] ] ], [ [ [ 88.17448, 21.83787 ], [ 88.17949, 21.83296 ], [ 88.1822, 21.83002 ], [ 88.18376, 21.82775 ], [ 88.184, 21.826 ], [ 88.18386, 21.82454 ], [ 88.18364, 21.82418 ], [ 88.1833, 21.82404 ], [ 88.18216, 21.82401 ], [ 88.18117, 21.82427 ], [ 88.17728, 21.82596 ], [ 88.17622, 21.82703 ], [ 88.17563, 21.82832 ], [ 88.17447, 21.83484 ], [ 88.17383, 21.83765 ], [ 88.17395, 21.83817 ], [ 88.17448, 21.83787 ] ] ], [ [ [ 88.17307, 21.83882 ], [ 88.17334, 21.83772 ], [ 88.17328, 21.83587 ], [ 88.1727, 21.83235 ], [ 88.17246, 21.83212 ], [ 88.17211, 21.83212 ], [ 88.17098, 21.83362 ], [ 88.16968, 21.83597 ], [ 88.16888, 21.83931 ], [ 88.16874, 21.84154 ], [ 88.1692, 21.84147 ], [ 88.17233, 21.83948 ], [ 88.17307, 21.83882 ] ] ], [ [ [ 88.45875, 21.79204 ], [ 88.45799, 21.79292 ], [ 88.45506, 21.79544 ], [ 88.45471, 21.79517 ], [ 88.45492, 21.79552 ], [ 88.45304, 21.79768 ], [ 88.45268, 21.79799 ], [ 88.45203, 21.79822 ], [ 88.45138, 21.79908 ], [ 88.45049, 21.79992 ], [ 88.44894, 21.80083 ], [ 88.44819, 21.80101 ], [ 88.44679, 21.80195 ], [ 88.44578, 21.80324 ], [ 88.44512, 21.80351 ], [ 88.44454, 21.80304 ], [ 88.4441, 21.80292 ], [ 88.44197, 21.80265 ], [ 88.43988, 21.8026 ], [ 88.43631, 21.80188 ], [ 88.43613, 21.80171 ], [ 88.43613, 21.80106 ], [ 88.43386, 21.80045 ], [ 88.43194, 21.80019 ], [ 88.43128, 21.80024 ], [ 88.43029, 21.80076 ], [ 88.4295, 21.80177 ], [ 88.42904, 21.80299 ], [ 88.42895, 21.80427 ], [ 88.42836, 21.80663 ], [ 88.42841, 21.80735 ], [ 88.4281, 21.80809 ], [ 88.42793, 21.81009 ], [ 88.42725, 21.81092 ], [ 88.42636, 21.8115 ], [ 88.42584, 21.81206 ], [ 88.42583, 21.81293 ], [ 88.42494, 21.81292 ], [ 88.42537, 21.81439 ], [ 88.42485, 21.81442 ], [ 88.42459, 21.81426 ], [ 88.42332, 21.81432 ], [ 88.42283, 21.81267 ], [ 88.42213, 21.81253 ], [ 88.42146, 21.81266 ], [ 88.42054, 21.81271 ], [ 88.42045, 21.81253 ], [ 88.42037, 21.8127 ], [ 88.41987, 21.81265 ], [ 88.41779, 21.81157 ], [ 88.41434, 21.80845 ], [ 88.4134, 21.80709 ], [ 88.41154, 21.80501 ], [ 88.40996, 21.8038 ], [ 88.40737, 21.80224 ], [ 88.40519, 21.80014 ], [ 88.40429, 21.79971 ], [ 88.40348, 21.79894 ], [ 88.40321, 21.79899 ], [ 88.40297, 21.79952 ], [ 88.40243, 21.79998 ], [ 88.4029, 21.80267 ], [ 88.40274, 21.80563 ], [ 88.4024, 21.8067 ], [ 88.4019, 21.80763 ], [ 88.40194, 21.80924 ], [ 88.40205, 21.80944 ], [ 88.40227, 21.80949 ], [ 88.40234, 21.80989 ], [ 88.40205, 21.81028 ], [ 88.40168, 21.81042 ], [ 88.40145, 21.81079 ], [ 88.3992, 21.81727 ], [ 88.39905, 21.81831 ], [ 88.39844, 21.81955 ], [ 88.39864, 21.82241 ], [ 88.39749, 21.82235 ], [ 88.39747, 21.82183 ], [ 88.39729, 21.8218 ], [ 88.39716, 21.82267 ], [ 88.39582, 21.82493 ], [ 88.39534, 21.82613 ], [ 88.39403, 21.82848 ], [ 88.39382, 21.83093 ], [ 88.39342, 21.83134 ], [ 88.39348, 21.83163 ], [ 88.39403, 21.83193 ], [ 88.39413, 21.83242 ], [ 88.39365, 21.83403 ], [ 88.39379, 21.83491 ], [ 88.3957, 21.83835 ], [ 88.39542, 21.83939 ], [ 88.39692, 21.84122 ], [ 88.39743, 21.84156 ], [ 88.39821, 21.84272 ], [ 88.39844, 21.84285 ], [ 88.39875, 21.8426 ], [ 88.39899, 21.84264 ], [ 88.39902, 21.84325 ], [ 88.39974, 21.84476 ], [ 88.39972, 21.84535 ], [ 88.39956, 21.8456 ], [ 88.39627, 21.84706 ], [ 88.40005, 21.84574 ], [ 88.40037, 21.84595 ], [ 88.40041, 21.84795 ], [ 88.40138, 21.85121 ], [ 88.40099, 21.85216 ], [ 88.40206, 21.85675 ], [ 88.40187, 21.85708 ], [ 88.40119, 21.85733 ], [ 88.40101, 21.85937 ], [ 88.40064, 21.85954 ], [ 88.40099, 21.85966 ], [ 88.40097, 21.86027 ], [ 88.40034, 21.86414 ], [ 88.40025, 21.86508 ], [ 88.40041, 21.86576 ], [ 88.40038, 21.86745 ], [ 88.40032, 21.86793 ], [ 88.39999, 21.86834 ], [ 88.40002, 21.86992 ], [ 88.39986, 21.87049 ], [ 88.40045, 21.8721 ], [ 88.40208, 21.87493 ], [ 88.40494, 21.87827 ], [ 88.40886, 21.88096 ], [ 88.41008, 21.88203 ], [ 88.41227, 21.88314 ], [ 88.415, 21.88505 ], [ 88.41584, 21.88591 ], [ 88.41654, 21.88572 ], [ 88.41772, 21.88746 ], [ 88.41866, 21.8884 ], [ 88.41905, 21.88928 ], [ 88.41956, 21.8897 ], [ 88.41992, 21.89022 ], [ 88.42064, 21.89201 ], [ 88.42006, 21.89529 ], [ 88.42012, 21.89672 ], [ 88.41963, 21.89773 ], [ 88.41951, 21.89907 ], [ 88.41907, 21.89987 ], [ 88.41903, 21.90026 ], [ 88.41999, 21.90183 ], [ 88.42066, 21.90247 ], [ 88.42117, 21.90272 ], [ 88.42165, 21.90267 ], [ 88.42379, 21.90157 ], [ 88.42409, 21.90169 ], [ 88.42447, 21.90215 ], [ 88.42589, 21.90155 ], [ 88.42598, 21.90133 ], [ 88.42567, 21.9007 ], [ 88.4266, 21.90017 ], [ 88.42911, 21.89917 ], [ 88.43027, 21.89892 ], [ 88.4312, 21.89892 ], [ 88.43188, 21.8991 ], [ 88.43216, 21.90014 ], [ 88.43261, 21.90051 ], [ 88.43318, 21.9005 ], [ 88.43405, 21.90015 ], [ 88.43452, 21.90034 ], [ 88.43538, 21.90033 ], [ 88.43558, 21.90047 ], [ 88.43649, 21.90159 ], [ 88.43791, 21.90268 ], [ 88.43971, 21.90537 ], [ 88.44029, 21.90591 ], [ 88.44078, 21.90593 ], [ 88.44346, 21.90494 ], [ 88.44639, 21.90503 ], [ 88.4474, 21.90491 ], [ 88.4501, 21.90506 ], [ 88.45123, 21.90418 ], [ 88.45156, 21.903 ], [ 88.45227, 21.90175 ], [ 88.45309, 21.89985 ], [ 88.45439, 21.89789 ], [ 88.45685, 21.89513 ], [ 88.45924, 21.89386 ], [ 88.46014, 21.89355 ], [ 88.46072, 21.89356 ], [ 88.46124, 21.89303 ], [ 88.46237, 21.89266 ], [ 88.46848, 21.89155 ], [ 88.4711, 21.89094 ], [ 88.47571, 21.88955 ], [ 88.47585, 21.88878 ], [ 88.476, 21.88862 ], [ 88.47672, 21.88851 ], [ 88.47706, 21.88828 ], [ 88.47825, 21.88839 ], [ 88.47848, 21.88661 ], [ 88.47923, 21.88415 ], [ 88.4788, 21.88372 ], [ 88.4793, 21.8823 ], [ 88.48042, 21.88229 ], [ 88.48274, 21.88282 ], [ 88.48313, 21.88196 ], [ 88.48403, 21.88108 ], [ 88.48478, 21.88071 ], [ 88.48469, 21.87931 ], [ 88.48582, 21.87628 ], [ 88.48609, 21.87487 ], [ 88.48586, 21.87451 ], [ 88.48445, 21.87435 ], [ 88.48439, 21.87421 ], [ 88.48471, 21.87333 ], [ 88.48562, 21.87209 ], [ 88.48599, 21.87131 ], [ 88.48641, 21.86999 ], [ 88.48485, 21.86867 ], [ 88.4848, 21.86816 ], [ 88.48565, 21.86569 ], [ 88.48599, 21.86536 ], [ 88.48619, 21.86397 ], [ 88.48695, 21.8641 ], [ 88.48778, 21.86214 ], [ 88.48839, 21.8603 ], [ 88.48846, 21.85943 ], [ 88.48947, 21.85685 ], [ 88.4899, 21.85448 ], [ 88.48988, 21.85325 ], [ 88.48928, 21.85198 ], [ 88.4897, 21.84944 ], [ 88.48949, 21.84563 ], [ 88.48911, 21.8435 ], [ 88.4891, 21.84191 ], [ 88.48866, 21.84048 ], [ 88.48839, 21.84026 ], [ 88.48772, 21.84043 ], [ 88.4873, 21.83959 ], [ 88.48572, 21.83835 ], [ 88.48466, 21.83873 ], [ 88.48429, 21.83867 ], [ 88.48382, 21.83837 ], [ 88.48143, 21.83872 ], [ 88.47878, 21.83859 ], [ 88.47821, 21.83877 ], [ 88.47529, 21.83783 ], [ 88.47556, 21.8365 ], [ 88.47496, 21.83743 ], [ 88.47465, 21.83759 ], [ 88.47364, 21.83747 ], [ 88.47237, 21.83705 ], [ 88.47169, 21.83601 ], [ 88.47102, 21.83344 ], [ 88.47079, 21.83311 ], [ 88.47035, 21.83291 ], [ 88.46996, 21.83205 ], [ 88.46924, 21.83132 ], [ 88.46878, 21.83018 ], [ 88.46801, 21.83031 ], [ 88.46777, 21.8302 ], [ 88.4667, 21.82783 ], [ 88.46523, 21.82641 ], [ 88.46477, 21.82623 ], [ 88.46384, 21.82536 ], [ 88.46152, 21.82514 ], [ 88.46038, 21.82456 ], [ 88.45825, 21.82421 ], [ 88.45579, 21.82406 ], [ 88.45522, 21.82384 ], [ 88.45354, 21.82206 ], [ 88.45185, 21.82112 ], [ 88.4513, 21.82034 ], [ 88.45036, 21.81982 ], [ 88.44941, 21.8187 ], [ 88.44914, 21.81803 ], [ 88.4489, 21.81797 ], [ 88.44828, 21.81708 ], [ 88.44677, 21.81343 ], [ 88.44657, 21.81114 ], [ 88.44685, 21.81073 ], [ 88.44701, 21.80856 ], [ 88.448, 21.80696 ], [ 88.44865, 21.80537 ], [ 88.44982, 21.80361 ], [ 88.45036, 21.80317 ], [ 88.45047, 21.80269 ], [ 88.45307, 21.80025 ], [ 88.45418, 21.80004 ], [ 88.45581, 21.79877 ], [ 88.45691, 21.7981 ], [ 88.45747, 21.79747 ], [ 88.45867, 21.79686 ], [ 88.45912, 21.79616 ], [ 88.46129, 21.79508 ], [ 88.4612, 21.79444 ], [ 88.462, 21.79418 ], [ 88.46187, 21.79353 ], [ 88.46099, 21.79374 ], [ 88.4605, 21.79185 ], [ 88.4597, 21.79177 ], [ 88.45875, 21.79204 ] ] ], [ [ [ 88.50404, 21.91303 ], [ 88.50625, 21.91338 ], [ 88.50827, 21.91321 ], [ 88.50975, 21.91259 ], [ 88.5103, 21.91219 ], [ 88.51047, 21.91196 ], [ 88.51041, 21.91137 ], [ 88.51025, 21.91108 ], [ 88.50744, 21.90895 ], [ 88.50648, 21.90787 ], [ 88.50516, 21.90569 ], [ 88.50378, 21.90241 ], [ 88.50203, 21.9003 ], [ 88.49985, 21.89824 ], [ 88.49393, 21.89347 ], [ 88.49157, 21.89092 ], [ 88.4905, 21.88928 ], [ 88.48975, 21.88899 ], [ 88.48929, 21.88901 ], [ 88.48642, 21.89186 ], [ 88.48378, 21.89337 ], [ 88.47922, 21.89563 ], [ 88.47741, 21.89742 ], [ 88.47674, 21.89891 ], [ 88.47672, 21.90015 ], [ 88.477, 21.90124 ], [ 88.47867, 21.90377 ], [ 88.47969, 21.90487 ], [ 88.4824, 21.90731 ], [ 88.48406, 21.90835 ], [ 88.4865, 21.9096 ], [ 88.48939, 21.91054 ], [ 88.49169, 21.91111 ], [ 88.50097, 21.91248 ], [ 88.50311, 21.91301 ], [ 88.50404, 21.91303 ] ] ], [ [ [ 88.45594, 21.91242 ], [ 88.45361, 21.90726 ], [ 88.45317, 21.90667 ], [ 88.45216, 21.90608 ], [ 88.4514, 21.90595 ], [ 88.44732, 21.90598 ], [ 88.4462, 21.90613 ], [ 88.4449, 21.9066 ], [ 88.44338, 21.9079 ], [ 88.44231, 21.90836 ], [ 88.44254, 21.90894 ], [ 88.44317, 21.90966 ], [ 88.44489, 21.91071 ], [ 88.44699, 21.91134 ], [ 88.45015, 21.91173 ], [ 88.4528, 21.91281 ], [ 88.45431, 21.91366 ], [ 88.45514, 21.91387 ], [ 88.45564, 21.91381 ], [ 88.45612, 21.91362 ], [ 88.45619, 21.91321 ], [ 88.45594, 21.91242 ] ] ], [ [ [ 88.13917, 21.91615 ], [ 88.13915, 21.91598 ], [ 88.1394, 21.91593 ], [ 88.14062, 21.91419 ], [ 88.14081, 21.91349 ], [ 88.14016, 21.91191 ], [ 88.13871, 21.90946 ], [ 88.13714, 21.90777 ], [ 88.13638, 21.9064 ], [ 88.13506, 21.90463 ], [ 88.13466, 21.90455 ], [ 88.13375, 21.90375 ], [ 88.1332, 21.90369 ], [ 88.13125, 21.90262 ], [ 88.13045, 21.90191 ], [ 88.12933, 21.90163 ], [ 88.12847, 21.90189 ], [ 88.12699, 21.90263 ], [ 88.12683, 21.90333 ], [ 88.12532, 21.90651 ], [ 88.12278, 21.90872 ], [ 88.11874, 21.91346 ], [ 88.11761, 21.91556 ], [ 88.11764, 21.9157 ], [ 88.11796, 21.91583 ], [ 88.11826, 21.91661 ], [ 88.11814, 21.91731 ], [ 88.11758, 21.91763 ], [ 88.11898, 21.91924 ], [ 88.11948, 21.91942 ], [ 88.11954, 21.91966 ], [ 88.12027, 21.92025 ], [ 88.12102, 21.92046 ], [ 88.12163, 21.92094 ], [ 88.12201, 21.92153 ], [ 88.1244, 21.92348 ], [ 88.12643, 21.92462 ], [ 88.12869, 21.92501 ], [ 88.12918, 21.92488 ], [ 88.13339, 21.92072 ], [ 88.13917, 21.91615 ] ] ], [ [ [ 88.1676, 21.93503 ], [ 88.17086, 21.93284 ], [ 88.17116, 21.93203 ], [ 88.17135, 21.93079 ], [ 88.171, 21.92857 ], [ 88.16958, 21.92501 ], [ 88.1685, 21.92297 ], [ 88.16663, 21.92054 ], [ 88.16565, 21.92157 ], [ 88.16525, 21.92227 ], [ 88.16353, 21.92623 ], [ 88.16278, 21.92858 ], [ 88.16174, 21.93505 ], [ 88.1618, 21.93754 ], [ 88.16209, 21.93757 ], [ 88.163, 21.93722 ], [ 88.1676, 21.93503 ] ] ], [ [ [ 88.62052, 22.02502 ], [ 88.61964, 22.02423 ], [ 88.61966, 22.02399 ], [ 88.61937, 22.02364 ], [ 88.61883, 22.02347 ], [ 88.61764, 22.02166 ], [ 88.61332, 22.01354 ], [ 88.61298, 22.01226 ], [ 88.60973, 22.00783 ], [ 88.60959, 22.00689 ], [ 88.60873, 22.00564 ], [ 88.60817, 22.00432 ], [ 88.60541, 22.0001 ], [ 88.60468, 21.99866 ], [ 88.60407, 21.99828 ], [ 88.60403, 21.99783 ], [ 88.60379, 21.99751 ], [ 88.6026, 21.99686 ], [ 88.60176, 21.99605 ], [ 88.60147, 21.99404 ], [ 88.5991, 21.9905 ], [ 88.59841, 21.99003 ], [ 88.59683, 21.98988 ], [ 88.59637, 21.98937 ], [ 88.59574, 21.98772 ], [ 88.59517, 21.98734 ], [ 88.59495, 21.98725 ], [ 88.59373, 21.9875 ], [ 88.58785, 21.98988 ], [ 88.58725, 21.98985 ], [ 88.58562, 21.98916 ], [ 88.58524, 21.98972 ], [ 88.58471, 21.99148 ], [ 88.58482, 21.99179 ], [ 88.58463, 21.99234 ], [ 88.58417, 21.99309 ], [ 88.58359, 21.99349 ], [ 88.5815, 21.99578 ], [ 88.58037, 21.99668 ], [ 88.57983, 21.99692 ], [ 88.57982, 21.9977 ], [ 88.57948, 21.99796 ], [ 88.57871, 21.99732 ], [ 88.57771, 21.99789 ], [ 88.57544, 21.99879 ], [ 88.56605, 22.0012 ], [ 88.56226, 22.00277 ], [ 88.5588, 22.00451 ], [ 88.55832, 22.00482 ], [ 88.5582, 22.00533 ], [ 88.55802, 22.0054 ], [ 88.55774, 22.00507 ], [ 88.55755, 22.00509 ], [ 88.55576, 22.00603 ], [ 88.5555, 22.00585 ], [ 88.55464, 22.00571 ], [ 88.55426, 22.00546 ], [ 88.55281, 22.00368 ], [ 88.55241, 22.00287 ], [ 88.55098, 22.00143 ], [ 88.55057, 22.0008 ], [ 88.54998, 21.99963 ], [ 88.54983, 21.99881 ], [ 88.54879, 21.99611 ], [ 88.54626, 21.99098 ], [ 88.54541, 21.98848 ], [ 88.54383, 21.98489 ], [ 88.54206, 21.98197 ], [ 88.54095, 21.98075 ], [ 88.53955, 21.97979 ], [ 88.53876, 21.97958 ], [ 88.53713, 21.97961 ], [ 88.53641, 21.9798 ], [ 88.53477, 21.98061 ], [ 88.53173, 21.98295 ], [ 88.53019, 21.98455 ], [ 88.5277, 21.98771 ], [ 88.52596, 21.98884 ], [ 88.52473, 21.98946 ], [ 88.52342, 21.98982 ], [ 88.52192, 21.98997 ], [ 88.52001, 21.98988 ], [ 88.51875, 21.98958 ], [ 88.51689, 21.98876 ], [ 88.51519, 21.98912 ], [ 88.51327, 21.98803 ], [ 88.51336, 21.98783 ], [ 88.51311, 21.98737 ], [ 88.51101, 21.98588 ], [ 88.50856, 21.98458 ], [ 88.507, 21.98439 ], [ 88.50311, 21.98173 ], [ 88.5017, 21.98019 ], [ 88.49955, 21.97841 ], [ 88.49921, 21.97828 ], [ 88.4965, 21.97575 ], [ 88.49508, 21.97356 ], [ 88.49365, 21.9719 ], [ 88.49046, 21.96635 ], [ 88.48991, 21.96309 ], [ 88.48983, 21.96143 ], [ 88.49002, 21.96035 ], [ 88.49044, 21.95925 ], [ 88.49126, 21.95777 ], [ 88.49226, 21.95689 ], [ 88.49272, 21.95612 ], [ 88.49333, 21.95612 ], [ 88.49448, 21.95545 ], [ 88.49432, 21.95498 ], [ 88.49473, 21.95433 ], [ 88.4965, 21.95364 ], [ 88.49696, 21.95298 ], [ 88.49742, 21.95267 ], [ 88.4996, 21.95235 ], [ 88.50019, 21.952 ], [ 88.50814, 21.94904 ], [ 88.51329, 21.94674 ], [ 88.51648, 21.94505 ], [ 88.519, 21.94328 ], [ 88.51995, 21.94239 ], [ 88.52122, 21.94072 ], [ 88.52183, 21.93937 ], [ 88.52225, 21.93789 ], [ 88.52254, 21.93198 ], [ 88.52181, 21.92357 ], [ 88.52152, 21.91805 ], [ 88.52102, 21.91581 ], [ 88.52042, 21.91503 ], [ 88.51906, 21.91405 ], [ 88.5172, 21.9134 ], [ 88.51519, 21.91295 ], [ 88.51399, 21.913 ], [ 88.51094, 21.91387 ], [ 88.50838, 21.9144 ], [ 88.50472, 21.9147 ], [ 88.50328, 21.9146 ], [ 88.50135, 21.91426 ], [ 88.49306, 21.91336 ], [ 88.48829, 21.91212 ], [ 88.48601, 21.91136 ], [ 88.4838, 21.91043 ], [ 88.4827, 21.91017 ], [ 88.4817, 21.90939 ], [ 88.48072, 21.90909 ], [ 88.4804, 21.90878 ], [ 88.47983, 21.90877 ], [ 88.47932, 21.9078 ], [ 88.47905, 21.90763 ], [ 88.47833, 21.9066 ], [ 88.4778, 21.90652 ], [ 88.47694, 21.90581 ], [ 88.47686, 21.90554 ], [ 88.477, 21.90512 ], [ 88.47613, 21.90367 ], [ 88.47546, 21.90157 ], [ 88.47482, 21.90132 ], [ 88.47456, 21.90095 ], [ 88.47454, 21.90073 ], [ 88.47488, 21.90012 ], [ 88.47466, 21.89928 ], [ 88.47432, 21.89886 ], [ 88.47429, 21.89712 ], [ 88.47414, 21.89651 ], [ 88.47384, 21.89622 ], [ 88.47266, 21.8964 ], [ 88.47202, 21.89681 ], [ 88.47093, 21.89672 ], [ 88.47042, 21.89682 ], [ 88.46936, 21.898 ], [ 88.46866, 21.89825 ], [ 88.46501, 21.89809 ], [ 88.462, 21.89851 ], [ 88.46116, 21.89814 ], [ 88.46069, 21.89747 ], [ 88.46079, 21.89821 ], [ 88.4597, 21.89848 ], [ 88.45866, 21.89977 ], [ 88.45796, 21.90015 ], [ 88.45713, 21.901 ], [ 88.45665, 21.9011 ], [ 88.4561, 21.9029 ], [ 88.45618, 21.90421 ], [ 88.4567, 21.90454 ], [ 88.45757, 21.90763 ], [ 88.4581, 21.90856 ], [ 88.45879, 21.90908 ], [ 88.4539, 21.91763 ], [ 88.45371, 21.91695 ], [ 88.45258, 21.91621 ], [ 88.45133, 21.91513 ], [ 88.45005, 21.91424 ], [ 88.44881, 21.91384 ], [ 88.44764, 21.91288 ], [ 88.44597, 21.91232 ], [ 88.44332, 21.91229 ], [ 88.44266, 21.91205 ], [ 88.4426, 21.91168 ], [ 88.44218, 21.91204 ], [ 88.44104, 21.91193 ], [ 88.43741, 21.90976 ], [ 88.43685, 21.90875 ], [ 88.43629, 21.90856 ], [ 88.43589, 21.90823 ], [ 88.43478, 21.90809 ], [ 88.43479, 21.90781 ], [ 88.43517, 21.90756 ], [ 88.43399, 21.90552 ], [ 88.43352, 21.90541 ], [ 88.43248, 21.90344 ], [ 88.43145, 21.90357 ], [ 88.43041, 21.9041 ], [ 88.42683, 21.90721 ], [ 88.42544, 21.90816 ], [ 88.42344, 21.90852 ], [ 88.42149, 21.90825 ], [ 88.42078, 21.90795 ], [ 88.41989, 21.90742 ], [ 88.41873, 21.90622 ], [ 88.41717, 21.90523 ], [ 88.4161, 21.90407 ], [ 88.41596, 21.90364 ], [ 88.41584, 21.90065 ], [ 88.41595, 21.89995 ], [ 88.41553, 21.89962 ], [ 88.41538, 21.89902 ], [ 88.41551, 21.89434 ], [ 88.41367, 21.88972 ], [ 88.41293, 21.88951 ], [ 88.41266, 21.88901 ], [ 88.41086, 21.88741 ], [ 88.40917, 21.88645 ], [ 88.4074, 21.88588 ], [ 88.4074, 21.88551 ], [ 88.40709, 21.88583 ], [ 88.40559, 21.88552 ], [ 88.40516, 21.88573 ], [ 88.39733, 21.8848 ], [ 88.3977, 21.88458 ], [ 88.39696, 21.88448 ], [ 88.39536, 21.88188 ], [ 88.39405, 21.88024 ], [ 88.39337, 21.87958 ], [ 88.3928, 21.87935 ], [ 88.39155, 21.87825 ], [ 88.39116, 21.87764 ], [ 88.39081, 21.87705 ], [ 88.39013, 21.87435 ], [ 88.38893, 21.87099 ], [ 88.38892, 21.87037 ], [ 88.38951, 21.87006 ], [ 88.38976, 21.86975 ], [ 88.38983, 21.8693 ], [ 88.38975, 21.8683 ], [ 88.38943, 21.86823 ], [ 88.38933, 21.8679 ], [ 88.38938, 21.86759 ], [ 88.38993, 21.86723 ], [ 88.38986, 21.86478 ], [ 88.38943, 21.86404 ], [ 88.38939, 21.86366 ], [ 88.3899, 21.86337 ], [ 88.39015, 21.86222 ], [ 88.39081, 21.86102 ], [ 88.39062, 21.86013 ], [ 88.39132, 21.86001 ], [ 88.39111, 21.85967 ], [ 88.39173, 21.85829 ], [ 88.39188, 21.85754 ], [ 88.39222, 21.85701 ], [ 88.39232, 21.85637 ], [ 88.39258, 21.85627 ], [ 88.39255, 21.85608 ], [ 88.39221, 21.85597 ], [ 88.39218, 21.85558 ], [ 88.39313, 21.85556 ], [ 88.39373, 21.85409 ], [ 88.393, 21.85225 ], [ 88.39128, 21.84952 ], [ 88.38977, 21.8479 ], [ 88.38963, 21.84725 ], [ 88.38905, 21.8476 ], [ 88.38871, 21.84753 ], [ 88.38592, 21.84816 ], [ 88.38639, 21.84497 ], [ 88.38628, 21.8431 ], [ 88.38617, 21.84273 ], [ 88.38572, 21.84237 ], [ 88.38499, 21.84 ], [ 88.3832, 21.8364 ], [ 88.38309, 21.83599 ], [ 88.3835, 21.83547 ], [ 88.38306, 21.8327 ], [ 88.38323, 21.83112 ], [ 88.38296, 21.83034 ], [ 88.38324, 21.83005 ], [ 88.38326, 21.82961 ], [ 88.38372, 21.82965 ], [ 88.38385, 21.82849 ], [ 88.38417, 21.82836 ], [ 88.38482, 21.82839 ], [ 88.3849, 21.82826 ], [ 88.38551, 21.82504 ], [ 88.38546, 21.82454 ], [ 88.38496, 21.82451 ], [ 88.38511, 21.8237 ], [ 88.38552, 21.82366 ], [ 88.38573, 21.82341 ], [ 88.3866, 21.82332 ], [ 88.38659, 21.82295 ], [ 88.38566, 21.82284 ], [ 88.38548, 21.82269 ], [ 88.38618, 21.82088 ], [ 88.3876, 21.821 ], [ 88.38762, 21.81967 ], [ 88.38662, 21.8194 ], [ 88.38672, 21.81889 ], [ 88.38746, 21.81842 ], [ 88.38897, 21.8188 ], [ 88.38813, 21.81816 ], [ 88.38887, 21.81652 ], [ 88.38982, 21.81334 ], [ 88.39016, 21.80982 ], [ 88.39073, 21.80955 ], [ 88.39093, 21.80817 ], [ 88.39054, 21.80678 ], [ 88.38923, 21.80537 ], [ 88.3891, 21.80441 ], [ 88.39065, 21.80426 ], [ 88.39093, 21.8015 ], [ 88.39043, 21.79975 ], [ 88.39012, 21.79913 ], [ 88.38956, 21.79849 ], [ 88.38914, 21.79839 ], [ 88.38523, 21.79468 ], [ 88.38464, 21.79441 ], [ 88.38436, 21.79371 ], [ 88.38386, 21.79326 ], [ 88.38302, 21.79281 ], [ 88.38011, 21.79316 ], [ 88.37955, 21.79338 ], [ 88.37731, 21.79484 ], [ 88.37266, 21.79633 ], [ 88.36837, 21.79704 ], [ 88.36584, 21.79768 ], [ 88.36537, 21.79771 ], [ 88.36505, 21.79742 ], [ 88.36502, 21.79776 ], [ 88.36452, 21.79832 ], [ 88.36432, 21.80297 ], [ 88.36517, 21.80423 ], [ 88.36522, 21.80553 ], [ 88.36557, 21.80697 ], [ 88.36548, 21.80832 ], [ 88.3656, 21.80863 ], [ 88.36529, 21.81002 ], [ 88.36509, 21.81032 ], [ 88.36191, 21.81225 ], [ 88.36029, 21.81439 ], [ 88.35961, 21.816 ], [ 88.35919, 21.81607 ], [ 88.35958, 21.81631 ], [ 88.35952, 21.81668 ], [ 88.35855, 21.81843 ], [ 88.35721, 21.82184 ], [ 88.35578, 21.82647 ], [ 88.35537, 21.82647 ], [ 88.35521, 21.827 ], [ 88.35517, 21.82719 ], [ 88.35543, 21.82758 ], [ 88.35511, 21.82846 ], [ 88.35489, 21.83058 ], [ 88.35529, 21.83232 ], [ 88.35568, 21.83296 ], [ 88.35578, 21.83459 ], [ 88.35608, 21.83613 ], [ 88.356, 21.83649 ], [ 88.35685, 21.84134 ], [ 88.35768, 21.84197 ], [ 88.35838, 21.84324 ], [ 88.35849, 21.84376 ], [ 88.35662, 21.84538 ], [ 88.35706, 21.84742 ], [ 88.35705, 21.85076 ], [ 88.35699, 21.85149 ], [ 88.35663, 21.85248 ], [ 88.35648, 21.85398 ], [ 88.35778, 21.85606 ], [ 88.35914, 21.85727 ], [ 88.36015, 21.85925 ], [ 88.36025, 21.86003 ], [ 88.361, 21.86036 ], [ 88.36147, 21.86108 ], [ 88.36182, 21.86178 ], [ 88.36203, 21.8628 ], [ 88.36305, 21.86412 ], [ 88.3642, 21.86672 ], [ 88.36522, 21.86827 ], [ 88.36483, 21.86852 ], [ 88.36496, 21.86879 ], [ 88.36461, 21.86898 ], [ 88.36496, 21.86979 ], [ 88.36537, 21.86971 ], [ 88.36715, 21.87287 ], [ 88.36653, 21.87371 ], [ 88.36724, 21.87504 ], [ 88.36762, 21.87639 ], [ 88.36789, 21.87679 ], [ 88.36813, 21.8768 ], [ 88.36824, 21.87699 ], [ 88.36792, 21.87724 ], [ 88.368, 21.87915 ], [ 88.36845, 21.88036 ], [ 88.36889, 21.88391 ], [ 88.36913, 21.88464 ], [ 88.36921, 21.88924 ], [ 88.3697, 21.8903 ], [ 88.37005, 21.8934 ], [ 88.3708, 21.89401 ], [ 88.37099, 21.89443 ], [ 88.37053, 21.89478 ], [ 88.37068, 21.89632 ], [ 88.37042, 21.90045 ], [ 88.36914, 21.90482 ], [ 88.36914, 21.9055 ], [ 88.36866, 21.90638 ], [ 88.3682, 21.90665 ], [ 88.36681, 21.9096 ], [ 88.36684, 21.91029 ], [ 88.36631, 21.91104 ], [ 88.36627, 21.91213 ], [ 88.36557, 21.91222 ], [ 88.36533, 21.91282 ], [ 88.36513, 21.91453 ], [ 88.36419, 21.91495 ], [ 88.36289, 21.91674 ], [ 88.36218, 21.91848 ], [ 88.3618, 21.91873 ], [ 88.36129, 21.91973 ], [ 88.36095, 21.92017 ], [ 88.36009, 21.92067 ], [ 88.35965, 21.92139 ], [ 88.35873, 21.92241 ], [ 88.35871, 21.9231 ], [ 88.35779, 21.92329 ], [ 88.35782, 21.92351 ], [ 88.35858, 21.92346 ], [ 88.35853, 21.92414 ], [ 88.35724, 21.92414 ], [ 88.357, 21.92424 ], [ 88.35535, 21.92575 ], [ 88.35515, 21.92626 ], [ 88.35466, 21.92632 ], [ 88.35341, 21.92734 ], [ 88.35244, 21.92838 ], [ 88.35196, 21.92848 ], [ 88.35115, 21.92901 ], [ 88.35009, 21.93007 ], [ 88.34933, 21.93141 ], [ 88.3487, 21.93318 ], [ 88.34792, 21.93332 ], [ 88.34823, 21.93921 ], [ 88.34816, 21.94055 ], [ 88.34756, 21.94333 ], [ 88.34763, 21.94356 ], [ 88.34869, 21.94429 ], [ 88.34877, 21.94461 ], [ 88.34874, 21.94676 ], [ 88.34939, 21.94754 ], [ 88.34871, 21.94829 ], [ 88.34979, 21.94774 ], [ 88.3507, 21.94795 ], [ 88.35203, 21.9485 ], [ 88.35237, 21.94841 ], [ 88.3525, 21.94871 ], [ 88.35281, 21.94886 ], [ 88.35341, 21.94884 ], [ 88.35417, 21.94948 ], [ 88.35504, 21.94995 ], [ 88.35328, 21.95014 ], [ 88.35209, 21.95011 ], [ 88.34845, 21.94876 ], [ 88.34701, 21.94771 ], [ 88.34655, 21.94715 ], [ 88.34591, 21.94597 ], [ 88.34579, 21.94503 ], [ 88.34619, 21.94293 ], [ 88.34704, 21.9403 ], [ 88.34682, 21.93942 ], [ 88.34583, 21.93902 ], [ 88.34579, 21.93888 ], [ 88.34607, 21.93819 ], [ 88.34597, 21.93751 ], [ 88.34649, 21.93638 ], [ 88.34681, 21.93439 ], [ 88.34681, 21.93392 ], [ 88.34658, 21.9335 ], [ 88.34677, 21.93124 ], [ 88.34646, 21.93104 ], [ 88.34742, 21.92888 ], [ 88.34834, 21.9283 ], [ 88.34934, 21.92707 ], [ 88.3506, 21.9266 ], [ 88.35118, 21.92545 ], [ 88.35454, 21.92283 ], [ 88.35473, 21.9219 ], [ 88.35521, 21.9219 ], [ 88.35574, 21.92169 ], [ 88.35692, 21.92234 ], [ 88.35724, 21.92245 ], [ 88.35751, 21.92234 ], [ 88.35671, 21.92186 ], [ 88.35654, 21.9213 ], [ 88.3581, 21.92015 ], [ 88.35906, 21.91906 ], [ 88.36053, 21.91483 ], [ 88.36176, 21.91332 ], [ 88.36287, 21.91109 ], [ 88.3643, 21.9089 ], [ 88.36473, 21.90856 ], [ 88.3647, 21.90811 ], [ 88.36525, 21.90641 ], [ 88.36543, 21.90422 ], [ 88.3658, 21.90247 ], [ 88.36573, 21.89723 ], [ 88.36592, 21.89712 ], [ 88.36672, 21.89722 ], [ 88.36688, 21.89713 ], [ 88.36644, 21.89266 ], [ 88.36653, 21.89243 ], [ 88.36744, 21.89172 ], [ 88.36781, 21.89079 ], [ 88.36769, 21.89067 ], [ 88.36684, 21.89068 ], [ 88.36642, 21.89047 ], [ 88.36585, 21.88982 ], [ 88.36559, 21.88742 ], [ 88.36482, 21.88388 ], [ 88.36531, 21.88318 ], [ 88.36501, 21.88293 ], [ 88.36464, 21.88286 ], [ 88.36439, 21.88251 ], [ 88.36176, 21.8748 ], [ 88.36134, 21.87271 ], [ 88.36118, 21.8725 ], [ 88.36006, 21.87215 ], [ 88.35914, 21.86999 ], [ 88.35722, 21.86285 ], [ 88.35682, 21.86221 ], [ 88.35623, 21.86157 ], [ 88.35627, 21.8621 ], [ 88.35578, 21.86225 ], [ 88.35533, 21.86213 ], [ 88.35457, 21.86161 ], [ 88.35449, 21.86118 ], [ 88.35481, 21.8599 ], [ 88.35313, 21.86015 ], [ 88.35317, 21.85924 ], [ 88.3523, 21.85907 ], [ 88.35071, 21.85898 ], [ 88.34682, 21.85932 ], [ 88.34352, 21.85995 ], [ 88.34329, 21.86049 ], [ 88.34273, 21.86006 ], [ 88.34181, 21.86046 ], [ 88.3408, 21.86065 ], [ 88.34059, 21.86096 ], [ 88.33989, 21.86125 ], [ 88.33662, 21.86218 ], [ 88.33633, 21.86247 ], [ 88.33422, 21.86265 ], [ 88.33146, 21.86255 ], [ 88.33023, 21.86272 ], [ 88.32724, 21.86272 ], [ 88.32198, 21.86206 ], [ 88.3211, 21.8618 ], [ 88.32085, 21.86136 ], [ 88.31854, 21.86063 ], [ 88.31546, 21.8594 ], [ 88.31417, 21.85866 ], [ 88.31209, 21.85686 ], [ 88.31061, 21.85588 ], [ 88.31028, 21.85582 ], [ 88.31003, 21.85604 ], [ 88.30742, 21.85322 ], [ 88.31014, 21.8507 ], [ 88.31085, 21.84974 ], [ 88.31111, 21.8488 ], [ 88.31123, 21.84711 ], [ 88.31104, 21.84443 ], [ 88.31116, 21.84393 ], [ 88.31191, 21.84316 ], [ 88.31199, 21.84282 ], [ 88.31235, 21.84259 ], [ 88.31223, 21.8424 ], [ 88.31121, 21.84253 ], [ 88.31087, 21.84242 ], [ 88.30971, 21.83862 ], [ 88.30903, 21.83697 ], [ 88.30873, 21.83673 ], [ 88.30704, 21.83643 ], [ 88.30617, 21.83646 ], [ 88.30404, 21.83712 ], [ 88.3035, 21.83822 ], [ 88.3025, 21.83799 ], [ 88.3003, 21.83785 ], [ 88.30009, 21.83827 ], [ 88.30026, 21.83857 ], [ 88.29992, 21.83867 ], [ 88.29711, 21.83809 ], [ 88.29476, 21.83785 ], [ 88.29186, 21.83706 ], [ 88.28991, 21.83688 ], [ 88.28535, 21.83515 ], [ 88.28437, 21.83508 ], [ 88.28273, 21.83417 ], [ 88.28205, 21.83341 ], [ 88.28141, 21.83305 ], [ 88.27666, 21.8317 ], [ 88.27453, 21.83085 ], [ 88.27028, 21.82858 ], [ 88.26758, 21.82617 ], [ 88.26551, 21.82375 ], [ 88.26448, 21.82284 ], [ 88.26272, 21.82155 ], [ 88.25835, 21.8188 ], [ 88.25565, 21.81672 ], [ 88.25386, 21.81473 ], [ 88.25386, 21.81442 ], [ 88.2532, 21.81294 ], [ 88.2518, 21.80607 ], [ 88.25162, 21.80456 ], [ 88.25163, 21.80058 ], [ 88.25268, 21.79228 ], [ 88.25342, 21.78838 ], [ 88.25321, 21.78755 ], [ 88.25352, 21.78511 ], [ 88.25384, 21.78385 ], [ 88.25467, 21.78226 ], [ 88.25769, 21.77948 ], [ 88.25853, 21.77912 ], [ 88.2592, 21.77856 ], [ 88.25974, 21.77771 ], [ 88.26203, 21.77509 ], [ 88.2639, 21.77322 ], [ 88.26626, 21.77032 ], [ 88.26762, 21.76807 ], [ 88.26941, 21.766 ], [ 88.27044, 21.76505 ], [ 88.27316, 21.76327 ], [ 88.27435, 21.76207 ], [ 88.2747, 21.76242 ], [ 88.27506, 21.7622 ], [ 88.27477, 21.7617 ], [ 88.27739, 21.75985 ], [ 88.2776, 21.75991 ], [ 88.27785, 21.76031 ], [ 88.27814, 21.76032 ], [ 88.2786, 21.76 ], [ 88.27867, 21.75971 ], [ 88.27844, 21.75915 ], [ 88.27952, 21.75806 ], [ 88.27981, 21.75744 ], [ 88.27994, 21.75664 ], [ 88.27956, 21.75264 ], [ 88.27938, 21.75252 ], [ 88.27892, 21.75256 ], [ 88.27884, 21.75244 ], [ 88.2789, 21.7521 ], [ 88.27953, 21.75194 ], [ 88.27931, 21.75114 ], [ 88.27849, 21.75097 ], [ 88.27665, 21.74636 ], [ 88.27492, 21.74373 ], [ 88.27364, 21.74092 ], [ 88.27288, 21.73975 ], [ 88.27193, 21.73691 ], [ 88.27168, 21.73671 ], [ 88.27163, 21.73645 ], [ 88.27145, 21.73529 ], [ 88.27148, 21.73411 ], [ 88.27126, 21.73301 ], [ 88.27134, 21.73129 ], [ 88.26992, 21.73079 ], [ 88.26555, 21.73032 ], [ 88.26371, 21.73073 ], [ 88.26323, 21.73093 ], [ 88.26299, 21.73136 ], [ 88.26409, 21.73358 ], [ 88.26522, 21.73506 ], [ 88.26648, 21.73626 ], [ 88.26811, 21.7382 ], [ 88.27049, 21.74161 ], [ 88.27175, 21.74409 ], [ 88.27323, 21.74907 ], [ 88.27393, 21.74981 ], [ 88.27459, 21.75106 ], [ 88.27518, 21.75281 ], [ 88.27513, 21.75401 ], [ 88.27466, 21.7551 ], [ 88.27285, 21.75658 ], [ 88.2719, 21.75706 ], [ 88.27032, 21.75733 ], [ 88.26785, 21.75746 ], [ 88.26622, 21.75729 ], [ 88.25754, 21.75756 ], [ 88.25575, 21.75775 ], [ 88.25165, 21.75833 ], [ 88.24133, 21.76027 ], [ 88.24004, 21.76029 ], [ 88.23947, 21.76057 ], [ 88.23741, 21.76074 ], [ 88.23495, 21.76137 ], [ 88.23235, 21.76255 ], [ 88.23137, 21.76344 ], [ 88.23121, 21.76398 ], [ 88.23087, 21.76424 ], [ 88.22988, 21.76427 ], [ 88.22933, 21.76355 ], [ 88.22248, 21.7637 ], [ 88.2201, 21.76388 ], [ 88.21997, 21.76421 ], [ 88.22004, 21.76507 ], [ 88.21991, 21.76619 ], [ 88.2202, 21.76788 ], [ 88.22009, 21.76847 ], [ 88.22047, 21.77022 ], [ 88.22047, 21.77124 ], [ 88.22037, 21.77185 ], [ 88.21959, 21.77264 ], [ 88.21957, 21.77404 ], [ 88.22007, 21.77632 ], [ 88.22002, 21.77711 ], [ 88.21938, 21.77972 ], [ 88.21693, 21.78503 ], [ 88.21654, 21.78631 ], [ 88.21624, 21.7868 ], [ 88.21576, 21.78719 ], [ 88.21512, 21.78746 ], [ 88.21411, 21.78893 ], [ 88.21402, 21.78977 ], [ 88.2136, 21.79046 ], [ 88.2135, 21.79102 ], [ 88.21392, 21.79151 ], [ 88.21385, 21.79174 ], [ 88.21359, 21.79189 ], [ 88.21377, 21.79212 ], [ 88.21309, 21.79431 ], [ 88.2128, 21.79469 ], [ 88.21261, 21.79601 ], [ 88.21221, 21.79667 ], [ 88.2117, 21.79829 ], [ 88.21163, 21.79865 ], [ 88.21183, 21.79877 ], [ 88.21174, 21.79958 ], [ 88.21079, 21.80231 ], [ 88.2105, 21.8024 ], [ 88.20976, 21.8045 ], [ 88.20851, 21.80693 ], [ 88.20694, 21.8087 ], [ 88.20664, 21.80966 ], [ 88.2068, 21.80991 ], [ 88.20595, 21.81157 ], [ 88.20519, 21.81269 ], [ 88.20506, 21.81328 ], [ 88.20518, 21.814 ], [ 88.20458, 21.8149 ], [ 88.20466, 21.81534 ], [ 88.20438, 21.81644 ], [ 88.20364, 21.81767 ], [ 88.20286, 21.821 ], [ 88.19877, 21.831 ], [ 88.19758, 21.83341 ], [ 88.19522, 21.83738 ], [ 88.19135, 21.84136 ], [ 88.18296, 21.84953 ], [ 88.17801, 21.85411 ], [ 88.17646, 21.856 ], [ 88.17219, 21.86302 ], [ 88.17123, 21.86436 ], [ 88.17115, 21.86572 ], [ 88.17184, 21.86858 ], [ 88.17057, 21.8701 ], [ 88.17022, 21.87024 ], [ 88.16959, 21.87019 ], [ 88.16873, 21.8712 ], [ 88.16867, 21.87143 ], [ 88.16941, 21.87217 ], [ 88.16938, 21.87228 ], [ 88.16874, 21.87306 ], [ 88.16878, 21.87345 ], [ 88.16861, 21.87376 ], [ 88.16812, 21.8735 ], [ 88.16654, 21.87578 ], [ 88.16652, 21.87596 ], [ 88.16742, 21.87656 ], [ 88.16731, 21.87699 ], [ 88.16666, 21.87747 ], [ 88.16629, 21.87738 ], [ 88.16574, 21.87904 ], [ 88.16564, 21.87917 ], [ 88.16533, 21.879 ], [ 88.16507, 21.87926 ], [ 88.16523, 21.87945 ], [ 88.16496, 21.87988 ], [ 88.1651, 21.88024 ], [ 88.16439, 21.88136 ], [ 88.16434, 21.88215 ], [ 88.16481, 21.88238 ], [ 88.16492, 21.88258 ], [ 88.16516, 21.88668 ], [ 88.1653, 21.88684 ], [ 88.16543, 21.88843 ], [ 88.16559, 21.88886 ], [ 88.16644, 21.88944 ], [ 88.16652, 21.88978 ], [ 88.16639, 21.89042 ], [ 88.1666, 21.89065 ], [ 88.16693, 21.89069 ], [ 88.16761, 21.89217 ], [ 88.16851, 21.89505 ], [ 88.16887, 21.89547 ], [ 88.16884, 21.89619 ], [ 88.16919, 21.89649 ], [ 88.16964, 21.8976 ], [ 88.16965, 21.89799 ], [ 88.16947, 21.89823 ], [ 88.17008, 21.89971 ], [ 88.17031, 21.8998 ], [ 88.17067, 21.90127 ], [ 88.17134, 21.90267 ], [ 88.17152, 21.9044 ], [ 88.17219, 21.90653 ], [ 88.17313, 21.90869 ], [ 88.17357, 21.90918 ], [ 88.17475, 21.91174 ], [ 88.1753, 21.91459 ], [ 88.17603, 21.91666 ], [ 88.17699, 21.92073 ], [ 88.17742, 21.92194 ], [ 88.17795, 21.92507 ], [ 88.17806, 21.92769 ], [ 88.17699, 21.93197 ], [ 88.176, 21.93403 ], [ 88.17546, 21.93476 ], [ 88.17384, 21.93634 ], [ 88.17165, 21.93782 ], [ 88.1701, 21.93928 ], [ 88.16963, 21.9399 ], [ 88.1686, 21.94037 ], [ 88.168, 21.94088 ], [ 88.16765, 21.94089 ], [ 88.16699, 21.94123 ], [ 88.16505, 21.94262 ], [ 88.16101, 21.94694 ], [ 88.15963, 21.94863 ], [ 88.15908, 21.9496 ], [ 88.1584, 21.95141 ], [ 88.15745, 21.95277 ], [ 88.1572, 21.95359 ], [ 88.15678, 21.95423 ], [ 88.1568, 21.95535 ], [ 88.15637, 21.95604 ], [ 88.15524, 21.95705 ], [ 88.15479, 21.95819 ], [ 88.15497, 21.95911 ], [ 88.15477, 21.95933 ], [ 88.15492, 21.95963 ], [ 88.15734, 21.96196 ], [ 88.1578, 21.96208 ], [ 88.15807, 21.9628 ], [ 88.15987, 21.9656 ], [ 88.16181, 21.96782 ], [ 88.16299, 21.96876 ], [ 88.16375, 21.96885 ], [ 88.16458, 21.9692 ], [ 88.16527, 21.96983 ], [ 88.16708, 21.97089 ], [ 88.16754, 21.97107 ], [ 88.16854, 21.9711 ], [ 88.17037, 21.97187 ], [ 88.17154, 21.97348 ], [ 88.173, 21.97493 ], [ 88.17421, 21.97644 ], [ 88.17785, 21.97993 ], [ 88.1792, 21.9819 ], [ 88.18147, 21.98445 ], [ 88.18447, 21.98826 ], [ 88.18701, 21.99223 ], [ 88.16481, 22.01505 ], [ 88.17215, 22.02534 ], [ 88.18897, 22.05589 ], [ 88.1997, 22.07745 ], [ 88.20262, 22.09232 ], [ 88.20416, 22.11713 ], [ 88.19532, 22.14329 ], [ 88.1779, 22.16889 ], [ 88.16867, 22.17656 ], [ 88.15729, 22.1849 ], [ 88.14451, 22.19086 ], [ 88.12882, 22.19515 ], [ 88.1085, 22.1985 ], [ 88.09, 22.19961 ], [ 88.07562, 22.20204 ], [ 88.06908, 22.20371 ], [ 88.05733, 22.20969 ], [ 88.06238, 22.21721 ], [ 88.07236, 22.23328 ], [ 88.0788, 22.24734 ], [ 88.0832, 22.26066 ], [ 88.0879, 22.28572 ], [ 88.09611, 22.30604 ], [ 88.09669, 22.3495 ], [ 88.09429, 22.35538 ], [ 88.09407, 22.36438 ], [ 88.09438, 22.36691 ], [ 88.1003, 22.37834 ], [ 88.10565, 22.38517 ], [ 88.1308, 22.39892 ], [ 88.14149, 22.41316 ], [ 88.14248, 22.41963 ], [ 88.13874, 22.42695 ], [ 88.12552, 22.44142 ], [ 88.12085, 22.44975 ], [ 88.11762, 22.4603 ], [ 88.11855, 22.46652 ], [ 88.12771, 22.47397 ], [ 88.14556, 22.47881 ], [ 88.16187, 22.48 ], [ 88.17025, 22.48296 ], [ 88.18466, 22.4973 ], [ 88.19466, 22.50696 ], [ 88.20034, 22.51177 ], [ 88.21112, 22.5177 ], [ 88.23105, 22.51997 ], [ 88.23912, 22.52504 ], [ 88.2422, 22.52928 ], [ 88.24118, 22.53517 ], [ 88.2341, 22.54685 ], [ 88.23363, 22.54916 ], [ 88.24003, 22.54925 ], [ 88.24649, 22.54738 ], [ 88.25, 22.54516 ], [ 88.25128, 22.54655 ], [ 88.25353, 22.54747 ], [ 88.25444, 22.54692 ], [ 88.25513, 22.54613 ], [ 88.25502, 22.54412 ], [ 88.25513, 22.54308 ], [ 88.25555, 22.5424 ], [ 88.25797, 22.54133 ], [ 88.2583, 22.54082 ], [ 88.25856, 22.5398 ], [ 88.25816, 22.53872 ], [ 88.25733, 22.53782 ], [ 88.25645, 22.53774 ], [ 88.25602, 22.53738 ], [ 88.25562, 22.53667 ], [ 88.25568, 22.53628 ], [ 88.25616, 22.53622 ], [ 88.2568, 22.53655 ], [ 88.25744, 22.53655 ], [ 88.25807, 22.53578 ], [ 88.2587, 22.53456 ], [ 88.25969, 22.53314 ], [ 88.26029, 22.5328 ], [ 88.26072, 22.53293 ], [ 88.26097, 22.53364 ], [ 88.26086, 22.53443 ], [ 88.26109, 22.53464 ], [ 88.26239, 22.53429 ], [ 88.26345, 22.53428 ], [ 88.26425, 22.53462 ], [ 88.26506, 22.53695 ], [ 88.26598, 22.5376 ], [ 88.26716, 22.53764 ], [ 88.26817, 22.53814 ], [ 88.26917, 22.53825 ], [ 88.27035, 22.53784 ], [ 88.27078, 22.53793 ], [ 88.27088, 22.53874 ], [ 88.27125, 22.53919 ], [ 88.27249, 22.53937 ], [ 88.27317, 22.5405 ], [ 88.27469, 22.54122 ], [ 88.2758, 22.54257 ], [ 88.27757, 22.54298 ], [ 88.2815, 22.54151 ], [ 88.28386, 22.54102 ], [ 88.28519, 22.54044 ], [ 88.28667, 22.54012 ], [ 88.28926, 22.54007 ], [ 88.29026, 22.53972 ], [ 88.29161, 22.53853 ], [ 88.29193, 22.53722 ], [ 88.29192, 22.53564 ], [ 88.29095, 22.53263 ], [ 88.29072, 22.531 ], [ 88.29116, 22.52987 ], [ 88.28957, 22.52813 ], [ 88.2892, 22.5274 ], [ 88.28943, 22.52664 ], [ 88.28988, 22.52629 ], [ 88.29084, 22.52503 ], [ 88.29016, 22.52346 ], [ 88.28996, 22.52165 ], [ 88.29004, 22.52069 ], [ 88.29046, 22.51975 ], [ 88.29115, 22.51893 ], [ 88.29148, 22.51816 ], [ 88.29165, 22.51709 ], [ 88.29223, 22.51691 ], [ 88.29396, 22.51741 ], [ 88.29645, 22.51705 ], [ 88.29912, 22.51692 ], [ 88.30063, 22.51623 ], [ 88.3012, 22.51537 ], [ 88.30185, 22.51383 ], [ 88.30237, 22.51106 ], [ 88.30297, 22.51018 ], [ 88.30532, 22.50802 ], [ 88.3058, 22.5068 ], [ 88.30598, 22.50397 ], [ 88.30717, 22.49999 ], [ 88.30789, 22.49913 ], [ 88.30942, 22.4985 ], [ 88.31109, 22.49801 ], [ 88.3114, 22.49646 ], [ 88.31146, 22.49262 ], [ 88.31083, 22.49193 ], [ 88.31056, 22.49089 ], [ 88.30641, 22.49084 ], [ 88.30356, 22.49027 ], [ 88.30036, 22.48603 ], [ 88.29848, 22.48423 ], [ 88.29706, 22.48325 ], [ 88.29511, 22.48227 ], [ 88.29423, 22.48207 ], [ 88.289, 22.4833 ], [ 88.28497, 22.48481 ], [ 88.28258, 22.48588 ], [ 88.28121, 22.48551 ], [ 88.28036, 22.48646 ], [ 88.27849, 22.48782 ], [ 88.27537, 22.48869 ], [ 88.27428, 22.48873 ], [ 88.27333, 22.48928 ], [ 88.27279, 22.49023 ], [ 88.27264, 22.49113 ], [ 88.27205, 22.49184 ], [ 88.27011, 22.49151 ], [ 88.2698, 22.49123 ], [ 88.26933, 22.49024 ], [ 88.27036, 22.48777 ], [ 88.27194, 22.48679 ], [ 88.27321, 22.48622 ], [ 88.27383, 22.48558 ], [ 88.27447, 22.48391 ], [ 88.27581, 22.48307 ], [ 88.27617, 22.48194 ], [ 88.27638, 22.47865 ], [ 88.27599, 22.47558 ], [ 88.27705, 22.47498 ], [ 88.27888, 22.47446 ], [ 88.28384, 22.47198 ], [ 88.28579, 22.47036 ], [ 88.28862, 22.46624 ], [ 88.28901, 22.46431 ], [ 88.28853, 22.46048 ], [ 88.28752, 22.45694 ], [ 88.2863, 22.4539 ], [ 88.2876, 22.4537 ], [ 88.28844, 22.45394 ], [ 88.28899, 22.45366 ], [ 88.28962, 22.45307 ], [ 88.28981, 22.4534 ], [ 88.28945, 22.45479 ], [ 88.29004, 22.45533 ], [ 88.29085, 22.45562 ], [ 88.29256, 22.4554 ], [ 88.29464, 22.45492 ], [ 88.29859, 22.45507 ], [ 88.30027, 22.45546 ], [ 88.30267, 22.45542 ], [ 88.30367, 22.4556 ], [ 88.30399, 22.45828 ], [ 88.30471, 22.45904 ], [ 88.30559, 22.45881 ], [ 88.30733, 22.45937 ], [ 88.30854, 22.45897 ], [ 88.30948, 22.45713 ], [ 88.3103, 22.45659 ], [ 88.31098, 22.45647 ], [ 88.31336, 22.45678 ], [ 88.31608, 22.45693 ], [ 88.31893, 22.45752 ], [ 88.31956, 22.45811 ], [ 88.31974, 22.45964 ], [ 88.32108, 22.46563 ], [ 88.32367, 22.46738 ], [ 88.32514, 22.46779 ], [ 88.32896, 22.46804 ], [ 88.33378, 22.46711 ], [ 88.33375, 22.46682 ], [ 88.33192, 22.46517 ], [ 88.33168, 22.46441 ], [ 88.33189, 22.46332 ], [ 88.33244, 22.46227 ], [ 88.33417, 22.46156 ], [ 88.3364, 22.46217 ], [ 88.33917, 22.46215 ], [ 88.3404, 22.46264 ], [ 88.34101, 22.46322 ], [ 88.34187, 22.46315 ], [ 88.34265, 22.46274 ], [ 88.34287, 22.46213 ], [ 88.34441, 22.46162 ], [ 88.34417, 22.46086 ], [ 88.34435, 22.46023 ], [ 88.34417, 22.45948 ], [ 88.3443, 22.45857 ], [ 88.34467, 22.45758 ], [ 88.34587, 22.45673 ], [ 88.34896, 22.45653 ], [ 88.35056, 22.45692 ], [ 88.35257, 22.45851 ], [ 88.35427, 22.46109 ], [ 88.35506, 22.46126 ], [ 88.35679, 22.46123 ], [ 88.35749, 22.4616 ], [ 88.35802, 22.46245 ], [ 88.3587, 22.46291 ], [ 88.35975, 22.46289 ], [ 88.36009, 22.46274 ], [ 88.36022, 22.46233 ], [ 88.35951, 22.46172 ], [ 88.35962, 22.46084 ], [ 88.36218, 22.45875 ], [ 88.36229, 22.45807 ], [ 88.36135, 22.45736 ], [ 88.36116, 22.45678 ], [ 88.36171, 22.45624 ], [ 88.36197, 22.45529 ], [ 88.36284, 22.45464 ], [ 88.36389, 22.45417 ], [ 88.3653, 22.45415 ], [ 88.36661, 22.45502 ], [ 88.36797, 22.4557 ], [ 88.36868, 22.45687 ], [ 88.36936, 22.45697 ], [ 88.37017, 22.45639 ], [ 88.36988, 22.45524 ], [ 88.36912, 22.45393 ], [ 88.36891, 22.45288 ], [ 88.37001, 22.45213 ], [ 88.37203, 22.45203 ], [ 88.37322, 22.45392 ], [ 88.37486, 22.45697 ], [ 88.37561, 22.45607 ], [ 88.37659, 22.4555 ], [ 88.37868, 22.4558 ], [ 88.37912, 22.45614 ], [ 88.37994, 22.45607 ], [ 88.38072, 22.45799 ], [ 88.38054, 22.4585 ], [ 88.38114, 22.4588 ], [ 88.38206, 22.45884 ], [ 88.38247, 22.45906 ], [ 88.38271, 22.45943 ], [ 88.3824, 22.46018 ], [ 88.38089, 22.46141 ], [ 88.37957, 22.46339 ], [ 88.37852, 22.46425 ], [ 88.37755, 22.46532 ], [ 88.37779, 22.46551 ], [ 88.3787, 22.46522 ], [ 88.37954, 22.46522 ], [ 88.38054, 22.46581 ], [ 88.38143, 22.46568 ], [ 88.38232, 22.4651 ], [ 88.3842, 22.46517 ], [ 88.38755, 22.46609 ], [ 88.38897, 22.46697 ], [ 88.39059, 22.46721 ], [ 88.39161, 22.46787 ], [ 88.3924, 22.46787 ], [ 88.39347, 22.46756 ], [ 88.39434, 22.46843 ], [ 88.3957, 22.47062 ], [ 88.39691, 22.47176 ], [ 88.39636, 22.4723 ], [ 88.39544, 22.47271 ], [ 88.39591, 22.47357 ], [ 88.39641, 22.47393 ], [ 88.39814, 22.47191 ], [ 88.40016, 22.47388 ], [ 88.40345, 22.47395 ], [ 88.40477, 22.47441 ], [ 88.40558, 22.47502 ], [ 88.40602, 22.47592 ], [ 88.4062, 22.47687 ], [ 88.40607, 22.4777 ], [ 88.40631, 22.47826 ], [ 88.40688, 22.47872 ], [ 88.40869, 22.47896 ], [ 88.41142, 22.47828 ], [ 88.41223, 22.47794 ], [ 88.41299, 22.47738 ], [ 88.41387, 22.47733 ], [ 88.41448, 22.47779 ], [ 88.41492, 22.47865 ], [ 88.41508, 22.47994 ], [ 88.41508, 22.48207 ], [ 88.41646, 22.48352 ], [ 88.41705, 22.48451 ], [ 88.41605, 22.48653 ], [ 88.41636, 22.48695 ], [ 88.41655, 22.48758 ], [ 88.41602, 22.48862 ], [ 88.41472, 22.48947 ], [ 88.41438, 22.49043 ], [ 88.4121, 22.49123 ], [ 88.4111, 22.49108 ], [ 88.41053, 22.49072 ], [ 88.40715, 22.48991 ], [ 88.40668, 22.48999 ], [ 88.40631, 22.49087 ], [ 88.40644, 22.49164 ], [ 88.40718, 22.49276 ], [ 88.40797, 22.49337 ], [ 88.40904, 22.49386 ], [ 88.4116, 22.49393 ], [ 88.41252, 22.49422 ], [ 88.41323, 22.49483 ], [ 88.4132, 22.49765 ], [ 88.41273, 22.49831 ], [ 88.41116, 22.49797 ], [ 88.41082, 22.49823 ], [ 88.41069, 22.4987 ], [ 88.41115, 22.49959 ], [ 88.41028, 22.50175 ], [ 88.41063, 22.5022 ], [ 88.41157, 22.50271 ], [ 88.41303, 22.50322 ], [ 88.41376, 22.50374 ], [ 88.41377, 22.50474 ], [ 88.41393, 22.50495 ], [ 88.41505, 22.50472 ], [ 88.41581, 22.50554 ], [ 88.41605, 22.50645 ], [ 88.41568, 22.50967 ], [ 88.41634, 22.5142 ], [ 88.41675, 22.51545 ], [ 88.41724, 22.51578 ], [ 88.41895, 22.5158 ], [ 88.42011, 22.51741 ], [ 88.42005, 22.52334 ], [ 88.42055, 22.52384 ], [ 88.42111, 22.52392 ], [ 88.42218, 22.52354 ], [ 88.42404, 22.52134 ], [ 88.42569, 22.52027 ], [ 88.42623, 22.52014 ], [ 88.42636, 22.51968 ], [ 88.42673, 22.51953 ], [ 88.4268, 22.51907 ], [ 88.42714, 22.51857 ], [ 88.42908, 22.51781 ], [ 88.43013, 22.51761 ], [ 88.43104, 22.51718 ], [ 88.43169, 22.51738 ], [ 88.43253, 22.51734 ], [ 88.43398, 22.51753 ], [ 88.43508, 22.51715 ], [ 88.43651, 22.51577 ], [ 88.43682, 22.51493 ], [ 88.43649, 22.51376 ], [ 88.43653, 22.51337 ], [ 88.43709, 22.51305 ], [ 88.43776, 22.51233 ], [ 88.43974, 22.50949 ], [ 88.44057, 22.5092 ], [ 88.44154, 22.50958 ], [ 88.44341, 22.51122 ], [ 88.44425, 22.51175 ], [ 88.44516, 22.51125 ], [ 88.44629, 22.50989 ], [ 88.44843, 22.50853 ], [ 88.45075, 22.50888 ], [ 88.45252, 22.50932 ], [ 88.45429, 22.50916 ], [ 88.45466, 22.50958 ], [ 88.45522, 22.51318 ], [ 88.45589, 22.51507 ], [ 88.45831, 22.51675 ], [ 88.45848, 22.51736 ], [ 88.45787, 22.51784 ], [ 88.45659, 22.51811 ], [ 88.45599, 22.51842 ], [ 88.45571, 22.51885 ], [ 88.45861, 22.51896 ], [ 88.45957, 22.51914 ], [ 88.46049, 22.52016 ], [ 88.46108, 22.52256 ], [ 88.46623, 22.52098 ], [ 88.4708, 22.5193 ], [ 88.47454, 22.51829 ], [ 88.47686, 22.51811 ], [ 88.47878, 22.51814 ], [ 88.48083, 22.5195 ], [ 88.48154, 22.52081 ], [ 88.48169, 22.52146 ], [ 88.48149, 22.52192 ], [ 88.48181, 22.52251 ], [ 88.48257, 22.52283 ], [ 88.48311, 22.52385 ], [ 88.48344, 22.52503 ], [ 88.48325, 22.52622 ], [ 88.48219, 22.52812 ], [ 88.48013, 22.53272 ], [ 88.47859, 22.53543 ], [ 88.47779, 22.53752 ], [ 88.47707, 22.5457 ], [ 88.47719, 22.54817 ], [ 88.47764, 22.54978 ], [ 88.47806, 22.55067 ], [ 88.47217, 22.55421 ], [ 88.46581, 22.56009 ], [ 88.45823, 22.56768 ], [ 88.4584, 22.56803 ], [ 88.45887, 22.56803 ], [ 88.46048, 22.56685 ], [ 88.46245, 22.56621 ], [ 88.46392, 22.5655 ], [ 88.46442, 22.56565 ], [ 88.46489, 22.56616 ], [ 88.46493, 22.567 ], [ 88.4652, 22.56786 ], [ 88.46678, 22.56901 ], [ 88.46687, 22.56936 ], [ 88.46675, 22.56949 ], [ 88.46626, 22.56955 ], [ 88.46574, 22.57004 ], [ 88.46598, 22.57077 ], [ 88.46648, 22.57128 ], [ 88.46646, 22.57166 ], [ 88.46594, 22.57212 ], [ 88.46594, 22.57289 ], [ 88.46685, 22.57337 ], [ 88.46726, 22.57383 ], [ 88.46822, 22.57379 ], [ 88.46984, 22.57329 ], [ 88.47151, 22.57419 ], [ 88.47231, 22.57548 ], [ 88.47249, 22.5761 ], [ 88.4731, 22.57658 ], [ 88.47397, 22.57606 ], [ 88.47463, 22.57538 ], [ 88.4746, 22.575 ], [ 88.47416, 22.57441 ], [ 88.47386, 22.57428 ], [ 88.47361, 22.57471 ], [ 88.47331, 22.57458 ], [ 88.47322, 22.5741 ], [ 88.47284, 22.57372 ], [ 88.47278, 22.57345 ], [ 88.47315, 22.57318 ], [ 88.47324, 22.57267 ], [ 88.47361, 22.57247 ], [ 88.47383, 22.57213 ], [ 88.47382, 22.57153 ], [ 88.47414, 22.57121 ], [ 88.47478, 22.57115 ], [ 88.47485, 22.56977 ], [ 88.47534, 22.56968 ], [ 88.47592, 22.56922 ], [ 88.47612, 22.56881 ], [ 88.47614, 22.56803 ], [ 88.47689, 22.56764 ], [ 88.47677, 22.56705 ], [ 88.47854, 22.56728 ], [ 88.47886, 22.56657 ], [ 88.47926, 22.56657 ], [ 88.48101, 22.5672 ], [ 88.48177, 22.56711 ], [ 88.48178, 22.56595 ], [ 88.48282, 22.56486 ], [ 88.4832, 22.56497 ], [ 88.48351, 22.56437 ], [ 88.48318, 22.56331 ], [ 88.48348, 22.56171 ], [ 88.48419, 22.56019 ], [ 88.48479, 22.55962 ], [ 88.48604, 22.55931 ], [ 88.48793, 22.55924 ], [ 88.48859, 22.55894 ], [ 88.48946, 22.55828 ], [ 88.49024, 22.55798 ], [ 88.49172, 22.5581 ], [ 88.49308, 22.55784 ], [ 88.4932, 22.55763 ], [ 88.49303, 22.55539 ], [ 88.49337, 22.55482 ], [ 88.49442, 22.55465 ], [ 88.49549, 22.55485 ], [ 88.49672, 22.55581 ], [ 88.5, 22.55611 ], [ 88.50147, 22.55688 ], [ 88.50192, 22.55683 ], [ 88.50368, 22.55603 ], [ 88.5038, 22.5562 ], [ 88.50373, 22.55672 ], [ 88.50398, 22.55693 ], [ 88.5045, 22.55709 ], [ 88.50619, 22.55682 ], [ 88.50786, 22.558 ], [ 88.50854, 22.55884 ], [ 88.50952, 22.55781 ], [ 88.50994, 22.55757 ], [ 88.5105, 22.55766 ], [ 88.51169, 22.55867 ], [ 88.5119, 22.55853 ], [ 88.51222, 22.55774 ], [ 88.51222, 22.55656 ], [ 88.51182, 22.55567 ], [ 88.5115, 22.55397 ], [ 88.51209, 22.55309 ], [ 88.51214, 22.5523 ], [ 88.51262, 22.55186 ], [ 88.51423, 22.55152 ], [ 88.51648, 22.55157 ], [ 88.51662, 22.5509 ], [ 88.51825, 22.55133 ], [ 88.51875, 22.55116 ], [ 88.5195, 22.54978 ], [ 88.51989, 22.54983 ], [ 88.52225, 22.55069 ], [ 88.52536, 22.55248 ], [ 88.52544, 22.55278 ], [ 88.52449, 22.554 ], [ 88.52258, 22.55567 ], [ 88.52245, 22.55634 ], [ 88.52287, 22.55843 ], [ 88.52191, 22.56029 ], [ 88.52201, 22.56115 ], [ 88.52349, 22.5639 ], [ 88.52366, 22.56475 ], [ 88.5299, 22.569 ], [ 88.5317, 22.57065 ], [ 88.53509, 22.57456 ], [ 88.53559, 22.57478 ], [ 88.53654, 22.57446 ], [ 88.53749, 22.57456 ], [ 88.53797, 22.5748 ], [ 88.53848, 22.57544 ], [ 88.53802, 22.57793 ], [ 88.538, 22.57895 ], [ 88.53844, 22.57964 ], [ 88.53926, 22.58045 ], [ 88.53966, 22.5806 ], [ 88.54037, 22.57996 ], [ 88.54069, 22.57993 ], [ 88.54099, 22.58018 ], [ 88.54093, 22.5806 ], [ 88.54035, 22.58136 ], [ 88.54037, 22.58153 ], [ 88.54178, 22.58146 ], [ 88.54209, 22.58163 ], [ 88.54215, 22.58195 ], [ 88.54167, 22.58306 ], [ 88.54167, 22.58404 ], [ 88.5413, 22.58493 ], [ 88.54135, 22.58522 ], [ 88.54299, 22.58531 ], [ 88.54391, 22.58588 ], [ 88.54447, 22.58667 ], [ 88.54453, 22.58765 ], [ 88.54437, 22.58868 ], [ 88.54455, 22.58939 ], [ 88.54492, 22.58971 ], [ 88.54569, 22.59005 ], [ 88.54653, 22.59126 ], [ 88.54709, 22.59163 ], [ 88.54709, 22.59286 ], [ 88.54728, 22.59301 ], [ 88.54907, 22.59234 ], [ 88.55272, 22.59146 ], [ 88.55314, 22.59168 ], [ 88.55338, 22.59217 ], [ 88.5534, 22.59269 ], [ 88.55309, 22.59303 ], [ 88.55213, 22.59333 ], [ 88.55142, 22.59399 ], [ 88.55026, 22.59456 ], [ 88.54951, 22.59532 ], [ 88.54813, 22.59578 ], [ 88.54774, 22.59643 ], [ 88.54655, 22.59971 ], [ 88.54557, 22.60013 ], [ 88.54549, 22.6006 ], [ 88.54583, 22.60254 ], [ 88.54562, 22.60337 ], [ 88.54519, 22.60362 ], [ 88.54419, 22.60377 ], [ 88.54395, 22.60411 ], [ 88.54401, 22.60506 ], [ 88.5449, 22.60668 ], [ 88.54578, 22.60769 ], [ 88.54652, 22.60932 ], [ 88.54678, 22.60956 ], [ 88.54713, 22.60951 ], [ 88.54819, 22.60863 ], [ 88.54975, 22.60811 ], [ 88.55054, 22.60814 ], [ 88.55097, 22.60863 ], [ 88.55242, 22.61174 ], [ 88.55256, 22.61263 ], [ 88.55276, 22.61283 ], [ 88.55337, 22.613 ], [ 88.55366, 22.61341 ], [ 88.55404, 22.61465 ], [ 88.55422, 22.6162 ], [ 88.55409, 22.61681 ], [ 88.55342, 22.61715 ], [ 88.5534, 22.61742 ], [ 88.55388, 22.6176 ], [ 88.55467, 22.6174 ], [ 88.55491, 22.61767 ], [ 88.55499, 22.61829 ], [ 88.55544, 22.61846 ], [ 88.5565, 22.61821 ], [ 88.55694, 22.61833 ], [ 88.55758, 22.61811 ], [ 88.55914, 22.61835 ], [ 88.5598, 22.61815 ], [ 88.55995, 22.61833 ], [ 88.56022, 22.61902 ], [ 88.55988, 22.61944 ], [ 88.55884, 22.61966 ], [ 88.55834, 22.62 ], [ 88.55824, 22.62061 ], [ 88.55828, 22.62145 ], [ 88.55958, 22.62189 ], [ 88.55971, 22.62229 ], [ 88.55974, 22.62507 ], [ 88.56229, 22.62438 ], [ 88.56337, 22.62389 ], [ 88.56501, 22.62367 ], [ 88.56615, 22.62315 ], [ 88.56834, 22.62175 ], [ 88.5699, 22.62107 ], [ 88.5734, 22.62003 ], [ 88.57449, 22.61954 ], [ 88.57538, 22.61868 ], [ 88.57599, 22.61775 ], [ 88.57641, 22.61569 ], [ 88.57668, 22.61514 ], [ 88.5775, 22.61426 ], [ 88.58017, 22.61276 ], [ 88.58198, 22.61207 ], [ 88.58293, 22.61207 ], [ 88.58371, 22.61258 ], [ 88.58607, 22.61497 ], [ 88.58668, 22.61524 ], [ 88.58853, 22.61524 ], [ 88.58933, 22.61558 ], [ 88.58972, 22.61554 ], [ 88.59076, 22.61487 ], [ 88.59372, 22.61369 ], [ 88.5943, 22.61257 ], [ 88.59433, 22.61141 ], [ 88.59406, 22.60972 ], [ 88.59446, 22.60903 ], [ 88.59436, 22.60866 ], [ 88.59403, 22.60861 ], [ 88.59327, 22.60893 ], [ 88.5929, 22.60885 ], [ 88.59205, 22.6079 ], [ 88.59176, 22.60711 ], [ 88.59192, 22.60394 ], [ 88.59234, 22.60307 ], [ 88.59231, 22.60253 ], [ 88.59203, 22.60063 ], [ 88.59166, 22.59945 ], [ 88.59065, 22.59743 ], [ 88.59081, 22.59714 ], [ 88.59131, 22.59689 ], [ 88.59505, 22.59632 ], [ 88.59928, 22.59605 ], [ 88.59968, 22.59549 ], [ 88.60004, 22.59316 ], [ 88.60052, 22.59242 ], [ 88.60266, 22.59217 ], [ 88.60356, 22.59249 ], [ 88.60502, 22.59232 ], [ 88.60624, 22.59203 ], [ 88.60706, 22.59102 ], [ 88.60748, 22.59102 ], [ 88.60827, 22.59149 ], [ 88.60917, 22.59164 ], [ 88.61031, 22.59168 ], [ 88.61108, 22.59156 ], [ 88.61153, 22.59129 ], [ 88.61164, 22.59089 ], [ 88.61145, 22.59028 ], [ 88.61153, 22.58992 ], [ 88.61217, 22.58922 ], [ 88.61256, 22.58768 ], [ 88.61219, 22.58631 ], [ 88.61198, 22.58392 ], [ 88.6128, 22.58353 ], [ 88.61275, 22.5821 ], [ 88.61291, 22.58186 ], [ 88.61336, 22.58173 ], [ 88.61526, 22.58193 ], [ 88.61687, 22.58191 ], [ 88.61735, 22.58164 ], [ 88.61772, 22.58073 ], [ 88.61795, 22.58085 ], [ 88.61806, 22.58112 ], [ 88.61843, 22.58115 ], [ 88.62018, 22.58075 ], [ 88.62055, 22.58107 ], [ 88.62142, 22.5812 ], [ 88.62129, 22.58149 ], [ 88.62002, 22.58179 ], [ 88.61981, 22.58201 ], [ 88.61989, 22.5828 ], [ 88.62121, 22.58238 ], [ 88.62259, 22.58228 ], [ 88.62386, 22.5807 ], [ 88.6233, 22.58051 ], [ 88.62327, 22.58015 ], [ 88.62293, 22.57956 ], [ 88.6237, 22.57914 ], [ 88.62494, 22.57897 ], [ 88.62534, 22.57759 ], [ 88.6269, 22.57633 ], [ 88.62713, 22.57598 ], [ 88.62706, 22.57527 ], [ 88.62634, 22.57342 ], [ 88.62583, 22.57234 ], [ 88.62531, 22.57175 ], [ 88.62528, 22.56998 ], [ 88.62555, 22.56875 ], [ 88.62552, 22.56808 ], [ 88.62526, 22.56757 ], [ 88.6248, 22.56717 ], [ 88.62451, 22.56619 ], [ 88.62404, 22.56607 ], [ 88.62348, 22.56614 ], [ 88.62327, 22.56577 ], [ 88.62383, 22.56491 ], [ 88.62383, 22.5644 ], [ 88.62337, 22.56273 ], [ 88.62367, 22.5624 ], [ 88.62436, 22.56213 ], [ 88.62531, 22.5626 ], [ 88.62549, 22.56235 ], [ 88.62618, 22.5604 ], [ 88.6261, 22.55908 ], [ 88.62685, 22.55858 ], [ 88.62822, 22.55804 ], [ 88.62896, 22.55831 ], [ 88.62975, 22.55834 ], [ 88.63028, 22.55819 ], [ 88.6306, 22.55784 ], [ 88.63081, 22.55713 ], [ 88.63068, 22.55635 ], [ 88.63018, 22.55544 ], [ 88.62999, 22.55408 ], [ 88.63057, 22.55225 ], [ 88.63023, 22.55213 ], [ 88.6301, 22.55166 ], [ 88.63023, 22.55062 ], [ 88.62962, 22.549 ], [ 88.62944, 22.54792 ], [ 88.62994, 22.54745 ], [ 88.63288, 22.54573 ], [ 88.63356, 22.54517 ], [ 88.634, 22.54428 ], [ 88.63431, 22.54404 ], [ 88.6355, 22.54354 ], [ 88.6369, 22.54316 ], [ 88.63692, 22.54266 ], [ 88.63718, 22.5422 ], [ 88.63837, 22.54148 ], [ 88.63871, 22.54045 ], [ 88.63918, 22.53989 ], [ 88.6397, 22.53883 ], [ 88.64025, 22.53865 ], [ 88.64079, 22.538 ], [ 88.64157, 22.53561 ], [ 88.64219, 22.53515 ], [ 88.64256, 22.53409 ], [ 88.64292, 22.53356 ], [ 88.64335, 22.53329 ], [ 88.64379, 22.53261 ], [ 88.64428, 22.53113 ], [ 88.64514, 22.53042 ], [ 88.64681, 22.52944 ], [ 88.64869, 22.52863 ], [ 88.65228, 22.52826 ], [ 88.65302, 22.52752 ], [ 88.65199, 22.52196 ], [ 88.65172, 22.5212 ], [ 88.65114, 22.52061 ], [ 88.65072, 22.51955 ], [ 88.6509, 22.51933 ], [ 88.65172, 22.51894 ], [ 88.65374, 22.51857 ], [ 88.6544, 22.51818 ], [ 88.65434, 22.51707 ], [ 88.65495, 22.51663 ], [ 88.65699, 22.51591 ], [ 88.6572, 22.51552 ], [ 88.65696, 22.51459 ], [ 88.65654, 22.5138 ], [ 88.65495, 22.51335 ], [ 88.65477, 22.51316 ], [ 88.65603, 22.51168 ], [ 88.65672, 22.51048 ], [ 88.6568, 22.50944 ], [ 88.65651, 22.50627 ], [ 88.65614, 22.50585 ], [ 88.65506, 22.50578 ], [ 88.65394, 22.50546 ], [ 88.6522, 22.50448 ], [ 88.65078, 22.50082 ], [ 88.65067, 22.49966 ], [ 88.64933, 22.49771 ], [ 88.64936, 22.49546 ], [ 88.64956, 22.49531 ], [ 88.65056, 22.49533 ], [ 88.65106, 22.49538 ], [ 88.65127, 22.49568 ], [ 88.65173, 22.4958 ], [ 88.65371, 22.49589 ], [ 88.65689, 22.49453 ], [ 88.65823, 22.49464 ], [ 88.65955, 22.495 ], [ 88.66069, 22.49501 ], [ 88.66206, 22.49453 ], [ 88.66411, 22.4929 ], [ 88.66578, 22.49274 ], [ 88.66583, 22.49224 ], [ 88.66554, 22.491 ], [ 88.66878, 22.48933 ], [ 88.67569, 22.48443 ], [ 88.67623, 22.48387 ], [ 88.67623, 22.48354 ], [ 88.67567, 22.48272 ], [ 88.67605, 22.48218 ], [ 88.67587, 22.48135 ], [ 88.67741, 22.47975 ], [ 88.67799, 22.4795 ], [ 88.67885, 22.47937 ], [ 88.67988, 22.47867 ], [ 88.6845, 22.47458 ], [ 88.6856, 22.47387 ], [ 88.68591, 22.4721 ], [ 88.68506, 22.47196 ], [ 88.68615, 22.46984 ], [ 88.68652, 22.46744 ], [ 88.68687, 22.46684 ], [ 88.68784, 22.46624 ], [ 88.69272, 22.46245 ], [ 88.69369, 22.46218 ], [ 88.69474, 22.46223 ], [ 88.69729, 22.46151 ], [ 88.69821, 22.46147 ], [ 88.69956, 22.46102 ], [ 88.70432, 22.46102 ], [ 88.70318, 22.45874 ], [ 88.70539, 22.45728 ], [ 88.70664, 22.45684 ], [ 88.70697, 22.45633 ], [ 88.7078, 22.45409 ], [ 88.70807, 22.45141 ], [ 88.7076, 22.44941 ], [ 88.70708, 22.44865 ], [ 88.70648, 22.44797 ], [ 88.70617, 22.4482 ], [ 88.70319, 22.44572 ], [ 88.70283, 22.4451 ], [ 88.70292, 22.444 ], [ 88.7023, 22.4432 ], [ 88.70225, 22.44131 ], [ 88.70333, 22.43864 ], [ 88.70346, 22.43778 ], [ 88.70313, 22.4364 ], [ 88.70375, 22.43611 ], [ 88.70384, 22.43373 ], [ 88.70401, 22.4335 ], [ 88.70439, 22.43313 ], [ 88.70618, 22.43248 ], [ 88.70706, 22.4325 ], [ 88.70815, 22.43227 ], [ 88.71125, 22.43002 ], [ 88.71363, 22.42997 ], [ 88.71406, 22.4297 ], [ 88.71483, 22.42879 ], [ 88.71573, 22.42733 ], [ 88.71627, 22.42726 ], [ 88.71669, 22.42745 ], [ 88.71686, 22.42773 ], [ 88.71743, 22.42743 ], [ 88.71804, 22.42771 ], [ 88.71931, 22.42746 ], [ 88.72179, 22.42752 ], [ 88.72221, 22.42763 ], [ 88.72283, 22.42695 ], [ 88.72319, 22.42703 ], [ 88.72334, 22.42688 ], [ 88.72321, 22.42659 ], [ 88.72389, 22.42619 ], [ 88.72646, 22.42542 ], [ 88.7284, 22.42413 ], [ 88.72942, 22.42364 ], [ 88.72997, 22.42395 ], [ 88.73167, 22.42087 ], [ 88.73419, 22.42062 ], [ 88.73401, 22.41595 ], [ 88.7334, 22.41258 ], [ 88.73336, 22.41107 ], [ 88.73382, 22.41069 ], [ 88.73426, 22.41074 ], [ 88.73557, 22.41026 ], [ 88.73602, 22.40954 ], [ 88.73673, 22.4091 ], [ 88.73797, 22.40745 ], [ 88.74192, 22.40353 ], [ 88.74218, 22.40298 ], [ 88.74273, 22.40274 ], [ 88.74371, 22.40276 ], [ 88.74478, 22.40255 ], [ 88.74533, 22.40237 ], [ 88.74612, 22.40178 ], [ 88.7476, 22.40125 ], [ 88.74865, 22.39956 ], [ 88.74912, 22.39952 ], [ 88.75164, 22.40143 ], [ 88.75201, 22.40156 ], [ 88.7528, 22.40132 ], [ 88.7555, 22.39839 ], [ 88.75558, 22.39791 ], [ 88.75542, 22.39741 ], [ 88.75352, 22.39588 ], [ 88.7516, 22.39472 ], [ 88.75074, 22.39388 ], [ 88.75048, 22.39325 ], [ 88.75057, 22.39254 ], [ 88.75112, 22.3918 ], [ 88.75305, 22.39155 ], [ 88.75395, 22.39174 ], [ 88.75582, 22.39281 ], [ 88.75897, 22.39675 ], [ 88.75999, 22.39772 ], [ 88.76058, 22.39802 ], [ 88.76079, 22.398 ], [ 88.76272, 22.39658 ], [ 88.76434, 22.39491 ], [ 88.76799, 22.39273 ], [ 88.76869, 22.39199 ], [ 88.76872, 22.39138 ], [ 88.76824, 22.39077 ], [ 88.76713, 22.38999 ], [ 88.76512, 22.38889 ], [ 88.76197, 22.38735 ], [ 88.76136, 22.38653 ], [ 88.76138, 22.38569 ], [ 88.76224, 22.38318 ], [ 88.76301, 22.382 ], [ 88.7651, 22.37954 ], [ 88.76653, 22.37947 ], [ 88.76771, 22.37992 ], [ 88.76836, 22.38071 ], [ 88.76922, 22.38234 ], [ 88.77027, 22.38374 ], [ 88.77056, 22.38465 ], [ 88.77231, 22.38786 ], [ 88.77282, 22.3883 ], [ 88.77317, 22.38839 ], [ 88.77366, 22.3882 ], [ 88.77409, 22.38771 ], [ 88.774, 22.38635 ], [ 88.77286, 22.38279 ], [ 88.77088, 22.38021 ], [ 88.76926, 22.37775 ], [ 88.76834, 22.37573 ], [ 88.76827, 22.37481 ], [ 88.7692, 22.37283 ], [ 88.77022, 22.37117 ], [ 88.7714, 22.37039 ], [ 88.77235, 22.37019 ], [ 88.77328, 22.37019 ], [ 88.77465, 22.37052 ], [ 88.77551, 22.37105 ], [ 88.77713, 22.3712 ], [ 88.77879, 22.37117 ], [ 88.78029, 22.37031 ], [ 88.78153, 22.36904 ], [ 88.78239, 22.36782 ], [ 88.78322, 22.36753 ], [ 88.78736, 22.3696 ], [ 88.7888, 22.36982 ], [ 88.79079, 22.37049 ], [ 88.79263, 22.37052 ], [ 88.79575, 22.37025 ], [ 88.79661, 22.3705 ], [ 88.79736, 22.37108 ], [ 88.79819, 22.37236 ], [ 88.79917, 22.37348 ], [ 88.80029, 22.37386 ], [ 88.80209, 22.37395 ], [ 88.80337, 22.37359 ], [ 88.80462, 22.3736 ], [ 88.80605, 22.37376 ], [ 88.80753, 22.37417 ], [ 88.80846, 22.37419 ], [ 88.8107, 22.37261 ], [ 88.812, 22.37196 ], [ 88.8126, 22.37185 ], [ 88.81699, 22.37207 ], [ 88.819, 22.37198 ], [ 88.82013, 22.37167 ], [ 88.8214, 22.37064 ], [ 88.82159, 22.37022 ], [ 88.82151, 22.36949 ], [ 88.82071, 22.36787 ], [ 88.81998, 22.36561 ], [ 88.82006, 22.36441 ], [ 88.82184, 22.36101 ], [ 88.82154, 22.36081 ], [ 88.81816, 22.36061 ], [ 88.81713, 22.35965 ], [ 88.81619, 22.35736 ], [ 88.81518, 22.35329 ], [ 88.81266, 22.35 ], [ 88.8116, 22.34896 ], [ 88.81107, 22.34779 ], [ 88.81037, 22.34428 ], [ 88.8091, 22.34069 ], [ 88.80687, 22.33642 ], [ 88.80621, 22.3347 ], [ 88.80342, 22.33068 ], [ 88.80317, 22.32964 ], [ 88.80365, 22.32844 ], [ 88.80602, 22.32539 ], [ 88.80773, 22.32349 ], [ 88.8093, 22.32202 ], [ 88.81016, 22.32165 ], [ 88.8109, 22.32039 ], [ 88.81095, 22.31734 ], [ 88.81071, 22.31571 ], [ 88.80969, 22.3133 ], [ 88.80769, 22.30953 ], [ 88.80707, 22.30745 ], [ 88.80626, 22.30366 ], [ 88.80446, 22.29793 ], [ 88.8043, 22.29596 ], [ 88.80437, 22.29104 ], [ 88.80526, 22.28652 ], [ 88.80555, 22.28618 ], [ 88.80619, 22.28603 ], [ 88.81004, 22.2863 ], [ 88.81321, 22.28608 ], [ 88.81451, 22.28553 ], [ 88.8159, 22.28434 ], [ 88.81657, 22.28313 ], [ 88.8171, 22.27796 ], [ 88.81695, 22.27766 ], [ 88.81522, 22.27683 ], [ 88.81505, 22.27627 ], [ 88.81474, 22.27218 ], [ 88.81425, 22.27034 ], [ 88.81393, 22.27001 ], [ 88.81381, 22.26952 ], [ 88.81422, 22.26807 ], [ 88.81427, 22.26665 ], [ 88.81459, 22.26521 ], [ 88.81513, 22.26443 ], [ 88.81576, 22.26394 ], [ 88.81708, 22.26355 ], [ 88.81912, 22.26352 ], [ 88.82172, 22.26428 ], [ 88.82404, 22.26532 ], [ 88.82467, 22.26541 ], [ 88.82518, 22.26524 ], [ 88.82599, 22.26457 ], [ 88.82781, 22.26488 ], [ 88.82858, 22.26528 ], [ 88.82999, 22.26648 ], [ 88.83169, 22.26913 ], [ 88.83236, 22.26974 ], [ 88.83451, 22.27004 ], [ 88.83489, 22.27041 ], [ 88.83494, 22.27106 ], [ 88.83612, 22.27412 ], [ 88.83693, 22.27508 ], [ 88.83766, 22.27564 ], [ 88.8385, 22.27592 ], [ 88.84089, 22.27553 ], [ 88.84151, 22.27573 ], [ 88.84231, 22.2763 ], [ 88.84371, 22.27911 ], [ 88.84509, 22.28039 ], [ 88.84722, 22.2819 ], [ 88.84819, 22.28282 ], [ 88.84958, 22.28676 ], [ 88.85029, 22.28805 ], [ 88.85063, 22.28848 ], [ 88.8509, 22.2886 ], [ 88.85124, 22.28842 ], [ 88.85224, 22.28557 ], [ 88.85274, 22.28457 ], [ 88.85359, 22.28394 ], [ 88.85531, 22.28331 ], [ 88.85612, 22.28258 ], [ 88.85686, 22.28089 ], [ 88.85763, 22.28012 ], [ 88.85908, 22.27934 ], [ 88.86229, 22.27806 ], [ 88.8635, 22.27713 ], [ 88.86411, 22.27566 ], [ 88.86408, 22.27345 ], [ 88.86479, 22.27215 ], [ 88.86548, 22.27172 ], [ 88.8663, 22.27171 ], [ 88.86742, 22.27198 ], [ 88.86893, 22.27291 ], [ 88.87073, 22.27451 ], [ 88.87216, 22.27525 ], [ 88.87383, 22.27543 ], [ 88.87728, 22.27516 ], [ 88.8782, 22.27454 ], [ 88.88013, 22.27074 ], [ 88.88145, 22.26849 ], [ 88.88204, 22.26797 ], [ 88.88293, 22.26775 ], [ 88.88455, 22.2679 ], [ 88.88732, 22.26705 ], [ 88.88828, 22.26652 ], [ 88.88909, 22.2649 ], [ 88.89008, 22.26056 ], [ 88.8906, 22.25894 ], [ 88.89154, 22.25793 ], [ 88.8927, 22.25703 ], [ 88.89393, 22.25637 ], [ 88.89491, 22.25553 ], [ 88.89553, 22.25461 ], [ 88.89572, 22.25278 ], [ 88.89562, 22.25254 ], [ 88.8985, 22.25235 ], [ 88.90046, 22.25255 ], [ 88.90238, 22.25248 ], [ 88.90427, 22.25177 ], [ 88.90537, 22.25158 ], [ 88.90578, 22.2517 ], [ 88.906, 22.2521 ], [ 88.90587, 22.25339 ], [ 88.90596, 22.25498 ], [ 88.90689, 22.25707 ], [ 88.90753, 22.25919 ], [ 88.90739, 22.2613 ], [ 88.90688, 22.26378 ], [ 88.90772, 22.26623 ], [ 88.90844, 22.26757 ], [ 88.91195, 22.26916 ], [ 88.91503, 22.27087 ], [ 88.91579, 22.27069 ], [ 88.91732, 22.26869 ], [ 88.91917, 22.2658 ], [ 88.92248, 22.26151 ], [ 88.92317, 22.26069 ], [ 88.92389, 22.26024 ], [ 88.92444, 22.26028 ], [ 88.92521, 22.2608 ], [ 88.92727, 22.26358 ], [ 88.92819, 22.26375 ], [ 88.92963, 22.26328 ], [ 88.93227, 22.26313 ], [ 88.9346, 22.26325 ], [ 88.93539, 22.26299 ], [ 88.93548, 22.26233 ], [ 88.93474, 22.25972 ], [ 88.93469, 22.25823 ], [ 88.93566, 22.25601 ], [ 88.93839, 22.25293 ], [ 88.94037, 22.25189 ], [ 88.94954, 22.24908 ], [ 88.95111, 22.24792 ], [ 88.9532, 22.24587 ], [ 88.95511, 22.2429 ], [ 88.95628, 22.24019 ], [ 88.95838, 22.23189 ], [ 88.95939, 22.22299 ], [ 88.96082, 22.21898 ], [ 88.96124, 22.21693 ], [ 88.96188, 22.21494 ], [ 88.96477, 22.21168 ], [ 88.9608, 22.20936 ], [ 88.95752, 22.20719 ], [ 88.96106, 22.19897 ], [ 88.96131, 22.19589 ], [ 88.96097, 22.1939 ], [ 88.95965, 22.19277 ], [ 88.9581, 22.19261 ], [ 88.95817, 22.19214 ], [ 88.95753, 22.19197 ], [ 88.95745, 22.19228 ], [ 88.9573, 22.19228 ], [ 88.9565, 22.19203 ], [ 88.95222, 22.19147 ], [ 88.95059, 22.19177 ], [ 88.9488, 22.19183 ], [ 88.94384, 22.19304 ], [ 88.943, 22.19304 ], [ 88.94198, 22.19272 ], [ 88.94095, 22.19201 ], [ 88.94035, 22.19126 ], [ 88.94011, 22.19079 ], [ 88.9401, 22.18972 ], [ 88.9405, 22.18879 ], [ 88.94221, 22.18701 ], [ 88.9445, 22.18514 ], [ 88.94496, 22.1845 ], [ 88.94488, 22.18429 ], [ 88.94363, 22.18373 ], [ 88.93802, 22.18285 ], [ 88.9355, 22.18198 ], [ 88.93349, 22.1804 ], [ 88.93203, 22.17772 ], [ 88.93138, 22.1779 ], [ 88.92983, 22.17891 ], [ 88.92763, 22.17983 ], [ 88.92663, 22.17998 ], [ 88.92522, 22.1796 ], [ 88.92148, 22.17454 ], [ 88.92041, 22.17005 ], [ 88.91992, 22.16927 ], [ 88.92016, 22.1686 ], [ 88.92009, 22.1681 ], [ 88.91919, 22.16733 ], [ 88.91936, 22.16693 ], [ 88.9186, 22.16578 ], [ 88.91771, 22.16571 ], [ 88.91652, 22.16586 ], [ 88.91486, 22.16635 ], [ 88.91338, 22.16702 ], [ 88.9117, 22.16804 ], [ 88.91107, 22.16876 ], [ 88.91026, 22.16938 ], [ 88.90845, 22.17185 ], [ 88.90806, 22.1722 ], [ 88.90801, 22.17273 ], [ 88.90754, 22.17303 ], [ 88.90524, 22.17569 ], [ 88.90428, 22.17648 ], [ 88.90372, 22.17662 ], [ 88.90339, 22.1769 ], [ 88.90183, 22.17763 ], [ 88.89967, 22.17832 ], [ 88.89847, 22.17844 ], [ 88.89688, 22.17829 ], [ 88.89524, 22.17798 ], [ 88.89356, 22.17741 ], [ 88.89305, 22.17709 ], [ 88.8902, 22.17522 ], [ 88.88902, 22.17415 ], [ 88.88756, 22.17214 ], [ 88.88671, 22.17037 ], [ 88.88616, 22.16826 ], [ 88.88636, 22.16493 ], [ 88.88682, 22.16445 ], [ 88.88816, 22.16189 ], [ 88.8895, 22.15989 ], [ 88.89304, 22.15577 ], [ 88.89624, 22.15132 ], [ 88.89978, 22.14773 ], [ 88.90043, 22.14468 ], [ 88.90094, 22.14117 ], [ 88.90154, 22.1386 ], [ 88.90548, 22.13088 ], [ 88.90705, 22.12855 ], [ 88.90948, 22.12555 ], [ 88.91389, 22.12132 ], [ 88.91669, 22.11821 ], [ 88.91762, 22.11695 ], [ 88.9198, 22.11489 ], [ 88.92135, 22.11313 ], [ 88.92355, 22.11015 ], [ 88.92451, 22.1082 ], [ 88.92485, 22.10684 ], [ 88.92491, 22.1058 ], [ 88.92457, 22.10426 ], [ 88.92378, 22.10179 ], [ 88.92232, 22.09826 ], [ 88.92098, 22.09626 ], [ 88.91756, 22.09225 ], [ 88.91617, 22.09107 ], [ 88.91509, 22.09047 ], [ 88.91004, 22.08835 ], [ 88.90814, 22.08766 ], [ 88.9077, 22.08765 ], [ 88.90606, 22.08822 ], [ 88.90437, 22.08915 ], [ 88.90204, 22.09014 ], [ 88.89978, 22.0905 ], [ 88.8987, 22.0904 ], [ 88.89678, 22.09101 ], [ 88.89392, 22.09084 ], [ 88.89126, 22.09021 ], [ 88.8905, 22.08989 ], [ 88.88441, 22.086 ], [ 88.8822, 22.08565 ], [ 88.87961, 22.08574 ], [ 88.8771, 22.08662 ], [ 88.87207, 22.08784 ], [ 88.87135, 22.08812 ], [ 88.87038, 22.08874 ], [ 88.86799, 22.09034 ], [ 88.86681, 22.09146 ], [ 88.86346, 22.09346 ], [ 88.86216, 22.09441 ], [ 88.85395, 22.1011 ], [ 88.85252, 22.10274 ], [ 88.851, 22.1051 ], [ 88.84982, 22.10836 ], [ 88.84962, 22.11013 ], [ 88.84973, 22.11482 ], [ 88.84891, 22.11767 ], [ 88.84864, 22.11834 ], [ 88.84775, 22.11959 ], [ 88.84695, 22.12113 ], [ 88.84551, 22.12271 ], [ 88.84444, 22.12346 ], [ 88.84315, 22.12409 ], [ 88.83956, 22.12508 ], [ 88.83307, 22.12638 ], [ 88.83165, 22.1271 ], [ 88.82104, 22.1273 ], [ 88.81786, 22.12846 ], [ 88.81518, 22.12991 ], [ 88.81292, 22.13056 ], [ 88.81198, 22.13105 ], [ 88.81105, 22.1313 ], [ 88.80841, 22.13141 ], [ 88.80671, 22.13124 ], [ 88.80414, 22.13055 ], [ 88.80215, 22.12933 ], [ 88.80092, 22.12817 ], [ 88.79774, 22.12409 ], [ 88.79728, 22.12281 ], [ 88.79559, 22.12059 ], [ 88.79543, 22.11979 ], [ 88.79533, 22.11699 ], [ 88.79548, 22.1167 ], [ 88.79512, 22.11549 ], [ 88.79463, 22.11467 ], [ 88.79434, 22.11447 ], [ 88.7938, 22.11439 ], [ 88.79177, 22.11438 ], [ 88.7893, 22.11471 ], [ 88.78772, 22.11476 ], [ 88.78731, 22.11445 ], [ 88.78534, 22.11432 ], [ 88.78191, 22.11352 ], [ 88.77839, 22.11196 ], [ 88.77516, 22.10954 ], [ 88.77285, 22.1073 ], [ 88.77154, 22.10671 ], [ 88.77156, 22.10602 ], [ 88.77066, 22.10329 ], [ 88.77014, 22.10041 ], [ 88.76967, 22.09321 ], [ 88.76949, 22.0926 ], [ 88.76892, 22.09215 ], [ 88.76643, 22.09135 ], [ 88.76496, 22.09065 ], [ 88.7629, 22.09011 ], [ 88.76032, 22.0891 ], [ 88.75676, 22.08744 ], [ 88.75448, 22.08607 ], [ 88.75316, 22.08507 ], [ 88.74973, 22.08182 ], [ 88.7481, 22.08005 ], [ 88.74801, 22.07945 ], [ 88.74764, 22.07898 ], [ 88.74737, 22.07823 ], [ 88.74681, 22.07778 ], [ 88.74444, 22.07502 ], [ 88.74293, 22.07371 ], [ 88.74219, 22.07235 ], [ 88.74217, 22.07193 ], [ 88.74187, 22.07137 ], [ 88.74164, 22.06968 ], [ 88.74109, 22.0677 ], [ 88.74047, 22.0668 ], [ 88.73988, 22.06635 ], [ 88.73995, 22.06581 ], [ 88.73973, 22.06536 ], [ 88.73948, 22.06278 ], [ 88.73942, 22.0602 ], [ 88.73913, 22.05984 ], [ 88.73913, 22.05931 ], [ 88.73895, 22.05892 ], [ 88.73905, 22.0583 ], [ 88.73893, 22.05764 ], [ 88.73864, 22.057 ], [ 88.73431, 22.03486 ], [ 88.73462, 22.03443 ], [ 88.73429, 22.03293 ], [ 88.73568, 22.03119 ], [ 88.73608, 22.02997 ], [ 88.73645, 22.02933 ], [ 88.73816, 22.02444 ], [ 88.73964, 22.02106 ], [ 88.73989, 22.02007 ], [ 88.73986, 22.01929 ], [ 88.73966, 22.01869 ], [ 88.7387, 22.01717 ], [ 88.73776, 22.01599 ], [ 88.73549, 22.01445 ], [ 88.73519, 22.01393 ], [ 88.73517, 22.01357 ], [ 88.73431, 22.013 ], [ 88.73376, 22.01219 ], [ 88.73, 22.01003 ], [ 88.72669, 22.00852 ], [ 88.72572, 22.00783 ], [ 88.72491, 22.00805 ], [ 88.72494, 22.00767 ], [ 88.72426, 22.00722 ], [ 88.72385, 22.00719 ], [ 88.72338, 22.00671 ], [ 88.72294, 22.00657 ], [ 88.72196, 22.00658 ], [ 88.7218, 22.0062 ], [ 88.72157, 22.0061 ], [ 88.72087, 22.00614 ], [ 88.72015, 22.00682 ], [ 88.71896, 22.00748 ], [ 88.71823, 22.00826 ], [ 88.71746, 22.00881 ], [ 88.71681, 22.00965 ], [ 88.71634, 22.01008 ], [ 88.71575, 22.01036 ], [ 88.71159, 22.00958 ], [ 88.70873, 22.00874 ], [ 88.70554, 22.00743 ], [ 88.70263, 22.00776 ], [ 88.70214, 22.00799 ], [ 88.70178, 22.00796 ], [ 88.70012, 22.00941 ], [ 88.69709, 22.01244 ], [ 88.69575, 22.01354 ], [ 88.69439, 22.01431 ], [ 88.68952, 22.01635 ], [ 88.6858, 22.01747 ], [ 88.68409, 22.01849 ], [ 88.68288, 22.01889 ], [ 88.68261, 22.01878 ], [ 88.682, 22.01952 ], [ 88.68081, 22.02039 ], [ 88.67542, 22.02272 ], [ 88.67185, 22.02327 ], [ 88.66437, 22.02392 ], [ 88.6639, 22.02409 ], [ 88.66375, 22.02448 ], [ 88.64216, 22.02781 ], [ 88.62488, 22.03179 ], [ 88.62162, 22.02781 ], [ 88.62066, 22.02607 ], [ 88.62052, 22.02502 ] ] ], [ [ [ 88.52136, 21.59663 ], [ 88.51337, 21.59905 ], [ 88.51209, 21.59969 ], [ 88.51149, 21.6004 ], [ 88.51042, 21.60252 ], [ 88.51046, 21.60289 ], [ 88.51133, 21.60437 ], [ 88.51129, 21.6056 ], [ 88.51254, 21.6063 ], [ 88.51208, 21.60673 ], [ 88.51245, 21.60712 ], [ 88.51248, 21.60736 ], [ 88.51215, 21.60978 ], [ 88.51266, 21.61035 ], [ 88.51273, 21.61078 ], [ 88.51308, 21.61099 ], [ 88.51357, 21.61072 ], [ 88.514, 21.61088 ], [ 88.51539, 21.61012 ], [ 88.51565, 21.61014 ], [ 88.5156, 21.61046 ], [ 88.51513, 21.61076 ], [ 88.51506, 21.61109 ], [ 88.51544, 21.61128 ], [ 88.51629, 21.61135 ], [ 88.51658, 21.61147 ], [ 88.51672, 21.61175 ], [ 88.51658, 21.61211 ], [ 88.51589, 21.61217 ], [ 88.51576, 21.61291 ], [ 88.51582, 21.61393 ], [ 88.51668, 21.61483 ], [ 88.5165, 21.61664 ], [ 88.51683, 21.61688 ], [ 88.51786, 21.61685 ], [ 88.51815, 21.6172 ], [ 88.51865, 21.61744 ], [ 88.51877, 21.61783 ], [ 88.51847, 21.61857 ], [ 88.51894, 21.61905 ], [ 88.51942, 21.61915 ], [ 88.51957, 21.61947 ], [ 88.51943, 21.62015 ], [ 88.52007, 21.62049 ], [ 88.52022, 21.62106 ], [ 88.52066, 21.62149 ], [ 88.52055, 21.62171 ], [ 88.52104, 21.62178 ], [ 88.52153, 21.6222 ], [ 88.52235, 21.62253 ], [ 88.52272, 21.62284 ], [ 88.52336, 21.62302 ], [ 88.52458, 21.62382 ], [ 88.52473, 21.62433 ], [ 88.52474, 21.62574 ], [ 88.52551, 21.62678 ], [ 88.52545, 21.62718 ], [ 88.52459, 21.62766 ], [ 88.52459, 21.62791 ], [ 88.52516, 21.62818 ], [ 88.52529, 21.62842 ], [ 88.52504, 21.62888 ], [ 88.52402, 21.62928 ], [ 88.52342, 21.62911 ], [ 88.5223, 21.62969 ], [ 88.52247, 21.6314 ], [ 88.52221, 21.63346 ], [ 88.52173, 21.63504 ], [ 88.52198, 21.63665 ], [ 88.52241, 21.63715 ], [ 88.52299, 21.63739 ], [ 88.52334, 21.63781 ], [ 88.52307, 21.6395 ], [ 88.52284, 21.63992 ], [ 88.52239, 21.64006 ], [ 88.52172, 21.64197 ], [ 88.52161, 21.64354 ], [ 88.52173, 21.64493 ], [ 88.5221, 21.64598 ], [ 88.52312, 21.64705 ], [ 88.52326, 21.64818 ], [ 88.52387, 21.64903 ], [ 88.52419, 21.64976 ], [ 88.52428, 21.65137 ], [ 88.52453, 21.6516 ], [ 88.52434, 21.65193 ], [ 88.52461, 21.65221 ], [ 88.52489, 21.65214 ], [ 88.52762, 21.6493 ], [ 88.52852, 21.64791 ], [ 88.53059, 21.64534 ], [ 88.53412, 21.64129 ], [ 88.53864, 21.63734 ], [ 88.54037, 21.63608 ], [ 88.54347, 21.63445 ], [ 88.54554, 21.63363 ], [ 88.54631, 21.63347 ], [ 88.54724, 21.63285 ], [ 88.54789, 21.633 ], [ 88.54825, 21.6326 ], [ 88.54878, 21.63267 ], [ 88.54981, 21.63242 ], [ 88.55098, 21.63255 ], [ 88.55132, 21.63222 ], [ 88.55208, 21.63255 ], [ 88.55313, 21.63255 ], [ 88.55802, 21.63154 ], [ 88.56401, 21.62815 ], [ 88.57219, 21.62212 ], [ 88.57391, 21.62062 ], [ 88.57543, 21.61862 ], [ 88.5761, 21.61735 ], [ 88.57724, 21.61658 ], [ 88.58113, 21.61304 ], [ 88.58296, 21.61226 ], [ 88.58697, 21.6123 ], [ 88.58809, 21.61196 ], [ 88.58954, 21.61051 ], [ 88.59006, 21.6097 ], [ 88.59027, 21.60895 ], [ 88.59038, 21.60625 ], [ 88.59068, 21.60413 ], [ 88.59003, 21.60147 ], [ 88.58901, 21.59965 ], [ 88.58604, 21.59347 ], [ 88.58372, 21.58668 ], [ 88.58191, 21.58378 ], [ 88.58118, 21.58234 ], [ 88.57703, 21.57816 ], [ 88.57235, 21.574 ], [ 88.57008, 21.57298 ], [ 88.56859, 21.5726 ], [ 88.56754, 21.57216 ], [ 88.56682, 21.57165 ], [ 88.56619, 21.57155 ], [ 88.56496, 21.57163 ], [ 88.56192, 21.57238 ], [ 88.55951, 21.5722 ], [ 88.55846, 21.57199 ], [ 88.55775, 21.57168 ], [ 88.55682, 21.57078 ], [ 88.55576, 21.57055 ], [ 88.55531, 21.57069 ], [ 88.55514, 21.5706 ], [ 88.5552, 21.56988 ], [ 88.55487, 21.56936 ], [ 88.55431, 21.56912 ], [ 88.55322, 21.56912 ], [ 88.5524, 21.56891 ], [ 88.55176, 21.56834 ], [ 88.5509, 21.56706 ], [ 88.55068, 21.5665 ], [ 88.55031, 21.56614 ], [ 88.5495, 21.56594 ], [ 88.5482, 21.56622 ], [ 88.54755, 21.56686 ], [ 88.54676, 21.56721 ], [ 88.54671, 21.56752 ], [ 88.54642, 21.56784 ], [ 88.54575, 21.56825 ], [ 88.54518, 21.56795 ], [ 88.54493, 21.56765 ], [ 88.54469, 21.56758 ], [ 88.54448, 21.56777 ], [ 88.54404, 21.56868 ], [ 88.54429, 21.5703 ], [ 88.54396, 21.57069 ], [ 88.54412, 21.57104 ], [ 88.54407, 21.57133 ], [ 88.54376, 21.57198 ], [ 88.54325, 21.57591 ], [ 88.54259, 21.57877 ], [ 88.54091, 21.58211 ], [ 88.53972, 21.58386 ], [ 88.53732, 21.58685 ], [ 88.53712, 21.58719 ], [ 88.53721, 21.58787 ], [ 88.53637, 21.5891 ], [ 88.53587, 21.58927 ], [ 88.53486, 21.59023 ], [ 88.5339, 21.59092 ], [ 88.53179, 21.59192 ], [ 88.52905, 21.59348 ], [ 88.52541, 21.59521 ], [ 88.52487, 21.59572 ], [ 88.525, 21.59598 ], [ 88.52396, 21.59673 ], [ 88.5228, 21.59648 ], [ 88.52136, 21.59663 ] ] ], [ [ [ 88.76144, 21.65208 ], [ 88.76733, 21.65409 ], [ 88.76883, 21.6542 ], [ 88.76954, 21.65405 ], [ 88.76997, 21.65361 ], [ 88.77051, 21.65266 ], [ 88.77109, 21.6521 ], [ 88.77127, 21.65116 ], [ 88.77165, 21.65044 ], [ 88.77188, 21.65021 ], [ 88.77236, 21.65012 ], [ 88.77258, 21.64951 ], [ 88.77325, 21.64909 ], [ 88.77308, 21.64843 ], [ 88.77337, 21.64802 ], [ 88.77305, 21.64785 ], [ 88.77308, 21.64749 ], [ 88.77332, 21.64722 ], [ 88.77435, 21.64686 ], [ 88.77412, 21.64635 ], [ 88.77462, 21.64556 ], [ 88.77453, 21.64531 ], [ 88.77336, 21.64484 ], [ 88.7733, 21.6446 ], [ 88.77471, 21.64401 ], [ 88.7749, 21.64351 ], [ 88.7713, 21.6419 ], [ 88.7712, 21.64168 ], [ 88.77133, 21.64137 ], [ 88.77223, 21.6404 ], [ 88.77233, 21.63996 ], [ 88.7722, 21.6389 ], [ 88.77235, 21.63816 ], [ 88.77208, 21.63754 ], [ 88.77212, 21.63702 ], [ 88.77193, 21.63676 ], [ 88.77164, 21.63654 ], [ 88.77083, 21.63637 ], [ 88.77045, 21.63594 ], [ 88.76947, 21.63298 ], [ 88.76959, 21.62942 ], [ 88.77063, 21.62699 ], [ 88.77129, 21.62626 ], [ 88.7713, 21.62569 ], [ 88.77108, 21.62512 ], [ 88.77124, 21.62316 ], [ 88.77172, 21.62235 ], [ 88.77256, 21.62171 ], [ 88.77241, 21.62139 ], [ 88.77237, 21.62024 ], [ 88.77256, 21.61955 ], [ 88.77289, 21.6192 ], [ 88.77382, 21.61866 ], [ 88.77487, 21.61754 ], [ 88.77572, 21.61609 ], [ 88.77546, 21.61552 ], [ 88.77548, 21.61516 ], [ 88.77616, 21.61434 ], [ 88.77645, 21.61407 ], [ 88.777, 21.61389 ], [ 88.77813, 21.61373 ], [ 88.7791, 21.61308 ], [ 88.78181, 21.61013 ], [ 88.78209, 21.60932 ], [ 88.78266, 21.60923 ], [ 88.78331, 21.60878 ], [ 88.78407, 21.60791 ], [ 88.7853, 21.60699 ], [ 88.78607, 21.60531 ], [ 88.78596, 21.60469 ], [ 88.78612, 21.60448 ], [ 88.78727, 21.60394 ], [ 88.78839, 21.60316 ], [ 88.78861, 21.60273 ], [ 88.78919, 21.60232 ], [ 88.78973, 21.6016 ], [ 88.7933, 21.59877 ], [ 88.79426, 21.59785 ], [ 88.79465, 21.59733 ], [ 88.7951, 21.59568 ], [ 88.7947, 21.59124 ], [ 88.79419, 21.591 ], [ 88.79352, 21.58993 ], [ 88.79334, 21.58913 ], [ 88.79255, 21.58795 ], [ 88.79243, 21.58747 ], [ 88.78999, 21.58589 ], [ 88.78913, 21.58543 ], [ 88.78813, 21.58517 ], [ 88.78605, 21.58391 ], [ 88.78523, 21.58319 ], [ 88.77952, 21.58209 ], [ 88.7772, 21.58203 ], [ 88.77652, 21.58245 ], [ 88.77553, 21.58215 ], [ 88.7719, 21.58195 ], [ 88.77075, 21.58172 ], [ 88.7673, 21.58144 ], [ 88.76342, 21.58154 ], [ 88.76194, 21.5812 ], [ 88.7609, 21.58125 ], [ 88.76034, 21.58149 ], [ 88.76003, 21.58125 ], [ 88.75953, 21.58118 ], [ 88.75845, 21.5815 ], [ 88.75782, 21.58114 ], [ 88.75685, 21.58152 ], [ 88.75528, 21.58273 ], [ 88.75297, 21.58355 ], [ 88.75161, 21.58522 ], [ 88.74617, 21.58524 ], [ 88.74588, 21.58477 ], [ 88.74527, 21.58464 ], [ 88.74463, 21.58419 ], [ 88.74441, 21.58391 ], [ 88.7444, 21.58343 ], [ 88.74377, 21.58356 ], [ 88.74318, 21.58346 ], [ 88.74219, 21.58301 ], [ 88.74121, 21.58231 ], [ 88.73961, 21.58237 ], [ 88.73854, 21.58321 ], [ 88.73815, 21.58328 ], [ 88.73735, 21.58307 ], [ 88.73578, 21.58346 ], [ 88.7353, 21.58323 ], [ 88.73551, 21.58268 ], [ 88.73651, 21.58237 ], [ 88.73705, 21.58193 ], [ 88.73733, 21.57961 ], [ 88.73701, 21.57923 ], [ 88.73603, 21.57887 ], [ 88.73628, 21.57744 ], [ 88.736, 21.57741 ], [ 88.73546, 21.57768 ], [ 88.73525, 21.57734 ], [ 88.73413, 21.57679 ], [ 88.7341, 21.57653 ], [ 88.73427, 21.57627 ], [ 88.73403, 21.57597 ], [ 88.73344, 21.57607 ], [ 88.73311, 21.57637 ], [ 88.73265, 21.57634 ], [ 88.73233, 21.57683 ], [ 88.73153, 21.57749 ], [ 88.7305, 21.5773 ], [ 88.73044, 21.57686 ], [ 88.73016, 21.57682 ], [ 88.72897, 21.57763 ], [ 88.72845, 21.57823 ], [ 88.72826, 21.57786 ], [ 88.72807, 21.57783 ], [ 88.72772, 21.57817 ], [ 88.72757, 21.5777 ], [ 88.72682, 21.57789 ], [ 88.72645, 21.57823 ], [ 88.72529, 21.5787 ], [ 88.72521, 21.57908 ], [ 88.72467, 21.57971 ], [ 88.72446, 21.57937 ], [ 88.72409, 21.57925 ], [ 88.72292, 21.57951 ], [ 88.72264, 21.57998 ], [ 88.72287, 21.58056 ], [ 88.72247, 21.58085 ], [ 88.72246, 21.58131 ], [ 88.7226, 21.5814 ], [ 88.72228, 21.58179 ], [ 88.72149, 21.58187 ], [ 88.72069, 21.58215 ], [ 88.7199, 21.58218 ], [ 88.71961, 21.5821 ], [ 88.71947, 21.58175 ], [ 88.71923, 21.58175 ], [ 88.71905, 21.58194 ], [ 88.71913, 21.58262 ], [ 88.71894, 21.58282 ], [ 88.71865, 21.58285 ], [ 88.71871, 21.58312 ], [ 88.7183, 21.58379 ], [ 88.71712, 21.58399 ], [ 88.71633, 21.58458 ], [ 88.71581, 21.58421 ], [ 88.71527, 21.58426 ], [ 88.71522, 21.58441 ], [ 88.71554, 21.58467 ], [ 88.71563, 21.58497 ], [ 88.71428, 21.58628 ], [ 88.71371, 21.58891 ], [ 88.71354, 21.58915 ], [ 88.71281, 21.58929 ], [ 88.71177, 21.59032 ], [ 88.71094, 21.59154 ], [ 88.71045, 21.59258 ], [ 88.7102, 21.59374 ], [ 88.71018, 21.59557 ], [ 88.71065, 21.59848 ], [ 88.71016, 21.59973 ], [ 88.71013, 21.60037 ], [ 88.71057, 21.60196 ], [ 88.71038, 21.60442 ], [ 88.70976, 21.60816 ], [ 88.70907, 21.61014 ], [ 88.7084, 21.61364 ], [ 88.70881, 21.61494 ], [ 88.71027, 21.61634 ], [ 88.71166, 21.6173 ], [ 88.71235, 21.61862 ], [ 88.71382, 21.61912 ], [ 88.71491, 21.61975 ], [ 88.71495, 21.62232 ], [ 88.71476, 21.62311 ], [ 88.71502, 21.62402 ], [ 88.71652, 21.62598 ], [ 88.71776, 21.62855 ], [ 88.71978, 21.6313 ], [ 88.71988, 21.632 ], [ 88.71977, 21.63335 ], [ 88.72028, 21.63432 ], [ 88.72069, 21.63734 ], [ 88.72065, 21.63912 ], [ 88.71904, 21.64327 ], [ 88.71775, 21.64584 ], [ 88.71415, 21.65404 ], [ 88.71326, 21.65552 ], [ 88.71148, 21.65755 ], [ 88.71059, 21.65894 ], [ 88.71031, 21.65914 ], [ 88.70976, 21.66028 ], [ 88.70974, 21.66048 ], [ 88.71023, 21.66125 ], [ 88.71112, 21.66207 ], [ 88.71139, 21.66253 ], [ 88.71142, 21.66309 ], [ 88.71036, 21.66392 ], [ 88.70821, 21.66488 ], [ 88.70631, 21.66635 ], [ 88.70413, 21.66659 ], [ 88.7032, 21.66645 ], [ 88.70277, 21.66703 ], [ 88.70277, 21.66777 ], [ 88.70265, 21.66791 ], [ 88.70177, 21.66804 ], [ 88.69991, 21.66937 ], [ 88.69909, 21.67057 ], [ 88.69879, 21.67083 ], [ 88.69842, 21.67083 ], [ 88.69827, 21.67097 ], [ 88.69802, 21.67182 ], [ 88.69848, 21.67223 ], [ 88.69842, 21.67294 ], [ 88.69778, 21.67369 ], [ 88.69725, 21.67403 ], [ 88.6972, 21.67473 ], [ 88.69644, 21.67542 ], [ 88.69519, 21.67774 ], [ 88.69427, 21.6791 ], [ 88.69148, 21.68156 ], [ 88.69122, 21.68206 ], [ 88.68998, 21.68313 ], [ 88.68982, 21.68346 ], [ 88.68973, 21.68432 ], [ 88.68983, 21.68472 ], [ 88.69019, 21.6854 ], [ 88.6907, 21.68588 ], [ 88.69068, 21.68615 ], [ 88.69094, 21.68666 ], [ 88.6915, 21.68728 ], [ 88.69277, 21.69028 ], [ 88.69317, 21.69168 ], [ 88.69517, 21.69685 ], [ 88.69567, 21.70118 ], [ 88.69646, 21.7039 ], [ 88.69673, 21.70429 ], [ 88.69701, 21.7043 ], [ 88.69729, 21.70355 ], [ 88.69814, 21.6977 ], [ 88.69919, 21.69386 ], [ 88.70081, 21.68949 ], [ 88.70272, 21.68598 ], [ 88.70598, 21.68164 ], [ 88.70705, 21.68043 ], [ 88.71333, 21.67455 ], [ 88.71514, 21.67318 ], [ 88.71836, 21.67128 ], [ 88.72187, 21.66882 ], [ 88.72459, 21.66658 ], [ 88.73286, 21.66026 ], [ 88.7394, 21.65465 ], [ 88.74385, 21.6515 ], [ 88.7449, 21.65098 ], [ 88.74675, 21.65048 ], [ 88.74993, 21.64913 ], [ 88.75173, 21.64759 ], [ 88.7579, 21.65023 ], [ 88.75796, 21.65047 ], [ 88.76144, 21.65208 ] ] ], [ [ [ 88.60165, 21.62836 ], [ 88.60143, 21.62709 ], [ 88.60183, 21.62687 ], [ 88.60236, 21.62593 ], [ 88.60311, 21.62535 ], [ 88.60346, 21.6248 ], [ 88.60356, 21.62374 ], [ 88.60286, 21.62313 ], [ 88.6027, 21.6228 ], [ 88.60127, 21.62296 ], [ 88.59816, 21.621 ], [ 88.59788, 21.62096 ], [ 88.59656, 21.62111 ], [ 88.59492, 21.62163 ], [ 88.59381, 21.62181 ], [ 88.59339, 21.62163 ], [ 88.59214, 21.61989 ], [ 88.59173, 21.61963 ], [ 88.59126, 21.61962 ], [ 88.59074, 21.61976 ], [ 88.58887, 21.62085 ], [ 88.5874, 21.62131 ], [ 88.5868, 21.62194 ], [ 88.58545, 21.62287 ], [ 88.58171, 21.62606 ], [ 88.57771, 21.62865 ], [ 88.5706, 21.63266 ], [ 88.56549, 21.63433 ], [ 88.56317, 21.63468 ], [ 88.55837, 21.63512 ], [ 88.55656, 21.63562 ], [ 88.55567, 21.63615 ], [ 88.55406, 21.63981 ], [ 88.5535, 21.64203 ], [ 88.55341, 21.64379 ], [ 88.55358, 21.64482 ], [ 88.55425, 21.64664 ], [ 88.55477, 21.64766 ], [ 88.55633, 21.64959 ], [ 88.55982, 21.65298 ], [ 88.5654, 21.65794 ], [ 88.56681, 21.65942 ], [ 88.56847, 21.66154 ], [ 88.57024, 21.66451 ], [ 88.57098, 21.66631 ], [ 88.57139, 21.66814 ], [ 88.57177, 21.67119 ], [ 88.57144, 21.67609 ], [ 88.57006, 21.68183 ], [ 88.56713, 21.69007 ], [ 88.5671, 21.69067 ], [ 88.56742, 21.69099 ], [ 88.56968, 21.69143 ], [ 88.57461, 21.69198 ], [ 88.57582, 21.69277 ], [ 88.57657, 21.69216 ], [ 88.57713, 21.69065 ], [ 88.57817, 21.6847 ], [ 88.57826, 21.6834 ], [ 88.57878, 21.6825 ], [ 88.57928, 21.68064 ], [ 88.57986, 21.67931 ], [ 88.58311, 21.67348 ], [ 88.58446, 21.67014 ], [ 88.5849, 21.66847 ], [ 88.58513, 21.6658 ], [ 88.58521, 21.66244 ], [ 88.58563, 21.65807 ], [ 88.5859, 21.65743 ], [ 88.58676, 21.65646 ], [ 88.58856, 21.65514 ], [ 88.59016, 21.65446 ], [ 88.59085, 21.65485 ], [ 88.5912, 21.65485 ], [ 88.59264, 21.65359 ], [ 88.59323, 21.65119 ], [ 88.59342, 21.65091 ], [ 88.59343, 21.6501 ], [ 88.59399, 21.64811 ], [ 88.59523, 21.6472 ], [ 88.59533, 21.64614 ], [ 88.59691, 21.64326 ], [ 88.59759, 21.6423 ], [ 88.59814, 21.64074 ], [ 88.59856, 21.63915 ], [ 88.59857, 21.63752 ], [ 88.59885, 21.63665 ], [ 88.59836, 21.63568 ], [ 88.59844, 21.63529 ], [ 88.59884, 21.63486 ], [ 88.5989, 21.63401 ], [ 88.5995, 21.63306 ], [ 88.59959, 21.63222 ], [ 88.6007, 21.63128 ], [ 88.60095, 21.6293 ], [ 88.60165, 21.62836 ] ] ], [ [ [ 88.63253, 21.66766 ], [ 88.63207, 21.66821 ], [ 88.63221, 21.66832 ], [ 88.63277, 21.66816 ], [ 88.63259, 21.66876 ], [ 88.6329, 21.66919 ], [ 88.63281, 21.66946 ], [ 88.6333, 21.6701 ], [ 88.63395, 21.67169 ], [ 88.63461, 21.67221 ], [ 88.63442, 21.67164 ], [ 88.63406, 21.67141 ], [ 88.63426, 21.67091 ], [ 88.63406, 21.67079 ], [ 88.63415, 21.67058 ], [ 88.63402, 21.66968 ], [ 88.63414, 21.66949 ], [ 88.63393, 21.66946 ], [ 88.63402, 21.66924 ], [ 88.6334, 21.66691 ], [ 88.63349, 21.66656 ], [ 88.63339, 21.66612 ], [ 88.63269, 21.66525 ], [ 88.63207, 21.66485 ], [ 88.63225, 21.66435 ], [ 88.63139, 21.66212 ], [ 88.63167, 21.66067 ], [ 88.63167, 21.65978 ], [ 88.6323, 21.65881 ], [ 88.63236, 21.65814 ], [ 88.6317, 21.65668 ], [ 88.63105, 21.65644 ], [ 88.63041, 21.65651 ], [ 88.62966, 21.657 ], [ 88.62927, 21.65768 ], [ 88.62903, 21.6585 ], [ 88.62934, 21.65965 ], [ 88.62931, 21.6603 ], [ 88.62975, 21.66078 ], [ 88.62986, 21.66112 ], [ 88.62963, 21.6622 ], [ 88.63031, 21.66376 ], [ 88.63042, 21.66532 ], [ 88.63134, 21.66585 ], [ 88.63232, 21.667 ], [ 88.63253, 21.66766 ] ] ], [ [ [ 88.56145, 21.6593 ], [ 88.5588, 21.65688 ], [ 88.55543, 21.65312 ], [ 88.55277, 21.64947 ], [ 88.55136, 21.64686 ], [ 88.55139, 21.6465 ], [ 88.5509, 21.64487 ], [ 88.55082, 21.64356 ], [ 88.55102, 21.64086 ], [ 88.55149, 21.63855 ], [ 88.55152, 21.6374 ], [ 88.55053, 21.63717 ], [ 88.54854, 21.63719 ], [ 88.54572, 21.63796 ], [ 88.54292, 21.63931 ], [ 88.54022, 21.64106 ], [ 88.53921, 21.64194 ], [ 88.536, 21.64514 ], [ 88.53257, 21.64911 ], [ 88.53166, 21.65043 ], [ 88.53108, 21.65163 ], [ 88.53044, 21.65366 ], [ 88.53021, 21.65532 ], [ 88.52982, 21.65623 ], [ 88.52914, 21.65716 ], [ 88.52905, 21.65803 ], [ 88.5294, 21.6599 ], [ 88.52977, 21.6601 ], [ 88.53219, 21.66405 ], [ 88.53388, 21.6662 ], [ 88.53461, 21.6668 ], [ 88.53517, 21.66861 ], [ 88.53519, 21.67017 ], [ 88.53512, 21.67055 ], [ 88.53489, 21.6708 ], [ 88.5341, 21.67112 ], [ 88.53378, 21.67149 ], [ 88.53376, 21.67189 ], [ 88.53401, 21.67247 ], [ 88.53331, 21.6729 ], [ 88.53239, 21.67264 ], [ 88.53219, 21.67273 ], [ 88.5333, 21.67502 ], [ 88.53312, 21.67534 ], [ 88.53277, 21.67546 ], [ 88.53248, 21.67543 ], [ 88.53202, 21.67509 ], [ 88.53182, 21.67512 ], [ 88.53171, 21.67534 ], [ 88.5327, 21.67709 ], [ 88.53264, 21.67778 ], [ 88.53236, 21.67792 ], [ 88.53208, 21.67832 ], [ 88.53158, 21.67935 ], [ 88.53176, 21.67986 ], [ 88.53134, 21.68031 ], [ 88.53154, 21.68126 ], [ 88.53042, 21.68235 ], [ 88.52988, 21.68318 ], [ 88.52983, 21.68426 ], [ 88.52973, 21.68443 ], [ 88.52929, 21.68456 ], [ 88.52841, 21.68621 ], [ 88.52839, 21.6866 ], [ 88.52866, 21.68724 ], [ 88.52821, 21.68827 ], [ 88.52823, 21.68865 ], [ 88.5287, 21.68922 ], [ 88.52895, 21.68991 ], [ 88.52918, 21.69129 ], [ 88.52918, 21.69282 ], [ 88.52877, 21.69346 ], [ 88.52761, 21.69451 ], [ 88.5261, 21.69558 ], [ 88.52574, 21.69605 ], [ 88.5253, 21.69626 ], [ 88.5248, 21.69689 ], [ 88.52447, 21.69817 ], [ 88.52395, 21.6984 ], [ 88.52402, 21.69918 ], [ 88.52364, 21.69972 ], [ 88.52296, 21.70003 ], [ 88.52283, 21.70024 ], [ 88.52275, 21.70076 ], [ 88.52293, 21.70132 ], [ 88.52263, 21.70199 ], [ 88.52334, 21.70329 ], [ 88.52285, 21.70353 ], [ 88.52274, 21.70386 ], [ 88.52239, 21.70399 ], [ 88.52112, 21.70525 ], [ 88.52089, 21.70581 ], [ 88.52062, 21.706 ], [ 88.52057, 21.7066 ], [ 88.51921, 21.70758 ], [ 88.5194, 21.70819 ], [ 88.51918, 21.70865 ], [ 88.51881, 21.70891 ], [ 88.51861, 21.70928 ], [ 88.51831, 21.70933 ], [ 88.51848, 21.70966 ], [ 88.51811, 21.71015 ], [ 88.51818, 21.71065 ], [ 88.51803, 21.71089 ], [ 88.51826, 21.71286 ], [ 88.5187, 21.71356 ], [ 88.51973, 21.71458 ], [ 88.51997, 21.71583 ], [ 88.52066, 21.71646 ], [ 88.52197, 21.71712 ], [ 88.52417, 21.71713 ], [ 88.52565, 21.71699 ], [ 88.52614, 21.71681 ], [ 88.53051, 21.71262 ], [ 88.53305, 21.70977 ], [ 88.53661, 21.70535 ], [ 88.53931, 21.70113 ], [ 88.54056, 21.69994 ], [ 88.54249, 21.69909 ], [ 88.54397, 21.69879 ], [ 88.54529, 21.69876 ], [ 88.54844, 21.69951 ], [ 88.55097, 21.70074 ], [ 88.55543, 21.70436 ], [ 88.5569, 21.70528 ], [ 88.55796, 21.70567 ], [ 88.56027, 21.70588 ], [ 88.56215, 21.70567 ], [ 88.56391, 21.70487 ], [ 88.56506, 21.7037 ], [ 88.56584, 21.70207 ], [ 88.56617, 21.70034 ], [ 88.5662, 21.6992 ], [ 88.56573, 21.69268 ], [ 88.56504, 21.68962 ], [ 88.565, 21.6877 ], [ 88.56518, 21.68659 ], [ 88.56617, 21.68345 ], [ 88.56787, 21.67922 ], [ 88.5684, 21.67744 ], [ 88.56867, 21.67518 ], [ 88.56797, 21.67447 ], [ 88.56846, 21.67366 ], [ 88.56878, 21.67259 ], [ 88.56882, 21.67205 ], [ 88.5685, 21.67155 ], [ 88.56875, 21.67074 ], [ 88.56835, 21.66834 ], [ 88.56736, 21.66618 ], [ 88.56529, 21.66343 ], [ 88.56145, 21.6593 ] ] ], [ [ [ 88.58704, 21.70001 ], [ 88.58711, 21.70045 ], [ 88.5876, 21.70074 ], [ 88.58791, 21.70078 ], [ 88.58844, 21.7006 ], [ 88.5885, 21.70031 ], [ 88.588, 21.69988 ], [ 88.58796, 21.69948 ], [ 88.5889, 21.69828 ], [ 88.58913, 21.69728 ], [ 88.58888, 21.69658 ], [ 88.58912, 21.69621 ], [ 88.58963, 21.6964 ], [ 88.59038, 21.69596 ], [ 88.59069, 21.69544 ], [ 88.59056, 21.69476 ], [ 88.59104, 21.69393 ], [ 88.59138, 21.69374 ], [ 88.59163, 21.69382 ], [ 88.59158, 21.69343 ], [ 88.59177, 21.69315 ], [ 88.59295, 21.69273 ], [ 88.5935, 21.6923 ], [ 88.59365, 21.69214 ], [ 88.59371, 21.69154 ], [ 88.59402, 21.6916 ], [ 88.59411, 21.69149 ], [ 88.59417, 21.69126 ], [ 88.59391, 21.69112 ], [ 88.59414, 21.69108 ], [ 88.59472, 21.69046 ], [ 88.59518, 21.68956 ], [ 88.59614, 21.68914 ], [ 88.59623, 21.68883 ], [ 88.59758, 21.68843 ], [ 88.59787, 21.68801 ], [ 88.5982, 21.68791 ], [ 88.59834, 21.68753 ], [ 88.59911, 21.6871 ], [ 88.59952, 21.68653 ], [ 88.6005, 21.68638 ], [ 88.60081, 21.68587 ], [ 88.60133, 21.68556 ], [ 88.60186, 21.685 ], [ 88.60221, 21.68392 ], [ 88.60254, 21.68369 ], [ 88.60321, 21.68245 ], [ 88.60376, 21.682 ], [ 88.60371, 21.68148 ], [ 88.60416, 21.68148 ], [ 88.60435, 21.68125 ], [ 88.60451, 21.68087 ], [ 88.60436, 21.68054 ], [ 88.60455, 21.68021 ], [ 88.6041, 21.68019 ], [ 88.60377, 21.67973 ], [ 88.60252, 21.67619 ], [ 88.60253, 21.67572 ], [ 88.60267, 21.67557 ], [ 88.6036, 21.67546 ], [ 88.60371, 21.67507 ], [ 88.60449, 21.6744 ], [ 88.60372, 21.67269 ], [ 88.60352, 21.67188 ], [ 88.60294, 21.67181 ], [ 88.60284, 21.67159 ], [ 88.60301, 21.67151 ], [ 88.60305, 21.6713 ], [ 88.60273, 21.67138 ], [ 88.60281, 21.67123 ], [ 88.60261, 21.67126 ], [ 88.60263, 21.67102 ], [ 88.60228, 21.67104 ], [ 88.60258, 21.67091 ], [ 88.6025, 21.67066 ], [ 88.60203, 21.67045 ], [ 88.60123, 21.66932 ], [ 88.59983, 21.66785 ], [ 88.59856, 21.66722 ], [ 88.59725, 21.66541 ], [ 88.59681, 21.66519 ], [ 88.59394, 21.66253 ], [ 88.59358, 21.66183 ], [ 88.59263, 21.66131 ], [ 88.59208, 21.66046 ], [ 88.59053, 21.65954 ], [ 88.58879, 21.6579 ], [ 88.58848, 21.65782 ], [ 88.58769, 21.6583 ], [ 88.58706, 21.65827 ], [ 88.58689, 21.65855 ], [ 88.58678, 21.66117 ], [ 88.58696, 21.66496 ], [ 88.58658, 21.6687 ], [ 88.58483, 21.6734 ], [ 88.5816, 21.6801 ], [ 88.58044, 21.68212 ], [ 88.58015, 21.68308 ], [ 88.58013, 21.68363 ], [ 88.58067, 21.68428 ], [ 88.58267, 21.68573 ], [ 88.58432, 21.6867 ], [ 88.58633, 21.68758 ], [ 88.58994, 21.68842 ], [ 88.59098, 21.68909 ], [ 88.59165, 21.69017 ], [ 88.59172, 21.69087 ], [ 88.59154, 21.69182 ], [ 88.5903, 21.69393 ], [ 88.58798, 21.69738 ], [ 88.58741, 21.69856 ], [ 88.58704, 21.70001 ] ] ], [ [ [ 88.76461, 21.69981 ], [ 88.76338, 21.70067 ], [ 88.76292, 21.70127 ], [ 88.76291, 21.70251 ], [ 88.76309, 21.70288 ], [ 88.76386, 21.70364 ], [ 88.76397, 21.70405 ], [ 88.76475, 21.70424 ], [ 88.76494, 21.70481 ], [ 88.76601, 21.70545 ], [ 88.77164, 21.7079 ], [ 88.77656, 21.71067 ], [ 88.77685, 21.71062 ], [ 88.77699, 21.71006 ], [ 88.77809, 21.709 ], [ 88.77943, 21.70916 ], [ 88.78086, 21.70858 ], [ 88.78088, 21.70835 ], [ 88.77565, 21.70415 ], [ 88.77258, 21.70199 ], [ 88.76797, 21.69995 ], [ 88.76613, 21.69964 ], [ 88.76536, 21.69963 ], [ 88.76461, 21.69981 ] ] ], [ [ [ 88.56733, 21.69432 ], [ 88.56764, 21.70051 ], [ 88.56707, 21.70238 ], [ 88.5663, 21.70382 ], [ 88.56519, 21.70498 ], [ 88.56396, 21.70582 ], [ 88.56282, 21.70634 ], [ 88.5613, 21.7068 ], [ 88.55946, 21.70694 ], [ 88.55882, 21.70685 ], [ 88.55746, 21.70625 ], [ 88.55652, 21.70566 ], [ 88.55284, 21.70243 ], [ 88.55046, 21.70067 ], [ 88.54872, 21.69983 ], [ 88.54677, 21.69917 ], [ 88.54492, 21.69892 ], [ 88.54268, 21.69916 ], [ 88.54125, 21.69976 ], [ 88.53961, 21.70103 ], [ 88.53648, 21.7059 ], [ 88.53297, 21.71025 ], [ 88.53034, 21.71317 ], [ 88.52658, 21.71694 ], [ 88.52665, 21.71723 ], [ 88.52776, 21.71808 ], [ 88.52928, 21.71976 ], [ 88.53046, 21.72153 ], [ 88.53118, 21.72308 ], [ 88.53337, 21.7293 ], [ 88.53406, 21.73084 ], [ 88.53476, 21.73211 ], [ 88.53541, 21.73296 ], [ 88.53618, 21.73361 ], [ 88.53812, 21.73485 ], [ 88.53998, 21.73571 ], [ 88.54243, 21.73644 ], [ 88.54543, 21.73652 ], [ 88.54872, 21.73638 ], [ 88.55236, 21.73593 ], [ 88.55443, 21.73532 ], [ 88.55569, 21.7344 ], [ 88.55666, 21.73344 ], [ 88.55699, 21.73304 ], [ 88.55808, 21.73072 ], [ 88.55926, 21.72965 ], [ 88.56038, 21.72958 ], [ 88.56082, 21.72968 ], [ 88.565, 21.73194 ], [ 88.56746, 21.73274 ], [ 88.56959, 21.73273 ], [ 88.57043, 21.73235 ], [ 88.57075, 21.73198 ], [ 88.57155, 21.72879 ], [ 88.57298, 21.72502 ], [ 88.57411, 21.72269 ], [ 88.57555, 21.72044 ], [ 88.57765, 21.71775 ], [ 88.5801, 21.71534 ], [ 88.58019, 21.71512 ], [ 88.58083, 21.71452 ], [ 88.58184, 21.71404 ], [ 88.58495, 21.71122 ], [ 88.58726, 21.70789 ], [ 88.58743, 21.70748 ], [ 88.58739, 21.70632 ], [ 88.58628, 21.70011 ], [ 88.58634, 21.69883 ], [ 88.58709, 21.69693 ], [ 88.58924, 21.69401 ], [ 88.59056, 21.69181 ], [ 88.59099, 21.69094 ], [ 88.59097, 21.69047 ], [ 88.59051, 21.6899 ], [ 88.59016, 21.68977 ], [ 88.58582, 21.68873 ], [ 88.58436, 21.6881 ], [ 88.58275, 21.68719 ], [ 88.58008, 21.68512 ], [ 88.5795, 21.68504 ], [ 88.5794, 21.68708 ], [ 88.57845, 21.69146 ], [ 88.57813, 21.69233 ], [ 88.57679, 21.69427 ], [ 88.57551, 21.6951 ], [ 88.57456, 21.69397 ], [ 88.57425, 21.69379 ], [ 88.56956, 21.69337 ], [ 88.56744, 21.69301 ], [ 88.56733, 21.69432 ] ] ], [ [ [ 88.62182, 21.72377 ], [ 88.62089, 21.72267 ], [ 88.61963, 21.72159 ], [ 88.61965, 21.72041 ], [ 88.61936, 21.72022 ], [ 88.61904, 21.71971 ], [ 88.61847, 21.71936 ], [ 88.61837, 21.7182 ], [ 88.61721, 21.7175 ], [ 88.61645, 21.71678 ], [ 88.61541, 21.71621 ], [ 88.61442, 21.71414 ], [ 88.61396, 21.71373 ], [ 88.61168, 21.71268 ], [ 88.61044, 21.7116 ], [ 88.6093, 21.711 ], [ 88.60817, 21.71078 ], [ 88.60788, 21.71084 ], [ 88.60747, 21.71048 ], [ 88.60673, 21.71131 ], [ 88.60646, 21.71141 ], [ 88.60587, 21.71133 ], [ 88.60532, 21.71153 ], [ 88.60492, 21.71136 ], [ 88.6051, 21.71095 ], [ 88.60399, 21.71072 ], [ 88.60354, 21.71099 ], [ 88.60295, 21.71227 ], [ 88.60281, 21.71295 ], [ 88.6025, 21.7131 ], [ 88.60232, 21.71357 ], [ 88.60206, 21.71362 ], [ 88.60174, 21.71343 ], [ 88.60143, 21.71353 ], [ 88.60143, 21.71407 ], [ 88.60104, 21.71426 ], [ 88.60039, 21.71427 ], [ 88.60014, 21.71451 ], [ 88.60013, 21.71518 ], [ 88.59981, 21.71522 ], [ 88.59947, 21.71502 ], [ 88.59932, 21.71531 ], [ 88.59908, 21.71528 ], [ 88.59875, 21.71569 ], [ 88.59912, 21.71616 ], [ 88.6001, 21.71688 ], [ 88.60419, 21.71858 ], [ 88.60855, 21.72004 ], [ 88.61181, 21.72149 ], [ 88.61639, 21.72383 ], [ 88.62012, 21.72619 ], [ 88.62027, 21.72615 ], [ 88.6207, 21.72539 ], [ 88.62147, 21.72484 ], [ 88.62139, 21.72369 ], [ 88.62167, 21.72386 ], [ 88.62182, 21.72377 ] ] ], [ [ [ 88.74879, 21.65974 ], [ 88.74679, 21.65957 ], [ 88.74569, 21.66027 ], [ 88.73777, 21.66968 ], [ 88.73315, 21.67385 ], [ 88.73097, 21.67557 ], [ 88.72685, 21.67824 ], [ 88.71891, 21.68277 ], [ 88.71482, 21.68582 ], [ 88.71334, 21.68738 ], [ 88.71215, 21.68908 ], [ 88.71111, 21.69127 ], [ 88.71073, 21.693 ], [ 88.71052, 21.69335 ], [ 88.71062, 21.6937 ], [ 88.70982, 21.69651 ], [ 88.70958, 21.69697 ], [ 88.70971, 21.69742 ], [ 88.70955, 21.69772 ], [ 88.70962, 21.69804 ], [ 88.70869, 21.70081 ], [ 88.70825, 21.70622 ], [ 88.70755, 21.70916 ], [ 88.70656, 21.7169 ], [ 88.70595, 21.71729 ], [ 88.70613, 21.71852 ], [ 88.70593, 21.71884 ], [ 88.70563, 21.71899 ], [ 88.70518, 21.71997 ], [ 88.70478, 21.7217 ], [ 88.70489, 21.72231 ], [ 88.70415, 21.72251 ], [ 88.70476, 21.72312 ], [ 88.70495, 21.72377 ], [ 88.70475, 21.72399 ], [ 88.70427, 21.72407 ], [ 88.70445, 21.72455 ], [ 88.70336, 21.72551 ], [ 88.70348, 21.72586 ], [ 88.70429, 21.72646 ], [ 88.70444, 21.72687 ], [ 88.70434, 21.72703 ], [ 88.70346, 21.72743 ], [ 88.70318, 21.72799 ], [ 88.70307, 21.72894 ], [ 88.7026, 21.72967 ], [ 88.70282, 21.73099 ], [ 88.70249, 21.7324 ], [ 88.70104, 21.73365 ], [ 88.70044, 21.73537 ], [ 88.69973, 21.73679 ], [ 88.69849, 21.73834 ], [ 88.69867, 21.73916 ], [ 88.69828, 21.74007 ], [ 88.69914, 21.74099 ], [ 88.69919, 21.74172 ], [ 88.69842, 21.74281 ], [ 88.69783, 21.74332 ], [ 88.69697, 21.74377 ], [ 88.6966, 21.74421 ], [ 88.69629, 21.74518 ], [ 88.69621, 21.7464 ], [ 88.69674, 21.7481 ], [ 88.69636, 21.74913 ], [ 88.69645, 21.75007 ], [ 88.69853, 21.75603 ], [ 88.69907, 21.75704 ], [ 88.69917, 21.75765 ], [ 88.69958, 21.75852 ], [ 88.70018, 21.75889 ], [ 88.70085, 21.75896 ], [ 88.7025, 21.75815 ], [ 88.70322, 21.75802 ], [ 88.70299, 21.75853 ], [ 88.70168, 21.75959 ], [ 88.70162, 21.75983 ], [ 88.70181, 21.76051 ], [ 88.70231, 21.76044 ], [ 88.70253, 21.76059 ], [ 88.7034, 21.76255 ], [ 88.70362, 21.76368 ], [ 88.70354, 21.7642 ], [ 88.70316, 21.76448 ], [ 88.70372, 21.76498 ], [ 88.70379, 21.7655 ], [ 88.70357, 21.76595 ], [ 88.70363, 21.76655 ], [ 88.70503, 21.76973 ], [ 88.70587, 21.77114 ], [ 88.70636, 21.77365 ], [ 88.70866, 21.77777 ], [ 88.70913, 21.77894 ], [ 88.7098, 21.77949 ], [ 88.71029, 21.78096 ], [ 88.71143, 21.78263 ], [ 88.71154, 21.7839 ], [ 88.71119, 21.7848 ], [ 88.7112, 21.78513 ], [ 88.71174, 21.78559 ], [ 88.71194, 21.7868 ], [ 88.71248, 21.78731 ], [ 88.71248, 21.78784 ], [ 88.71273, 21.78827 ], [ 88.71246, 21.78878 ], [ 88.71276, 21.78921 ], [ 88.71275, 21.78944 ], [ 88.71235, 21.78981 ], [ 88.71276, 21.79057 ], [ 88.7128, 21.7912 ], [ 88.71221, 21.79185 ], [ 88.71212, 21.79212 ], [ 88.71242, 21.79316 ], [ 88.7131, 21.79395 ], [ 88.71216, 21.79435 ], [ 88.71233, 21.79483 ], [ 88.71278, 21.79521 ], [ 88.71279, 21.79537 ], [ 88.71248, 21.79543 ], [ 88.71243, 21.79566 ], [ 88.71307, 21.7963 ], [ 88.71252, 21.79682 ], [ 88.71256, 21.79717 ], [ 88.71292, 21.79764 ], [ 88.71303, 21.79807 ], [ 88.71263, 21.79838 ], [ 88.71266, 21.79865 ], [ 88.71347, 21.79966 ], [ 88.71349, 21.79986 ], [ 88.71341, 21.80004 ], [ 88.71282, 21.80008 ], [ 88.71275, 21.8005 ], [ 88.71295, 21.80086 ], [ 88.7128, 21.80103 ], [ 88.71241, 21.80106 ], [ 88.71229, 21.80126 ], [ 88.71301, 21.80188 ], [ 88.71306, 21.80212 ], [ 88.71257, 21.80219 ], [ 88.71185, 21.80205 ], [ 88.7118, 21.80221 ], [ 88.7123, 21.8027 ], [ 88.71166, 21.80295 ], [ 88.71275, 21.80405 ], [ 88.71274, 21.80426 ], [ 88.7126, 21.8043 ], [ 88.71212, 21.80418 ], [ 88.71231, 21.80452 ], [ 88.71208, 21.80471 ], [ 88.71264, 21.80567 ], [ 88.71235, 21.80594 ], [ 88.71272, 21.80644 ], [ 88.71353, 21.80624 ], [ 88.71389, 21.80648 ], [ 88.71429, 21.80608 ], [ 88.71494, 21.80648 ], [ 88.71607, 21.80667 ], [ 88.71651, 21.80642 ], [ 88.71802, 21.80499 ], [ 88.71949, 21.80257 ], [ 88.72008, 21.8004 ], [ 88.72026, 21.79793 ], [ 88.72051, 21.7969 ], [ 88.72103, 21.79554 ], [ 88.72172, 21.79439 ], [ 88.723, 21.79326 ], [ 88.72423, 21.79277 ], [ 88.72593, 21.79252 ], [ 88.72678, 21.79176 ], [ 88.72705, 21.79055 ], [ 88.72707, 21.78923 ], [ 88.72745, 21.78644 ], [ 88.72676, 21.7836 ], [ 88.72665, 21.7806 ], [ 88.72683, 21.77957 ], [ 88.72801, 21.77731 ], [ 88.72644, 21.7747 ], [ 88.72657, 21.77404 ], [ 88.72724, 21.7745 ], [ 88.72862, 21.77681 ], [ 88.73004, 21.77803 ], [ 88.73121, 21.7788 ], [ 88.73224, 21.77914 ], [ 88.73287, 21.7791 ], [ 88.73336, 21.77874 ], [ 88.73368, 21.77815 ], [ 88.73442, 21.77564 ], [ 88.73487, 21.77497 ], [ 88.73585, 21.77409 ], [ 88.73675, 21.77376 ], [ 88.74175, 21.77292 ], [ 88.74318, 21.77255 ], [ 88.7447, 21.77185 ], [ 88.74513, 21.77133 ], [ 88.7453, 21.77087 ], [ 88.74606, 21.76798 ], [ 88.74745, 21.76561 ], [ 88.74979, 21.76301 ], [ 88.75361, 21.76139 ], [ 88.75714, 21.76054 ], [ 88.75777, 21.7601 ], [ 88.75837, 21.75902 ], [ 88.75848, 21.7583 ], [ 88.7576, 21.75748 ], [ 88.75616, 21.75574 ], [ 88.75324, 21.75189 ], [ 88.75278, 21.75097 ], [ 88.75228, 21.74943 ], [ 88.75211, 21.74941 ], [ 88.75066, 21.75077 ], [ 88.74941, 21.75155 ], [ 88.74873, 21.75166 ], [ 88.74924, 21.75102 ], [ 88.7509, 21.74983 ], [ 88.7517, 21.74874 ], [ 88.75184, 21.74677 ], [ 88.75172, 21.7454 ], [ 88.75096, 21.74186 ], [ 88.7507, 21.74141 ], [ 88.75071, 21.74088 ], [ 88.7505, 21.74075 ], [ 88.75037, 21.73822 ], [ 88.75048, 21.7364 ], [ 88.7509, 21.73363 ], [ 88.75131, 21.73251 ], [ 88.75302, 21.73068 ], [ 88.75524, 21.72908 ], [ 88.75822, 21.72742 ], [ 88.76206, 21.7264 ], [ 88.76475, 21.72591 ], [ 88.76689, 21.72572 ], [ 88.77305, 21.72483 ], [ 88.77363, 21.72457 ], [ 88.77463, 21.72329 ], [ 88.7748, 21.72287 ], [ 88.77491, 21.72161 ], [ 88.77505, 21.72125 ], [ 88.7754, 21.72091 ], [ 88.77529, 21.71998 ], [ 88.77461, 21.71891 ], [ 88.77208, 21.71754 ], [ 88.7662, 21.71534 ], [ 88.76419, 21.71445 ], [ 88.76206, 21.7131 ], [ 88.75977, 21.71098 ], [ 88.75952, 21.71092 ], [ 88.75728, 21.70732 ], [ 88.75653, 21.70534 ], [ 88.75605, 21.70327 ], [ 88.75636, 21.70016 ], [ 88.75745, 21.69764 ], [ 88.75927, 21.69553 ], [ 88.76222, 21.6933 ], [ 88.76251, 21.69282 ], [ 88.76453, 21.69216 ], [ 88.76905, 21.69244 ], [ 88.77247, 21.69306 ], [ 88.77578, 21.69412 ], [ 88.77734, 21.69486 ], [ 88.78777, 21.70036 ], [ 88.78972, 21.70155 ], [ 88.79225, 21.70273 ], [ 88.79571, 21.70411 ], [ 88.8, 21.70554 ], [ 88.80239, 21.70598 ], [ 88.80507, 21.7059 ], [ 88.80726, 21.70534 ], [ 88.80822, 21.70478 ], [ 88.81019, 21.70292 ], [ 88.81097, 21.70122 ], [ 88.81106, 21.70041 ], [ 88.81065, 21.69793 ], [ 88.81006, 21.69581 ], [ 88.80985, 21.68965 ], [ 88.80888, 21.68354 ], [ 88.80729, 21.67884 ], [ 88.80659, 21.67506 ], [ 88.80643, 21.67235 ], [ 88.80672, 21.66847 ], [ 88.8065, 21.66682 ], [ 88.8062, 21.66579 ], [ 88.80483, 21.66336 ], [ 88.80231, 21.65979 ], [ 88.8016, 21.65979 ], [ 88.80072, 21.66062 ], [ 88.79997, 21.66062 ], [ 88.79972, 21.66043 ], [ 88.79975, 21.6594 ], [ 88.79922, 21.65939 ], [ 88.79924, 21.65872 ], [ 88.79899, 21.65865 ], [ 88.79864, 21.65886 ], [ 88.79842, 21.65883 ], [ 88.79736, 21.65824 ], [ 88.79651, 21.65841 ], [ 88.79591, 21.65789 ], [ 88.79525, 21.65682 ], [ 88.79501, 21.6567 ], [ 88.79486, 21.65676 ], [ 88.79469, 21.65752 ], [ 88.79445, 21.65765 ], [ 88.79384, 21.65753 ], [ 88.79367, 21.65717 ], [ 88.79308, 21.65716 ], [ 88.79291, 21.65779 ], [ 88.79269, 21.65794 ], [ 88.79166, 21.65808 ], [ 88.79154, 21.65843 ], [ 88.79102, 21.65843 ], [ 88.79058, 21.65871 ], [ 88.78929, 21.65866 ], [ 88.78891, 21.65892 ], [ 88.78854, 21.6595 ], [ 88.78788, 21.65946 ], [ 88.7857, 21.66235 ], [ 88.78549, 21.66232 ], [ 88.7853, 21.66206 ], [ 88.78491, 21.66239 ], [ 88.78434, 21.6616 ], [ 88.78376, 21.66122 ], [ 88.78347, 21.66124 ], [ 88.7833, 21.66148 ], [ 88.7828, 21.66155 ], [ 88.78233, 21.6619 ], [ 88.78179, 21.66177 ], [ 88.78079, 21.6631 ], [ 88.78058, 21.66317 ], [ 88.78058, 21.6629 ], [ 88.78037, 21.66285 ], [ 88.78001, 21.66337 ], [ 88.77982, 21.66308 ], [ 88.77962, 21.66356 ], [ 88.77923, 21.66379 ], [ 88.77907, 21.66448 ], [ 88.77805, 21.66526 ], [ 88.77778, 21.66509 ], [ 88.77757, 21.66519 ], [ 88.77705, 21.66511 ], [ 88.77697, 21.66482 ], [ 88.77663, 21.66525 ], [ 88.77647, 21.66524 ], [ 88.77629, 21.66493 ], [ 88.77596, 21.66516 ], [ 88.77587, 21.66483 ], [ 88.77573, 21.66481 ], [ 88.77528, 21.66529 ], [ 88.77494, 21.66505 ], [ 88.77475, 21.66507 ], [ 88.77448, 21.66533 ], [ 88.77417, 21.66524 ], [ 88.77415, 21.66541 ], [ 88.77389, 21.66556 ], [ 88.77339, 21.66533 ], [ 88.77324, 21.6656 ], [ 88.77293, 21.66558 ], [ 88.77291, 21.6658 ], [ 88.77239, 21.66574 ], [ 88.77203, 21.66606 ], [ 88.77026, 21.66601 ], [ 88.76987, 21.66609 ], [ 88.76947, 21.66648 ], [ 88.76925, 21.66625 ], [ 88.76875, 21.66653 ], [ 88.76831, 21.66648 ], [ 88.76818, 21.66607 ], [ 88.76778, 21.66625 ], [ 88.7677, 21.66599 ], [ 88.76706, 21.66587 ], [ 88.76675, 21.66561 ], [ 88.76536, 21.66586 ], [ 88.76503, 21.66545 ], [ 88.76508, 21.66492 ], [ 88.76491, 21.66461 ], [ 88.76356, 21.66456 ], [ 88.76272, 21.66432 ], [ 88.76203, 21.66441 ], [ 88.76154, 21.66468 ], [ 88.76064, 21.66391 ], [ 88.75939, 21.6638 ], [ 88.75856, 21.66413 ], [ 88.75486, 21.66302 ], [ 88.75481, 21.66274 ], [ 88.75317, 21.66166 ], [ 88.75102, 21.66069 ], [ 88.75062, 21.66038 ], [ 88.74879, 21.65974 ] ] ], [ [ [ 88.58368, 21.74707 ], [ 88.58331, 21.75016 ], [ 88.58165, 21.75356 ], [ 88.58066, 21.75515 ], [ 88.58004, 21.75572 ], [ 88.57964, 21.7565 ], [ 88.57925, 21.75674 ], [ 88.57878, 21.75792 ], [ 88.57816, 21.7582 ], [ 88.57776, 21.75857 ], [ 88.57447, 21.76292 ], [ 88.57429, 21.76356 ], [ 88.5738, 21.76387 ], [ 88.57361, 21.7644 ], [ 88.57155, 21.76674 ], [ 88.5698, 21.76923 ], [ 88.56969, 21.76964 ], [ 88.56969, 21.76991 ], [ 88.57054, 21.77038 ], [ 88.57228, 21.77113 ], [ 88.57333, 21.77143 ], [ 88.57397, 21.77194 ], [ 88.57429, 21.77272 ], [ 88.57789, 21.77619 ], [ 88.58213, 21.77805 ], [ 88.58296, 21.77751 ], [ 88.58447, 21.77572 ], [ 88.58486, 21.77516 ], [ 88.58499, 21.77453 ], [ 88.58414, 21.76628 ], [ 88.5833, 21.76322 ], [ 88.58302, 21.76085 ], [ 88.5832, 21.75864 ], [ 88.5835, 21.75724 ], [ 88.58385, 21.75617 ], [ 88.58491, 21.75402 ], [ 88.58654, 21.75249 ], [ 88.58923, 21.75086 ], [ 88.59486, 21.74845 ], [ 88.59833, 21.7465 ], [ 88.6045, 21.7442 ], [ 88.60929, 21.74287 ], [ 88.61322, 21.74144 ], [ 88.61757, 21.73954 ], [ 88.61963, 21.73817 ], [ 88.62001, 21.7374 ], [ 88.62071, 21.73476 ], [ 88.62069, 21.73389 ], [ 88.62049, 21.7331 ], [ 88.61875, 21.73015 ], [ 88.61751, 21.72897 ], [ 88.61542, 21.72765 ], [ 88.6132, 21.72675 ], [ 88.60732, 21.72506 ], [ 88.60377, 21.72486 ], [ 88.59944, 21.72377 ], [ 88.59744, 21.72298 ], [ 88.59291, 21.72035 ], [ 88.59222, 21.72015 ], [ 88.59183, 21.7202 ], [ 88.58596, 21.72291 ], [ 88.5816, 21.72519 ], [ 88.58094, 21.72577 ], [ 88.58152, 21.72626 ], [ 88.58144, 21.72713 ], [ 88.58095, 21.72759 ], [ 88.58235, 21.73308 ], [ 88.5835, 21.74161 ], [ 88.58373, 21.74539 ], [ 88.58368, 21.74707 ] ] ], [ [ [ 88.62291, 21.7373 ], [ 88.62198, 21.73911 ], [ 88.62079, 21.7406 ], [ 88.61879, 21.74266 ], [ 88.6171, 21.74413 ], [ 88.61634, 21.74452 ], [ 88.61327, 21.74601 ], [ 88.61202, 21.74645 ], [ 88.6085, 21.74707 ], [ 88.60355, 21.74765 ], [ 88.60141, 21.74833 ], [ 88.6005, 21.74881 ], [ 88.59896, 21.75015 ], [ 88.59552, 21.75199 ], [ 88.58856, 21.75448 ], [ 88.58752, 21.75501 ], [ 88.58659, 21.75597 ], [ 88.58627, 21.75668 ], [ 88.58613, 21.75806 ], [ 88.58639, 21.76035 ], [ 88.58695, 21.7628 ], [ 88.58776, 21.7653 ], [ 88.5881, 21.76901 ], [ 88.58803, 21.77102 ], [ 88.58835, 21.776 ], [ 88.58947, 21.78039 ], [ 88.59113, 21.78366 ], [ 88.59325, 21.78617 ], [ 88.59449, 21.78708 ], [ 88.59658, 21.78829 ], [ 88.5992, 21.78944 ], [ 88.60049, 21.78988 ], [ 88.60415, 21.79053 ], [ 88.60936, 21.79091 ], [ 88.61162, 21.79076 ], [ 88.61368, 21.78996 ], [ 88.61436, 21.78928 ], [ 88.61539, 21.78787 ], [ 88.61704, 21.78509 ], [ 88.61707, 21.78384 ], [ 88.61726, 21.78339 ], [ 88.61867, 21.78144 ], [ 88.62049, 21.77735 ], [ 88.62312, 21.77229 ], [ 88.62383, 21.77002 ], [ 88.62424, 21.76802 ], [ 88.62448, 21.7611 ], [ 88.62567, 21.75917 ], [ 88.6256, 21.75634 ], [ 88.62582, 21.75601 ], [ 88.62718, 21.75522 ], [ 88.62805, 21.75291 ], [ 88.62796, 21.75117 ], [ 88.62828, 21.74919 ], [ 88.62794, 21.74349 ], [ 88.62718, 21.74044 ], [ 88.6278, 21.73964 ], [ 88.62766, 21.73883 ], [ 88.62776, 21.73822 ], [ 88.62759, 21.73791 ], [ 88.62727, 21.73778 ], [ 88.62709, 21.73717 ], [ 88.62572, 21.73553 ], [ 88.62566, 21.73513 ], [ 88.62588, 21.73449 ], [ 88.62516, 21.73332 ], [ 88.62575, 21.73228 ], [ 88.62562, 21.73188 ], [ 88.62517, 21.73146 ], [ 88.62546, 21.73074 ], [ 88.62485, 21.73016 ], [ 88.62448, 21.72931 ], [ 88.6238, 21.72837 ], [ 88.6238, 21.72761 ], [ 88.62178, 21.72498 ], [ 88.62092, 21.7255 ], [ 88.62058, 21.72593 ], [ 88.62053, 21.72641 ], [ 88.62173, 21.7282 ], [ 88.62295, 21.73064 ], [ 88.6237, 21.73271 ], [ 88.62327, 21.73597 ], [ 88.62291, 21.7373 ] ] ], [ [ [ 88.56878, 21.78344 ], [ 88.56629, 21.78024 ], [ 88.56538, 21.77856 ], [ 88.5637, 21.77437 ], [ 88.56343, 21.77337 ], [ 88.56288, 21.76745 ], [ 88.56308, 21.76585 ], [ 88.56336, 21.75923 ], [ 88.56417, 21.75752 ], [ 88.56742, 21.75324 ], [ 88.56919, 21.75042 ], [ 88.5703, 21.74823 ], [ 88.5711, 21.74603 ], [ 88.57155, 21.74362 ], [ 88.57183, 21.73873 ], [ 88.57175, 21.73682 ], [ 88.57113, 21.73439 ], [ 88.57049, 21.73413 ], [ 88.57002, 21.73354 ], [ 88.56748, 21.73356 ], [ 88.56595, 21.73323 ], [ 88.56467, 21.73272 ], [ 88.56293, 21.73175 ], [ 88.56118, 21.7305 ], [ 88.56048, 21.73022 ], [ 88.55973, 21.73017 ], [ 88.55915, 21.73045 ], [ 88.55851, 21.73128 ], [ 88.55768, 21.73327 ], [ 88.55699, 21.73423 ], [ 88.55482, 21.73584 ], [ 88.55365, 21.73646 ], [ 88.54893, 21.73722 ], [ 88.54516, 21.73747 ], [ 88.54248, 21.7373 ], [ 88.54016, 21.7367 ], [ 88.53746, 21.73563 ], [ 88.53576, 21.73458 ], [ 88.53441, 21.73327 ], [ 88.53327, 21.73171 ], [ 88.53206, 21.72966 ], [ 88.53114, 21.72747 ], [ 88.53, 21.72402 ], [ 88.52909, 21.72227 ], [ 88.52769, 21.72046 ], [ 88.52703, 21.71936 ], [ 88.52578, 21.7187 ], [ 88.52505, 21.719 ], [ 88.5217, 21.71966 ], [ 88.52117, 21.71992 ], [ 88.52002, 21.72104 ], [ 88.51766, 21.72249 ], [ 88.51769, 21.72317 ], [ 88.51719, 21.72575 ], [ 88.51726, 21.72753 ], [ 88.51757, 21.72823 ], [ 88.51714, 21.72957 ], [ 88.51719, 21.73039 ], [ 88.51698, 21.7305 ], [ 88.51655, 21.73045 ], [ 88.51627, 21.73141 ], [ 88.51555, 21.7315 ], [ 88.51579, 21.73243 ], [ 88.5157, 21.73284 ], [ 88.51522, 21.73299 ], [ 88.51525, 21.73387 ], [ 88.51496, 21.734 ], [ 88.51445, 21.73389 ], [ 88.5143, 21.73397 ], [ 88.5143, 21.73439 ], [ 88.51418, 21.73446 ], [ 88.51339, 21.73417 ], [ 88.51299, 21.73476 ], [ 88.51299, 21.73539 ], [ 88.51349, 21.73628 ], [ 88.51356, 21.73675 ], [ 88.51323, 21.73736 ], [ 88.51322, 21.73808 ], [ 88.5143, 21.74028 ], [ 88.51486, 21.74237 ], [ 88.51478, 21.74317 ], [ 88.51524, 21.74572 ], [ 88.51615, 21.74838 ], [ 88.51717, 21.75059 ], [ 88.51698, 21.75101 ], [ 88.51658, 21.75085 ], [ 88.51575, 21.74937 ], [ 88.51494, 21.74713 ], [ 88.51421, 21.74453 ], [ 88.514, 21.74243 ], [ 88.51343, 21.74059 ], [ 88.51252, 21.73939 ], [ 88.51197, 21.73904 ], [ 88.51162, 21.73904 ], [ 88.51118, 21.73936 ], [ 88.51093, 21.74017 ], [ 88.51056, 21.74012 ], [ 88.51057, 21.74049 ], [ 88.51022, 21.74076 ], [ 88.51015, 21.74153 ], [ 88.50947, 21.74245 ], [ 88.50825, 21.74591 ], [ 88.50605, 21.74954 ], [ 88.5052, 21.75127 ], [ 88.50522, 21.75164 ], [ 88.50554, 21.75222 ], [ 88.50549, 21.75284 ], [ 88.50513, 21.75342 ], [ 88.5052, 21.75403 ], [ 88.50461, 21.75573 ], [ 88.50485, 21.7564 ], [ 88.50483, 21.75785 ], [ 88.50496, 21.75829 ], [ 88.50367, 21.76471 ], [ 88.50374, 21.76566 ], [ 88.50401, 21.76629 ], [ 88.5056, 21.76881 ], [ 88.506, 21.76988 ], [ 88.50608, 21.77094 ], [ 88.50566, 21.77291 ], [ 88.50587, 21.77387 ], [ 88.50843, 21.77982 ], [ 88.51145, 21.78474 ], [ 88.51277, 21.78651 ], [ 88.51691, 21.79086 ], [ 88.52002, 21.79381 ], [ 88.52381, 21.79786 ], [ 88.53003, 21.80394 ], [ 88.53304, 21.80618 ], [ 88.53899, 21.80936 ], [ 88.54047, 21.81029 ], [ 88.54168, 21.81087 ], [ 88.54272, 21.8111 ], [ 88.54373, 21.81103 ], [ 88.54459, 21.81046 ], [ 88.54512, 21.8105 ], [ 88.54883, 21.81004 ], [ 88.55129, 21.80959 ], [ 88.55444, 21.80809 ], [ 88.55539, 21.8078 ], [ 88.55733, 21.80647 ], [ 88.55827, 21.80497 ], [ 88.56266, 21.80065 ], [ 88.56603, 21.79647 ], [ 88.56738, 21.79532 ], [ 88.56885, 21.79369 ], [ 88.57073, 21.79043 ], [ 88.57137, 21.78848 ], [ 88.57184, 21.78799 ], [ 88.57185, 21.78659 ], [ 88.57127, 21.78573 ], [ 88.56927, 21.78365 ], [ 88.56878, 21.78344 ] ] ], [ [ [ 88.7936, 21.8074 ], [ 88.7938, 21.80463 ], [ 88.79374, 21.802 ], [ 88.79356, 21.80098 ], [ 88.79317, 21.80029 ], [ 88.79204, 21.79954 ], [ 88.78951, 21.79905 ], [ 88.78818, 21.79854 ], [ 88.78737, 21.79804 ], [ 88.78666, 21.79712 ], [ 88.78654, 21.79668 ], [ 88.78697, 21.79515 ], [ 88.78833, 21.79313 ], [ 88.79447, 21.78844 ], [ 88.79528, 21.78707 ], [ 88.79528, 21.78609 ], [ 88.79481, 21.78515 ], [ 88.7936, 21.78354 ], [ 88.78532, 21.77379 ], [ 88.78445, 21.77264 ], [ 88.78336, 21.77072 ], [ 88.78309, 21.77065 ], [ 88.78188, 21.7665 ], [ 88.7816, 21.76468 ], [ 88.78154, 21.76413 ], [ 88.78193, 21.76108 ], [ 88.78303, 21.75686 ], [ 88.78508, 21.75337 ], [ 88.78705, 21.75062 ], [ 88.78851, 21.7489 ], [ 88.78865, 21.7482 ], [ 88.78837, 21.74667 ], [ 88.78798, 21.74614 ], [ 88.78506, 21.7438 ], [ 88.784, 21.7426 ], [ 88.78353, 21.74162 ], [ 88.78316, 21.74038 ], [ 88.78324, 21.73934 ], [ 88.78374, 21.73856 ], [ 88.78498, 21.73733 ], [ 88.78515, 21.73615 ], [ 88.78047, 21.73467 ], [ 88.7785, 21.73326 ], [ 88.77683, 21.73124 ], [ 88.77649, 21.7311 ], [ 88.77438, 21.73201 ], [ 88.77292, 21.73239 ], [ 88.7697, 21.73271 ], [ 88.76504, 21.73279 ], [ 88.76032, 21.73314 ], [ 88.75757, 21.73361 ], [ 88.75608, 21.73403 ], [ 88.75558, 21.73447 ], [ 88.755, 21.73535 ], [ 88.75436, 21.73706 ], [ 88.75447, 21.74415 ], [ 88.75747, 21.75037 ], [ 88.76008, 21.75322 ], [ 88.76216, 21.75453 ], [ 88.76307, 21.75563 ], [ 88.76396, 21.7571 ], [ 88.76466, 21.75786 ], [ 88.7655, 21.75966 ], [ 88.7656, 21.76102 ], [ 88.76548, 21.76154 ], [ 88.76505, 21.76219 ], [ 88.76482, 21.76216 ], [ 88.76431, 21.76162 ], [ 88.76389, 21.76176 ], [ 88.76303, 21.76282 ], [ 88.76325, 21.76343 ], [ 88.76319, 21.76367 ], [ 88.76199, 21.76492 ], [ 88.76106, 21.76561 ], [ 88.7593, 21.7665 ], [ 88.75831, 21.76683 ], [ 88.75606, 21.76735 ], [ 88.75473, 21.76782 ], [ 88.75412, 21.76787 ], [ 88.75353, 21.76824 ], [ 88.75013, 21.76914 ], [ 88.74961, 21.76942 ], [ 88.74951, 21.76975 ], [ 88.74962, 21.77005 ], [ 88.75268, 21.77228 ], [ 88.75611, 21.77514 ], [ 88.75683, 21.77596 ], [ 88.75679, 21.77625 ], [ 88.75656, 21.77632 ], [ 88.75829, 21.7782 ], [ 88.75902, 21.7789 ], [ 88.76112, 21.78037 ], [ 88.76398, 21.78306 ], [ 88.76609, 21.78593 ], [ 88.76754, 21.78882 ], [ 88.76818, 21.79055 ], [ 88.76933, 21.79528 ], [ 88.77036, 21.79845 ], [ 88.77116, 21.80013 ], [ 88.77204, 21.80148 ], [ 88.77477, 21.80475 ], [ 88.77585, 21.80662 ], [ 88.77659, 21.80835 ], [ 88.77696, 21.81039 ], [ 88.77693, 21.81157 ], [ 88.77634, 21.81487 ], [ 88.77654, 21.81675 ], [ 88.77939, 21.82087 ], [ 88.77992, 21.82192 ], [ 88.78047, 21.82381 ], [ 88.78103, 21.82442 ], [ 88.78209, 21.82491 ], [ 88.78294, 21.82493 ], [ 88.78369, 21.82473 ], [ 88.78507, 21.82392 ], [ 88.78635, 21.82249 ], [ 88.78735, 21.82062 ], [ 88.78814, 21.81728 ], [ 88.78899, 21.81572 ], [ 88.79148, 21.81301 ], [ 88.79237, 21.81172 ], [ 88.79303, 21.81042 ], [ 88.7936, 21.8074 ] ] ], [ [ [ 88.75373, 21.78284 ], [ 88.75541, 21.78028 ], [ 88.75535, 21.77998 ], [ 88.75451, 21.77916 ], [ 88.74875, 21.77635 ], [ 88.74664, 21.77311 ], [ 88.74625, 21.77259 ], [ 88.74591, 21.77246 ], [ 88.74452, 21.77337 ], [ 88.74236, 21.77423 ], [ 88.73785, 21.77474 ], [ 88.73624, 21.77532 ], [ 88.73547, 21.77636 ], [ 88.73505, 21.7786 ], [ 88.73485, 21.77895 ], [ 88.73419, 21.77974 ], [ 88.73325, 21.78028 ], [ 88.73209, 21.78041 ], [ 88.73121, 21.78026 ], [ 88.72965, 21.77941 ], [ 88.72858, 21.77953 ], [ 88.72823, 21.77981 ], [ 88.72808, 21.78013 ], [ 88.72795, 21.78218 ], [ 88.72803, 21.78334 ], [ 88.7288, 21.78597 ], [ 88.72853, 21.78808 ], [ 88.72853, 21.78958 ], [ 88.72876, 21.79013 ], [ 88.72836, 21.7909 ], [ 88.72787, 21.79277 ], [ 88.72732, 21.79354 ], [ 88.72971, 21.79547 ], [ 88.73055, 21.79591 ], [ 88.73175, 21.79624 ], [ 88.73376, 21.79635 ], [ 88.73588, 21.7968 ], [ 88.73738, 21.79773 ], [ 88.73797, 21.79839 ], [ 88.73826, 21.79896 ], [ 88.73906, 21.80187 ], [ 88.74008, 21.80395 ], [ 88.74133, 21.80554 ], [ 88.74741, 21.81187 ], [ 88.7503, 21.81456 ], [ 88.75073, 21.81462 ], [ 88.75107, 21.81452 ], [ 88.75146, 21.81405 ], [ 88.75154, 21.8132 ], [ 88.75083, 21.81167 ], [ 88.74966, 21.80816 ], [ 88.74933, 21.80626 ], [ 88.74929, 21.80438 ], [ 88.74959, 21.80098 ], [ 88.75022, 21.79744 ], [ 88.75056, 21.79436 ], [ 88.7508, 21.79005 ], [ 88.75145, 21.7875 ], [ 88.7522, 21.78559 ], [ 88.75373, 21.78284 ] ] ], [ [ [ 88.70567, 21.82419 ], [ 88.70501, 21.82684 ], [ 88.70522, 21.82762 ], [ 88.70552, 21.82798 ], [ 88.70606, 21.82814 ], [ 88.70838, 21.82701 ], [ 88.70984, 21.82604 ], [ 88.71094, 21.8255 ], [ 88.71258, 21.82531 ], [ 88.71444, 21.82535 ], [ 88.71661, 21.82617 ], [ 88.7183, 21.82766 ], [ 88.71918, 21.82887 ], [ 88.71931, 21.82921 ], [ 88.71925, 21.83157 ], [ 88.7195, 21.83249 ], [ 88.72021, 21.8332 ], [ 88.72153, 21.83391 ], [ 88.73329, 21.83824 ], [ 88.73781, 21.83936 ], [ 88.74121, 21.84051 ], [ 88.74332, 21.84151 ], [ 88.74555, 21.84288 ], [ 88.747, 21.84404 ], [ 88.74871, 21.84664 ], [ 88.74971, 21.84788 ], [ 88.75141, 21.8496 ], [ 88.75228, 21.85087 ], [ 88.75384, 21.85221 ], [ 88.75471, 21.85319 ], [ 88.75867, 21.85811 ], [ 88.75925, 21.85846 ], [ 88.7598, 21.85846 ], [ 88.76063, 21.85818 ], [ 88.76121, 21.85777 ], [ 88.76424, 21.85519 ], [ 88.76843, 21.85286 ], [ 88.76855, 21.85261 ], [ 88.76805, 21.84981 ], [ 88.76791, 21.84724 ], [ 88.76702, 21.84491 ], [ 88.76513, 21.84088 ], [ 88.76386, 21.83501 ], [ 88.76351, 21.83236 ], [ 88.76353, 21.82972 ], [ 88.76435, 21.827 ], [ 88.76542, 21.82588 ], [ 88.76631, 21.82532 ], [ 88.76933, 21.82396 ], [ 88.77042, 21.82375 ], [ 88.77243, 21.82368 ], [ 88.77564, 21.82378 ], [ 88.77628, 21.82356 ], [ 88.77671, 21.82261 ], [ 88.77655, 21.82213 ], [ 88.77535, 21.82045 ], [ 88.77482, 21.81945 ], [ 88.7746, 21.81878 ], [ 88.77446, 21.81671 ], [ 88.77374, 21.81585 ], [ 88.77364, 21.81551 ], [ 88.77458, 21.81208 ], [ 88.77456, 21.8105 ], [ 88.77401, 21.80885 ], [ 88.77256, 21.80699 ], [ 88.76965, 21.80417 ], [ 88.76756, 21.80115 ], [ 88.76642, 21.79783 ], [ 88.76566, 21.7941 ], [ 88.76501, 21.79183 ], [ 88.76409, 21.78917 ], [ 88.76324, 21.7874 ], [ 88.76019, 21.78385 ], [ 88.75908, 21.78276 ], [ 88.75681, 21.78109 ], [ 88.75662, 21.78119 ], [ 88.75344, 21.7865 ], [ 88.75245, 21.78951 ], [ 88.75164, 21.79746 ], [ 88.75097, 21.79992 ], [ 88.7507, 21.802 ], [ 88.75073, 21.80438 ], [ 88.75111, 21.80639 ], [ 88.7523, 21.81054 ], [ 88.75254, 21.81234 ], [ 88.7524, 21.81437 ], [ 88.75162, 21.81546 ], [ 88.75031, 21.81602 ], [ 88.74952, 21.81681 ], [ 88.74636, 21.81871 ], [ 88.744, 21.82051 ], [ 88.7434, 21.82074 ], [ 88.74343, 21.81993 ], [ 88.74398, 21.81915 ], [ 88.74475, 21.81848 ], [ 88.74795, 21.81656 ], [ 88.74837, 21.81609 ], [ 88.74863, 21.8151 ], [ 88.74615, 21.81315 ], [ 88.7423, 21.80938 ], [ 88.74043, 21.80709 ], [ 88.73923, 21.80545 ], [ 88.73767, 21.80249 ], [ 88.73695, 21.79975 ], [ 88.73613, 21.79847 ], [ 88.73533, 21.79806 ], [ 88.73431, 21.79777 ], [ 88.73309, 21.79781 ], [ 88.73165, 21.79762 ], [ 88.73026, 21.79723 ], [ 88.7285, 21.79635 ], [ 88.72693, 21.7952 ], [ 88.72574, 21.79458 ], [ 88.72548, 21.7948 ], [ 88.72426, 21.79497 ], [ 88.72385, 21.79537 ], [ 88.72325, 21.79719 ], [ 88.72328, 21.79785 ], [ 88.72222, 21.80272 ], [ 88.72113, 21.80501 ], [ 88.71945, 21.80744 ], [ 88.71853, 21.80836 ], [ 88.71629, 21.80989 ], [ 88.71401, 21.81083 ], [ 88.712, 21.81118 ], [ 88.71055, 21.81097 ], [ 88.71005, 21.81102 ], [ 88.70838, 21.81156 ], [ 88.70826, 21.81229 ], [ 88.70852, 21.81337 ], [ 88.70813, 21.81585 ], [ 88.70764, 21.81754 ], [ 88.70643, 21.81918 ], [ 88.70564, 21.82057 ], [ 88.70567, 21.82159 ], [ 88.70539, 21.82302 ], [ 88.70567, 21.82419 ] ] ], [ [ [ 88.82004, 21.82452 ], [ 88.81636, 21.81942 ], [ 88.81208, 21.81113 ], [ 88.81117, 21.80948 ], [ 88.80982, 21.80761 ], [ 88.80877, 21.80632 ], [ 88.80394, 21.80151 ], [ 88.79957, 21.7969 ], [ 88.79735, 21.79425 ], [ 88.79502, 21.79116 ], [ 88.79474, 21.79103 ], [ 88.79223, 21.79244 ], [ 88.79059, 21.79364 ], [ 88.78904, 21.79498 ], [ 88.78884, 21.79546 ], [ 88.78877, 21.79597 ], [ 88.78951, 21.79668 ], [ 88.7898, 21.79679 ], [ 88.79253, 21.79677 ], [ 88.79313, 21.79714 ], [ 88.79397, 21.79804 ], [ 88.79504, 21.7996 ], [ 88.79537, 21.80056 ], [ 88.79559, 21.80457 ], [ 88.79525, 21.80832 ], [ 88.79475, 21.81065 ], [ 88.79408, 21.81233 ], [ 88.79202, 21.81439 ], [ 88.78977, 21.817 ], [ 88.78915, 21.81838 ], [ 88.78926, 21.81921 ], [ 88.78916, 21.82058 ], [ 88.78719, 21.8241 ], [ 88.78514, 21.82561 ], [ 88.78338, 21.82628 ], [ 88.77558, 21.82686 ], [ 88.7684, 21.8268 ], [ 88.7671, 21.82702 ], [ 88.76631, 21.82747 ], [ 88.76585, 21.82794 ], [ 88.76556, 21.82901 ], [ 88.76752, 21.83635 ], [ 88.76805, 21.83992 ], [ 88.76883, 21.84254 ], [ 88.77014, 21.84501 ], [ 88.77066, 21.84556 ], [ 88.77118, 21.84566 ], [ 88.77417, 21.84557 ], [ 88.77578, 21.84538 ], [ 88.77676, 21.84477 ], [ 88.77759, 21.84311 ], [ 88.77835, 21.84254 ], [ 88.78081, 21.84212 ], [ 88.78483, 21.84166 ], [ 88.78521, 21.84173 ], [ 88.78605, 21.84255 ], [ 88.78651, 21.84351 ], [ 88.78635, 21.84606 ], [ 88.78654, 21.84678 ], [ 88.78688, 21.84701 ], [ 88.78884, 21.84741 ], [ 88.78983, 21.84796 ], [ 88.79039, 21.84857 ], [ 88.79085, 21.84944 ], [ 88.79088, 21.8517 ], [ 88.79131, 21.85235 ], [ 88.79255, 21.85305 ], [ 88.79569, 21.85263 ], [ 88.79685, 21.85274 ], [ 88.79746, 21.85299 ], [ 88.79879, 21.85416 ], [ 88.79963, 21.85455 ], [ 88.8001, 21.85448 ], [ 88.80047, 21.85423 ], [ 88.80107, 21.85309 ], [ 88.80114, 21.8503 ], [ 88.80144, 21.84948 ], [ 88.80197, 21.84891 ], [ 88.80312, 21.84833 ], [ 88.80417, 21.84817 ], [ 88.80514, 21.84826 ], [ 88.80667, 21.84907 ], [ 88.80872, 21.84982 ], [ 88.81067, 21.84988 ], [ 88.81119, 21.85003 ], [ 88.81355, 21.8502 ], [ 88.81805, 21.85022 ], [ 88.81958, 21.85043 ], [ 88.82102, 21.85031 ], [ 88.82167, 21.84992 ], [ 88.82201, 21.84948 ], [ 88.82213, 21.84878 ], [ 88.82132, 21.8467 ], [ 88.81932, 21.84323 ], [ 88.81857, 21.84126 ], [ 88.81847, 21.83992 ], [ 88.81877, 21.83755 ], [ 88.81981, 21.83381 ], [ 88.81996, 21.83164 ], [ 88.82043, 21.82943 ], [ 88.82084, 21.82579 ], [ 88.82048, 21.82493 ], [ 88.82004, 21.82452 ] ] ], [ [ [ 88.61161, 21.79853 ], [ 88.61081, 21.79899 ], [ 88.60965, 21.79923 ], [ 88.60906, 21.7992 ], [ 88.60806, 21.79889 ], [ 88.60543, 21.79882 ], [ 88.60437, 21.79864 ], [ 88.60277, 21.7988 ], [ 88.59979, 21.79793 ], [ 88.59848, 21.79772 ], [ 88.59766, 21.79781 ], [ 88.59703, 21.79753 ], [ 88.59656, 21.79755 ], [ 88.59625, 21.79772 ], [ 88.5959, 21.79751 ], [ 88.59499, 21.79739 ], [ 88.5948, 21.7977 ], [ 88.59399, 21.79748 ], [ 88.59391, 21.79794 ], [ 88.59364, 21.79785 ], [ 88.59313, 21.79827 ], [ 88.59272, 21.79828 ], [ 88.59218, 21.79792 ], [ 88.59114, 21.79815 ], [ 88.58884, 21.79918 ], [ 88.58622, 21.8011 ], [ 88.58497, 21.80249 ], [ 88.58252, 21.80751 ], [ 88.57992, 21.8116 ], [ 88.57728, 21.81531 ], [ 88.57686, 21.81624 ], [ 88.57617, 21.81821 ], [ 88.57617, 21.81999 ], [ 88.57731, 21.82501 ], [ 88.57888, 21.82817 ], [ 88.57938, 21.82954 ], [ 88.57933, 21.83057 ], [ 88.57971, 21.83255 ], [ 88.57992, 21.83337 ], [ 88.58013, 21.83363 ], [ 88.58015, 21.83409 ], [ 88.58037, 21.83433 ], [ 88.58072, 21.83631 ], [ 88.58157, 21.83952 ], [ 88.5819, 21.83995 ], [ 88.58272, 21.84231 ], [ 88.58372, 21.84428 ], [ 88.58454, 21.84548 ], [ 88.58629, 21.84765 ], [ 88.58905, 21.85028 ], [ 88.5902, 21.85206 ], [ 88.59046, 21.85217 ], [ 88.59082, 21.85211 ], [ 88.592, 21.85048 ], [ 88.59304, 21.84934 ], [ 88.59495, 21.84786 ], [ 88.59851, 21.84636 ], [ 88.60154, 21.84527 ], [ 88.60241, 21.84455 ], [ 88.6026, 21.84394 ], [ 88.60292, 21.84355 ], [ 88.60327, 21.84202 ], [ 88.60327, 21.83995 ], [ 88.60378, 21.83733 ], [ 88.60519, 21.83542 ], [ 88.60616, 21.83454 ], [ 88.60727, 21.83366 ], [ 88.61032, 21.83192 ], [ 88.61507, 21.83074 ], [ 88.61667, 21.83018 ], [ 88.6173, 21.82894 ], [ 88.61721, 21.82823 ], [ 88.61628, 21.82679 ], [ 88.61548, 21.82597 ], [ 88.61486, 21.82544 ], [ 88.61105, 21.82311 ], [ 88.60943, 21.82188 ], [ 88.6083, 21.81959 ], [ 88.60782, 21.81694 ], [ 88.60717, 21.8155 ], [ 88.60731, 21.81479 ], [ 88.60833, 21.81239 ], [ 88.60922, 21.81129 ], [ 88.61046, 21.81056 ], [ 88.61153, 21.80887 ], [ 88.613, 21.80381 ], [ 88.61384, 21.80038 ], [ 88.61367, 21.79902 ], [ 88.61275, 21.79874 ], [ 88.6126, 21.7985 ], [ 88.61234, 21.79845 ], [ 88.61213, 21.79862 ], [ 88.61161, 21.79853 ] ] ], [ [ [ 88.52908, 21.83889 ], [ 88.52906, 21.83775 ], [ 88.52833, 21.83576 ], [ 88.52769, 21.83505 ], [ 88.52623, 21.83397 ], [ 88.52187, 21.83166 ], [ 88.51771, 21.83039 ], [ 88.51458, 21.8292 ], [ 88.51325, 21.82923 ], [ 88.51269, 21.83038 ], [ 88.51172, 21.83307 ], [ 88.51129, 21.83693 ], [ 88.51073, 21.83883 ], [ 88.51077, 21.84194 ], [ 88.51167, 21.84421 ], [ 88.51246, 21.84484 ], [ 88.5126, 21.84563 ], [ 88.51228, 21.84786 ], [ 88.51115, 21.8489 ], [ 88.50922, 21.85502 ], [ 88.50894, 21.85981 ], [ 88.50898, 21.86037 ], [ 88.5092, 21.86072 ], [ 88.50955, 21.86078 ], [ 88.51637, 21.85684 ], [ 88.52149, 21.85421 ], [ 88.5229, 21.85305 ], [ 88.52505, 21.8503 ], [ 88.52637, 21.84826 ], [ 88.52733, 21.84626 ], [ 88.52857, 21.84231 ], [ 88.52908, 21.83889 ] ] ], [ [ [ 88.69993, 21.84435 ], [ 88.70156, 21.84695 ], [ 88.70228, 21.84777 ], [ 88.70227, 21.84883 ], [ 88.70127, 21.84962 ], [ 88.70123, 21.85021 ], [ 88.70156, 21.85224 ], [ 88.70215, 21.85443 ], [ 88.70279, 21.85569 ], [ 88.70389, 21.85622 ], [ 88.70483, 21.85622 ], [ 88.70568, 21.85602 ], [ 88.71038, 21.8537 ], [ 88.71305, 21.85352 ], [ 88.71417, 21.85378 ], [ 88.72065, 21.85655 ], [ 88.7251, 21.85752 ], [ 88.72759, 21.8583 ], [ 88.72888, 21.8594 ], [ 88.72933, 21.86006 ], [ 88.72987, 21.86147 ], [ 88.73004, 21.86434 ], [ 88.73058, 21.8648 ], [ 88.73224, 21.86466 ], [ 88.73351, 21.86437 ], [ 88.73672, 21.8634 ], [ 88.73841, 21.86278 ], [ 88.7445, 21.85988 ], [ 88.74591, 21.85885 ], [ 88.74746, 21.85725 ], [ 88.75134, 21.85171 ], [ 88.7513, 21.85143 ], [ 88.74703, 21.8462 ], [ 88.7454, 21.84468 ], [ 88.74509, 21.84418 ], [ 88.74255, 21.84241 ], [ 88.739, 21.84097 ], [ 88.73289, 21.83933 ], [ 88.72463, 21.83656 ], [ 88.72079, 21.83491 ], [ 88.71873, 21.83374 ], [ 88.71808, 21.83289 ], [ 88.71776, 21.83204 ], [ 88.71685, 21.82851 ], [ 88.71655, 21.82808 ], [ 88.71569, 21.82748 ], [ 88.71389, 21.82679 ], [ 88.71258, 21.82693 ], [ 88.71104, 21.82756 ], [ 88.70699, 21.82977 ], [ 88.70612, 21.82995 ], [ 88.70448, 21.82992 ], [ 88.70381, 21.82964 ], [ 88.7033, 21.82884 ], [ 88.70261, 21.82711 ], [ 88.7024, 21.82712 ], [ 88.70201, 21.82844 ], [ 88.70225, 21.82939 ], [ 88.70218, 21.83013 ], [ 88.70169, 21.83102 ], [ 88.70141, 21.83198 ], [ 88.70034, 21.83388 ], [ 88.70002, 21.83587 ], [ 88.69974, 21.83648 ], [ 88.69829, 21.83818 ], [ 88.69782, 21.8396 ], [ 88.69781, 21.84073 ], [ 88.69733, 21.84109 ], [ 88.69721, 21.84137 ], [ 88.69732, 21.84183 ], [ 88.69721, 21.84234 ], [ 88.69769, 21.84218 ], [ 88.69823, 21.84242 ], [ 88.69859, 21.84327 ], [ 88.69993, 21.84435 ] ] ], [ [ [ 88.62831, 21.90543 ], [ 88.63061, 21.90799 ], [ 88.6315, 21.90936 ], [ 88.63215, 21.90997 ], [ 88.6326, 21.91062 ], [ 88.63262, 21.91121 ], [ 88.63289, 21.91166 ], [ 88.63337, 21.91198 ], [ 88.63337, 21.91253 ], [ 88.63384, 21.91292 ], [ 88.63376, 21.91334 ], [ 88.63392, 21.91377 ], [ 88.63494, 21.9155 ], [ 88.63655, 21.91987 ], [ 88.63813, 21.92096 ], [ 88.63852, 21.92104 ], [ 88.63962, 21.92101 ], [ 88.64118, 21.92069 ], [ 88.6432, 21.92003 ], [ 88.64492, 21.91876 ], [ 88.64624, 21.91809 ], [ 88.64703, 21.91736 ], [ 88.64907, 21.91648 ], [ 88.65021, 21.91639 ], [ 88.65072, 21.91653 ], [ 88.65331, 21.91654 ], [ 88.65464, 21.91619 ], [ 88.65543, 21.91567 ], [ 88.65587, 21.91575 ], [ 88.6565, 21.91557 ], [ 88.65682, 21.91528 ], [ 88.65719, 21.91536 ], [ 88.65737, 21.91524 ], [ 88.65744, 21.91494 ], [ 88.65823, 21.91487 ], [ 88.65891, 21.91449 ], [ 88.65927, 21.91463 ], [ 88.66252, 21.91359 ], [ 88.66437, 21.91335 ], [ 88.66483, 21.91318 ], [ 88.66493, 21.91294 ], [ 88.66527, 21.91273 ], [ 88.66582, 21.91313 ], [ 88.66631, 21.91289 ], [ 88.66653, 21.91302 ], [ 88.6668, 21.91295 ], [ 88.66705, 21.91265 ], [ 88.66702, 21.91233 ], [ 88.6666, 21.91203 ], [ 88.66679, 21.9116 ], [ 88.66632, 21.91116 ], [ 88.66644, 21.9107 ], [ 88.6662, 21.91023 ], [ 88.6662, 21.90954 ], [ 88.66595, 21.90873 ], [ 88.66562, 21.90847 ], [ 88.66522, 21.90843 ], [ 88.66527, 21.90826 ], [ 88.66473, 21.90811 ], [ 88.66488, 21.90723 ], [ 88.66469, 21.90655 ], [ 88.66492, 21.90622 ], [ 88.66482, 21.9059 ], [ 88.6644, 21.90575 ], [ 88.66427, 21.90515 ], [ 88.66408, 21.90503 ], [ 88.66411, 21.90462 ], [ 88.66374, 21.90447 ], [ 88.66366, 21.9042 ], [ 88.66287, 21.90416 ], [ 88.66272, 21.90317 ], [ 88.66198, 21.9033 ], [ 88.66142, 21.90196 ], [ 88.66112, 21.9019 ], [ 88.66081, 21.90206 ], [ 88.6604, 21.90159 ], [ 88.66085, 21.90142 ], [ 88.66092, 21.90122 ], [ 88.66022, 21.90018 ], [ 88.66011, 21.8997 ], [ 88.65973, 21.89968 ], [ 88.65972, 21.89942 ], [ 88.65957, 21.89943 ], [ 88.65954, 21.89879 ], [ 88.65929, 21.89861 ], [ 88.65902, 21.89866 ], [ 88.65904, 21.89836 ], [ 88.65861, 21.89784 ], [ 88.65859, 21.89745 ], [ 88.6584, 21.89717 ], [ 88.6586, 21.89669 ], [ 88.65821, 21.89666 ], [ 88.65853, 21.89645 ], [ 88.65836, 21.89638 ], [ 88.65851, 21.89603 ], [ 88.65829, 21.89599 ], [ 88.65838, 21.89578 ], [ 88.65808, 21.89514 ], [ 88.65821, 21.89501 ], [ 88.65799, 21.8949 ], [ 88.65816, 21.89473 ], [ 88.65762, 21.89441 ], [ 88.65738, 21.8937 ], [ 88.65646, 21.89426 ], [ 88.65593, 21.89496 ], [ 88.6552, 21.89829 ], [ 88.65498, 21.89881 ], [ 88.65485, 21.89892 ], [ 88.65472, 21.8988 ], [ 88.65517, 21.89715 ], [ 88.65561, 21.89441 ], [ 88.65596, 21.89347 ], [ 88.65578, 21.8932 ], [ 88.65615, 21.8931 ], [ 88.65608, 21.89289 ], [ 88.65623, 21.89285 ], [ 88.6561, 21.89251 ], [ 88.6564, 21.8924 ], [ 88.65627, 21.89223 ], [ 88.65648, 21.89224 ], [ 88.65644, 21.89173 ], [ 88.65678, 21.89153 ], [ 88.6568, 21.89134 ], [ 88.65662, 21.89129 ], [ 88.65674, 21.8912 ], [ 88.65669, 21.89074 ], [ 88.65633, 21.89026 ], [ 88.65625, 21.88954 ], [ 88.656, 21.88947 ], [ 88.65548, 21.8887 ], [ 88.6556, 21.88833 ], [ 88.65515, 21.88757 ], [ 88.65512, 21.8867 ], [ 88.65502, 21.88675 ], [ 88.65476, 21.8865 ], [ 88.65441, 21.88658 ], [ 88.65456, 21.88635 ], [ 88.65428, 21.88631 ], [ 88.65438, 21.88609 ], [ 88.65419, 21.88574 ], [ 88.65441, 21.88565 ], [ 88.65437, 21.88546 ], [ 88.65415, 21.88543 ], [ 88.65391, 21.88507 ], [ 88.65381, 21.88425 ], [ 88.65344, 21.8842 ], [ 88.65361, 21.88379 ], [ 88.65327, 21.88312 ], [ 88.6533, 21.88289 ], [ 88.65311, 21.88281 ], [ 88.65318, 21.88241 ], [ 88.65299, 21.88216 ], [ 88.653, 21.88189 ], [ 88.6527, 21.88186 ], [ 88.65285, 21.88151 ], [ 88.65243, 21.87877 ], [ 88.65257, 21.87723 ], [ 88.65277, 21.87673 ], [ 88.65264, 21.87684 ], [ 88.65257, 21.87625 ], [ 88.65202, 21.87591 ], [ 88.65193, 21.87563 ], [ 88.65238, 21.8753 ], [ 88.65242, 21.87496 ], [ 88.65205, 21.87463 ], [ 88.65207, 21.87427 ], [ 88.65171, 21.87409 ], [ 88.6521, 21.8736 ], [ 88.6517, 21.87346 ], [ 88.65138, 21.87284 ], [ 88.6525, 21.86866 ], [ 88.65296, 21.86813 ], [ 88.65297, 21.8678 ], [ 88.6529, 21.86764 ], [ 88.6522, 21.86736 ], [ 88.65255, 21.86705 ], [ 88.65211, 21.86687 ], [ 88.65194, 21.86665 ], [ 88.65218, 21.86566 ], [ 88.65191, 21.86541 ], [ 88.65155, 21.86546 ], [ 88.65119, 21.86474 ], [ 88.65145, 21.86435 ], [ 88.65147, 21.864 ], [ 88.65118, 21.86416 ], [ 88.65122, 21.8637 ], [ 88.65059, 21.86333 ], [ 88.65021, 21.86335 ], [ 88.64959, 21.86274 ], [ 88.65004, 21.862 ], [ 88.64955, 21.86186 ], [ 88.64927, 21.86156 ], [ 88.64943, 21.86092 ], [ 88.64916, 21.86066 ], [ 88.64938, 21.85979 ], [ 88.64909, 21.85942 ], [ 88.64874, 21.85963 ], [ 88.64867, 21.85937 ], [ 88.64935, 21.85806 ], [ 88.64897, 21.85798 ], [ 88.64868, 21.85769 ], [ 88.64834, 21.85694 ], [ 88.64839, 21.85573 ], [ 88.64808, 21.85548 ], [ 88.64822, 21.85517 ], [ 88.64783, 21.85522 ], [ 88.64779, 21.85511 ], [ 88.648, 21.85472 ], [ 88.64769, 21.85366 ], [ 88.64797, 21.85345 ], [ 88.64822, 21.85272 ], [ 88.64848, 21.85245 ], [ 88.64829, 21.85228 ], [ 88.64852, 21.85217 ], [ 88.64835, 21.85187 ], [ 88.64788, 21.85189 ], [ 88.64775, 21.85155 ], [ 88.64818, 21.85121 ], [ 88.64785, 21.85097 ], [ 88.6484, 21.85086 ], [ 88.6488, 21.8493 ], [ 88.64858, 21.84913 ], [ 88.64902, 21.84861 ], [ 88.64904, 21.84828 ], [ 88.64859, 21.84826 ], [ 88.64873, 21.84806 ], [ 88.64857, 21.84788 ], [ 88.64896, 21.84749 ], [ 88.64867, 21.8475 ], [ 88.64858, 21.84711 ], [ 88.64874, 21.8469 ], [ 88.64846, 21.84674 ], [ 88.64842, 21.84648 ], [ 88.64868, 21.84508 ], [ 88.64859, 21.84457 ], [ 88.64842, 21.84458 ], [ 88.64861, 21.84447 ], [ 88.64862, 21.84422 ], [ 88.64851, 21.84392 ], [ 88.64818, 21.8438 ], [ 88.64832, 21.84352 ], [ 88.64805, 21.84317 ], [ 88.64817, 21.84282 ], [ 88.64799, 21.84231 ], [ 88.64834, 21.84195 ], [ 88.64791, 21.84176 ], [ 88.64781, 21.84084 ], [ 88.64764, 21.84075 ], [ 88.64773, 21.83932 ], [ 88.64794, 21.83921 ], [ 88.64779, 21.83912 ], [ 88.64815, 21.83867 ], [ 88.64777, 21.83782 ], [ 88.64797, 21.83728 ], [ 88.64775, 21.83726 ], [ 88.64756, 21.83747 ], [ 88.64748, 21.83709 ], [ 88.64759, 21.83684 ], [ 88.64737, 21.8371 ], [ 88.6473, 21.83702 ], [ 88.64746, 21.83604 ], [ 88.64811, 21.83492 ], [ 88.64798, 21.83476 ], [ 88.64812, 21.83459 ], [ 88.64793, 21.83446 ], [ 88.64804, 21.83418 ], [ 88.64791, 21.83414 ], [ 88.64769, 21.83309 ], [ 88.64777, 21.83299 ], [ 88.64807, 21.83309 ], [ 88.64795, 21.83261 ], [ 88.64778, 21.83263 ], [ 88.64773, 21.83231 ], [ 88.64759, 21.83228 ], [ 88.64748, 21.83174 ], [ 88.64693, 21.83132 ], [ 88.64718, 21.82999 ], [ 88.64693, 21.82964 ], [ 88.64732, 21.82942 ], [ 88.64723, 21.82918 ], [ 88.647, 21.82925 ], [ 88.64717, 21.82903 ], [ 88.64702, 21.82865 ], [ 88.64684, 21.8286 ], [ 88.64677, 21.82747 ], [ 88.64635, 21.82699 ], [ 88.64601, 21.82702 ], [ 88.64592, 21.82687 ], [ 88.64563, 21.82697 ], [ 88.6453, 21.82664 ], [ 88.64541, 21.8264 ], [ 88.64589, 21.82624 ], [ 88.64561, 21.82607 ], [ 88.64567, 21.82565 ], [ 88.64553, 21.82499 ], [ 88.64535, 21.82499 ], [ 88.64539, 21.82463 ], [ 88.64525, 21.82446 ], [ 88.64505, 21.82456 ], [ 88.64499, 21.82417 ], [ 88.64524, 21.82374 ], [ 88.64495, 21.82337 ], [ 88.64509, 21.82306 ], [ 88.64465, 21.82315 ], [ 88.6451, 21.82279 ], [ 88.6443, 21.82282 ], [ 88.6441, 21.82268 ], [ 88.64406, 21.82206 ], [ 88.64422, 21.82143 ], [ 88.64468, 21.82081 ], [ 88.64512, 21.82071 ], [ 88.64489, 21.82027 ], [ 88.64512, 21.82012 ], [ 88.64515, 21.81991 ], [ 88.64454, 21.81962 ], [ 88.64483, 21.81946 ], [ 88.64494, 21.81911 ], [ 88.64422, 21.81861 ], [ 88.64405, 21.81762 ], [ 88.64368, 21.81733 ], [ 88.6439, 21.81699 ], [ 88.64354, 21.81528 ], [ 88.64375, 21.81479 ], [ 88.64375, 21.81404 ], [ 88.64351, 21.81356 ], [ 88.64323, 21.81355 ], [ 88.64319, 21.81327 ], [ 88.64275, 21.8133 ], [ 88.64253, 21.81302 ], [ 88.64256, 21.81274 ], [ 88.64216, 21.81224 ], [ 88.64236, 21.81208 ], [ 88.64238, 21.81164 ], [ 88.64212, 21.811 ], [ 88.64183, 21.81103 ], [ 88.64171, 21.81022 ], [ 88.64186, 21.80998 ], [ 88.6416, 21.80974 ], [ 88.64181, 21.80916 ], [ 88.64114, 21.8084 ], [ 88.64108, 21.80789 ], [ 88.64071, 21.80745 ], [ 88.64063, 21.80709 ], [ 88.64081, 21.80667 ], [ 88.64067, 21.80623 ], [ 88.64103, 21.80556 ], [ 88.64085, 21.80533 ], [ 88.64112, 21.8047 ], [ 88.64101, 21.80429 ], [ 88.64206, 21.80271 ], [ 88.64237, 21.80253 ], [ 88.64226, 21.80235 ], [ 88.64184, 21.80233 ], [ 88.64195, 21.80163 ], [ 88.64186, 21.80091 ], [ 88.64163, 21.8007 ], [ 88.64159, 21.80021 ], [ 88.64128, 21.79984 ], [ 88.64175, 21.79942 ], [ 88.64194, 21.79887 ], [ 88.64181, 21.79819 ], [ 88.64131, 21.79801 ], [ 88.64163, 21.79734 ], [ 88.64167, 21.79554 ], [ 88.64124, 21.7949 ], [ 88.64152, 21.79479 ], [ 88.64152, 21.79369 ], [ 88.64133, 21.79336 ], [ 88.64149, 21.79309 ], [ 88.64159, 21.79096 ], [ 88.64189, 21.79039 ], [ 88.64188, 21.78981 ], [ 88.64158, 21.78909 ], [ 88.64059, 21.78832 ], [ 88.6389, 21.78739 ], [ 88.63728, 21.78687 ], [ 88.63665, 21.78697 ], [ 88.63634, 21.7878 ], [ 88.63596, 21.7882 ], [ 88.63414, 21.78898 ], [ 88.63177, 21.78914 ], [ 88.63055, 21.78941 ], [ 88.62861, 21.78876 ], [ 88.62727, 21.78914 ], [ 88.62587, 21.78989 ], [ 88.62414, 21.79123 ], [ 88.62289, 21.79252 ], [ 88.62201, 21.79366 ], [ 88.62125, 21.79503 ], [ 88.61959, 21.79868 ], [ 88.61926, 21.79985 ], [ 88.61895, 21.8003 ], [ 88.61904, 21.80135 ], [ 88.61885, 21.8014 ], [ 88.61873, 21.80363 ], [ 88.61902, 21.80506 ], [ 88.61869, 21.80552 ], [ 88.61877, 21.80582 ], [ 88.61823, 21.80697 ], [ 88.6183, 21.80726 ], [ 88.61803, 21.80746 ], [ 88.61722, 21.80933 ], [ 88.61703, 21.81032 ], [ 88.6155, 21.81238 ], [ 88.6153, 21.8124 ], [ 88.61446, 21.81347 ], [ 88.6129, 21.81571 ], [ 88.6125, 21.81659 ], [ 88.61264, 21.81758 ], [ 88.61279, 21.81776 ], [ 88.61598, 21.82006 ], [ 88.61798, 21.82186 ], [ 88.61989, 21.82388 ], [ 88.62107, 21.82597 ], [ 88.62171, 21.82931 ], [ 88.62111, 21.83133 ], [ 88.62075, 21.83192 ], [ 88.61877, 21.83387 ], [ 88.61622, 21.83533 ], [ 88.61279, 21.83636 ], [ 88.61007, 21.83679 ], [ 88.60866, 21.83802 ], [ 88.60841, 21.83994 ], [ 88.60813, 21.84086 ], [ 88.60828, 21.842 ], [ 88.60629, 21.84598 ], [ 88.60511, 21.84767 ], [ 88.60306, 21.84895 ], [ 88.60171, 21.84957 ], [ 88.59921, 21.85045 ], [ 88.59833, 21.85062 ], [ 88.5967, 21.85149 ], [ 88.59592, 21.85213 ], [ 88.59521, 21.8531 ], [ 88.5947, 21.85394 ], [ 88.5945, 21.85465 ], [ 88.59533, 21.85686 ], [ 88.5966, 21.85944 ], [ 88.59879, 21.86506 ], [ 88.59957, 21.8681 ], [ 88.59985, 21.86857 ], [ 88.60057, 21.86901 ], [ 88.60167, 21.87061 ], [ 88.60267, 21.87271 ], [ 88.60268, 21.8735 ], [ 88.604, 21.87656 ], [ 88.60541, 21.87926 ], [ 88.6069, 21.88169 ], [ 88.60805, 21.88302 ], [ 88.60909, 21.8849 ], [ 88.61183, 21.88863 ], [ 88.61239, 21.88918 ], [ 88.61268, 21.88979 ], [ 88.61593, 21.89384 ], [ 88.61965, 21.89683 ], [ 88.62055, 21.89733 ], [ 88.62131, 21.89736 ], [ 88.62435, 21.90051 ], [ 88.62411, 21.90131 ], [ 88.62433, 21.90169 ], [ 88.62515, 21.9026 ], [ 88.62642, 21.90361 ], [ 88.62831, 21.90543 ] ] ], [ [ [ 88.55012, 21.88325 ], [ 88.54951, 21.88631 ], [ 88.54934, 21.89028 ], [ 88.5484, 21.89292 ], [ 88.54782, 21.8938 ], [ 88.54639, 21.89523 ], [ 88.54258, 21.8979 ], [ 88.54144, 21.89895 ], [ 88.54068, 21.89989 ], [ 88.54041, 21.90046 ], [ 88.54037, 21.90131 ], [ 88.54059, 21.90196 ], [ 88.54122, 21.90308 ], [ 88.54211, 21.90391 ], [ 88.54308, 21.90473 ], [ 88.54412, 21.90503 ], [ 88.54504, 21.90505 ], [ 88.54641, 21.90469 ], [ 88.54816, 21.90387 ], [ 88.55094, 21.9021 ], [ 88.55382, 21.90052 ], [ 88.55631, 21.8996 ], [ 88.55972, 21.89805 ], [ 88.56089, 21.89768 ], [ 88.56249, 21.89739 ], [ 88.56354, 21.89749 ], [ 88.56528, 21.89814 ], [ 88.56818, 21.90015 ], [ 88.57032, 21.9011 ], [ 88.57056, 21.90112 ], [ 88.57088, 21.90086 ], [ 88.57469, 21.89282 ], [ 88.57536, 21.891 ], [ 88.57627, 21.88765 ], [ 88.57616, 21.88681 ], [ 88.57497, 21.88397 ], [ 88.57449, 21.88243 ], [ 88.57362, 21.87886 ], [ 88.57346, 21.87726 ], [ 88.57315, 21.87657 ], [ 88.57315, 21.87582 ], [ 88.57256, 21.87285 ], [ 88.57231, 21.87068 ], [ 88.57222, 21.86618 ], [ 88.57192, 21.86419 ], [ 88.57206, 21.86339 ], [ 88.57165, 21.86084 ], [ 88.57166, 21.86008 ], [ 88.57195, 21.85921 ], [ 88.57122, 21.85535 ], [ 88.57088, 21.85419 ], [ 88.56983, 21.85265 ], [ 88.56798, 21.84789 ], [ 88.56464, 21.83633 ], [ 88.56327, 21.83348 ], [ 88.55935, 21.82675 ], [ 88.55815, 21.82505 ], [ 88.5553, 21.82264 ], [ 88.55483, 21.82053 ], [ 88.55417, 21.81946 ], [ 88.55267, 21.81786 ], [ 88.55159, 21.81746 ], [ 88.54979, 21.81789 ], [ 88.54863, 21.81838 ], [ 88.54789, 21.81976 ], [ 88.54759, 21.82072 ], [ 88.54637, 21.82279 ], [ 88.54568, 21.82467 ], [ 88.54379, 21.8272 ], [ 88.54202, 21.82896 ], [ 88.54026, 21.82996 ], [ 88.53815, 21.83075 ], [ 88.53392, 21.83155 ], [ 88.53309, 21.83211 ], [ 88.53286, 21.83293 ], [ 88.53332, 21.83533 ], [ 88.53319, 21.83673 ], [ 88.53282, 21.83826 ], [ 88.53257, 21.84117 ], [ 88.53227, 21.84256 ], [ 88.53044, 21.8476 ], [ 88.53023, 21.84857 ], [ 88.53035, 21.84934 ], [ 88.53136, 21.85013 ], [ 88.53266, 21.85103 ], [ 88.53577, 21.85245 ], [ 88.5361, 21.85327 ], [ 88.53803, 21.85433 ], [ 88.53978, 21.85559 ], [ 88.5417, 21.85794 ], [ 88.54329, 21.85949 ], [ 88.54284, 21.86401 ], [ 88.54234, 21.86562 ], [ 88.54126, 21.86818 ], [ 88.54093, 21.86931 ], [ 88.54088, 21.87041 ], [ 88.54154, 21.87125 ], [ 88.54251, 21.8721 ], [ 88.54571, 21.87443 ], [ 88.54756, 21.87619 ], [ 88.54881, 21.87776 ], [ 88.54978, 21.8796 ], [ 88.55005, 21.88057 ], [ 88.55019, 21.88168 ], [ 88.55012, 21.88325 ] ] ], [ [ [ 88.58165, 21.86682 ], [ 88.58118, 21.86862 ], [ 88.58111, 21.86941 ], [ 88.58129, 21.87153 ], [ 88.58178, 21.87317 ], [ 88.58318, 21.87488 ], [ 88.584, 21.87544 ], [ 88.58456, 21.87558 ], [ 88.58481, 21.87537 ], [ 88.58469, 21.86974 ], [ 88.58413, 21.86663 ], [ 88.58371, 21.86576 ], [ 88.58314, 21.86555 ], [ 88.58233, 21.86611 ], [ 88.58165, 21.86682 ] ] ], [ [ [ 88.71755, 21.90591 ], [ 88.71886, 21.90583 ], [ 88.71936, 21.90557 ], [ 88.72298, 21.90178 ], [ 88.72491, 21.90006 ], [ 88.72669, 21.89892 ], [ 88.72953, 21.89828 ], [ 88.73246, 21.89798 ], [ 88.73599, 21.89824 ], [ 88.73981, 21.89874 ], [ 88.74185, 21.89862 ], [ 88.74556, 21.8977 ], [ 88.74654, 21.89722 ], [ 88.74828, 21.89606 ], [ 88.74901, 21.89535 ], [ 88.74942, 21.89447 ], [ 88.74857, 21.89071 ], [ 88.74866, 21.88965 ], [ 88.74911, 21.8885 ], [ 88.75037, 21.88727 ], [ 88.75198, 21.88656 ], [ 88.75522, 21.88589 ], [ 88.75631, 21.88548 ], [ 88.75661, 21.88513 ], [ 88.75663, 21.88428 ], [ 88.75574, 21.88258 ], [ 88.75555, 21.88172 ], [ 88.75579, 21.88043 ], [ 88.75649, 21.87926 ], [ 88.7576, 21.87842 ], [ 88.76396, 21.87711 ], [ 88.76596, 21.87704 ], [ 88.76906, 21.87744 ], [ 88.77118, 21.87633 ], [ 88.77194, 21.87543 ], [ 88.7728, 21.87304 ], [ 88.7747, 21.86911 ], [ 88.77477, 21.86861 ], [ 88.77457, 21.8662 ], [ 88.77397, 21.86618 ], [ 88.7712, 21.86546 ], [ 88.76975, 21.86535 ], [ 88.76824, 21.86566 ], [ 88.7661, 21.8664 ], [ 88.76501, 21.86647 ], [ 88.7655, 21.86589 ], [ 88.76743, 21.8652 ], [ 88.76987, 21.86464 ], [ 88.77323, 21.86515 ], [ 88.77439, 21.86501 ], [ 88.7751, 21.86453 ], [ 88.77684, 21.86264 ], [ 88.7802, 21.86005 ], [ 88.78009, 21.85924 ], [ 88.77849, 21.85843 ], [ 88.77356, 21.85725 ], [ 88.77246, 21.85676 ], [ 88.77142, 21.85613 ], [ 88.76981, 21.85433 ], [ 88.76921, 21.85394 ], [ 88.76646, 21.85517 ], [ 88.76481, 21.8562 ], [ 88.76066, 21.85943 ], [ 88.75946, 21.85962 ], [ 88.75894, 21.85957 ], [ 88.75813, 21.85917 ], [ 88.75306, 21.85295 ], [ 88.75223, 21.85229 ], [ 88.75199, 21.85227 ], [ 88.74829, 21.85725 ], [ 88.74611, 21.85941 ], [ 88.74534, 21.85992 ], [ 88.74276, 21.86142 ], [ 88.73986, 21.86252 ], [ 88.73804, 21.86339 ], [ 88.73318, 21.86497 ], [ 88.73017, 21.86541 ], [ 88.72997, 21.86599 ], [ 88.72993, 21.86827 ], [ 88.73015, 21.87083 ], [ 88.72998, 21.87152 ], [ 88.72951, 21.87112 ], [ 88.7293, 21.86954 ], [ 88.72908, 21.86476 ], [ 88.72869, 21.86147 ], [ 88.72849, 21.86067 ], [ 88.7277, 21.85973 ], [ 88.72674, 21.85924 ], [ 88.7258, 21.85895 ], [ 88.72154, 21.85811 ], [ 88.71948, 21.85745 ], [ 88.71767, 21.85679 ], [ 88.71426, 21.85511 ], [ 88.71254, 21.85472 ], [ 88.7115, 21.85483 ], [ 88.70925, 21.85588 ], [ 88.70703, 21.85729 ], [ 88.70547, 21.85763 ], [ 88.70401, 21.8576 ], [ 88.70284, 21.85736 ], [ 88.70095, 21.85601 ], [ 88.7003, 21.85495 ], [ 88.69902, 21.85178 ], [ 88.69865, 21.85035 ], [ 88.6981, 21.8497 ], [ 88.69912, 21.8534 ], [ 88.7004, 21.85612 ], [ 88.70041, 21.85645 ], [ 88.69933, 21.85941 ], [ 88.6994, 21.85975 ], [ 88.70018, 21.86025 ], [ 88.70034, 21.86054 ], [ 88.70017, 21.86218 ], [ 88.70069, 21.8627 ], [ 88.70141, 21.86295 ], [ 88.70191, 21.86408 ], [ 88.7018, 21.86459 ], [ 88.70292, 21.86567 ], [ 88.70335, 21.86642 ], [ 88.70371, 21.86663 ], [ 88.70349, 21.86695 ], [ 88.7038, 21.86727 ], [ 88.70351, 21.86755 ], [ 88.70386, 21.86819 ], [ 88.70386, 21.86854 ], [ 88.70467, 21.86905 ], [ 88.70476, 21.86922 ], [ 88.70465, 21.86942 ], [ 88.70508, 21.86993 ], [ 88.70506, 21.87014 ], [ 88.70471, 21.87025 ], [ 88.7051, 21.87052 ], [ 88.70483, 21.87088 ], [ 88.70545, 21.87119 ], [ 88.7054, 21.87151 ], [ 88.70575, 21.87178 ], [ 88.70598, 21.87239 ], [ 88.7063, 21.87262 ], [ 88.70602, 21.87302 ], [ 88.70663, 21.87352 ], [ 88.70623, 21.87395 ], [ 88.70671, 21.87413 ], [ 88.70696, 21.87461 ], [ 88.70742, 21.87496 ], [ 88.70795, 21.87571 ], [ 88.70895, 21.87826 ], [ 88.70992, 21.88017 ], [ 88.71156, 21.88237 ], [ 88.71164, 21.88435 ], [ 88.7117, 21.88453 ], [ 88.71237, 21.88479 ], [ 88.71246, 21.88506 ], [ 88.71227, 21.8858 ], [ 88.713, 21.8867 ], [ 88.71358, 21.88715 ], [ 88.71325, 21.88741 ], [ 88.71322, 21.88761 ], [ 88.71353, 21.88836 ], [ 88.71305, 21.88864 ], [ 88.71301, 21.88891 ], [ 88.71466, 21.89089 ], [ 88.71463, 21.89109 ], [ 88.71396, 21.89168 ], [ 88.71397, 21.89201 ], [ 88.71413, 21.89226 ], [ 88.71466, 21.89254 ], [ 88.7147, 21.89293 ], [ 88.71504, 21.89342 ], [ 88.71515, 21.89455 ], [ 88.71573, 21.89502 ], [ 88.7157, 21.89521 ], [ 88.7152, 21.89557 ], [ 88.71571, 21.89596 ], [ 88.71593, 21.89637 ], [ 88.71574, 21.89658 ], [ 88.71519, 21.89674 ], [ 88.71623, 21.8972 ], [ 88.71664, 21.89754 ], [ 88.71653, 21.89775 ], [ 88.71589, 21.8981 ], [ 88.71584, 21.89831 ], [ 88.71636, 21.899 ], [ 88.71712, 21.89954 ], [ 88.71701, 21.89974 ], [ 88.71623, 21.89984 ], [ 88.71621, 21.9 ], [ 88.71688, 21.90069 ], [ 88.71693, 21.90108 ], [ 88.71658, 21.90132 ], [ 88.71661, 21.90146 ], [ 88.71737, 21.90206 ], [ 88.71737, 21.9022 ], [ 88.71703, 21.90232 ], [ 88.71757, 21.90285 ], [ 88.71754, 21.90311 ], [ 88.71697, 21.90307 ], [ 88.71704, 21.90327 ], [ 88.71676, 21.90333 ], [ 88.71682, 21.90367 ], [ 88.71722, 21.9038 ], [ 88.71699, 21.90417 ], [ 88.71782, 21.90477 ], [ 88.71723, 21.90494 ], [ 88.71746, 21.9052 ], [ 88.71736, 21.90535 ], [ 88.71755, 21.90591 ] ] ], [ [ [ 88.79035, 21.91686 ], [ 88.79227, 21.91699 ], [ 88.79407, 21.91739 ], [ 88.79706, 21.91844 ], [ 88.79892, 21.91892 ], [ 88.7992, 21.91891 ], [ 88.79959, 21.9186 ], [ 88.79985, 21.91804 ], [ 88.79876, 21.91653 ], [ 88.79606, 21.9143 ], [ 88.79535, 21.9135 ], [ 88.79275, 21.90993 ], [ 88.79165, 21.90903 ], [ 88.78818, 21.90682 ], [ 88.78766, 21.90621 ], [ 88.78872, 21.90621 ], [ 88.79291, 21.90873 ], [ 88.79445, 21.91053 ], [ 88.7959, 21.91286 ], [ 88.79679, 21.91385 ], [ 88.79935, 21.91593 ], [ 88.80035, 21.91664 ], [ 88.80091, 21.91686 ], [ 88.80194, 21.91622 ], [ 88.80356, 21.91453 ], [ 88.80474, 21.91301 ], [ 88.80732, 21.90908 ], [ 88.81145, 21.90458 ], [ 88.81361, 21.90293 ], [ 88.81436, 21.90169 ], [ 88.81419, 21.90119 ], [ 88.81358, 21.9004 ], [ 88.81018, 21.89731 ], [ 88.80902, 21.89595 ], [ 88.80881, 21.89533 ], [ 88.80878, 21.89319 ], [ 88.80842, 21.89019 ], [ 88.80907, 21.88742 ], [ 88.80915, 21.88622 ], [ 88.80909, 21.8859 ], [ 88.8082, 21.88444 ], [ 88.80663, 21.88281 ], [ 88.80402, 21.88102 ], [ 88.80178, 21.87923 ], [ 88.79986, 21.87876 ], [ 88.79838, 21.87796 ], [ 88.79748, 21.87699 ], [ 88.79671, 21.87584 ], [ 88.79568, 21.87343 ], [ 88.79428, 21.86909 ], [ 88.79289, 21.86675 ], [ 88.79148, 21.86531 ], [ 88.78969, 21.8646 ], [ 88.78851, 21.86458 ], [ 88.78774, 21.86477 ], [ 88.78701, 21.8654 ], [ 88.78688, 21.86588 ], [ 88.78707, 21.86673 ], [ 88.7879, 21.86796 ], [ 88.78965, 21.86938 ], [ 88.79202, 21.87101 ], [ 88.79336, 21.87274 ], [ 88.79375, 21.87447 ], [ 88.79376, 21.8752 ], [ 88.79369, 21.876 ], [ 88.79298, 21.87764 ], [ 88.79208, 21.87871 ], [ 88.79047, 21.87944 ], [ 88.78884, 21.87949 ], [ 88.78751, 21.87917 ], [ 88.78653, 21.87842 ], [ 88.78541, 21.87718 ], [ 88.78318, 21.87413 ], [ 88.78227, 21.87304 ], [ 88.78102, 21.8719 ], [ 88.77831, 21.86976 ], [ 88.77741, 21.86936 ], [ 88.77654, 21.86935 ], [ 88.77613, 21.87087 ], [ 88.77514, 21.87288 ], [ 88.77441, 21.87549 ], [ 88.77381, 21.87681 ], [ 88.77295, 21.8779 ], [ 88.77182, 21.87865 ], [ 88.76883, 21.87979 ], [ 88.76752, 21.88181 ], [ 88.76717, 21.88283 ], [ 88.76734, 21.8836 ], [ 88.76822, 21.88507 ], [ 88.77035, 21.88784 ], [ 88.77103, 21.88896 ], [ 88.77109, 21.88944 ], [ 88.77073, 21.89418 ], [ 88.77035, 21.89563 ], [ 88.76905, 21.89841 ], [ 88.76768, 21.90064 ], [ 88.76719, 21.9021 ], [ 88.76705, 21.90333 ], [ 88.76635, 21.90427 ], [ 88.76474, 21.90509 ], [ 88.76208, 21.90727 ], [ 88.7611, 21.90751 ], [ 88.75969, 21.90755 ], [ 88.75906, 21.90782 ], [ 88.75846, 21.90846 ], [ 88.7583, 21.90928 ], [ 88.75875, 21.91139 ], [ 88.75894, 21.91174 ], [ 88.75925, 21.91188 ], [ 88.7596, 21.91192 ], [ 88.7616, 21.91116 ], [ 88.76313, 21.91 ], [ 88.76437, 21.90982 ], [ 88.76511, 21.91016 ], [ 88.76578, 21.91087 ], [ 88.7661, 21.91195 ], [ 88.76498, 21.91397 ], [ 88.76491, 21.91454 ], [ 88.76507, 21.91501 ], [ 88.7655, 21.91529 ], [ 88.7668, 21.91554 ], [ 88.76754, 21.91544 ], [ 88.76851, 21.91506 ], [ 88.77027, 21.91493 ], [ 88.77152, 21.9152 ], [ 88.77236, 21.91579 ], [ 88.77274, 21.91674 ], [ 88.77284, 21.91789 ], [ 88.77242, 21.92366 ], [ 88.77244, 21.924 ], [ 88.77285, 21.92437 ], [ 88.77426, 21.92433 ], [ 88.776, 21.92354 ], [ 88.77971, 21.92057 ], [ 88.78325, 21.91831 ], [ 88.7865, 21.91717 ], [ 88.78772, 21.91694 ], [ 88.79035, 21.91686 ] ] ], [ [ [ 88.72889, 21.92249 ], [ 88.73122, 21.91997 ], [ 88.73257, 21.91905 ], [ 88.73309, 21.91894 ], [ 88.73475, 21.91802 ], [ 88.73554, 21.91778 ], [ 88.7372, 21.9175 ], [ 88.73901, 21.91741 ], [ 88.74131, 21.91806 ], [ 88.74263, 21.91828 ], [ 88.74501, 21.91958 ], [ 88.74544, 21.91965 ], [ 88.74612, 21.92042 ], [ 88.7503, 21.92421 ], [ 88.75265, 21.92587 ], [ 88.7538, 21.92636 ], [ 88.75519, 21.92673 ], [ 88.7562, 21.9268 ], [ 88.75993, 21.92651 ], [ 88.76108, 21.9262 ], [ 88.76746, 21.92601 ], [ 88.76987, 21.92558 ], [ 88.77112, 21.92507 ], [ 88.77167, 21.92129 ], [ 88.77185, 21.9174 ], [ 88.77174, 21.91666 ], [ 88.77145, 21.91614 ], [ 88.77083, 21.91577 ], [ 88.76963, 21.9156 ], [ 88.76844, 21.91564 ], [ 88.76681, 21.91612 ], [ 88.76453, 21.91579 ], [ 88.76409, 21.91501 ], [ 88.7641, 21.91426 ], [ 88.76439, 21.91337 ], [ 88.76515, 21.91212 ], [ 88.76465, 21.9109 ], [ 88.76416, 21.91055 ], [ 88.76372, 21.9105 ], [ 88.76299, 21.91066 ], [ 88.76139, 21.91176 ], [ 88.75901, 21.91293 ], [ 88.75841, 21.91297 ], [ 88.75805, 21.91285 ], [ 88.75775, 21.91246 ], [ 88.75766, 21.91104 ], [ 88.75738, 21.90978 ], [ 88.75742, 21.90874 ], [ 88.75778, 21.90803 ], [ 88.75817, 21.90768 ], [ 88.75929, 21.90711 ], [ 88.76032, 21.90696 ], [ 88.76094, 21.90704 ], [ 88.76123, 21.90692 ], [ 88.76241, 21.90614 ], [ 88.7638, 21.90485 ], [ 88.76571, 21.90382 ], [ 88.76595, 21.90349 ], [ 88.76625, 21.90159 ], [ 88.76658, 21.9006 ], [ 88.76903, 21.89623 ], [ 88.76925, 21.89559 ], [ 88.76964, 21.89409 ], [ 88.76994, 21.8907 ], [ 88.76985, 21.88979 ], [ 88.76927, 21.88861 ], [ 88.76661, 21.88512 ], [ 88.76581, 21.88369 ], [ 88.76582, 21.88254 ], [ 88.76724, 21.87951 ], [ 88.76718, 21.87934 ], [ 88.76535, 21.87902 ], [ 88.7578, 21.88057 ], [ 88.7576, 21.88091 ], [ 88.75762, 21.88128 ], [ 88.75805, 21.88322 ], [ 88.75813, 21.8845 ], [ 88.75786, 21.88577 ], [ 88.75749, 21.88645 ], [ 88.75714, 21.88701 ], [ 88.75569, 21.88794 ], [ 88.7519, 21.88865 ], [ 88.75105, 21.88892 ], [ 88.75013, 21.88953 ], [ 88.75001, 21.89049 ], [ 88.75077, 21.89428 ], [ 88.75065, 21.89541 ], [ 88.75007, 21.89671 ], [ 88.7483, 21.89798 ], [ 88.74548, 21.89945 ], [ 88.74172, 21.90063 ], [ 88.74039, 21.90077 ], [ 88.73226, 21.89999 ], [ 88.72955, 21.90031 ], [ 88.72832, 21.90069 ], [ 88.72741, 21.90115 ], [ 88.72493, 21.90314 ], [ 88.7232, 21.90563 ], [ 88.7223, 21.90638 ], [ 88.72132, 21.90762 ], [ 88.72096, 21.90833 ], [ 88.72001, 21.90912 ], [ 88.71996, 21.90927 ], [ 88.72021, 21.90961 ], [ 88.71997, 21.90976 ], [ 88.72012, 21.91009 ], [ 88.71957, 21.91015 ], [ 88.71978, 21.91073 ], [ 88.71928, 21.91062 ], [ 88.71907, 21.9107 ], [ 88.7191, 21.91107 ], [ 88.71953, 21.91174 ], [ 88.71885, 21.9116 ], [ 88.71869, 21.91178 ], [ 88.71942, 21.91262 ], [ 88.71944, 21.91301 ], [ 88.71855, 21.91348 ], [ 88.71791, 21.91347 ], [ 88.71841, 21.9139 ], [ 88.71853, 21.91433 ], [ 88.71823, 21.91454 ], [ 88.71863, 21.91511 ], [ 88.71821, 21.91536 ], [ 88.71786, 21.91509 ], [ 88.71774, 21.9155 ], [ 88.71777, 21.91574 ], [ 88.71817, 21.91572 ], [ 88.71857, 21.91673 ], [ 88.7181, 21.91679 ], [ 88.71852, 21.91732 ], [ 88.71819, 21.91756 ], [ 88.71809, 21.91809 ], [ 88.71762, 21.91834 ], [ 88.71834, 21.91931 ], [ 88.71788, 21.9198 ], [ 88.71799, 21.92017 ], [ 88.7185, 21.92052 ], [ 88.71804, 21.92083 ], [ 88.71809, 21.92119 ], [ 88.7187, 21.92158 ], [ 88.71864, 21.92173 ], [ 88.71813, 21.92181 ], [ 88.71812, 21.92192 ], [ 88.71879, 21.92247 ], [ 88.71839, 21.92289 ], [ 88.7187, 21.92322 ], [ 88.71857, 21.92356 ], [ 88.71868, 21.9241 ], [ 88.7194, 21.92524 ], [ 88.71942, 21.9259 ], [ 88.72001, 21.92688 ], [ 88.72002, 21.92726 ], [ 88.72063, 21.92761 ], [ 88.72054, 21.92816 ], [ 88.72104, 21.92837 ], [ 88.72138, 21.92874 ], [ 88.72107, 21.92892 ], [ 88.72102, 21.92914 ], [ 88.72133, 21.92921 ], [ 88.72162, 21.9296 ], [ 88.7215, 21.92971 ], [ 88.72162, 21.93 ], [ 88.72119, 21.93014 ], [ 88.72159, 21.93076 ], [ 88.72218, 21.93082 ], [ 88.72313, 21.93148 ], [ 88.72399, 21.93098 ], [ 88.72696, 21.92545 ], [ 88.72889, 21.92249 ] ] ], [ [ [ 88.50974, 21.95157 ], [ 88.50841, 21.9521 ], [ 88.50636, 21.95438 ], [ 88.5056, 21.95442 ], [ 88.50473, 21.95369 ], [ 88.50411, 21.95352 ], [ 88.50427, 21.954 ], [ 88.50505, 21.95472 ], [ 88.50504, 21.95526 ], [ 88.50358, 21.95596 ], [ 88.50228, 21.95709 ], [ 88.50085, 21.95748 ], [ 88.49903, 21.95926 ], [ 88.49791, 21.96073 ], [ 88.49602, 21.96413 ], [ 88.49569, 21.96521 ], [ 88.49592, 21.96737 ], [ 88.49684, 21.96942 ], [ 88.49776, 21.97083 ], [ 88.49807, 21.97114 ], [ 88.49838, 21.97111 ], [ 88.49924, 21.97244 ], [ 88.49908, 21.97372 ], [ 88.49867, 21.97454 ], [ 88.4989, 21.97453 ], [ 88.4994, 21.97412 ], [ 88.49991, 21.97461 ], [ 88.50053, 21.97414 ], [ 88.501, 21.97443 ], [ 88.50137, 21.97409 ], [ 88.50156, 21.97408 ], [ 88.50273, 21.97468 ], [ 88.50417, 21.97586 ], [ 88.50566, 21.97748 ], [ 88.5067, 21.97763 ], [ 88.5081, 21.97882 ], [ 88.51048, 21.98021 ], [ 88.51199, 21.98091 ], [ 88.51207, 21.98103 ], [ 88.51189, 21.98135 ], [ 88.51226, 21.98162 ], [ 88.51281, 21.9814 ], [ 88.51363, 21.98181 ], [ 88.51386, 21.98254 ], [ 88.51443, 21.9829 ], [ 88.5151, 21.98313 ], [ 88.51569, 21.98308 ], [ 88.51716, 21.98409 ], [ 88.5178, 21.98436 ], [ 88.51838, 21.98452 ], [ 88.51952, 21.98456 ], [ 88.51819, 21.98664 ], [ 88.51778, 21.98755 ], [ 88.51946, 21.98532 ], [ 88.51999, 21.9842 ], [ 88.52033, 21.98431 ], [ 88.52094, 21.98562 ], [ 88.52211, 21.98564 ], [ 88.52349, 21.98537 ], [ 88.53026, 21.98121 ], [ 88.53132, 21.98069 ], [ 88.53387, 21.97987 ], [ 88.53648, 21.97881 ], [ 88.53842, 21.97858 ], [ 88.54062, 21.97943 ], [ 88.54216, 21.9805 ], [ 88.54359, 21.98227 ], [ 88.54543, 21.98601 ], [ 88.54755, 21.99145 ], [ 88.55041, 21.99731 ], [ 88.55141, 22.00008 ], [ 88.55182, 22.00083 ], [ 88.55423, 22.00363 ], [ 88.55509, 22.00415 ], [ 88.55606, 22.00427 ], [ 88.55623, 22.00453 ], [ 88.55723, 22.00431 ], [ 88.55725, 22.00391 ], [ 88.55854, 22.00353 ], [ 88.56216, 22.00137 ], [ 88.56355, 22.00104 ], [ 88.56448, 22.00056 ], [ 88.567, 21.9999 ], [ 88.56878, 21.99925 ], [ 88.57305, 21.99825 ], [ 88.57767, 21.9965 ], [ 88.5797, 21.99529 ], [ 88.58111, 21.99421 ], [ 88.58251, 21.99272 ], [ 88.58342, 21.99092 ], [ 88.58362, 21.9908 ], [ 88.58358, 21.99044 ], [ 88.5841, 21.98859 ], [ 88.58413, 21.98811 ], [ 88.58388, 21.98721 ], [ 88.58112, 21.9854 ], [ 88.57915, 21.98367 ], [ 88.57842, 21.9834 ], [ 88.57801, 21.98231 ], [ 88.5762, 21.97993 ], [ 88.5753, 21.97787 ], [ 88.57488, 21.97465 ], [ 88.57496, 21.97331 ], [ 88.57649, 21.96279 ], [ 88.57655, 21.96066 ], [ 88.57646, 21.96021 ], [ 88.57592, 21.95962 ], [ 88.57408, 21.95906 ], [ 88.57235, 21.95872 ], [ 88.56988, 21.95848 ], [ 88.56842, 21.95852 ], [ 88.56673, 21.9591 ], [ 88.56489, 21.96051 ], [ 88.56425, 21.96134 ], [ 88.56325, 21.96342 ], [ 88.56245, 21.96612 ], [ 88.56128, 21.96907 ], [ 88.56008, 21.9712 ], [ 88.55902, 21.97255 ], [ 88.55839, 21.97305 ], [ 88.55667, 21.97395 ], [ 88.55499, 21.97438 ], [ 88.5526, 21.97445 ], [ 88.54929, 21.97402 ], [ 88.54854, 21.97432 ], [ 88.54715, 21.97397 ], [ 88.54488, 21.97304 ], [ 88.54433, 21.97332 ], [ 88.54405, 21.97323 ], [ 88.54395, 21.97306 ], [ 88.5441, 21.97272 ], [ 88.54358, 21.97239 ], [ 88.54227, 21.97022 ], [ 88.54101, 21.96677 ], [ 88.54049, 21.96588 ], [ 88.54035, 21.96513 ], [ 88.54091, 21.96503 ], [ 88.54033, 21.96492 ], [ 88.5403, 21.96366 ], [ 88.54046, 21.96216 ], [ 88.54062, 21.96184 ], [ 88.54118, 21.95619 ], [ 88.54126, 21.95398 ], [ 88.54209, 21.94852 ], [ 88.54315, 21.94547 ], [ 88.54475, 21.9426 ], [ 88.54508, 21.94171 ], [ 88.54578, 21.94168 ], [ 88.54719, 21.93948 ], [ 88.54822, 21.93627 ], [ 88.54796, 21.93577 ], [ 88.54879, 21.93363 ], [ 88.54864, 21.93121 ], [ 88.5479, 21.93003 ], [ 88.54837, 21.92891 ], [ 88.54822, 21.92651 ], [ 88.54831, 21.92491 ], [ 88.54864, 21.92217 ], [ 88.54903, 21.92093 ], [ 88.55022, 21.91892 ], [ 88.55115, 21.91795 ], [ 88.55197, 21.91738 ], [ 88.55502, 21.91582 ], [ 88.5587, 21.91444 ], [ 88.56193, 21.91292 ], [ 88.56318, 21.91221 ], [ 88.56614, 21.91017 ], [ 88.5687, 21.90802 ], [ 88.5702, 21.9064 ], [ 88.57057, 21.90551 ], [ 88.57059, 21.90408 ], [ 88.56949, 21.90237 ], [ 88.56836, 21.90143 ], [ 88.56522, 21.89918 ], [ 88.56378, 21.89861 ], [ 88.56308, 21.89849 ], [ 88.562, 21.89852 ], [ 88.56043, 21.89884 ], [ 88.55418, 21.90244 ], [ 88.54899, 21.90491 ], [ 88.54633, 21.90583 ], [ 88.54508, 21.90605 ], [ 88.54406, 21.90606 ], [ 88.54274, 21.90566 ], [ 88.54157, 21.90485 ], [ 88.54002, 21.90345 ], [ 88.53935, 21.902 ], [ 88.53911, 21.90111 ], [ 88.5397, 21.8989 ], [ 88.54019, 21.89798 ], [ 88.54108, 21.89691 ], [ 88.54541, 21.89378 ], [ 88.54613, 21.89302 ], [ 88.54611, 21.89046 ], [ 88.54663, 21.88636 ], [ 88.54732, 21.88324 ], [ 88.54724, 21.88193 ], [ 88.54696, 21.88071 ], [ 88.54581, 21.87867 ], [ 88.54336, 21.8768 ], [ 88.54209, 21.87616 ], [ 88.5396, 21.87385 ], [ 88.53776, 21.87118 ], [ 88.53736, 21.86896 ], [ 88.53742, 21.86796 ], [ 88.53825, 21.86532 ], [ 88.53856, 21.86489 ], [ 88.53873, 21.86377 ], [ 88.53863, 21.8632 ], [ 88.53785, 21.86256 ], [ 88.53735, 21.86135 ], [ 88.53735, 21.86079 ], [ 88.53767, 21.86031 ], [ 88.53768, 21.85992 ], [ 88.53688, 21.85797 ], [ 88.53551, 21.85706 ], [ 88.5354, 21.85673 ], [ 88.53392, 21.85631 ], [ 88.53353, 21.85635 ], [ 88.5322, 21.85604 ], [ 88.52892, 21.85489 ], [ 88.52796, 21.8549 ], [ 88.52719, 21.85533 ], [ 88.52653, 21.8543 ], [ 88.52635, 21.85427 ], [ 88.52373, 21.85518 ], [ 88.52243, 21.8561 ], [ 88.52164, 21.85747 ], [ 88.5203, 21.85866 ], [ 88.52011, 21.85962 ], [ 88.51869, 21.86162 ], [ 88.51745, 21.86194 ], [ 88.51604, 21.86318 ], [ 88.51337, 21.86487 ], [ 88.51345, 21.86565 ], [ 88.51192, 21.86603 ], [ 88.51135, 21.86495 ], [ 88.51105, 21.8649 ], [ 88.51167, 21.86601 ], [ 88.5116, 21.86619 ], [ 88.51003, 21.86683 ], [ 88.50489, 21.86979 ], [ 88.50363, 21.87071 ], [ 88.50256, 21.87181 ], [ 88.50063, 21.87428 ], [ 88.50005, 21.87455 ], [ 88.4993, 21.87526 ], [ 88.49841, 21.87558 ], [ 88.49634, 21.87773 ], [ 88.49636, 21.88115 ], [ 88.49599, 21.88368 ], [ 88.49643, 21.88439 ], [ 88.49645, 21.88476 ], [ 88.496, 21.88575 ], [ 88.49608, 21.88627 ], [ 88.49765, 21.88791 ], [ 88.49829, 21.88836 ], [ 88.50052, 21.89116 ], [ 88.50299, 21.89359 ], [ 88.50332, 21.89434 ], [ 88.50565, 21.89723 ], [ 88.50674, 21.90007 ], [ 88.50703, 21.90122 ], [ 88.50706, 21.90201 ], [ 88.50827, 21.90337 ], [ 88.51027, 21.90501 ], [ 88.51364, 21.90676 ], [ 88.51517, 21.9077 ], [ 88.51885, 21.91042 ], [ 88.52039, 21.90963 ], [ 88.52084, 21.90976 ], [ 88.52336, 21.91352 ], [ 88.52383, 21.91449 ], [ 88.52392, 21.91503 ], [ 88.52483, 21.91657 ], [ 88.5245, 21.91774 ], [ 88.52392, 21.91774 ], [ 88.52453, 21.91995 ], [ 88.52483, 21.92232 ], [ 88.52491, 21.9245 ], [ 88.52582, 21.9304 ], [ 88.52538, 21.934 ], [ 88.52386, 21.94039 ], [ 88.52244, 21.94292 ], [ 88.5218, 21.94369 ], [ 88.5199, 21.94532 ], [ 88.51599, 21.94797 ], [ 88.50974, 21.95157 ] ] ], [ [ [ 88.57618, 21.89502 ], [ 88.57459, 21.89984 ], [ 88.57311, 21.90327 ], [ 88.57313, 21.906 ], [ 88.57335, 21.90653 ], [ 88.5747, 21.90833 ], [ 88.57953, 21.91364 ], [ 88.58085, 21.91536 ], [ 88.58134, 21.91642 ], [ 88.58154, 21.91759 ], [ 88.58132, 21.919 ], [ 88.58139, 21.9194 ], [ 88.58091, 21.91985 ], [ 88.57996, 21.92131 ], [ 88.57963, 21.92265 ], [ 88.57863, 21.92268 ], [ 88.57877, 21.92176 ], [ 88.57955, 21.91915 ], [ 88.58021, 21.91817 ], [ 88.58018, 21.91721 ], [ 88.57993, 21.91665 ], [ 88.57859, 21.91477 ], [ 88.57272, 21.90813 ], [ 88.57213, 21.90749 ], [ 88.57194, 21.90746 ], [ 88.57173, 21.90756 ], [ 88.5696, 21.91038 ], [ 88.56783, 21.91209 ], [ 88.56662, 21.913 ], [ 88.56258, 21.91537 ], [ 88.55916, 21.91676 ], [ 88.55581, 21.91783 ], [ 88.55306, 21.91905 ], [ 88.55138, 21.92025 ], [ 88.55056, 21.92119 ], [ 88.55009, 21.922 ], [ 88.54987, 21.92289 ], [ 88.55008, 21.92509 ], [ 88.55147, 21.93025 ], [ 88.55156, 21.93144 ], [ 88.55155, 21.93515 ], [ 88.55118, 21.93726 ], [ 88.55001, 21.94049 ], [ 88.54941, 21.94159 ], [ 88.54825, 21.94306 ], [ 88.5442, 21.95109 ], [ 88.54309, 21.95481 ], [ 88.54256, 21.95834 ], [ 88.54241, 21.96363 ], [ 88.54263, 21.96602 ], [ 88.54321, 21.96897 ], [ 88.54365, 21.97019 ], [ 88.54443, 21.97145 ], [ 88.54486, 21.97191 ], [ 88.54628, 21.97257 ], [ 88.55323, 21.97332 ], [ 88.55514, 21.97322 ], [ 88.55673, 21.97286 ], [ 88.55768, 21.97246 ], [ 88.55899, 21.97124 ], [ 88.5596, 21.97028 ], [ 88.56066, 21.96765 ], [ 88.56156, 21.96456 ], [ 88.56271, 21.96205 ], [ 88.56415, 21.96037 ], [ 88.56584, 21.95888 ], [ 88.5676, 21.95787 ], [ 88.56882, 21.95766 ], [ 88.57014, 21.95792 ], [ 88.57264, 21.95796 ], [ 88.57543, 21.95882 ], [ 88.57641, 21.95885 ], [ 88.57742, 21.95821 ], [ 88.5815, 21.95622 ], [ 88.58665, 21.95331 ], [ 88.59203, 21.94988 ], [ 88.59402, 21.94788 ], [ 88.59519, 21.94614 ], [ 88.59818, 21.9393 ], [ 88.59966, 21.93696 ], [ 88.60055, 21.93593 ], [ 88.60518, 21.93213 ], [ 88.60644, 21.93079 ], [ 88.60717, 21.93023 ], [ 88.6087, 21.92953 ], [ 88.61005, 21.92744 ], [ 88.61071, 21.92603 ], [ 88.61102, 21.92501 ], [ 88.61104, 21.92373 ], [ 88.61034, 21.92005 ], [ 88.60861, 21.91706 ], [ 88.60714, 21.91488 ], [ 88.60608, 21.91287 ], [ 88.60266, 21.909 ], [ 88.60106, 21.90651 ], [ 88.60035, 21.90574 ], [ 88.6, 21.90559 ], [ 88.59955, 21.90508 ], [ 88.59909, 21.90502 ], [ 88.59889, 21.90469 ], [ 88.59573, 21.9022 ], [ 88.59218, 21.8997 ], [ 88.58895, 21.89775 ], [ 88.58599, 21.89535 ], [ 88.58567, 21.89523 ], [ 88.58392, 21.89362 ], [ 88.58077, 21.89203 ], [ 88.57852, 21.89001 ], [ 88.57726, 21.8925 ], [ 88.57618, 21.89502 ] ] ], [ [ [ 88.58502, 21.98662 ], [ 88.58583, 21.98846 ], [ 88.5866, 21.98904 ], [ 88.58757, 21.98937 ], [ 88.58812, 21.98935 ], [ 88.59051, 21.98814 ], [ 88.59368, 21.98697 ], [ 88.59447, 21.98678 ], [ 88.59519, 21.98689 ], [ 88.59587, 21.98723 ], [ 88.5962, 21.9875 ], [ 88.59683, 21.98925 ], [ 88.59753, 21.98954 ], [ 88.59868, 21.9896 ], [ 88.59954, 21.99035 ], [ 88.60167, 21.99329 ], [ 88.6019, 21.9938 ], [ 88.60226, 21.99597 ], [ 88.60281, 21.99645 ], [ 88.60425, 21.99724 ], [ 88.60518, 21.99835 ], [ 88.60439, 21.99671 ], [ 88.60407, 21.9955 ], [ 88.60375, 21.99511 ], [ 88.60346, 21.99503 ], [ 88.60346, 21.99472 ], [ 88.60369, 21.99455 ], [ 88.60351, 21.994 ], [ 88.60289, 21.99301 ], [ 88.60264, 21.99275 ], [ 88.60229, 21.99267 ], [ 88.60235, 21.99148 ], [ 88.60207, 21.99079 ], [ 88.60192, 21.98943 ], [ 88.60166, 21.9889 ], [ 88.60166, 21.98853 ], [ 88.60127, 21.98816 ], [ 88.60129, 21.98771 ], [ 88.60088, 21.98706 ], [ 88.60079, 21.98595 ], [ 88.60061, 21.98569 ], [ 88.60041, 21.98449 ], [ 88.60009, 21.98426 ], [ 88.59946, 21.9843 ], [ 88.5993, 21.984 ], [ 88.59926, 21.98304 ], [ 88.59968, 21.98235 ], [ 88.59976, 21.98188 ], [ 88.59941, 21.98106 ], [ 88.59937, 21.97915 ], [ 88.5991, 21.9784 ], [ 88.59878, 21.97847 ], [ 88.59864, 21.97821 ], [ 88.59877, 21.97727 ], [ 88.59857, 21.97696 ], [ 88.59863, 21.9765 ], [ 88.59818, 21.97573 ], [ 88.59848, 21.97531 ], [ 88.59836, 21.97504 ], [ 88.59811, 21.97492 ], [ 88.59822, 21.97472 ], [ 88.59815, 21.97391 ], [ 88.59792, 21.97336 ], [ 88.59812, 21.97288 ], [ 88.59777, 21.97144 ], [ 88.59794, 21.97083 ], [ 88.59762, 21.97043 ], [ 88.59788, 21.96979 ], [ 88.59762, 21.96987 ], [ 88.59767, 21.96939 ], [ 88.59742, 21.96933 ], [ 88.59729, 21.9691 ], [ 88.59784, 21.96843 ], [ 88.59793, 21.96762 ], [ 88.59759, 21.9674 ], [ 88.59795, 21.96707 ], [ 88.59797, 21.96683 ], [ 88.59765, 21.96676 ], [ 88.59835, 21.96561 ], [ 88.59848, 21.96462 ], [ 88.59836, 21.96366 ], [ 88.59881, 21.96333 ], [ 88.59886, 21.9628 ], [ 88.5993, 21.96202 ], [ 88.59939, 21.96145 ], [ 88.59994, 21.96016 ], [ 88.60061, 21.95924 ], [ 88.6007, 21.95874 ], [ 88.60173, 21.95755 ], [ 88.60185, 21.95706 ], [ 88.60206, 21.95696 ], [ 88.60256, 21.95533 ], [ 88.60307, 21.95486 ], [ 88.60318, 21.95447 ], [ 88.60303, 21.95388 ], [ 88.60361, 21.95364 ], [ 88.60402, 21.95325 ], [ 88.60465, 21.95224 ], [ 88.60476, 21.95169 ], [ 88.60457, 21.9514 ], [ 88.60526, 21.95104 ], [ 88.60563, 21.95017 ], [ 88.60559, 21.94967 ], [ 88.60578, 21.94949 ], [ 88.60579, 21.94906 ], [ 88.60595, 21.94905 ], [ 88.60659, 21.94795 ], [ 88.60759, 21.94554 ], [ 88.60796, 21.94546 ], [ 88.60811, 21.94503 ], [ 88.60854, 21.94456 ], [ 88.60933, 21.94397 ], [ 88.60934, 21.94363 ], [ 88.61013, 21.94329 ], [ 88.61044, 21.94282 ], [ 88.61037, 21.9424 ], [ 88.61089, 21.94228 ], [ 88.61127, 21.94201 ], [ 88.61251, 21.94061 ], [ 88.61293, 21.93999 ], [ 88.61301, 21.93944 ], [ 88.61351, 21.93914 ], [ 88.61433, 21.93775 ], [ 88.61444, 21.93732 ], [ 88.61466, 21.93731 ], [ 88.6148, 21.93707 ], [ 88.61477, 21.93655 ], [ 88.61414, 21.93481 ], [ 88.61281, 21.93292 ], [ 88.61191, 21.93241 ], [ 88.61048, 21.93201 ], [ 88.60927, 21.93227 ], [ 88.60769, 21.93278 ], [ 88.60636, 21.93338 ], [ 88.60522, 21.93446 ], [ 88.60455, 21.93463 ], [ 88.6038, 21.93458 ], [ 88.60283, 21.9351 ], [ 88.60122, 21.93655 ], [ 88.59988, 21.93838 ], [ 88.5955, 21.9474 ], [ 88.59335, 21.95004 ], [ 88.59016, 21.95221 ], [ 88.58499, 21.95533 ], [ 88.5816, 21.95716 ], [ 88.57798, 21.95869 ], [ 88.57718, 21.95933 ], [ 88.57715, 21.96324 ], [ 88.57545, 21.97456 ], [ 88.57559, 21.97672 ], [ 88.57589, 21.97813 ], [ 88.5772, 21.98067 ], [ 88.57863, 21.98229 ], [ 88.58129, 21.98397 ], [ 88.58364, 21.9851 ], [ 88.58454, 21.98591 ], [ 88.58502, 21.98662 ] ] ], [ [ [ 88.68743, 21.95763 ], [ 88.68692, 21.95745 ], [ 88.68628, 21.95645 ], [ 88.68542, 21.95606 ], [ 88.68488, 21.95532 ], [ 88.68523, 21.95283 ], [ 88.68541, 21.95253 ], [ 88.68434, 21.95188 ], [ 88.68404, 21.95143 ], [ 88.68354, 21.95127 ], [ 88.68321, 21.95068 ], [ 88.68289, 21.95055 ], [ 88.68294, 21.9502 ], [ 88.68254, 21.94905 ], [ 88.6819, 21.94865 ], [ 88.6815, 21.94865 ], [ 88.68134, 21.94785 ], [ 88.68147, 21.94733 ], [ 88.68123, 21.94723 ], [ 88.68119, 21.94704 ], [ 88.68078, 21.94706 ], [ 88.68063, 21.94685 ], [ 88.6807, 21.94656 ], [ 88.68042, 21.94608 ], [ 88.68009, 21.94603 ], [ 88.67983, 21.94532 ], [ 88.67957, 21.94546 ], [ 88.67932, 21.94532 ], [ 88.67903, 21.94538 ], [ 88.67884, 21.94468 ], [ 88.67849, 21.94421 ], [ 88.67815, 21.94404 ], [ 88.67777, 21.94414 ], [ 88.67758, 21.94391 ], [ 88.6775, 21.94411 ], [ 88.67705, 21.9441 ], [ 88.67691, 21.94434 ], [ 88.67614, 21.94434 ], [ 88.67567, 21.94493 ], [ 88.67544, 21.94497 ], [ 88.67537, 21.94517 ], [ 88.67513, 21.94516 ], [ 88.67477, 21.94573 ], [ 88.67437, 21.94584 ], [ 88.67316, 21.94689 ], [ 88.67297, 21.94721 ], [ 88.67186, 21.94777 ], [ 88.67181, 21.94812 ], [ 88.67152, 21.94803 ], [ 88.67147, 21.9483 ], [ 88.67111, 21.94852 ], [ 88.67101, 21.94886 ], [ 88.67041, 21.9489 ], [ 88.66993, 21.94963 ], [ 88.66951, 21.94966 ], [ 88.66923, 21.95025 ], [ 88.66899, 21.95025 ], [ 88.6689, 21.95009 ], [ 88.66875, 21.95042 ], [ 88.66845, 21.95049 ], [ 88.66816, 21.95013 ], [ 88.66796, 21.95011 ], [ 88.66758, 21.9505 ], [ 88.66726, 21.95011 ], [ 88.66694, 21.95065 ], [ 88.66664, 21.95078 ], [ 88.66655, 21.95118 ], [ 88.66621, 21.95119 ], [ 88.66578, 21.95081 ], [ 88.66528, 21.9516 ], [ 88.66513, 21.95159 ], [ 88.66504, 21.95195 ], [ 88.66459, 21.95204 ], [ 88.66456, 21.95226 ], [ 88.66442, 21.95223 ], [ 88.66373, 21.95385 ], [ 88.66296, 21.95396 ], [ 88.66265, 21.95377 ], [ 88.66236, 21.95332 ], [ 88.66218, 21.95382 ], [ 88.66161, 21.95365 ], [ 88.66114, 21.95406 ], [ 88.66088, 21.95401 ], [ 88.66049, 21.95457 ], [ 88.66018, 21.95449 ], [ 88.65961, 21.95471 ], [ 88.65921, 21.95438 ], [ 88.65866, 21.95444 ], [ 88.65855, 21.95435 ], [ 88.65825, 21.9552 ], [ 88.65813, 21.95494 ], [ 88.65791, 21.95522 ], [ 88.65755, 21.95514 ], [ 88.6571, 21.95524 ], [ 88.65691, 21.95545 ], [ 88.65677, 21.95533 ], [ 88.65542, 21.9555 ], [ 88.65516, 21.95571 ], [ 88.65401, 21.95493 ], [ 88.65395, 21.9551 ], [ 88.65377, 21.95502 ], [ 88.65316, 21.95521 ], [ 88.65237, 21.95477 ], [ 88.65212, 21.95491 ], [ 88.65143, 21.95493 ], [ 88.64981, 21.9547 ], [ 88.64946, 21.95495 ], [ 88.64929, 21.95474 ], [ 88.64852, 21.95473 ], [ 88.64832, 21.95476 ], [ 88.64814, 21.95505 ], [ 88.64789, 21.95476 ], [ 88.6474, 21.95468 ], [ 88.64649, 21.95495 ], [ 88.64597, 21.95472 ], [ 88.64526, 21.95482 ], [ 88.64505, 21.95517 ], [ 88.64477, 21.95481 ], [ 88.64401, 21.95488 ], [ 88.64267, 21.95475 ], [ 88.64117, 21.95429 ], [ 88.64072, 21.95381 ], [ 88.63976, 21.95321 ], [ 88.63885, 21.9522 ], [ 88.63801, 21.95178 ], [ 88.63751, 21.95169 ], [ 88.63527, 21.95183 ], [ 88.63458, 21.95205 ], [ 88.63279, 21.95328 ], [ 88.6315, 21.9548 ], [ 88.63147, 21.95531 ], [ 88.63106, 21.95572 ], [ 88.63103, 21.95628 ], [ 88.6298, 21.95822 ], [ 88.62923, 21.95987 ], [ 88.62872, 21.96291 ], [ 88.62853, 21.96552 ], [ 88.62978, 21.97129 ], [ 88.63115, 21.97606 ], [ 88.63143, 21.97788 ], [ 88.63179, 21.98263 ], [ 88.63335, 21.98836 ], [ 88.63489, 21.99577 ], [ 88.63504, 21.99602 ], [ 88.63858, 21.99859 ], [ 88.64088, 22.00009 ], [ 88.64391, 22.00255 ], [ 88.64644, 22.00423 ], [ 88.64774, 22.00455 ], [ 88.6492, 22.00455 ], [ 88.65089, 22.00439 ], [ 88.65165, 22.00418 ], [ 88.65191, 22.00458 ], [ 88.65122, 22.00494 ], [ 88.64862, 22.00534 ], [ 88.64751, 22.00572 ], [ 88.64822, 22.00705 ], [ 88.65286, 22.01341 ], [ 88.65646, 22.01785 ], [ 88.65685, 22.01789 ], [ 88.6576, 22.01761 ], [ 88.66081, 22.01698 ], [ 88.66539, 22.01686 ], [ 88.66669, 22.01695 ], [ 88.66736, 22.01715 ], [ 88.67141, 22.01871 ], [ 88.6718, 22.01859 ], [ 88.67225, 22.01875 ], [ 88.67413, 22.01864 ], [ 88.67485, 22.01841 ], [ 88.67501, 22.01858 ], [ 88.67507, 22.01832 ], [ 88.67544, 22.01836 ], [ 88.67625, 22.01806 ], [ 88.67819, 22.01678 ], [ 88.68163, 22.01515 ], [ 88.68763, 22.01293 ], [ 88.68888, 22.0122 ], [ 88.69001, 22.01219 ], [ 88.69047, 22.01183 ], [ 88.69125, 22.01189 ], [ 88.69116, 22.01145 ], [ 88.69147, 22.01101 ], [ 88.69175, 22.01095 ], [ 88.69209, 22.01108 ], [ 88.69583, 22.00709 ], [ 88.69786, 22.00546 ], [ 88.6997, 22.00434 ], [ 88.70266, 22.00349 ], [ 88.70506, 22.00304 ], [ 88.70764, 22.00182 ], [ 88.71017, 22.00185 ], [ 88.7115, 22.00171 ], [ 88.71471, 22.00112 ], [ 88.715, 22.0009 ], [ 88.71466, 21.99955 ], [ 88.71373, 21.99807 ], [ 88.71353, 21.99809 ], [ 88.7134, 21.99788 ], [ 88.71325, 21.99729 ], [ 88.71267, 21.99635 ], [ 88.71226, 21.99589 ], [ 88.70959, 21.99389 ], [ 88.70334, 21.98786 ], [ 88.70178, 21.98613 ], [ 88.7006, 21.98435 ], [ 88.70032, 21.98381 ], [ 88.70048, 21.98344 ], [ 88.7004, 21.983 ], [ 88.70021, 21.98302 ], [ 88.70014, 21.98252 ], [ 88.69985, 21.98212 ], [ 88.69946, 21.98198 ], [ 88.69957, 21.98129 ], [ 88.69904, 21.98115 ], [ 88.69899, 21.98035 ], [ 88.69875, 21.98017 ], [ 88.69871, 21.97992 ], [ 88.69827, 21.97995 ], [ 88.69842, 21.9797 ], [ 88.69832, 21.9794 ], [ 88.69846, 21.97925 ], [ 88.69817, 21.97881 ], [ 88.69771, 21.97864 ], [ 88.69774, 21.97832 ], [ 88.6972, 21.97812 ], [ 88.69717, 21.97781 ], [ 88.69694, 21.97774 ], [ 88.69695, 21.97749 ], [ 88.69626, 21.97718 ], [ 88.69616, 21.97678 ], [ 88.69568, 21.97629 ], [ 88.69526, 21.97546 ], [ 88.69527, 21.97479 ], [ 88.6947, 21.9747 ], [ 88.69487, 21.97414 ], [ 88.69424, 21.97222 ], [ 88.69418, 21.97136 ], [ 88.69268, 21.9675 ], [ 88.69332, 21.96662 ], [ 88.69381, 21.96552 ], [ 88.69342, 21.96398 ], [ 88.69277, 21.9633 ], [ 88.69253, 21.96228 ], [ 88.6921, 21.96202 ], [ 88.69176, 21.96206 ], [ 88.69158, 21.96226 ], [ 88.6911, 21.96194 ], [ 88.69019, 21.96058 ], [ 88.68922, 21.9598 ], [ 88.68743, 21.95763 ] ] ], [ [ [ 88.86385, 21.55834 ], [ 88.86207, 21.55862 ], [ 88.86032, 21.55917 ], [ 88.85643, 21.55965 ], [ 88.85477, 21.56024 ], [ 88.8542, 21.56021 ], [ 88.8537, 21.55976 ], [ 88.85326, 21.55959 ], [ 88.85172, 21.55985 ], [ 88.85059, 21.56044 ], [ 88.8502, 21.56039 ], [ 88.84988, 21.56012 ], [ 88.84786, 21.56134 ], [ 88.84722, 21.56218 ], [ 88.84658, 21.56253 ], [ 88.84574, 21.56214 ], [ 88.84466, 21.56246 ], [ 88.84455, 21.56347 ], [ 88.84295, 21.56421 ], [ 88.84228, 21.5644 ], [ 88.84183, 21.56435 ], [ 88.84145, 21.56454 ], [ 88.84144, 21.56481 ], [ 88.84226, 21.56532 ], [ 88.84227, 21.5656 ], [ 88.84163, 21.56664 ], [ 88.84048, 21.56764 ], [ 88.8396, 21.56805 ], [ 88.83913, 21.56913 ], [ 88.83873, 21.56939 ], [ 88.8381, 21.56943 ], [ 88.83772, 21.56961 ], [ 88.83726, 21.57047 ], [ 88.83568, 21.57135 ], [ 88.83548, 21.57162 ], [ 88.83519, 21.57214 ], [ 88.83498, 21.57341 ], [ 88.83456, 21.57433 ], [ 88.83337, 21.57504 ], [ 88.83284, 21.57604 ], [ 88.83134, 21.58024 ], [ 88.83116, 21.58182 ], [ 88.83117, 21.58365 ], [ 88.83181, 21.58938 ], [ 88.83214, 21.59835 ], [ 88.83237, 21.5999 ], [ 88.83275, 21.60113 ], [ 88.83353, 21.60274 ], [ 88.83379, 21.60527 ], [ 88.83387, 21.60567 ], [ 88.83409, 21.6058 ], [ 88.83433, 21.6059 ], [ 88.83476, 21.6058 ], [ 88.83658, 21.60412 ], [ 88.83711, 21.60342 ], [ 88.83765, 21.60309 ], [ 88.83952, 21.60264 ], [ 88.83973, 21.6024 ], [ 88.83971, 21.60178 ], [ 88.83994, 21.60107 ], [ 88.84037, 21.60049 ], [ 88.84102, 21.6001 ], [ 88.84344, 21.59945 ], [ 88.84504, 21.59845 ], [ 88.84598, 21.59834 ], [ 88.84678, 21.5985 ], [ 88.84928, 21.59781 ], [ 88.85518, 21.5976 ], [ 88.85727, 21.5972 ], [ 88.85829, 21.59657 ], [ 88.85912, 21.59641 ], [ 88.8605, 21.59579 ], [ 88.86075, 21.59555 ], [ 88.86094, 21.59482 ], [ 88.86111, 21.59467 ], [ 88.8614, 21.59467 ], [ 88.862, 21.59536 ], [ 88.86234, 21.59534 ], [ 88.8632, 21.59482 ], [ 88.86521, 21.5947 ], [ 88.86561, 21.59455 ], [ 88.86715, 21.59319 ], [ 88.86765, 21.59313 ], [ 88.86771, 21.59271 ], [ 88.86807, 21.5926 ], [ 88.86927, 21.59358 ], [ 88.87003, 21.59315 ], [ 88.87067, 21.59252 ], [ 88.87148, 21.5924 ], [ 88.87391, 21.59111 ], [ 88.87491, 21.5899 ], [ 88.87564, 21.58857 ], [ 88.87647, 21.58817 ], [ 88.87747, 21.58737 ], [ 88.87794, 21.58648 ], [ 88.87836, 21.58619 ], [ 88.88011, 21.58574 ], [ 88.88105, 21.58525 ], [ 88.88192, 21.58436 ], [ 88.88333, 21.58233 ], [ 88.88438, 21.58119 ], [ 88.8859, 21.58077 ], [ 88.88668, 21.58021 ], [ 88.88717, 21.58015 ], [ 88.88866, 21.58042 ], [ 88.88944, 21.57924 ], [ 88.89037, 21.57867 ], [ 88.89155, 21.5782 ], [ 88.89314, 21.57695 ], [ 88.89413, 21.57475 ], [ 88.89524, 21.57304 ], [ 88.896, 21.5711 ], [ 88.89686, 21.56952 ], [ 88.89786, 21.56816 ], [ 88.89853, 21.56622 ], [ 88.89842, 21.56474 ], [ 88.89764, 21.56248 ], [ 88.89698, 21.56131 ], [ 88.896, 21.56055 ], [ 88.8947, 21.56004 ], [ 88.89229, 21.55989 ], [ 88.88954, 21.559 ], [ 88.8886, 21.55856 ], [ 88.88821, 21.55797 ], [ 88.88781, 21.55782 ], [ 88.88555, 21.55751 ], [ 88.88228, 21.55754 ], [ 88.88091, 21.5579 ], [ 88.87814, 21.55812 ], [ 88.8749, 21.55892 ], [ 88.87137, 21.55917 ], [ 88.86875, 21.55905 ], [ 88.86786, 21.55881 ], [ 88.86565, 21.55889 ], [ 88.86517, 21.5586 ], [ 88.86507, 21.55774 ], [ 88.86495, 21.55765 ], [ 88.86423, 21.55791 ], [ 88.86385, 21.55834 ] ] ], [ [ [ 88.962, 21.6551 ], [ 88.96163, 21.65198 ], [ 88.96205, 21.64754 ], [ 88.96369, 21.64368 ], [ 88.96449, 21.64265 ], [ 88.96634, 21.64114 ], [ 88.96729, 21.64079 ], [ 88.96888, 21.64048 ], [ 88.97141, 21.64087 ], [ 88.97322, 21.64153 ], [ 88.97601, 21.64296 ], [ 88.97766, 21.64361 ], [ 88.98099, 21.64455 ], [ 88.98225, 21.64472 ], [ 88.98756, 21.64509 ], [ 88.98919, 21.64493 ], [ 88.9905, 21.64451 ], [ 88.99162, 21.64361 ], [ 88.99219, 21.64273 ], [ 88.99265, 21.64151 ], [ 88.99383, 21.63207 ], [ 88.99501, 21.62621 ], [ 88.99443, 21.62405 ], [ 88.99373, 21.62276 ], [ 88.99262, 21.62151 ], [ 88.99246, 21.62009 ], [ 88.9917, 21.61826 ], [ 88.99185, 21.61728 ], [ 88.99172, 21.61697 ], [ 88.99055, 21.61585 ], [ 88.98917, 21.61569 ], [ 88.9886, 21.6154 ], [ 88.98746, 21.61546 ], [ 88.98569, 21.61669 ], [ 88.98351, 21.61696 ], [ 88.98048, 21.61772 ], [ 88.97957, 21.61754 ], [ 88.97787, 21.61842 ], [ 88.97697, 21.6186 ], [ 88.976, 21.61844 ], [ 88.97051, 21.61854 ], [ 88.96398, 21.61911 ], [ 88.96012, 21.61962 ], [ 88.9579, 21.62047 ], [ 88.95672, 21.62116 ], [ 88.95515, 21.6226 ], [ 88.95057, 21.62768 ], [ 88.9494, 21.62941 ], [ 88.94854, 21.63158 ], [ 88.9456, 21.63454 ], [ 88.94174, 21.63978 ], [ 88.9414, 21.64148 ], [ 88.94113, 21.64446 ], [ 88.94071, 21.64529 ], [ 88.94099, 21.64694 ], [ 88.94253, 21.64979 ], [ 88.94624, 21.65964 ], [ 88.9467, 21.66135 ], [ 88.94797, 21.66369 ], [ 88.95102, 21.66839 ], [ 88.95432, 21.67459 ], [ 88.95509, 21.67668 ], [ 88.95533, 21.67686 ], [ 88.95625, 21.67678 ], [ 88.95679, 21.67652 ], [ 88.95751, 21.67567 ], [ 88.95814, 21.67444 ], [ 88.96226, 21.66334 ], [ 88.9627, 21.66167 ], [ 88.96291, 21.65995 ], [ 88.96272, 21.65802 ], [ 88.962, 21.6551 ] ] ], [ [ [ 88.97576, 21.6991 ], [ 88.97804, 21.70193 ], [ 88.97897, 21.70267 ], [ 88.97978, 21.70319 ], [ 88.98481, 21.70509 ], [ 88.98521, 21.70506 ], [ 88.98562, 21.70478 ], [ 88.98905, 21.70094 ], [ 88.9896, 21.69911 ], [ 88.99008, 21.69673 ], [ 88.98961, 21.69298 ], [ 88.98964, 21.69229 ], [ 88.99181, 21.68728 ], [ 88.99182, 21.68573 ], [ 88.99144, 21.68347 ], [ 88.99129, 21.68073 ], [ 88.99198, 21.6778 ], [ 88.99317, 21.67503 ], [ 88.99343, 21.67387 ], [ 88.99343, 21.67212 ], [ 88.99308, 21.67135 ], [ 88.99219, 21.67043 ], [ 88.98977, 21.66886 ], [ 88.98942, 21.66845 ], [ 88.98765, 21.66498 ], [ 88.98711, 21.66279 ], [ 88.98707, 21.66069 ], [ 88.98668, 21.65673 ], [ 88.98703, 21.65433 ], [ 88.98811, 21.65215 ], [ 88.98887, 21.65117 ], [ 88.98968, 21.65049 ], [ 88.99147, 21.64949 ], [ 88.99388, 21.6489 ], [ 88.99721, 21.64884 ], [ 88.99973, 21.64917 ], [ 89.0068, 21.64972 ], [ 89.00996, 21.65037 ], [ 89.01268, 21.65133 ], [ 89.01445, 21.65234 ], [ 89.01775, 21.65462 ], [ 89.01848, 21.65493 ], [ 89.01921, 21.65496 ], [ 89.02024, 21.65465 ], [ 89.02142, 21.65405 ], [ 89.02222, 21.65317 ], [ 89.02238, 21.65225 ], [ 89.02086, 21.64478 ], [ 89.02056, 21.64205 ], [ 89.02063, 21.63965 ], [ 89.02104, 21.63782 ], [ 89.02237, 21.63411 ], [ 89.02439, 21.63014 ], [ 89.02574, 21.62877 ], [ 89.02581, 21.62789 ], [ 89.02606, 21.62763 ], [ 89.02783, 21.6275 ], [ 89.03008, 21.62696 ], [ 89.03233, 21.62589 ], [ 89.03371, 21.62509 ], [ 89.0344, 21.62443 ], [ 89.03463, 21.62376 ], [ 89.03571, 21.61715 ], [ 89.03541, 21.61453 ], [ 89.0344, 21.61378 ], [ 89.03385, 21.6124 ], [ 89.03364, 21.6125 ], [ 89.03399, 21.61344 ], [ 89.03395, 21.61371 ], [ 89.03382, 21.61373 ], [ 89.03265, 21.61271 ], [ 89.03222, 21.61211 ], [ 89.0317, 21.61199 ], [ 89.03135, 21.6123 ], [ 89.03047, 21.61199 ], [ 89.02989, 21.61125 ], [ 89.02782, 21.60993 ], [ 89.02725, 21.60978 ], [ 89.02669, 21.60913 ], [ 89.02614, 21.60878 ], [ 89.02482, 21.6084 ], [ 89.02454, 21.60759 ], [ 89.0238, 21.60733 ], [ 89.02356, 21.6066 ], [ 89.02291, 21.60647 ], [ 89.02238, 21.60597 ], [ 89.02137, 21.60591 ], [ 89.02041, 21.60664 ], [ 89.0193, 21.6068 ], [ 89.01729, 21.60616 ], [ 89.01683, 21.60617 ], [ 89.01627, 21.60641 ], [ 89.01481, 21.60626 ], [ 89.01181, 21.60525 ], [ 89.01117, 21.60532 ], [ 89.00961, 21.60491 ], [ 89.0088, 21.60484 ], [ 89.00557, 21.6053 ], [ 89.00456, 21.60525 ], [ 89.00299, 21.6043 ], [ 89.00153, 21.60398 ], [ 89.00055, 21.60405 ], [ 88.99978, 21.60428 ], [ 88.99939, 21.60485 ], [ 88.99932, 21.61069 ], [ 88.99828, 21.61317 ], [ 88.99844, 21.61504 ], [ 88.99851, 21.62079 ], [ 88.99588, 21.63165 ], [ 88.99548, 21.63503 ], [ 88.99427, 21.64027 ], [ 88.99322, 21.64316 ], [ 88.99285, 21.6438 ], [ 88.99152, 21.64505 ], [ 88.99036, 21.64558 ], [ 88.98821, 21.64595 ], [ 88.98661, 21.64605 ], [ 88.9838, 21.64594 ], [ 88.98088, 21.64564 ], [ 88.97854, 21.64516 ], [ 88.97531, 21.64396 ], [ 88.97182, 21.64215 ], [ 88.97014, 21.64158 ], [ 88.96925, 21.64145 ], [ 88.96706, 21.64178 ], [ 88.96591, 21.6425 ], [ 88.96495, 21.64334 ], [ 88.96392, 21.64499 ], [ 88.96275, 21.64791 ], [ 88.96245, 21.64969 ], [ 88.96235, 21.65194 ], [ 88.96251, 21.65387 ], [ 88.96349, 21.6591 ], [ 88.96317, 21.66238 ], [ 88.95918, 21.67332 ], [ 88.95814, 21.67566 ], [ 88.95722, 21.67694 ], [ 88.95576, 21.67773 ], [ 88.95593, 21.68288 ], [ 88.95575, 21.68655 ], [ 88.95534, 21.68739 ], [ 88.95481, 21.69038 ], [ 88.95398, 21.69317 ], [ 88.95334, 21.69477 ], [ 88.95235, 21.69648 ], [ 88.95203, 21.69794 ], [ 88.95167, 21.69821 ], [ 88.95133, 21.69992 ], [ 88.9514, 21.70074 ], [ 88.95177, 21.7015 ], [ 88.95241, 21.7016 ], [ 88.95714, 21.70092 ], [ 88.9607, 21.70023 ], [ 88.96469, 21.70066 ], [ 88.96631, 21.7005 ], [ 88.96771, 21.69994 ], [ 88.97002, 21.69831 ], [ 88.97159, 21.69757 ], [ 88.97308, 21.69748 ], [ 88.97387, 21.69774 ], [ 88.97459, 21.6981 ], [ 88.97576, 21.6991 ] ] ], [ [ [ 89.01342, 21.65815 ], [ 89.01353, 21.65799 ], [ 89.01337, 21.65742 ], [ 89.01289, 21.65676 ], [ 89.00782, 21.65282 ], [ 89.00661, 21.65237 ], [ 89.00541, 21.65217 ], [ 89.0028, 21.65234 ], [ 89.0038, 21.65381 ], [ 89.00419, 21.65591 ], [ 89.00517, 21.65685 ], [ 89.00614, 21.65742 ], [ 89.00955, 21.65795 ], [ 89.01342, 21.65815 ] ] ], [ [ [ 89.07909, 21.68181 ], [ 89.0797, 21.68064 ], [ 89.07896, 21.67936 ], [ 89.07892, 21.67876 ], [ 89.07953, 21.67795 ], [ 89.08076, 21.67683 ], [ 89.08191, 21.67697 ], [ 89.08505, 21.67866 ], [ 89.08676, 21.67875 ], [ 89.08783, 21.67857 ], [ 89.08817, 21.67827 ], [ 89.08834, 21.67771 ], [ 89.08842, 21.67478 ], [ 89.08795, 21.67101 ], [ 89.08807, 21.66958 ], [ 89.09032, 21.66741 ], [ 89.09162, 21.66588 ], [ 89.09301, 21.66018 ], [ 89.09339, 21.65786 ], [ 89.09336, 21.6553 ], [ 89.09389, 21.65217 ], [ 89.09383, 21.64886 ], [ 89.09332, 21.64648 ], [ 89.09243, 21.64429 ], [ 89.09205, 21.64289 ], [ 89.09228, 21.6407 ], [ 89.09209, 21.63921 ], [ 89.09076, 21.63677 ], [ 89.09026, 21.63621 ], [ 89.08854, 21.6356 ], [ 89.08755, 21.63494 ], [ 89.0859, 21.63351 ], [ 89.08487, 21.63354 ], [ 89.08395, 21.63321 ], [ 89.08367, 21.63295 ], [ 89.08287, 21.63275 ], [ 89.08094, 21.63062 ], [ 89.07981, 21.63022 ], [ 89.07897, 21.62942 ], [ 89.07787, 21.6291 ], [ 89.07678, 21.62772 ], [ 89.0764, 21.62671 ], [ 89.07596, 21.6263 ], [ 89.07494, 21.62616 ], [ 89.07418, 21.62648 ], [ 89.07403, 21.62621 ], [ 89.07339, 21.62608 ], [ 89.07008, 21.62397 ], [ 89.06971, 21.62404 ], [ 89.06899, 21.62473 ], [ 89.06832, 21.62481 ], [ 89.06794, 21.62464 ], [ 89.06696, 21.62375 ], [ 89.06609, 21.6227 ], [ 89.06521, 21.62254 ], [ 89.06368, 21.62261 ], [ 89.06324, 21.62249 ], [ 89.06233, 21.62187 ], [ 89.0612, 21.6216 ], [ 89.06034, 21.62123 ], [ 89.05677, 21.62087 ], [ 89.05631, 21.62095 ], [ 89.05545, 21.62157 ], [ 89.05495, 21.62161 ], [ 89.05441, 21.62209 ], [ 89.05395, 21.62228 ], [ 89.05138, 21.62136 ], [ 89.0511, 21.62147 ], [ 89.05026, 21.62248 ], [ 89.04967, 21.62266 ], [ 89.04874, 21.62332 ], [ 89.04767, 21.62347 ], [ 89.04709, 21.62381 ], [ 89.04334, 21.62743 ], [ 89.04101, 21.62917 ], [ 89.03952, 21.63008 ], [ 89.03883, 21.63101 ], [ 89.0363, 21.63224 ], [ 89.03535, 21.63295 ], [ 89.03452, 21.63404 ], [ 89.03435, 21.63452 ], [ 89.03284, 21.63466 ], [ 89.03259, 21.63455 ], [ 89.03166, 21.63474 ], [ 89.03095, 21.63435 ], [ 89.03055, 21.63436 ], [ 89.02988, 21.63465 ], [ 89.02869, 21.63595 ], [ 89.02835, 21.63705 ], [ 89.02826, 21.63787 ], [ 89.02839, 21.63915 ], [ 89.02816, 21.63988 ], [ 89.028, 21.64166 ], [ 89.02645, 21.64398 ], [ 89.02638, 21.64439 ], [ 89.0264, 21.64492 ], [ 89.02692, 21.64666 ], [ 89.02838, 21.65075 ], [ 89.02849, 21.65179 ], [ 89.02796, 21.65413 ], [ 89.02745, 21.65508 ], [ 89.02671, 21.65602 ], [ 89.02633, 21.65716 ], [ 89.02654, 21.65821 ], [ 89.02567, 21.66003 ], [ 89.02185, 21.66156 ], [ 89.02143, 21.66212 ], [ 89.02119, 21.66281 ], [ 89.02333, 21.66906 ], [ 89.02353, 21.67066 ], [ 89.02364, 21.67537 ], [ 89.02408, 21.67943 ], [ 89.02448, 21.68087 ], [ 89.02554, 21.68328 ], [ 89.0262, 21.68554 ], [ 89.02642, 21.68754 ], [ 89.02628, 21.68903 ], [ 89.02481, 21.69506 ], [ 89.02424, 21.69712 ], [ 89.02348, 21.699 ], [ 89.0227, 21.70003 ], [ 89.0205, 21.70187 ], [ 89.01914, 21.70255 ], [ 89.01741, 21.703 ], [ 89.0145, 21.70344 ], [ 89.01092, 21.70366 ], [ 89.01026, 21.70383 ], [ 89.01003, 21.70409 ], [ 89.00994, 21.7046 ], [ 89.0101, 21.70594 ], [ 89.01079, 21.70727 ], [ 89.01139, 21.70781 ], [ 89.01228, 21.70809 ], [ 89.01535, 21.70772 ], [ 89.01737, 21.70774 ], [ 89.01972, 21.70837 ], [ 89.02095, 21.70913 ], [ 89.02222, 21.71015 ], [ 89.02283, 21.71083 ], [ 89.02299, 21.71123 ], [ 89.02323, 21.71311 ], [ 89.02246, 21.71535 ], [ 89.02281, 21.71594 ], [ 89.02357, 21.71632 ], [ 89.02791, 21.71706 ], [ 89.03039, 21.71778 ], [ 89.03485, 21.71964 ], [ 89.03781, 21.72037 ], [ 89.03954, 21.72061 ], [ 89.04458, 21.72087 ], [ 89.04821, 21.72136 ], [ 89.05815, 21.7217 ], [ 89.0592, 21.72082 ], [ 89.05983, 21.71982 ], [ 89.06049, 21.71915 ], [ 89.06225, 21.71685 ], [ 89.06393, 21.71416 ], [ 89.06764, 21.70572 ], [ 89.06923, 21.70128 ], [ 89.06954, 21.69976 ], [ 89.06965, 21.69805 ], [ 89.0691, 21.69598 ], [ 89.06854, 21.69454 ], [ 89.0677, 21.6908 ], [ 89.06935, 21.68899 ], [ 89.07244, 21.69005 ], [ 89.0734, 21.69001 ], [ 89.07454, 21.68933 ], [ 89.0757, 21.68815 ], [ 89.07749, 21.68419 ], [ 89.07909, 21.68181 ] ] ], [ [ [ 88.97629, 21.72695 ], [ 88.97723, 21.72686 ], [ 88.98015, 21.72588 ], [ 88.9845, 21.72503 ], [ 88.98887, 21.72397 ], [ 88.99178, 21.72282 ], [ 88.99341, 21.7219 ], [ 88.99404, 21.72135 ], [ 88.99581, 21.71874 ], [ 88.99654, 21.71791 ], [ 88.99859, 21.71639 ], [ 89.00005, 21.71566 ], [ 89.00207, 21.71503 ], [ 89.00369, 21.71491 ], [ 89.00532, 21.71519 ], [ 89.01085, 21.71686 ], [ 89.01329, 21.7173 ], [ 89.01449, 21.7173 ], [ 89.01508, 21.71713 ], [ 89.0169, 21.71591 ], [ 89.01916, 21.71396 ], [ 89.01951, 21.7132 ], [ 89.01966, 21.71197 ], [ 89.01941, 21.71148 ], [ 89.01892, 21.71108 ], [ 89.01783, 21.71092 ], [ 89.01477, 21.71111 ], [ 89.01142, 21.71093 ], [ 89.01024, 21.71063 ], [ 89.00851, 21.70965 ], [ 89.0076, 21.70864 ], [ 89.00675, 21.70695 ], [ 89.00641, 21.70531 ], [ 89.00683, 21.70331 ], [ 89.00725, 21.70255 ], [ 89.00799, 21.70179 ], [ 89.00899, 21.70113 ], [ 89.01094, 21.70045 ], [ 89.01449, 21.70009 ], [ 89.01727, 21.69956 ], [ 89.01905, 21.6988 ], [ 89.01967, 21.69822 ], [ 89.02007, 21.69754 ], [ 89.02061, 21.69563 ], [ 89.02195, 21.69312 ], [ 89.02246, 21.69183 ], [ 89.02334, 21.68814 ], [ 89.02326, 21.68658 ], [ 89.0214, 21.68219 ], [ 89.02089, 21.68048 ], [ 89.02052, 21.67828 ], [ 89.02038, 21.67175 ], [ 89.01996, 21.66991 ], [ 89.01892, 21.66681 ], [ 89.01761, 21.66469 ], [ 89.0179, 21.66118 ], [ 89.01614, 21.66049 ], [ 89.01517, 21.65992 ], [ 89.01356, 21.65853 ], [ 89.00918, 21.65823 ], [ 89.00679, 21.65785 ], [ 89.00576, 21.6575 ], [ 89.00424, 21.65644 ], [ 89.004, 21.65604 ], [ 89.00361, 21.65388 ], [ 89.00304, 21.65309 ], [ 89.00222, 21.65238 ], [ 88.99905, 21.65213 ], [ 88.99426, 21.65151 ], [ 88.99248, 21.65165 ], [ 88.99117, 21.65222 ], [ 88.99065, 21.65271 ], [ 88.99021, 21.65363 ], [ 88.99, 21.655 ], [ 88.98995, 21.65855 ], [ 88.98971, 21.66155 ], [ 88.98971, 21.66306 ], [ 88.98992, 21.66415 ], [ 88.99041, 21.6652 ], [ 88.99095, 21.66589 ], [ 88.99176, 21.66678 ], [ 88.994, 21.66864 ], [ 88.99503, 21.6699 ], [ 88.996, 21.67248 ], [ 88.99603, 21.67478 ], [ 88.9951, 21.67773 ], [ 88.99389, 21.68044 ], [ 88.99368, 21.68219 ], [ 88.99387, 21.68415 ], [ 88.99423, 21.68546 ], [ 88.9941, 21.68785 ], [ 88.99256, 21.69139 ], [ 88.9922, 21.69252 ], [ 88.99202, 21.69375 ], [ 88.9921, 21.69525 ], [ 88.99286, 21.69975 ], [ 88.99223, 21.70181 ], [ 88.99123, 21.70402 ], [ 88.99047, 21.70515 ], [ 88.98668, 21.709 ], [ 88.98449, 21.7108 ], [ 88.98105, 21.71317 ], [ 88.97891, 21.71427 ], [ 88.9753, 21.71659 ], [ 88.97117, 21.71997 ], [ 88.97092, 21.72062 ], [ 88.97097, 21.72138 ], [ 88.97134, 21.72201 ], [ 88.97326, 21.72373 ], [ 88.97601, 21.7268 ], [ 88.97629, 21.72695 ] ] ], [ [ [ 88.90777, 21.72851 ], [ 88.91079, 21.72765 ], [ 88.91163, 21.72728 ], [ 88.91239, 21.7268 ], [ 88.91347, 21.7258 ], [ 88.91433, 21.72052 ], [ 88.91522, 21.71761 ], [ 88.91731, 21.71281 ], [ 88.91833, 21.71142 ], [ 88.92127, 21.70805 ], [ 88.92269, 21.70686 ], [ 88.92566, 21.70507 ], [ 88.93014, 21.70293 ], [ 88.93347, 21.70151 ], [ 88.93658, 21.69981 ], [ 88.93768, 21.69875 ], [ 88.93854, 21.69726 ], [ 88.9396, 21.69444 ], [ 88.94057, 21.69133 ], [ 88.94107, 21.68915 ], [ 88.94018, 21.68485 ], [ 88.93903, 21.68155 ], [ 88.93886, 21.67986 ], [ 88.93812, 21.67833 ], [ 88.93692, 21.67462 ], [ 88.93484, 21.66724 ], [ 88.93482, 21.66647 ], [ 88.93432, 21.66628 ], [ 88.9342, 21.66605 ], [ 88.93375, 21.66441 ], [ 88.93214, 21.66055 ], [ 88.93171, 21.6604 ], [ 88.9316, 21.66002 ], [ 88.93125, 21.66004 ], [ 88.93084, 21.65963 ], [ 88.93118, 21.65869 ], [ 88.93107, 21.65858 ], [ 88.9304, 21.65856 ], [ 88.93032, 21.65831 ], [ 88.93053, 21.65767 ], [ 88.93016, 21.65722 ], [ 88.93003, 21.65664 ], [ 88.92919, 21.65625 ], [ 88.92818, 21.65552 ], [ 88.92807, 21.65508 ], [ 88.92826, 21.65442 ], [ 88.92847, 21.65419 ], [ 88.92842, 21.65395 ], [ 88.92822, 21.65362 ], [ 88.92805, 21.65359 ], [ 88.92767, 21.65391 ], [ 88.92742, 21.65382 ], [ 88.9278, 21.65306 ], [ 88.92766, 21.65292 ], [ 88.92718, 21.65319 ], [ 88.92709, 21.65304 ], [ 88.92737, 21.65199 ], [ 88.92647, 21.65064 ], [ 88.92644, 21.64986 ], [ 88.92559, 21.64978 ], [ 88.92516, 21.64914 ], [ 88.92545, 21.64865 ], [ 88.92535, 21.64788 ], [ 88.92512, 21.64752 ], [ 88.92462, 21.6472 ], [ 88.92494, 21.64591 ], [ 88.92453, 21.6458 ], [ 88.9247, 21.64557 ], [ 88.92438, 21.64546 ], [ 88.92467, 21.6444 ], [ 88.92425, 21.64416 ], [ 88.92444, 21.64352 ], [ 88.92412, 21.64329 ], [ 88.9238, 21.64329 ], [ 88.92367, 21.64312 ], [ 88.92399, 21.64256 ], [ 88.92395, 21.6416 ], [ 88.92347, 21.64152 ], [ 88.92318, 21.64104 ], [ 88.92348, 21.64009 ], [ 88.92322, 21.63975 ], [ 88.92362, 21.63926 ], [ 88.92332, 21.63902 ], [ 88.92323, 21.6387 ], [ 88.92262, 21.63831 ], [ 88.92292, 21.63774 ], [ 88.92187, 21.63685 ], [ 88.92169, 21.6364 ], [ 88.9218, 21.6357 ], [ 88.92052, 21.63466 ], [ 88.91944, 21.63501 ], [ 88.91885, 21.6347 ], [ 88.91862, 21.63472 ], [ 88.91809, 21.63712 ], [ 88.91758, 21.63755 ], [ 88.91646, 21.63793 ], [ 88.91596, 21.63791 ], [ 88.91416, 21.63876 ], [ 88.91407, 21.63954 ], [ 88.91352, 21.64011 ], [ 88.91339, 21.64108 ], [ 88.91302, 21.64147 ], [ 88.91253, 21.64167 ], [ 88.91196, 21.64162 ], [ 88.91169, 21.64213 ], [ 88.91058, 21.64247 ], [ 88.91019, 21.64292 ], [ 88.90952, 21.64301 ], [ 88.9092, 21.64376 ], [ 88.90939, 21.64429 ], [ 88.90935, 21.64467 ], [ 88.90896, 21.64529 ], [ 88.90816, 21.64604 ], [ 88.90782, 21.6461 ], [ 88.90748, 21.6467 ], [ 88.9066, 21.64661 ], [ 88.90646, 21.64672 ], [ 88.90677, 21.6479 ], [ 88.90633, 21.64817 ], [ 88.9063, 21.64879 ], [ 88.90595, 21.64935 ], [ 88.90497, 21.64994 ], [ 88.9046, 21.6504 ], [ 88.90395, 21.65082 ], [ 88.90341, 21.65139 ], [ 88.90327, 21.65173 ], [ 88.90248, 21.65216 ], [ 88.90154, 21.65306 ], [ 88.90132, 21.65372 ], [ 88.90076, 21.65372 ], [ 88.89967, 21.65416 ], [ 88.89914, 21.65412 ], [ 88.89893, 21.65399 ], [ 88.89886, 21.65353 ], [ 88.89783, 21.65306 ], [ 88.89682, 21.65335 ], [ 88.89627, 21.65328 ], [ 88.89575, 21.6536 ], [ 88.89505, 21.65371 ], [ 88.89442, 21.65434 ], [ 88.89435, 21.65521 ], [ 88.89179, 21.65652 ], [ 88.88926, 21.65746 ], [ 88.88749, 21.65906 ], [ 88.88684, 21.66055 ], [ 88.8869, 21.66097 ], [ 88.88666, 21.66116 ], [ 88.8865, 21.66189 ], [ 88.88659, 21.6626 ], [ 88.88585, 21.66459 ], [ 88.886, 21.66592 ], [ 88.88657, 21.66722 ], [ 88.88642, 21.66854 ], [ 88.88664, 21.66928 ], [ 88.88705, 21.66957 ], [ 88.88722, 21.66998 ], [ 88.887, 21.67047 ], [ 88.8861, 21.67081 ], [ 88.88638, 21.6713 ], [ 88.88626, 21.67213 ], [ 88.88593, 21.6724 ], [ 88.88552, 21.67249 ], [ 88.88547, 21.67345 ], [ 88.8856, 21.67369 ], [ 88.88588, 21.67378 ], [ 88.8861, 21.67471 ], [ 88.88535, 21.67558 ], [ 88.88489, 21.67586 ], [ 88.88487, 21.67636 ], [ 88.88466, 21.67673 ], [ 88.88476, 21.67705 ], [ 88.8845, 21.67768 ], [ 88.88485, 21.67868 ], [ 88.8846, 21.67878 ], [ 88.88437, 21.67952 ], [ 88.88385, 21.67981 ], [ 88.88387, 21.68105 ], [ 88.88317, 21.68139 ], [ 88.88342, 21.68179 ], [ 88.8834, 21.68209 ], [ 88.8826, 21.68263 ], [ 88.88288, 21.68283 ], [ 88.88269, 21.6833 ], [ 88.88211, 21.68343 ], [ 88.88232, 21.6841 ], [ 88.88223, 21.68434 ], [ 88.88135, 21.68508 ], [ 88.8814, 21.68551 ], [ 88.88086, 21.68617 ], [ 88.8805, 21.68775 ], [ 88.87879, 21.68914 ], [ 88.87866, 21.68944 ], [ 88.87891, 21.68991 ], [ 88.87953, 21.69001 ], [ 88.88071, 21.68993 ], [ 88.88324, 21.68909 ], [ 88.88502, 21.68812 ], [ 88.88989, 21.68435 ], [ 88.89081, 21.68403 ], [ 88.89132, 21.6841 ], [ 88.89152, 21.68469 ], [ 88.89131, 21.68569 ], [ 88.88969, 21.69017 ], [ 88.88783, 21.69465 ], [ 88.88645, 21.69729 ], [ 88.88595, 21.69984 ], [ 88.88607, 21.70024 ], [ 88.8865, 21.70058 ], [ 88.88688, 21.70054 ], [ 88.88825, 21.69941 ], [ 88.88886, 21.69919 ], [ 88.88875, 21.69965 ], [ 88.88733, 21.7009 ], [ 88.88677, 21.70109 ], [ 88.8858, 21.70083 ], [ 88.8854, 21.70009 ], [ 88.88568, 21.69755 ], [ 88.88699, 21.69503 ], [ 88.88904, 21.69026 ], [ 88.89071, 21.6858 ], [ 88.89082, 21.68533 ], [ 88.89052, 21.68503 ], [ 88.88998, 21.68513 ], [ 88.88572, 21.68843 ], [ 88.88297, 21.69007 ], [ 88.88154, 21.69049 ], [ 88.87961, 21.6907 ], [ 88.87802, 21.69069 ], [ 88.87763, 21.6905 ], [ 88.87741, 21.68948 ], [ 88.8763, 21.6908 ], [ 88.87622, 21.69102 ], [ 88.87646, 21.69128 ], [ 88.87645, 21.69159 ], [ 88.8761, 21.69175 ], [ 88.87596, 21.69203 ], [ 88.8757, 21.69208 ], [ 88.87554, 21.69283 ], [ 88.87497, 21.69366 ], [ 88.87458, 21.69385 ], [ 88.87441, 21.6943 ], [ 88.87401, 21.69429 ], [ 88.87377, 21.69445 ], [ 88.87387, 21.69593 ], [ 88.87356, 21.6964 ], [ 88.87354, 21.6972 ], [ 88.87324, 21.69814 ], [ 88.87308, 21.69955 ], [ 88.87314, 21.70062 ], [ 88.87243, 21.70549 ], [ 88.87227, 21.71039 ], [ 88.8724, 21.71207 ], [ 88.873, 21.71456 ], [ 88.87344, 21.71877 ], [ 88.87334, 21.71965 ], [ 88.87372, 21.72054 ], [ 88.87473, 21.72213 ], [ 88.87851, 21.72986 ], [ 88.87856, 21.73057 ], [ 88.8784, 21.73082 ], [ 88.87913, 21.73265 ], [ 88.87973, 21.73499 ], [ 88.87973, 21.7359 ], [ 88.88066, 21.73744 ], [ 88.88085, 21.73838 ], [ 88.88082, 21.73948 ], [ 88.88122, 21.74068 ], [ 88.88121, 21.74121 ], [ 88.88103, 21.74159 ], [ 88.88117, 21.74229 ], [ 88.8823, 21.74493 ], [ 88.88288, 21.74502 ], [ 88.88421, 21.74463 ], [ 88.88577, 21.74387 ], [ 88.89604, 21.73747 ], [ 88.89766, 21.7364 ], [ 88.90534, 21.72965 ], [ 88.90777, 21.72851 ] ] ], [ [ [ 88.78255, 21.72662 ], [ 88.78155, 21.72883 ], [ 88.78031, 21.73001 ], [ 88.78034, 21.7307 ], [ 88.7806, 21.73096 ], [ 88.78258, 21.73174 ], [ 88.79037, 21.73401 ], [ 88.79201, 21.73472 ], [ 88.79264, 21.73518 ], [ 88.79317, 21.73588 ], [ 88.7933, 21.73693 ], [ 88.79312, 21.73757 ], [ 88.79275, 21.73813 ], [ 88.79199, 21.73881 ], [ 88.79047, 21.73936 ], [ 88.78826, 21.73969 ], [ 88.78738, 21.74042 ], [ 88.78705, 21.74101 ], [ 88.7875, 21.74168 ], [ 88.78913, 21.74313 ], [ 88.79023, 21.74471 ], [ 88.79112, 21.74696 ], [ 88.79093, 21.74799 ], [ 88.79117, 21.74832 ], [ 88.79111, 21.74883 ], [ 88.79432, 21.74758 ], [ 88.79701, 21.74703 ], [ 88.79918, 21.74695 ], [ 88.80127, 21.74698 ], [ 88.80554, 21.74744 ], [ 88.80749, 21.74791 ], [ 88.81031, 21.74903 ], [ 88.81272, 21.75017 ], [ 88.81494, 21.75174 ], [ 88.81638, 21.7529 ], [ 88.82125, 21.75753 ], [ 88.82281, 21.75938 ], [ 88.82422, 21.7607 ], [ 88.82861, 21.7639 ], [ 88.83125, 21.76541 ], [ 88.83196, 21.76553 ], [ 88.83357, 21.76535 ], [ 88.83648, 21.76437 ], [ 88.8385, 21.76398 ], [ 88.84139, 21.76369 ], [ 88.84496, 21.76286 ], [ 88.85189, 21.76171 ], [ 88.85369, 21.76122 ], [ 88.85661, 21.76082 ], [ 88.85718, 21.76096 ], [ 88.86006, 21.76074 ], [ 88.8637, 21.75978 ], [ 88.86426, 21.75924 ], [ 88.8645, 21.75815 ], [ 88.8645, 21.7564 ], [ 88.86408, 21.75396 ], [ 88.86346, 21.75203 ], [ 88.86294, 21.75095 ], [ 88.86249, 21.7503 ], [ 88.86138, 21.74924 ], [ 88.85604, 21.74624 ], [ 88.8523, 21.7426 ], [ 88.85065, 21.7407 ], [ 88.84574, 21.73191 ], [ 88.84367, 21.72649 ], [ 88.84309, 21.72444 ], [ 88.84036, 21.71885 ], [ 88.83985, 21.71691 ], [ 88.83912, 21.71602 ], [ 88.83916, 21.7152 ], [ 88.83899, 21.71469 ], [ 88.83915, 21.71313 ], [ 88.83893, 21.7128 ], [ 88.83921, 21.71218 ], [ 88.83866, 21.70415 ], [ 88.83901, 21.7032 ], [ 88.83885, 21.6996 ], [ 88.8394, 21.69842 ], [ 88.83907, 21.69795 ], [ 88.84024, 21.68977 ], [ 88.83996, 21.68902 ], [ 88.84024, 21.68871 ], [ 88.84135, 21.6842 ], [ 88.84129, 21.68378 ], [ 88.84154, 21.68305 ], [ 88.84176, 21.68154 ], [ 88.84175, 21.68021 ], [ 88.84186, 21.67982 ], [ 88.84247, 21.67934 ], [ 88.84273, 21.67881 ], [ 88.84302, 21.67744 ], [ 88.84377, 21.67658 ], [ 88.84397, 21.67595 ], [ 88.84403, 21.67469 ], [ 88.84538, 21.67261 ], [ 88.84533, 21.67225 ], [ 88.84605, 21.67112 ], [ 88.84653, 21.66989 ], [ 88.84651, 21.66941 ], [ 88.84689, 21.66908 ], [ 88.84718, 21.66826 ], [ 88.84711, 21.66784 ], [ 88.84749, 21.66754 ], [ 88.84809, 21.66646 ], [ 88.84821, 21.6659 ], [ 88.84874, 21.66556 ], [ 88.84881, 21.6651 ], [ 88.84933, 21.66429 ], [ 88.84913, 21.66397 ], [ 88.84918, 21.66379 ], [ 88.8497, 21.66351 ], [ 88.84964, 21.66286 ], [ 88.84982, 21.66259 ], [ 88.85019, 21.6624 ], [ 88.85054, 21.66178 ], [ 88.85073, 21.66134 ], [ 88.85082, 21.66045 ], [ 88.85139, 21.65994 ], [ 88.85168, 21.65876 ], [ 88.8524, 21.65823 ], [ 88.85271, 21.65721 ], [ 88.8534, 21.65608 ], [ 88.85455, 21.65291 ], [ 88.85525, 21.6514 ], [ 88.8556, 21.65026 ], [ 88.85556, 21.64965 ], [ 88.85622, 21.64854 ], [ 88.85817, 21.64377 ], [ 88.85852, 21.6422 ], [ 88.85885, 21.6415 ], [ 88.85851, 21.63983 ], [ 88.85798, 21.63868 ], [ 88.85682, 21.63805 ], [ 88.85389, 21.63471 ], [ 88.85216, 21.63331 ], [ 88.85136, 21.63287 ], [ 88.84956, 21.63089 ], [ 88.84786, 21.62934 ], [ 88.84441, 21.6275 ], [ 88.84369, 21.62739 ], [ 88.84296, 21.62822 ], [ 88.84281, 21.63108 ], [ 88.84389, 21.63641 ], [ 88.84448, 21.64053 ], [ 88.8441, 21.64232 ], [ 88.84315, 21.64434 ], [ 88.84154, 21.6463 ], [ 88.8393, 21.64777 ], [ 88.83608, 21.64927 ], [ 88.83287, 21.65001 ], [ 88.83191, 21.65043 ], [ 88.83079, 21.65119 ], [ 88.83057, 21.65166 ], [ 88.83064, 21.65223 ], [ 88.83167, 21.65431 ], [ 88.83299, 21.65637 ], [ 88.83285, 21.65717 ], [ 88.83204, 21.6568 ], [ 88.83022, 21.65379 ], [ 88.82975, 21.65281 ], [ 88.82947, 21.65153 ], [ 88.82842, 21.65065 ], [ 88.82794, 21.65 ], [ 88.82784, 21.64948 ], [ 88.8301, 21.64446 ], [ 88.83039, 21.643 ], [ 88.83114, 21.64106 ], [ 88.83133, 21.64073 ], [ 88.83172, 21.64047 ], [ 88.83193, 21.64081 ], [ 88.83116, 21.64319 ], [ 88.83084, 21.64513 ], [ 88.83029, 21.64659 ], [ 88.82948, 21.64795 ], [ 88.82914, 21.6489 ], [ 88.82917, 21.64985 ], [ 88.82953, 21.65012 ], [ 88.82986, 21.65017 ], [ 88.83263, 21.64862 ], [ 88.83435, 21.64796 ], [ 88.83757, 21.64716 ], [ 88.83856, 21.64668 ], [ 88.83937, 21.64612 ], [ 88.84119, 21.64433 ], [ 88.8419, 21.64315 ], [ 88.84252, 21.64128 ], [ 88.84256, 21.63863 ], [ 88.84141, 21.63409 ], [ 88.84117, 21.63247 ], [ 88.841, 21.63088 ], [ 88.84115, 21.62832 ], [ 88.84104, 21.6278 ], [ 88.84146, 21.62684 ], [ 88.84233, 21.62584 ], [ 88.84252, 21.62477 ], [ 88.84415, 21.62357 ], [ 88.84426, 21.62299 ], [ 88.8439, 21.6219 ], [ 88.84271, 21.6222 ], [ 88.8414, 21.62203 ], [ 88.84067, 21.623 ], [ 88.83969, 21.62321 ], [ 88.83942, 21.62379 ], [ 88.83878, 21.62419 ], [ 88.83792, 21.62368 ], [ 88.8376, 21.62378 ], [ 88.83776, 21.62419 ], [ 88.83765, 21.62429 ], [ 88.8366, 21.62386 ], [ 88.83683, 21.62433 ], [ 88.83665, 21.62507 ], [ 88.83621, 21.62511 ], [ 88.83599, 21.62532 ], [ 88.8358, 21.62537 ], [ 88.83553, 21.6251 ], [ 88.83529, 21.62452 ], [ 88.83497, 21.62423 ], [ 88.83469, 21.62444 ], [ 88.83461, 21.62472 ], [ 88.83422, 21.62455 ], [ 88.83292, 21.62451 ], [ 88.83298, 21.62504 ], [ 88.83273, 21.62534 ], [ 88.83231, 21.62553 ], [ 88.83171, 21.62553 ], [ 88.83142, 21.62596 ], [ 88.83045, 21.62619 ], [ 88.82968, 21.62596 ], [ 88.8287, 21.62695 ], [ 88.82892, 21.62802 ], [ 88.82877, 21.62862 ], [ 88.82849, 21.62892 ], [ 88.82747, 21.62888 ], [ 88.82695, 21.62916 ], [ 88.82646, 21.6291 ], [ 88.82614, 21.62923 ], [ 88.8259, 21.62965 ], [ 88.82564, 21.62961 ], [ 88.8254, 21.63055 ], [ 88.82502, 21.63038 ], [ 88.82382, 21.62909 ], [ 88.82323, 21.62908 ], [ 88.82291, 21.62856 ], [ 88.82218, 21.62851 ], [ 88.82186, 21.62899 ], [ 88.8211, 21.629 ], [ 88.82086, 21.62978 ], [ 88.82022, 21.63001 ], [ 88.8201, 21.6307 ], [ 88.81952, 21.63127 ], [ 88.81925, 21.6313 ], [ 88.81917, 21.63108 ], [ 88.81889, 21.631 ], [ 88.81836, 21.63135 ], [ 88.81652, 21.63083 ], [ 88.81644, 21.63113 ], [ 88.81616, 21.63121 ], [ 88.81533, 21.63239 ], [ 88.81534, 21.63283 ], [ 88.81401, 21.63423 ], [ 88.81366, 21.63484 ], [ 88.81351, 21.63554 ], [ 88.81312, 21.63571 ], [ 88.81294, 21.63642 ], [ 88.81347, 21.63688 ], [ 88.8133, 21.63732 ], [ 88.81268, 21.63792 ], [ 88.81239, 21.63891 ], [ 88.81219, 21.63905 ], [ 88.81171, 21.63885 ], [ 88.81141, 21.63891 ], [ 88.81038, 21.64095 ], [ 88.81695, 21.65109 ], [ 88.8185, 21.65316 ], [ 88.81905, 21.65348 ], [ 88.81872, 21.65396 ], [ 88.81935, 21.6548 ], [ 88.81975, 21.656 ], [ 88.82098, 21.65707 ], [ 88.82109, 21.65763 ], [ 88.82093, 21.65804 ], [ 88.82176, 21.65881 ], [ 88.82202, 21.65924 ], [ 88.82206, 21.65968 ], [ 88.82159, 21.66 ], [ 88.82158, 21.66028 ], [ 88.82215, 21.66069 ], [ 88.82279, 21.66359 ], [ 88.82374, 21.66519 ], [ 88.82382, 21.66626 ], [ 88.82324, 21.6666 ], [ 88.82325, 21.66726 ], [ 88.82404, 21.66811 ], [ 88.82375, 21.66831 ], [ 88.82312, 21.67136 ], [ 88.8233, 21.67175 ], [ 88.82388, 21.67224 ], [ 88.82397, 21.67261 ], [ 88.82364, 21.67267 ], [ 88.82304, 21.6725 ], [ 88.82283, 21.67276 ], [ 88.82274, 21.67328 ], [ 88.82312, 21.6739 ], [ 88.82339, 21.67481 ], [ 88.82294, 21.67519 ], [ 88.82247, 21.67524 ], [ 88.82175, 21.67655 ], [ 88.82153, 21.67775 ], [ 88.82172, 21.67846 ], [ 88.82129, 21.67832 ], [ 88.82116, 21.6784 ], [ 88.82108, 21.67962 ], [ 88.82071, 21.67967 ], [ 88.8203, 21.68049 ], [ 88.81916, 21.68453 ], [ 88.81878, 21.68661 ], [ 88.81883, 21.69128 ], [ 88.81944, 21.69502 ], [ 88.81994, 21.6993 ], [ 88.8198, 21.69954 ], [ 88.82018, 21.70075 ], [ 88.82011, 21.70171 ], [ 88.81951, 21.70412 ], [ 88.81796, 21.70701 ], [ 88.81599, 21.70954 ], [ 88.81336, 21.71159 ], [ 88.80917, 21.71441 ], [ 88.80622, 21.71545 ], [ 88.80612, 21.71559 ], [ 88.80638, 21.71582 ], [ 88.80819, 21.71638 ], [ 88.81072, 21.71761 ], [ 88.81247, 21.71908 ], [ 88.81253, 21.71999 ], [ 88.81155, 21.7197 ], [ 88.80968, 21.71828 ], [ 88.80865, 21.71776 ], [ 88.80629, 21.71699 ], [ 88.79746, 21.71598 ], [ 88.79378, 21.71506 ], [ 88.78919, 21.71312 ], [ 88.78389, 21.71061 ], [ 88.78318, 21.7106 ], [ 88.78152, 21.71138 ], [ 88.78086, 21.71201 ], [ 88.78049, 21.71272 ], [ 88.78062, 21.71371 ], [ 88.78215, 21.71662 ], [ 88.78314, 21.71945 ], [ 88.78329, 21.72046 ], [ 88.78334, 21.72264 ], [ 88.78255, 21.72662 ] ] ], [ [ [ 88.94739, 21.75675 ], [ 88.95293, 21.75436 ], [ 88.95487, 21.7538 ], [ 88.95952, 21.75334 ], [ 88.96263, 21.75272 ], [ 88.96381, 21.75216 ], [ 88.96455, 21.75145 ], [ 88.96499, 21.75027 ], [ 88.96432, 21.74378 ], [ 88.96473, 21.74222 ], [ 88.96531, 21.74119 ], [ 88.96678, 21.73962 ], [ 88.96834, 21.73889 ], [ 88.97031, 21.73883 ], [ 88.9714, 21.73897 ], [ 88.97248, 21.73922 ], [ 88.97408, 21.73987 ], [ 88.97947, 21.74358 ], [ 88.98291, 21.74546 ], [ 88.98405, 21.74591 ], [ 88.98482, 21.74603 ], [ 88.9855, 21.7459 ], [ 88.98638, 21.74548 ], [ 88.98742, 21.74436 ], [ 88.98778, 21.74319 ], [ 88.98777, 21.74252 ], [ 88.98751, 21.74178 ], [ 88.98647, 21.7403 ], [ 88.98554, 21.73939 ], [ 88.98374, 21.73792 ], [ 88.97872, 21.73501 ], [ 88.9771, 21.73474 ], [ 88.97655, 21.73419 ], [ 88.97595, 21.73326 ], [ 88.97611, 21.73249 ], [ 88.97558, 21.73199 ], [ 88.9739, 21.72924 ], [ 88.97181, 21.72693 ], [ 88.96977, 21.7242 ], [ 88.96914, 21.72292 ], [ 88.96878, 21.72175 ], [ 88.96874, 21.72067 ], [ 88.96921, 21.71893 ], [ 88.9697, 21.71787 ], [ 88.97154, 21.71568 ], [ 88.97337, 21.71398 ], [ 88.9751, 21.71277 ], [ 88.98041, 21.70951 ], [ 88.98213, 21.70824 ], [ 88.98335, 21.70654 ], [ 88.9831, 21.70593 ], [ 88.9803, 21.70491 ], [ 88.97863, 21.70409 ], [ 88.97667, 21.70278 ], [ 88.97442, 21.69973 ], [ 88.97343, 21.69888 ], [ 88.97217, 21.69859 ], [ 88.96859, 21.70099 ], [ 88.96708, 21.70163 ], [ 88.96215, 21.70198 ], [ 88.96151, 21.70169 ], [ 88.96086, 21.7017 ], [ 88.95597, 21.70269 ], [ 88.95423, 21.70283 ], [ 88.95125, 21.70333 ], [ 88.94968, 21.70293 ], [ 88.94735, 21.70561 ], [ 88.94473, 21.70756 ], [ 88.93911, 21.71104 ], [ 88.93741, 21.71194 ], [ 88.93646, 21.71254 ], [ 88.93519, 21.71368 ], [ 88.93459, 21.71386 ], [ 88.93114, 21.71557 ], [ 88.92318, 21.72002 ], [ 88.92307, 21.72018 ], [ 88.92299, 21.72056 ], [ 88.92314, 21.721 ], [ 88.92526, 21.72415 ], [ 88.9283, 21.73056 ], [ 88.92852, 21.73178 ], [ 88.92845, 21.73328 ], [ 88.92903, 21.73592 ], [ 88.92922, 21.73836 ], [ 88.92825, 21.74523 ], [ 88.92613, 21.75578 ], [ 88.92568, 21.75686 ], [ 88.9248, 21.75817 ], [ 88.92228, 21.76101 ], [ 88.92249, 21.76167 ], [ 88.92278, 21.76196 ], [ 88.92333, 21.76203 ], [ 88.93219, 21.76129 ], [ 88.93561, 21.76038 ], [ 88.94202, 21.75812 ], [ 88.94739, 21.75675 ] ] ], [ [ [ 89.0301, 21.73432 ], [ 89.03165, 21.73646 ], [ 89.03491, 21.73925 ], [ 89.03682, 21.73988 ], [ 89.03824, 21.73967 ], [ 89.03932, 21.73984 ], [ 89.04003, 21.7396 ], [ 89.04097, 21.73895 ], [ 89.04123, 21.73856 ], [ 89.04292, 21.73745 ], [ 89.04348, 21.73682 ], [ 89.04366, 21.73638 ], [ 89.04497, 21.73518 ], [ 89.04628, 21.73455 ], [ 89.04759, 21.73363 ], [ 89.05015, 21.73233 ], [ 89.0505, 21.73187 ], [ 89.05515, 21.72892 ], [ 89.05589, 21.72673 ], [ 89.05564, 21.72462 ], [ 89.0554, 21.72441 ], [ 89.05464, 21.72444 ], [ 89.05397, 21.72413 ], [ 89.05275, 21.72419 ], [ 89.0522, 21.72395 ], [ 89.04862, 21.7235 ], [ 89.04208, 21.72294 ], [ 89.03902, 21.72288 ], [ 89.036, 21.72216 ], [ 89.03213, 21.72145 ], [ 89.03181, 21.72193 ], [ 89.03086, 21.7225 ], [ 89.03056, 21.72294 ], [ 89.0297, 21.72466 ], [ 89.02918, 21.72624 ], [ 89.02899, 21.72911 ], [ 89.02922, 21.73119 ], [ 89.0301, 21.73432 ] ] ], [ [ [ 89.02408, 21.75646 ], [ 89.02508, 21.75611 ], [ 89.02604, 21.75518 ], [ 89.03071, 21.74902 ], [ 89.03148, 21.74828 ], [ 89.03228, 21.7472 ], [ 89.03407, 21.74548 ], [ 89.03758, 21.74133 ], [ 89.03696, 21.74094 ], [ 89.03395, 21.73996 ], [ 89.03003, 21.73626 ], [ 89.029, 21.73456 ], [ 89.02838, 21.73247 ], [ 89.02797, 21.72988 ], [ 89.02797, 21.72757 ], [ 89.02853, 21.72484 ], [ 89.0291, 21.72333 ], [ 89.03037, 21.7213 ], [ 89.03037, 21.72083 ], [ 89.03008, 21.72059 ], [ 89.02898, 21.7202 ], [ 89.02252, 21.71838 ], [ 89.02189, 21.71809 ], [ 89.02056, 21.71713 ], [ 89.0181, 21.7183 ], [ 89.01739, 21.71898 ], [ 89.01711, 21.71992 ], [ 89.01788, 21.72676 ], [ 89.01771, 21.72942 ], [ 89.01707, 21.73164 ], [ 89.01639, 21.73299 ], [ 89.01454, 21.73529 ], [ 89.00866, 21.74073 ], [ 89.00668, 21.74274 ], [ 89.00481, 21.74497 ], [ 89.00248, 21.74822 ], [ 89.00149, 21.75089 ], [ 89.00117, 21.75322 ], [ 89.0009, 21.7572 ], [ 88.99973, 21.76265 ], [ 88.99976, 21.76374 ], [ 89.00089, 21.76455 ], [ 89.0072, 21.76477 ], [ 89.01229, 21.76472 ], [ 89.01453, 21.7641 ], [ 89.01591, 21.7634 ], [ 89.01722, 21.76236 ], [ 89.0208, 21.75834 ], [ 89.02195, 21.75734 ], [ 89.0233, 21.75657 ], [ 89.02408, 21.75646 ] ] ], [ [ [ 89.00897, 21.77689 ], [ 89.00153, 21.77401 ], [ 88.99958, 21.77307 ], [ 88.99802, 21.77207 ], [ 88.997, 21.77091 ], [ 88.99639, 21.76949 ], [ 88.99613, 21.76751 ], [ 88.99622, 21.76533 ], [ 88.99755, 21.76015 ], [ 88.99855, 21.75341 ], [ 88.99943, 21.74938 ], [ 89.0, 21.74762 ], [ 89.00097, 21.74542 ], [ 89.00218, 21.74367 ], [ 89.00449, 21.74092 ], [ 89.01215, 21.73373 ], [ 89.01335, 21.73219 ], [ 89.0142, 21.72979 ], [ 89.01464, 21.72778 ], [ 89.01486, 21.72539 ], [ 89.01466, 21.72187 ], [ 89.01492, 21.71861 ], [ 89.01089, 21.71822 ], [ 89.00866, 21.7178 ], [ 89.00541, 21.71633 ], [ 89.00428, 21.71599 ], [ 89.00301, 21.71594 ], [ 89.00141, 21.71649 ], [ 88.99771, 21.71913 ], [ 88.99586, 21.72082 ], [ 88.99435, 21.72293 ], [ 88.99353, 21.72356 ], [ 88.98926, 21.72547 ], [ 88.98779, 21.72594 ], [ 88.97695, 21.72829 ], [ 88.97666, 21.72857 ], [ 88.97683, 21.72925 ], [ 88.9778, 21.73111 ], [ 88.97849, 21.73157 ], [ 88.98, 21.73299 ], [ 88.98539, 21.73632 ], [ 88.98826, 21.73887 ], [ 88.98897, 21.73986 ], [ 88.98953, 21.74112 ], [ 88.98967, 21.74307 ], [ 88.98941, 21.74429 ], [ 88.98875, 21.74568 ], [ 88.98798, 21.74666 ], [ 88.9866, 21.74763 ], [ 88.98525, 21.74769 ], [ 88.98454, 21.74797 ], [ 88.98296, 21.74777 ], [ 88.97916, 21.74601 ], [ 88.973, 21.74196 ], [ 88.96988, 21.74044 ], [ 88.96903, 21.74044 ], [ 88.96791, 21.74095 ], [ 88.96734, 21.74141 ], [ 88.96694, 21.74201 ], [ 88.96663, 21.74309 ], [ 88.9665, 21.7447 ], [ 88.96687, 21.74826 ], [ 88.96644, 21.75181 ], [ 88.96568, 21.75255 ], [ 88.96413, 21.75366 ], [ 88.96179, 21.75509 ], [ 88.96044, 21.75542 ], [ 88.9584, 21.75564 ], [ 88.95746, 21.7556 ], [ 88.95403, 21.75603 ], [ 88.95224, 21.75674 ], [ 88.95121, 21.7575 ], [ 88.95117, 21.75782 ], [ 88.95143, 21.75816 ], [ 88.95382, 21.75941 ], [ 88.95571, 21.76015 ], [ 88.9594, 21.76198 ], [ 88.96119, 21.76338 ], [ 88.96244, 21.7645 ], [ 88.96432, 21.76733 ], [ 88.96602, 21.77073 ], [ 88.96717, 21.77191 ], [ 88.96775, 21.77207 ], [ 88.96942, 21.77207 ], [ 88.97081, 21.77248 ], [ 88.97327, 21.77354 ], [ 88.97582, 21.77523 ], [ 88.97889, 21.77862 ], [ 88.9887, 21.78848 ], [ 88.9891, 21.78862 ], [ 88.99004, 21.78857 ], [ 88.99499, 21.78663 ], [ 88.99951, 21.78514 ], [ 89.00608, 21.78346 ], [ 89.00774, 21.78284 ], [ 89.00994, 21.78167 ], [ 89.01116, 21.78058 ], [ 89.01143, 21.77978 ], [ 89.01134, 21.7791 ], [ 89.01099, 21.77846 ], [ 89.01032, 21.7778 ], [ 89.00897, 21.77689 ] ] ], [ [ [ 88.82958, 21.80835 ], [ 88.82617, 21.80321 ], [ 88.82558, 21.8026 ], [ 88.82305, 21.79736 ], [ 88.82163, 21.79295 ], [ 88.82058, 21.78738 ], [ 88.82051, 21.78628 ], [ 88.82059, 21.78524 ], [ 88.82096, 21.78408 ], [ 88.82153, 21.78118 ], [ 88.82204, 21.77961 ], [ 88.82566, 21.77348 ], [ 88.82723, 21.76988 ], [ 88.8297, 21.76769 ], [ 88.83006, 21.76731 ], [ 88.83019, 21.76688 ], [ 88.82655, 21.76487 ], [ 88.82293, 21.76191 ], [ 88.82139, 21.76038 ], [ 88.8175, 21.75576 ], [ 88.81487, 21.75331 ], [ 88.81357, 21.75227 ], [ 88.81184, 21.75115 ], [ 88.80875, 21.74962 ], [ 88.80711, 21.749 ], [ 88.80429, 21.74832 ], [ 88.80257, 21.74809 ], [ 88.80069, 21.74806 ], [ 88.79843, 21.74814 ], [ 88.79412, 21.74887 ], [ 88.79242, 21.74943 ], [ 88.79131, 21.75002 ], [ 88.79077, 21.75038 ], [ 88.78995, 21.75167 ], [ 88.78522, 21.76052 ], [ 88.78451, 21.76227 ], [ 88.78408, 21.76408 ], [ 88.78397, 21.7659 ], [ 88.78464, 21.76721 ], [ 88.78936, 21.77319 ], [ 88.79401, 21.77782 ], [ 88.79624, 21.78035 ], [ 88.7976, 21.78291 ], [ 88.7979, 21.78391 ], [ 88.79806, 21.78536 ], [ 88.79779, 21.78732 ], [ 88.79715, 21.78912 ], [ 88.7971, 21.79021 ], [ 88.79721, 21.79046 ], [ 88.7976, 21.79082 ], [ 88.79863, 21.79128 ], [ 88.79895, 21.79217 ], [ 88.80071, 21.79519 ], [ 88.80302, 21.79787 ], [ 88.80944, 21.80432 ], [ 88.81113, 21.80623 ], [ 88.81365, 21.80987 ], [ 88.81626, 21.81462 ], [ 88.81897, 21.82009 ], [ 88.8201, 21.82174 ], [ 88.82064, 21.8221 ], [ 88.8219, 21.82256 ], [ 88.82247, 21.82213 ], [ 88.82288, 21.82149 ], [ 88.82474, 21.81721 ], [ 88.82576, 21.81537 ], [ 88.82922, 21.81042 ], [ 88.82951, 21.8094 ], [ 88.82958, 21.80835 ] ] ], [ [ [ 89.01447, 21.80599 ], [ 89.01416, 21.80346 ], [ 89.01431, 21.80304 ], [ 89.01422, 21.80259 ], [ 89.01377, 21.80212 ], [ 89.01403, 21.80141 ], [ 89.01399, 21.80113 ], [ 89.01381, 21.80093 ], [ 89.01337, 21.79934 ], [ 89.01221, 21.79761 ], [ 89.01249, 21.7971 ], [ 89.01231, 21.79631 ], [ 89.01271, 21.79554 ], [ 89.01245, 21.79504 ], [ 89.0128, 21.79419 ], [ 89.01253, 21.79381 ], [ 89.01301, 21.79327 ], [ 89.01302, 21.79305 ], [ 89.01263, 21.79256 ], [ 89.01324, 21.79156 ], [ 89.01286, 21.79036 ], [ 89.01291, 21.78907 ], [ 89.01349, 21.78654 ], [ 89.01419, 21.78559 ], [ 89.01484, 21.78103 ], [ 89.01526, 21.7792 ], [ 89.01565, 21.77803 ], [ 89.01643, 21.7766 ], [ 89.01639, 21.77597 ], [ 89.01705, 21.77497 ], [ 89.01715, 21.77407 ], [ 89.01705, 21.77358 ], [ 89.01734, 21.77318 ], [ 89.01722, 21.7724 ], [ 89.01772, 21.77165 ], [ 89.01828, 21.77127 ], [ 89.01825, 21.77092 ], [ 89.0178, 21.77068 ], [ 89.01774, 21.77045 ], [ 89.01806, 21.77 ], [ 89.01873, 21.76965 ], [ 89.01924, 21.76873 ], [ 89.01913, 21.76778 ], [ 89.01926, 21.7665 ], [ 89.01892, 21.76617 ], [ 89.01944, 21.76592 ], [ 89.01944, 21.76554 ], [ 89.01982, 21.76518 ], [ 89.01977, 21.76497 ], [ 89.01944, 21.76484 ], [ 89.01945, 21.76466 ], [ 89.02062, 21.76396 ], [ 89.02028, 21.7636 ], [ 89.02045, 21.76316 ], [ 89.02064, 21.76303 ], [ 89.02053, 21.76283 ], [ 89.02084, 21.76252 ], [ 89.02092, 21.76216 ], [ 89.02185, 21.76122 ], [ 89.02127, 21.76108 ], [ 89.02118, 21.76084 ], [ 89.02147, 21.76035 ], [ 89.02208, 21.76001 ], [ 89.02218, 21.75966 ], [ 89.02143, 21.7601 ], [ 89.01938, 21.76257 ], [ 89.01728, 21.76453 ], [ 89.01625, 21.76524 ], [ 89.01479, 21.76595 ], [ 89.01299, 21.76635 ], [ 89.01111, 21.76653 ], [ 89.00155, 21.76609 ], [ 88.99886, 21.76694 ], [ 88.99819, 21.76863 ], [ 88.99829, 21.76949 ], [ 88.99865, 21.77007 ], [ 88.99943, 21.7706 ], [ 89.00175, 21.77172 ], [ 89.00694, 21.77397 ], [ 89.01028, 21.7756 ], [ 89.01173, 21.7768 ], [ 89.01252, 21.7778 ], [ 89.01295, 21.77871 ], [ 89.01304, 21.77967 ], [ 89.01266, 21.7811 ], [ 89.01223, 21.78187 ], [ 89.01165, 21.7825 ], [ 89.00974, 21.78375 ], [ 89.00771, 21.78468 ], [ 88.99929, 21.78767 ], [ 88.99299, 21.78957 ], [ 88.99082, 21.78995 ], [ 88.98998, 21.79054 ], [ 88.98995, 21.79073 ], [ 88.99085, 21.79258 ], [ 88.99313, 21.79666 ], [ 88.99414, 21.79921 ], [ 88.99488, 21.80386 ], [ 88.99459, 21.81145 ], [ 88.99475, 21.81194 ], [ 88.99523, 21.81236 ], [ 88.99583, 21.81253 ], [ 88.99662, 21.81243 ], [ 89.0026, 21.81049 ], [ 89.00486, 21.8101 ], [ 89.00663, 21.81013 ], [ 89.00878, 21.8105 ], [ 89.01465, 21.8122 ], [ 89.01526, 21.81224 ], [ 89.01562, 21.81209 ], [ 89.01577, 21.81188 ], [ 89.01573, 21.81143 ], [ 89.01507, 21.80852 ], [ 89.015, 21.80743 ], [ 89.01447, 21.80599 ] ] ], [ [ [ 88.89593, 21.76166 ], [ 88.89693, 21.76556 ], [ 88.89814, 21.76832 ], [ 88.90014, 21.77364 ], [ 88.90058, 21.77517 ], [ 88.90105, 21.77773 ], [ 88.90092, 21.77957 ], [ 88.90064, 21.78093 ], [ 88.89968, 21.78388 ], [ 88.89903, 21.78523 ], [ 88.89769, 21.78687 ], [ 88.89774, 21.78709 ], [ 88.90021, 21.78817 ], [ 88.90185, 21.78948 ], [ 88.90377, 21.79275 ], [ 88.90497, 21.79387 ], [ 88.90486, 21.7946 ], [ 88.9039, 21.7946 ], [ 88.90258, 21.79355 ], [ 88.9018, 21.7922 ], [ 88.90132, 21.79081 ], [ 88.9001, 21.78952 ], [ 88.89647, 21.78809 ], [ 88.89482, 21.78895 ], [ 88.89188, 21.79122 ], [ 88.89022, 21.79278 ], [ 88.88849, 21.79483 ], [ 88.88737, 21.79645 ], [ 88.88489, 21.80088 ], [ 88.88322, 21.80491 ], [ 88.88331, 21.80752 ], [ 88.88393, 21.80869 ], [ 88.88602, 21.81035 ], [ 88.8902, 21.81051 ], [ 88.89151, 21.81068 ], [ 88.89201, 21.81089 ], [ 88.89294, 21.81185 ], [ 88.89529, 21.81361 ], [ 88.8992, 21.81743 ], [ 88.90168, 21.8196 ], [ 88.9031, 21.82046 ], [ 88.90635, 21.82112 ], [ 88.90843, 21.82183 ], [ 88.91367, 21.82562 ], [ 88.91527, 21.82573 ], [ 88.91919, 21.82311 ], [ 88.921, 21.82261 ], [ 88.92249, 21.8227 ], [ 88.92372, 21.82303 ], [ 88.92447, 21.82306 ], [ 88.9267, 21.82215 ], [ 88.9276, 21.82194 ], [ 88.92855, 21.8219 ], [ 88.93102, 21.82258 ], [ 88.93456, 21.82231 ], [ 88.93511, 21.82212 ], [ 88.93554, 21.82151 ], [ 88.93585, 21.81957 ], [ 88.93671, 21.81776 ], [ 88.937, 21.8167 ], [ 88.93697, 21.81631 ], [ 88.93614, 21.8159 ], [ 88.93511, 21.81577 ], [ 88.9333, 21.8147 ], [ 88.93242, 21.81323 ], [ 88.93169, 21.80947 ], [ 88.93055, 21.8081 ], [ 88.92805, 21.80684 ], [ 88.92711, 21.80571 ], [ 88.9268, 21.80486 ], [ 88.92672, 21.80409 ], [ 88.9275, 21.80079 ], [ 88.92707, 21.79904 ], [ 88.92662, 21.79845 ], [ 88.92304, 21.79568 ], [ 88.92125, 21.79462 ], [ 88.91872, 21.79359 ], [ 88.91791, 21.79295 ], [ 88.91769, 21.79256 ], [ 88.91751, 21.79146 ], [ 88.91796, 21.78994 ], [ 88.91839, 21.78949 ], [ 88.91912, 21.78912 ], [ 88.92129, 21.78899 ], [ 88.92216, 21.78865 ], [ 88.92257, 21.78793 ], [ 88.92257, 21.78726 ], [ 88.92085, 21.78358 ], [ 88.9195, 21.77974 ], [ 88.91808, 21.77641 ], [ 88.91786, 21.77461 ], [ 88.91801, 21.77383 ], [ 88.91886, 21.77165 ], [ 88.91893, 21.77081 ], [ 88.91872, 21.76984 ], [ 88.91743, 21.7684 ], [ 88.91669, 21.76772 ], [ 88.916, 21.7674 ], [ 88.91276, 21.76417 ], [ 88.91084, 21.76157 ], [ 88.91051, 21.76073 ], [ 88.91036, 21.75906 ], [ 88.9108, 21.75777 ], [ 88.91147, 21.75684 ], [ 88.9115, 21.75644 ], [ 88.91206, 21.75562 ], [ 88.91213, 21.75532 ], [ 88.91201, 21.7551 ], [ 88.90506, 21.75201 ], [ 88.90076, 21.75185 ], [ 88.8967, 21.75242 ], [ 88.8957, 21.75281 ], [ 88.89492, 21.75391 ], [ 88.89485, 21.75467 ], [ 88.8954, 21.7569 ], [ 88.89593, 21.76166 ] ] ], [ [ [ 88.85456, 21.8597 ], [ 88.85475, 21.85835 ], [ 88.85534, 21.85691 ], [ 88.85654, 21.8557 ], [ 88.85794, 21.85489 ], [ 88.85935, 21.85438 ], [ 88.86033, 21.85415 ], [ 88.8621, 21.85401 ], [ 88.86327, 21.85414 ], [ 88.86436, 21.85403 ], [ 88.8671, 21.85308 ], [ 88.87022, 21.85238 ], [ 88.87141, 21.85236 ], [ 88.8753, 21.85303 ], [ 88.87635, 21.85225 ], [ 88.87657, 21.85173 ], [ 88.87515, 21.84691 ], [ 88.8736, 21.84529 ], [ 88.87033, 21.84321 ], [ 88.86747, 21.84191 ], [ 88.86695, 21.84131 ], [ 88.86776, 21.84125 ], [ 88.87, 21.84218 ], [ 88.87432, 21.84482 ], [ 88.87511, 21.84471 ], [ 88.8754, 21.84435 ], [ 88.87605, 21.84227 ], [ 88.87666, 21.8381 ], [ 88.87741, 21.83483 ], [ 88.87779, 21.83368 ], [ 88.87942, 21.83132 ], [ 88.87992, 21.83023 ], [ 88.87992, 21.82905 ], [ 88.87875, 21.82613 ], [ 88.87846, 21.82466 ], [ 88.87826, 21.8224 ], [ 88.87857, 21.8198 ], [ 88.8781, 21.81962 ], [ 88.87655, 21.81951 ], [ 88.87325, 21.81836 ], [ 88.87221, 21.81826 ], [ 88.86868, 21.81902 ], [ 88.86742, 21.81884 ], [ 88.86596, 21.81787 ], [ 88.86486, 21.81628 ], [ 88.86487, 21.81565 ], [ 88.8656, 21.81586 ], [ 88.86588, 21.81649 ], [ 88.86637, 21.81709 ], [ 88.8677, 21.81812 ], [ 88.86853, 21.8182 ], [ 88.8715, 21.81762 ], [ 88.87292, 21.8176 ], [ 88.87379, 21.8177 ], [ 88.87677, 21.81883 ], [ 88.87825, 21.81887 ], [ 88.8785, 21.81881 ], [ 88.88272, 21.81422 ], [ 88.88269, 21.81225 ], [ 88.88093, 21.80993 ], [ 88.87962, 21.80857 ], [ 88.87938, 21.80804 ], [ 88.87939, 21.8072 ], [ 88.87994, 21.80624 ], [ 88.88024, 21.80276 ], [ 88.88098, 21.79978 ], [ 88.88168, 21.79769 ], [ 88.88272, 21.79548 ], [ 88.88539, 21.79169 ], [ 88.88727, 21.78968 ], [ 88.89127, 21.78631 ], [ 88.8916, 21.78581 ], [ 88.89358, 21.78468 ], [ 88.89435, 21.78348 ], [ 88.89656, 21.78138 ], [ 88.89698, 21.77996 ], [ 88.89703, 21.77914 ], [ 88.89686, 21.77817 ], [ 88.89435, 21.77273 ], [ 88.89175, 21.76635 ], [ 88.89057, 21.76262 ], [ 88.89029, 21.76121 ], [ 88.89019, 21.75836 ], [ 88.89079, 21.75415 ], [ 88.89133, 21.75266 ], [ 88.89212, 21.75122 ], [ 88.89362, 21.74957 ], [ 88.89519, 21.74813 ], [ 88.89671, 21.74702 ], [ 88.89853, 21.74618 ], [ 88.90102, 21.7456 ], [ 88.90506, 21.74558 ], [ 88.91118, 21.74662 ], [ 88.91364, 21.7468 ], [ 88.91448, 21.74704 ], [ 88.91569, 21.74707 ], [ 88.91684, 21.74682 ], [ 88.91785, 21.74564 ], [ 88.91954, 21.74428 ], [ 88.91999, 21.7428 ], [ 88.91993, 21.74141 ], [ 88.91772, 21.73695 ], [ 88.91617, 21.7345 ], [ 88.91487, 21.73204 ], [ 88.91471, 21.73148 ], [ 88.91419, 21.73091 ], [ 88.91409, 21.72989 ], [ 88.91346, 21.72834 ], [ 88.90636, 21.73075 ], [ 88.90537, 21.73141 ], [ 88.90459, 21.7323 ], [ 88.89991, 21.73625 ], [ 88.8977, 21.73784 ], [ 88.8895, 21.74309 ], [ 88.88524, 21.74551 ], [ 88.88304, 21.74644 ], [ 88.88228, 21.74722 ], [ 88.88131, 21.74763 ], [ 88.88065, 21.74813 ], [ 88.88048, 21.74839 ], [ 88.88033, 21.75133 ], [ 88.87915, 21.75985 ], [ 88.87726, 21.76572 ], [ 88.87644, 21.7672 ], [ 88.87497, 21.76893 ], [ 88.87211, 21.77141 ], [ 88.8685, 21.77394 ], [ 88.86455, 21.77603 ], [ 88.8637, 21.77694 ], [ 88.86202, 21.77797 ], [ 88.85874, 21.77916 ], [ 88.85661, 21.77969 ], [ 88.85492, 21.78028 ], [ 88.85384, 21.78044 ], [ 88.85012, 21.78047 ], [ 88.84294, 21.77997 ], [ 88.84215, 21.78004 ], [ 88.83639, 21.78145 ], [ 88.83562, 21.7817 ], [ 88.83514, 21.78202 ], [ 88.83512, 21.78235 ], [ 88.83555, 21.7837 ], [ 88.83897, 21.79151 ], [ 88.84041, 21.79939 ], [ 88.84121, 21.80647 ], [ 88.8417, 21.81327 ], [ 88.84173, 21.81418 ], [ 88.84117, 21.81693 ], [ 88.84113, 21.81794 ], [ 88.84078, 21.81886 ], [ 88.8405, 21.82046 ], [ 88.84008, 21.82505 ], [ 88.83846, 21.83436 ], [ 88.83772, 21.83716 ], [ 88.83749, 21.839 ], [ 88.83744, 21.84098 ], [ 88.83766, 21.84303 ], [ 88.83847, 21.84602 ], [ 88.83919, 21.8476 ], [ 88.84043, 21.8497 ], [ 88.8413, 21.85099 ], [ 88.84435, 21.85461 ], [ 88.84599, 21.85683 ], [ 88.84684, 21.85778 ], [ 88.84845, 21.85911 ], [ 88.85059, 21.86136 ], [ 88.85181, 21.86274 ], [ 88.85331, 21.86481 ], [ 88.85443, 21.86519 ], [ 88.85619, 21.86504 ], [ 88.85677, 21.86419 ], [ 88.85677, 21.86387 ], [ 88.85525, 21.86156 ], [ 88.85456, 21.8597 ] ] ], [ [ [ 88.92009, 21.77644 ], [ 88.92211, 21.78187 ], [ 88.92291, 21.78349 ], [ 88.92424, 21.78682 ], [ 88.92438, 21.78838 ], [ 88.92396, 21.78936 ], [ 88.92295, 21.79028 ], [ 88.92241, 21.7906 ], [ 88.9198, 21.79125 ], [ 88.9197, 21.79167 ], [ 88.92031, 21.79244 ], [ 88.92193, 21.79312 ], [ 88.92375, 21.79431 ], [ 88.92759, 21.79732 ], [ 88.92873, 21.7991 ], [ 88.92898, 21.80073 ], [ 88.92816, 21.80399 ], [ 88.92856, 21.80528 ], [ 88.92922, 21.80596 ], [ 88.93156, 21.80706 ], [ 88.93283, 21.80825 ], [ 88.93323, 21.80953 ], [ 88.93356, 21.81186 ], [ 88.93379, 21.81274 ], [ 88.93412, 21.81323 ], [ 88.93484, 21.8139 ], [ 88.93625, 21.8141 ], [ 88.93717, 21.81445 ], [ 88.93776, 21.81486 ], [ 88.93839, 21.81611 ], [ 88.93844, 21.81667 ], [ 88.93835, 21.81742 ], [ 88.9378, 21.81872 ], [ 88.93734, 21.81941 ], [ 88.93691, 21.82211 ], [ 88.93622, 21.82304 ], [ 88.93484, 21.82399 ], [ 88.93404, 21.82409 ], [ 88.93286, 21.8237 ], [ 88.93039, 21.82371 ], [ 88.92806, 21.82314 ], [ 88.92714, 21.82336 ], [ 88.92648, 21.8238 ], [ 88.9262, 21.82447 ], [ 88.92608, 21.8261 ], [ 88.92619, 21.82868 ], [ 88.92603, 21.83011 ], [ 88.92481, 21.83352 ], [ 88.92463, 21.83462 ], [ 88.92472, 21.83499 ], [ 88.92554, 21.836 ], [ 88.92612, 21.83617 ], [ 88.92799, 21.83598 ], [ 88.93025, 21.83597 ], [ 88.93142, 21.83613 ], [ 88.93263, 21.83656 ], [ 88.93353, 21.83728 ], [ 88.93484, 21.83945 ], [ 88.93499, 21.84069 ], [ 88.93482, 21.84396 ], [ 88.93516, 21.84498 ], [ 88.9366, 21.846 ], [ 88.93866, 21.84654 ], [ 88.93995, 21.84721 ], [ 88.94036, 21.84728 ], [ 88.9407, 21.84717 ], [ 88.94145, 21.8465 ], [ 88.94315, 21.84418 ], [ 88.94395, 21.84265 ], [ 88.94629, 21.83922 ], [ 88.94699, 21.83794 ], [ 88.94926, 21.831 ], [ 88.95081, 21.82814 ], [ 88.95201, 21.82654 ], [ 88.95336, 21.82526 ], [ 88.9544, 21.8246 ], [ 88.95793, 21.82306 ], [ 88.95965, 21.82263 ], [ 88.96145, 21.8224 ], [ 88.9734, 21.82237 ], [ 88.97469, 21.82205 ], [ 88.97499, 21.82172 ], [ 88.97557, 21.82165 ], [ 88.976, 21.82106 ], [ 88.97593, 21.82055 ], [ 88.97249, 21.80952 ], [ 88.96996, 21.80295 ], [ 88.96965, 21.80287 ], [ 88.96932, 21.80297 ], [ 88.96583, 21.80505 ], [ 88.96144, 21.80695 ], [ 88.9591, 21.80742 ], [ 88.95656, 21.80757 ], [ 88.95482, 21.80794 ], [ 88.95417, 21.80799 ], [ 88.95295, 21.80768 ], [ 88.95193, 21.8069 ], [ 88.94917, 21.80541 ], [ 88.9485, 21.80519 ], [ 88.94808, 21.80484 ], [ 88.94543, 21.80112 ], [ 88.94299, 21.79675 ], [ 88.94186, 21.79525 ], [ 88.93992, 21.79318 ], [ 88.93881, 21.79083 ], [ 88.93846, 21.78955 ], [ 88.93837, 21.78759 ], [ 88.93857, 21.7862 ], [ 88.93915, 21.78453 ], [ 88.94082, 21.78195 ], [ 88.94165, 21.78115 ], [ 88.94312, 21.77991 ], [ 88.94606, 21.77858 ], [ 88.95009, 21.77732 ], [ 88.95403, 21.77677 ], [ 88.95929, 21.77526 ], [ 88.96004, 21.77452 ], [ 88.96096, 21.77234 ], [ 88.96106, 21.77121 ], [ 88.96085, 21.77076 ], [ 88.96039, 21.77035 ], [ 88.95716, 21.76852 ], [ 88.95493, 21.76677 ], [ 88.95174, 21.76523 ], [ 88.94753, 21.7645 ], [ 88.94538, 21.76456 ], [ 88.94281, 21.76506 ], [ 88.93687, 21.76591 ], [ 88.93256, 21.76683 ], [ 88.93019, 21.76711 ], [ 88.92517, 21.76711 ], [ 88.92228, 21.76645 ], [ 88.92131, 21.76606 ], [ 88.91963, 21.76463 ], [ 88.91821, 21.76316 ], [ 88.917, 21.76146 ], [ 88.91675, 21.76071 ], [ 88.91666, 21.75979 ], [ 88.91691, 21.75807 ], [ 88.91632, 21.75632 ], [ 88.91422, 21.75621 ], [ 88.91352, 21.75687 ], [ 88.91287, 21.75826 ], [ 88.91272, 21.75889 ], [ 88.91274, 21.76035 ], [ 88.91301, 21.76122 ], [ 88.91364, 21.7623 ], [ 88.9145, 21.76333 ], [ 88.91686, 21.76578 ], [ 88.91983, 21.76844 ], [ 88.92048, 21.76942 ], [ 88.92078, 21.77034 ], [ 88.92073, 21.77238 ], [ 88.91985, 21.77517 ], [ 88.92009, 21.77644 ] ] ], [ [ [ 88.98651, 21.79084 ], [ 88.98519, 21.7889 ], [ 88.98368, 21.78722 ], [ 88.97807, 21.78202 ], [ 88.97625, 21.78013 ], [ 88.97327, 21.7763 ], [ 88.97277, 21.7759 ], [ 88.97157, 21.77555 ], [ 88.97058, 21.77558 ], [ 88.96875, 21.77617 ], [ 88.96755, 21.77612 ], [ 88.96634, 21.77801 ], [ 88.96554, 21.77879 ], [ 88.96498, 21.77906 ], [ 88.96396, 21.77994 ], [ 88.96055, 21.78221 ], [ 88.95855, 21.78308 ], [ 88.95558, 21.78383 ], [ 88.95555, 21.78406 ], [ 88.95697, 21.7853 ], [ 88.95761, 21.78662 ], [ 88.95779, 21.78806 ], [ 88.95734, 21.79049 ], [ 88.95775, 21.79245 ], [ 88.95728, 21.79154 ], [ 88.95712, 21.7908 ], [ 88.95725, 21.78934 ], [ 88.95757, 21.78818 ], [ 88.95723, 21.7862 ], [ 88.95631, 21.78502 ], [ 88.95473, 21.78407 ], [ 88.94741, 21.78426 ], [ 88.9438, 21.78452 ], [ 88.94279, 21.7848 ], [ 88.94237, 21.78532 ], [ 88.94231, 21.78571 ], [ 88.94254, 21.78647 ], [ 88.94582, 21.79197 ], [ 88.95205, 21.80106 ], [ 88.95288, 21.80211 ], [ 88.95368, 21.80271 ], [ 88.95449, 21.80288 ], [ 88.95571, 21.8029 ], [ 88.95751, 21.80251 ], [ 88.96308, 21.79983 ], [ 88.96473, 21.79932 ], [ 88.9679, 21.79898 ], [ 88.96997, 21.79941 ], [ 88.97312, 21.80082 ], [ 88.97456, 21.80168 ], [ 88.97576, 21.80279 ], [ 88.97634, 21.80389 ], [ 88.97731, 21.80673 ], [ 88.97784, 21.81005 ], [ 88.97844, 21.81254 ], [ 88.97936, 21.81491 ], [ 88.98006, 21.81769 ], [ 88.98021, 21.81919 ], [ 88.98007, 21.82011 ], [ 88.97966, 21.82119 ], [ 88.97776, 21.82399 ], [ 88.9764, 21.82508 ], [ 88.97413, 21.82648 ], [ 88.97195, 21.8274 ], [ 88.96996, 21.82784 ], [ 88.9683, 21.8279 ], [ 88.96566, 21.82761 ], [ 88.96535, 21.82773 ], [ 88.96527, 21.82796 ], [ 88.96609, 21.82941 ], [ 88.96928, 21.83361 ], [ 88.96987, 21.83478 ], [ 88.97016, 21.83619 ], [ 88.9707, 21.8413 ], [ 88.97137, 21.84357 ], [ 88.9716, 21.84401 ], [ 88.97234, 21.84465 ], [ 88.97265, 21.84449 ], [ 88.97284, 21.84401 ], [ 88.97296, 21.84293 ], [ 88.97259, 21.84163 ], [ 88.972, 21.84061 ], [ 88.972, 21.83992 ], [ 88.97239, 21.83941 ], [ 88.97331, 21.83883 ], [ 88.97334, 21.83718 ], [ 88.97364, 21.83673 ], [ 88.97475, 21.83607 ], [ 88.97512, 21.83569 ], [ 88.97704, 21.83209 ], [ 88.97757, 21.83145 ], [ 88.97826, 21.8311 ], [ 88.9786, 21.8311 ], [ 88.97927, 21.83153 ], [ 88.97959, 21.83195 ], [ 88.97969, 21.83245 ], [ 88.97967, 21.83354 ], [ 88.97989, 21.834 ], [ 88.98017, 21.83415 ], [ 88.98659, 21.83521 ], [ 88.98776, 21.83494 ], [ 88.98817, 21.83466 ], [ 88.98834, 21.83408 ], [ 88.9881, 21.83348 ], [ 88.9827, 21.82579 ], [ 88.98245, 21.82509 ], [ 88.98264, 21.82464 ], [ 88.98367, 21.82384 ], [ 88.98426, 21.82366 ], [ 88.98537, 21.82374 ], [ 88.98696, 21.82439 ], [ 88.98777, 21.82454 ], [ 88.99022, 21.82418 ], [ 88.9924, 21.82342 ], [ 88.99357, 21.82274 ], [ 88.99415, 21.82184 ], [ 88.99483, 21.82164 ], [ 88.99598, 21.82058 ], [ 88.99664, 21.81904 ], [ 88.99705, 21.81619 ], [ 88.99699, 21.81542 ], [ 88.99666, 21.81518 ], [ 88.99497, 21.81484 ], [ 88.99326, 21.81397 ], [ 88.99216, 21.81268 ], [ 88.99182, 21.81177 ], [ 88.99158, 21.81023 ], [ 88.99175, 21.80457 ], [ 88.99136, 21.80112 ], [ 88.99103, 21.80005 ], [ 88.9893, 21.79665 ], [ 88.9876, 21.7928 ], [ 88.98651, 21.79084 ] ] ], [ [ [ 88.88707, 21.84914 ], [ 88.89222, 21.85058 ], [ 88.89846, 21.84995 ], [ 88.90195, 21.85023 ], [ 88.90432, 21.84919 ], [ 88.90617, 21.84871 ], [ 88.90707, 21.8481 ], [ 88.90891, 21.84799 ], [ 88.91028, 21.84858 ], [ 88.91078, 21.84865 ], [ 88.91146, 21.84833 ], [ 88.91224, 21.84659 ], [ 88.91312, 21.84545 ], [ 88.91374, 21.84494 ], [ 88.9146, 21.84474 ], [ 88.91526, 21.84496 ], [ 88.91552, 21.84521 ], [ 88.91608, 21.84661 ], [ 88.91572, 21.84729 ], [ 88.91499, 21.84986 ], [ 88.91376, 21.85108 ], [ 88.91336, 21.85177 ], [ 88.91357, 21.85395 ], [ 88.91402, 21.85432 ], [ 88.91459, 21.85446 ], [ 88.91596, 21.85443 ], [ 88.91722, 21.85387 ], [ 88.91794, 21.85374 ], [ 88.91964, 21.85417 ], [ 88.92091, 21.85391 ], [ 88.92151, 21.8536 ], [ 88.92291, 21.85234 ], [ 88.925, 21.85091 ], [ 88.92551, 21.8507 ], [ 88.92926, 21.85027 ], [ 88.93173, 21.85061 ], [ 88.93622, 21.85178 ], [ 88.93692, 21.85143 ], [ 88.93813, 21.85121 ], [ 88.93871, 21.85044 ], [ 88.93882, 21.84997 ], [ 88.93866, 21.84945 ], [ 88.93499, 21.84759 ], [ 88.93361, 21.84635 ], [ 88.93277, 21.84482 ], [ 88.93248, 21.84396 ], [ 88.93246, 21.83947 ], [ 88.93233, 21.83893 ], [ 88.93191, 21.83836 ], [ 88.93154, 21.83813 ], [ 88.93039, 21.83805 ], [ 88.92806, 21.83857 ], [ 88.92615, 21.83842 ], [ 88.92516, 21.83813 ], [ 88.92428, 21.83765 ], [ 88.92319, 21.83652 ], [ 88.92247, 21.83516 ], [ 88.92218, 21.8339 ], [ 88.92255, 21.83206 ], [ 88.92343, 21.83003 ], [ 88.92365, 21.82915 ], [ 88.92395, 21.82612 ], [ 88.92372, 21.82525 ], [ 88.92304, 21.82448 ], [ 88.92192, 21.82429 ], [ 88.92101, 21.82447 ], [ 88.92003, 21.82487 ], [ 88.91789, 21.8263 ], [ 88.91656, 21.827 ], [ 88.9147, 21.82746 ], [ 88.91375, 21.82732 ], [ 88.91261, 21.82686 ], [ 88.91005, 21.82529 ], [ 88.90891, 21.82418 ], [ 88.90775, 21.82356 ], [ 88.90567, 21.82283 ], [ 88.90293, 21.8222 ], [ 88.90211, 21.82188 ], [ 88.89988, 21.82055 ], [ 88.89658, 21.81785 ], [ 88.89231, 21.81384 ], [ 88.89184, 21.81355 ], [ 88.89064, 21.81339 ], [ 88.88894, 21.8124 ], [ 88.887, 21.81265 ], [ 88.88576, 21.81304 ], [ 88.88521, 21.81499 ], [ 88.88463, 21.81601 ], [ 88.88381, 21.81727 ], [ 88.88088, 21.82052 ], [ 88.88056, 21.82168 ], [ 88.88194, 21.82522 ], [ 88.88242, 21.82798 ], [ 88.883, 21.82969 ], [ 88.88325, 21.82998 ], [ 88.89124, 21.83409 ], [ 88.8929, 21.8348 ], [ 88.89285, 21.83557 ], [ 88.89057, 21.84023 ], [ 88.88786, 21.8452 ], [ 88.88646, 21.84729 ], [ 88.88633, 21.84811 ], [ 88.88648, 21.84864 ], [ 88.88707, 21.84914 ] ] ], [ [ [ 89.00849, 21.87903 ], [ 89.01614, 21.87452 ], [ 89.02368, 21.86934 ], [ 89.02617, 21.86784 ], [ 89.02914, 21.86476 ], [ 89.03016, 21.86243 ], [ 89.03013, 21.85969 ], [ 89.02981, 21.856 ], [ 89.02828, 21.85126 ], [ 89.02797, 21.85085 ], [ 89.0266, 21.85036 ], [ 89.02606, 21.84968 ], [ 89.02504, 21.8495 ], [ 89.0153, 21.85025 ], [ 89.01304, 21.85082 ], [ 89.01101, 21.85193 ], [ 89.00951, 21.8531 ], [ 89.00642, 21.85609 ], [ 89.00557, 21.85722 ], [ 89.00532, 21.8581 ], [ 89.00514, 21.86134 ], [ 89.0045, 21.86392 ], [ 89.00355, 21.86522 ], [ 89.00227, 21.86646 ], [ 89.00177, 21.86719 ], [ 89.00043, 21.86793 ], [ 88.9992, 21.86891 ], [ 88.99847, 21.86994 ], [ 88.99833, 21.87026 ], [ 88.99847, 21.87082 ], [ 88.99838, 21.87111 ], [ 88.99808, 21.87129 ], [ 88.99714, 21.87116 ], [ 88.99667, 21.87128 ], [ 88.99571, 21.87121 ], [ 88.99501, 21.87094 ], [ 88.99395, 21.86999 ], [ 88.99292, 21.86867 ], [ 88.99248, 21.86831 ], [ 88.99155, 21.86795 ], [ 88.9911, 21.86793 ], [ 88.99031, 21.86822 ], [ 88.9898, 21.86878 ], [ 88.98923, 21.86992 ], [ 88.98861, 21.87003 ], [ 88.9885, 21.86928 ], [ 88.98945, 21.8678 ], [ 88.99051, 21.86711 ], [ 88.9915, 21.86706 ], [ 88.99236, 21.86718 ], [ 88.99317, 21.86768 ], [ 88.99505, 21.86979 ], [ 88.99554, 21.87009 ], [ 88.99656, 21.87034 ], [ 88.99739, 21.86957 ], [ 88.99852, 21.86801 ], [ 89.0019, 21.86516 ], [ 89.00271, 21.86413 ], [ 89.00352, 21.858 ], [ 89.0042, 21.85609 ], [ 89.00643, 21.85338 ], [ 89.00918, 21.85117 ], [ 89.01125, 21.84988 ], [ 89.01266, 21.84924 ], [ 89.01434, 21.84881 ], [ 89.021, 21.84838 ], [ 89.02504, 21.84707 ], [ 89.02618, 21.84648 ], [ 89.02772, 21.84541 ], [ 89.02853, 21.84459 ], [ 89.02896, 21.84389 ], [ 89.02935, 21.84282 ], [ 89.02932, 21.83848 ], [ 89.02915, 21.8347 ], [ 89.02889, 21.83344 ], [ 89.02754, 21.83017 ], [ 89.02417, 21.82425 ], [ 89.0211, 21.82051 ], [ 89.02009, 21.81975 ], [ 89.01937, 21.81855 ], [ 89.01805, 21.81723 ], [ 89.0173, 21.817 ], [ 89.01646, 21.81716 ], [ 89.01588, 21.81643 ], [ 89.01534, 21.81651 ], [ 89.0148, 21.81703 ], [ 89.01423, 21.81711 ], [ 89.01415, 21.81658 ], [ 89.01434, 21.81597 ], [ 89.01408, 21.81535 ], [ 89.01331, 21.81482 ], [ 89.00976, 21.8138 ], [ 89.00698, 21.8133 ], [ 89.00493, 21.81314 ], [ 89.00343, 21.8132 ], [ 89.00223, 21.81346 ], [ 88.99875, 21.81491 ], [ 88.99825, 21.81543 ], [ 88.99796, 21.81602 ], [ 88.99769, 21.81871 ], [ 88.99743, 21.81966 ], [ 88.99607, 21.82176 ], [ 88.99503, 21.82269 ], [ 88.99284, 21.82409 ], [ 88.9903, 21.82502 ], [ 88.98783, 21.82524 ], [ 88.98656, 21.82498 ], [ 88.9852, 21.82448 ], [ 88.98438, 21.82444 ], [ 88.98395, 21.82465 ], [ 88.98384, 21.82579 ], [ 88.98401, 21.82619 ], [ 88.98856, 21.8325 ], [ 88.98917, 21.83363 ], [ 88.98919, 21.8347 ], [ 88.9886, 21.83564 ], [ 88.98803, 21.83582 ], [ 88.98645, 21.8359 ], [ 88.97981, 21.83463 ], [ 88.97929, 21.83396 ], [ 88.97913, 21.83248 ], [ 88.97884, 21.83189 ], [ 88.97831, 21.83176 ], [ 88.97764, 21.83228 ], [ 88.97552, 21.83614 ], [ 88.97412, 21.83717 ], [ 88.97398, 21.83755 ], [ 88.97408, 21.83836 ], [ 88.97398, 21.83901 ], [ 88.97265, 21.84011 ], [ 88.97263, 21.84037 ], [ 88.97346, 21.84227 ], [ 88.97345, 21.84357 ], [ 88.97319, 21.84518 ], [ 88.97374, 21.84557 ], [ 88.97415, 21.84628 ], [ 88.97407, 21.84649 ], [ 88.97344, 21.84693 ], [ 88.97297, 21.84673 ], [ 88.97253, 21.84561 ], [ 88.97175, 21.8451 ], [ 88.97115, 21.8444 ], [ 88.97055, 21.84303 ], [ 88.96996, 21.84116 ], [ 88.96969, 21.83796 ], [ 88.96927, 21.83547 ], [ 88.96884, 21.83446 ], [ 88.96372, 21.82728 ], [ 88.96097, 21.82642 ], [ 88.95802, 21.8264 ], [ 88.95708, 21.82667 ], [ 88.95543, 21.82877 ], [ 88.95431, 21.82968 ], [ 88.95322, 21.83158 ], [ 88.95127, 21.83605 ], [ 88.95071, 21.83772 ], [ 88.95051, 21.83863 ], [ 88.95074, 21.84023 ], [ 88.95552, 21.84731 ], [ 88.95842, 21.85035 ], [ 88.96078, 21.85374 ], [ 88.96286, 21.85608 ], [ 88.9654, 21.85929 ], [ 88.96867, 21.8613 ], [ 88.97038, 21.86204 ], [ 88.97357, 21.86288 ], [ 88.97585, 21.86387 ], [ 88.97762, 21.86488 ], [ 88.97955, 21.86671 ], [ 88.98012, 21.8677 ], [ 88.98014, 21.86878 ], [ 88.97989, 21.87032 ], [ 88.97955, 21.87129 ], [ 88.97915, 21.87214 ], [ 88.97575, 21.87658 ], [ 88.97353, 21.88172 ], [ 88.97003, 21.88905 ], [ 88.96943, 21.89054 ], [ 88.96948, 21.89105 ], [ 88.9701, 21.8914 ], [ 88.9708, 21.89159 ], [ 88.97358, 21.89194 ], [ 88.97643, 21.89307 ], [ 88.97831, 21.89302 ], [ 88.98133, 21.89224 ], [ 88.98301, 21.89161 ], [ 88.99649, 21.88516 ], [ 89.00849, 21.87903 ] ] ], [ [ [ 88.79268, 21.87392 ], [ 88.79227, 21.87255 ], [ 88.79137, 21.87151 ], [ 88.78813, 21.86958 ], [ 88.78698, 21.86874 ], [ 88.78592, 21.86737 ], [ 88.78579, 21.86624 ], [ 88.78596, 21.86526 ], [ 88.78619, 21.86479 ], [ 88.78692, 21.86408 ], [ 88.78815, 21.86368 ], [ 88.78899, 21.86359 ], [ 88.78974, 21.86373 ], [ 88.79102, 21.86412 ], [ 88.79233, 21.86512 ], [ 88.79345, 21.86643 ], [ 88.79503, 21.86903 ], [ 88.79602, 21.87205 ], [ 88.79762, 21.87531 ], [ 88.79901, 21.8771 ], [ 88.80008, 21.87788 ], [ 88.80067, 21.87792 ], [ 88.80081, 21.87777 ], [ 88.80045, 21.87704 ], [ 88.79929, 21.87335 ], [ 88.79907, 21.8717 ], [ 88.7992, 21.87026 ], [ 88.80011, 21.86906 ], [ 88.80239, 21.86738 ], [ 88.80316, 21.86698 ], [ 88.80496, 21.86654 ], [ 88.80666, 21.86661 ], [ 88.80766, 21.8668 ], [ 88.80926, 21.86727 ], [ 88.81451, 21.86987 ], [ 88.81979, 21.87129 ], [ 88.82143, 21.87127 ], [ 88.82198, 21.87111 ], [ 88.82268, 21.87051 ], [ 88.82317, 21.86922 ], [ 88.82353, 21.86758 ], [ 88.82428, 21.86619 ], [ 88.82515, 21.8652 ], [ 88.82648, 21.86444 ], [ 88.82883, 21.86264 ], [ 88.82924, 21.86206 ], [ 88.8293, 21.86173 ], [ 88.82894, 21.86041 ], [ 88.82594, 21.85338 ], [ 88.82292, 21.84395 ], [ 88.82147, 21.84091 ], [ 88.82065, 21.83954 ], [ 88.82022, 21.83967 ], [ 88.82014, 21.84026 ], [ 88.82083, 21.84288 ], [ 88.82323, 21.84674 ], [ 88.82381, 21.84815 ], [ 88.82382, 21.8494 ], [ 88.82351, 21.85046 ], [ 88.82312, 21.85093 ], [ 88.82186, 21.85164 ], [ 88.82068, 21.85184 ], [ 88.81812, 21.85154 ], [ 88.8098, 21.85139 ], [ 88.80914, 21.85104 ], [ 88.80708, 21.85045 ], [ 88.80515, 21.84959 ], [ 88.80402, 21.84952 ], [ 88.80329, 21.8498 ], [ 88.8026, 21.85053 ], [ 88.80248, 21.85131 ], [ 88.80253, 21.85303 ], [ 88.80223, 21.85426 ], [ 88.80148, 21.85527 ], [ 88.80037, 21.85572 ], [ 88.79899, 21.85549 ], [ 88.79681, 21.8538 ], [ 88.7959, 21.85381 ], [ 88.79325, 21.85431 ], [ 88.79221, 21.85405 ], [ 88.79068, 21.85311 ], [ 88.79031, 21.85204 ], [ 88.79046, 21.85046 ], [ 88.79021, 21.84946 ], [ 88.78963, 21.84883 ], [ 88.78909, 21.84853 ], [ 88.78682, 21.848 ], [ 88.78625, 21.84756 ], [ 88.78579, 21.8469 ], [ 88.78604, 21.8446 ], [ 88.78596, 21.84409 ], [ 88.78575, 21.84348 ], [ 88.78519, 21.84296 ], [ 88.78417, 21.84284 ], [ 88.77931, 21.8434 ], [ 88.77841, 21.84389 ], [ 88.77791, 21.84519 ], [ 88.7775, 21.84574 ], [ 88.77677, 21.84623 ], [ 88.7761, 21.84649 ], [ 88.77127, 21.84686 ], [ 88.77105, 21.84698 ], [ 88.77099, 21.84966 ], [ 88.77112, 21.85176 ], [ 88.77147, 21.85325 ], [ 88.77199, 21.85379 ], [ 88.77267, 21.85406 ], [ 88.77654, 21.85501 ], [ 88.77942, 21.85613 ], [ 88.78069, 21.8568 ], [ 88.78159, 21.85758 ], [ 88.78206, 21.85844 ], [ 88.7824, 21.85957 ], [ 88.78248, 21.86047 ], [ 88.78232, 21.86105 ], [ 88.78169, 21.86211 ], [ 88.78003, 21.86343 ], [ 88.77718, 21.86531 ], [ 88.77686, 21.86599 ], [ 88.77683, 21.86661 ], [ 88.77699, 21.86706 ], [ 88.77996, 21.86921 ], [ 88.78147, 21.87051 ], [ 88.7867, 21.87686 ], [ 88.78751, 21.87768 ], [ 88.78849, 21.87835 ], [ 88.78921, 21.8786 ], [ 88.7905, 21.87843 ], [ 88.79176, 21.87755 ], [ 88.79232, 21.87655 ], [ 88.79259, 21.87565 ], [ 88.79268, 21.87392 ] ] ], [ [ [ 88.89493, 21.90731 ], [ 88.89772, 21.90978 ], [ 88.89867, 21.90993 ], [ 88.89945, 21.9097 ], [ 88.89995, 21.90928 ], [ 88.90014, 21.90898 ], [ 88.90032, 21.90793 ], [ 88.89997, 21.90674 ], [ 88.89954, 21.90634 ], [ 88.89809, 21.9057 ], [ 88.89592, 21.90507 ], [ 88.89464, 21.90453 ], [ 88.89364, 21.90379 ], [ 88.89312, 21.90294 ], [ 88.89297, 21.90189 ], [ 88.89364, 21.90041 ], [ 88.89432, 21.89978 ], [ 88.89549, 21.8991 ], [ 88.8977, 21.89811 ], [ 88.90285, 21.89643 ], [ 88.90759, 21.89445 ], [ 88.90943, 21.89351 ], [ 88.91025, 21.89283 ], [ 88.91233, 21.89027 ], [ 88.91333, 21.88934 ], [ 88.91413, 21.88883 ], [ 88.91528, 21.88856 ], [ 88.91589, 21.88859 ], [ 88.9174, 21.88941 ], [ 88.91799, 21.89007 ], [ 88.91937, 21.89218 ], [ 88.9198, 21.89343 ], [ 88.92026, 21.89608 ], [ 88.92057, 21.89666 ], [ 88.92111, 21.89698 ], [ 88.92385, 21.89668 ], [ 88.92579, 21.89664 ], [ 88.92933, 21.89673 ], [ 88.93344, 21.89716 ], [ 88.9351, 21.89658 ], [ 88.93566, 21.89595 ], [ 88.93583, 21.89459 ], [ 88.93561, 21.89269 ], [ 88.93425, 21.88682 ], [ 88.93403, 21.88448 ], [ 88.93476, 21.88245 ], [ 88.9361, 21.88135 ], [ 88.93829, 21.88087 ], [ 88.93955, 21.8808 ], [ 88.94065, 21.88107 ], [ 88.9444, 21.88356 ], [ 88.94778, 21.88515 ], [ 88.94863, 21.88488 ], [ 88.949, 21.88356 ], [ 88.9501, 21.87747 ], [ 88.95088, 21.87536 ], [ 88.95179, 21.87419 ], [ 88.95601, 21.87045 ], [ 88.95637, 21.86991 ], [ 88.95638, 21.86931 ], [ 88.95631, 21.86871 ], [ 88.95593, 21.86834 ], [ 88.9552, 21.86784 ], [ 88.95295, 21.86675 ], [ 88.9513, 21.86536 ], [ 88.95028, 21.86368 ], [ 88.95002, 21.86292 ], [ 88.95028, 21.86125 ], [ 88.95192, 21.85712 ], [ 88.95214, 21.85622 ], [ 88.95244, 21.85355 ], [ 88.95243, 21.85197 ], [ 88.95217, 21.85066 ], [ 88.9501, 21.8472 ], [ 88.94865, 21.84353 ], [ 88.94825, 21.84206 ], [ 88.94794, 21.84132 ], [ 88.94768, 21.84114 ], [ 88.9471, 21.84112 ], [ 88.94662, 21.84147 ], [ 88.94446, 21.8455 ], [ 88.94295, 21.84783 ], [ 88.94248, 21.84841 ], [ 88.94146, 21.84917 ], [ 88.9415, 21.85051 ], [ 88.94116, 21.85195 ], [ 88.93991, 21.85346 ], [ 88.93888, 21.85398 ], [ 88.93783, 21.85419 ], [ 88.93576, 21.85394 ], [ 88.93448, 21.85406 ], [ 88.93075, 21.85327 ], [ 88.92764, 21.85239 ], [ 88.92687, 21.85233 ], [ 88.92633, 21.85266 ], [ 88.9252, 21.85302 ], [ 88.92433, 21.85433 ], [ 88.92056, 21.85819 ], [ 88.91856, 21.85979 ], [ 88.91769, 21.86082 ], [ 88.91745, 21.86134 ], [ 88.91712, 21.86307 ], [ 88.91671, 21.86806 ], [ 88.91563, 21.87229 ], [ 88.9155, 21.8733 ], [ 88.9153, 21.87549 ], [ 88.91537, 21.87649 ], [ 88.91568, 21.87743 ], [ 88.91562, 21.87817 ], [ 88.91507, 21.87961 ], [ 88.91446, 21.88036 ], [ 88.91328, 21.88079 ], [ 88.91177, 21.88089 ], [ 88.91034, 21.8806 ], [ 88.90677, 21.87904 ], [ 88.90609, 21.87899 ], [ 88.90544, 21.87912 ], [ 88.90473, 21.88009 ], [ 88.90471, 21.88274 ], [ 88.90453, 21.88398 ], [ 88.90401, 21.88525 ], [ 88.90286, 21.88642 ], [ 88.90211, 21.88677 ], [ 88.90145, 21.88704 ], [ 88.89701, 21.88806 ], [ 88.89599, 21.88891 ], [ 88.89554, 21.8896 ], [ 88.8955, 21.89284 ], [ 88.89532, 21.89363 ], [ 88.8948, 21.89452 ], [ 88.89366, 21.8954 ], [ 88.89258, 21.89581 ], [ 88.88967, 21.89598 ], [ 88.88823, 21.89621 ], [ 88.88766, 21.89648 ], [ 88.88669, 21.89732 ], [ 88.88503, 21.89983 ], [ 88.88409, 21.90058 ], [ 88.88353, 21.90083 ], [ 88.8818, 21.90129 ], [ 88.88059, 21.90097 ], [ 88.8798, 21.90039 ], [ 88.8793, 21.89935 ], [ 88.87928, 21.89874 ], [ 88.87993, 21.89621 ], [ 88.88017, 21.89456 ], [ 88.87986, 21.89402 ], [ 88.87913, 21.89378 ], [ 88.87855, 21.89383 ], [ 88.87457, 21.89599 ], [ 88.87091, 21.89765 ], [ 88.87022, 21.89846 ], [ 88.8699, 21.89912 ], [ 88.86986, 21.89982 ], [ 88.87004, 21.9007 ], [ 88.87034, 21.90131 ], [ 88.87087, 21.90168 ], [ 88.87162, 21.90144 ], [ 88.87192, 21.90099 ], [ 88.87288, 21.89859 ], [ 88.87338, 21.8982 ], [ 88.87406, 21.89795 ], [ 88.87476, 21.898 ], [ 88.87536, 21.89831 ], [ 88.87589, 21.89913 ], [ 88.87682, 21.90159 ], [ 88.87844, 21.90274 ], [ 88.87891, 21.9029 ], [ 88.87968, 21.90277 ], [ 88.88122, 21.90183 ], [ 88.88204, 21.90152 ], [ 88.88375, 21.90159 ], [ 88.88499, 21.90214 ], [ 88.88576, 21.90305 ], [ 88.886, 21.9044 ], [ 88.88505, 21.90695 ], [ 88.88491, 21.90858 ], [ 88.88546, 21.91016 ], [ 88.88656, 21.91248 ], [ 88.88797, 21.91409 ], [ 88.88864, 21.9145 ], [ 88.88928, 21.91461 ], [ 88.88957, 21.91451 ], [ 88.8901, 21.91383 ], [ 88.89036, 21.91219 ], [ 88.89029, 21.9092 ], [ 88.89045, 21.90834 ], [ 88.89112, 21.9073 ], [ 88.89207, 21.90668 ], [ 88.89314, 21.90661 ], [ 88.89493, 21.90731 ] ] ], [ [ [ 88.84947, 21.9112 ], [ 88.8534, 21.91093 ], [ 88.85674, 21.91093 ], [ 88.85787, 21.91107 ], [ 88.86276, 21.91222 ], [ 88.86552, 21.9131 ], [ 88.8689, 21.91448 ], [ 88.87206, 21.91623 ], [ 88.87488, 21.91686 ], [ 88.87721, 21.91689 ], [ 88.8782, 21.91645 ], [ 88.87908, 21.91637 ], [ 88.88007, 21.91593 ], [ 88.88024, 21.91608 ], [ 88.88054, 21.916 ], [ 88.88112, 21.91567 ], [ 88.88147, 21.91578 ], [ 88.88208, 21.91551 ], [ 88.88654, 21.91465 ], [ 88.88662, 21.91456 ], [ 88.88618, 21.91388 ], [ 88.88453, 21.91 ], [ 88.88403, 21.90838 ], [ 88.88401, 21.90771 ], [ 88.88428, 21.90655 ], [ 88.88505, 21.90467 ], [ 88.88502, 21.90382 ], [ 88.88451, 21.90293 ], [ 88.88354, 21.90237 ], [ 88.88263, 21.90228 ], [ 88.88177, 21.90253 ], [ 88.87969, 21.90372 ], [ 88.87877, 21.90376 ], [ 88.87784, 21.90354 ], [ 88.87726, 21.90323 ], [ 88.87618, 21.9023 ], [ 88.87523, 21.90055 ], [ 88.87483, 21.89943 ], [ 88.87446, 21.89905 ], [ 88.87382, 21.89906 ], [ 88.87361, 21.89928 ], [ 88.87302, 21.90099 ], [ 88.87267, 21.90172 ], [ 88.87219, 21.9023 ], [ 88.87126, 21.90265 ], [ 88.87056, 21.90263 ], [ 88.86967, 21.90207 ], [ 88.86911, 21.90133 ], [ 88.86881, 21.90048 ], [ 88.86872, 21.89977 ], [ 88.86911, 21.89817 ], [ 88.86981, 21.8972 ], [ 88.87058, 21.89667 ], [ 88.87511, 21.89453 ], [ 88.87806, 21.89296 ], [ 88.87971, 21.89272 ], [ 88.88067, 21.89321 ], [ 88.8811, 21.89392 ], [ 88.88129, 21.8949 ], [ 88.8812, 21.89599 ], [ 88.88037, 21.89867 ], [ 88.88037, 21.89919 ], [ 88.881, 21.89998 ], [ 88.88213, 21.90015 ], [ 88.88279, 21.90002 ], [ 88.88397, 21.89928 ], [ 88.88462, 21.89857 ], [ 88.88582, 21.89666 ], [ 88.88655, 21.89587 ], [ 88.88757, 21.89528 ], [ 88.88892, 21.89491 ], [ 88.89269, 21.89465 ], [ 88.89336, 21.89432 ], [ 88.8938, 21.89391 ], [ 88.89401, 21.89316 ], [ 88.89441, 21.88948 ], [ 88.89518, 21.88791 ], [ 88.89619, 21.88725 ], [ 88.89756, 21.88664 ], [ 88.90164, 21.88565 ], [ 88.90237, 21.88518 ], [ 88.90312, 21.88419 ], [ 88.90332, 21.8836 ], [ 88.90333, 21.88055 ], [ 88.90351, 21.87953 ], [ 88.90412, 21.87859 ], [ 88.90472, 21.87819 ], [ 88.90616, 21.87778 ], [ 88.90718, 21.87791 ], [ 88.91042, 21.87908 ], [ 88.91264, 21.87963 ], [ 88.9131, 21.8796 ], [ 88.91383, 21.87903 ], [ 88.91397, 21.87795 ], [ 88.91371, 21.87565 ], [ 88.91371, 21.87395 ], [ 88.91421, 21.87042 ], [ 88.91526, 21.86575 ], [ 88.9153, 21.86402 ], [ 88.91565, 21.86195 ], [ 88.91531, 21.86156 ], [ 88.91526, 21.86099 ], [ 88.91563, 21.86031 ], [ 88.91681, 21.85936 ], [ 88.91743, 21.85857 ], [ 88.91953, 21.85651 ], [ 88.92048, 21.85502 ], [ 88.92038, 21.85481 ], [ 88.91968, 21.85482 ], [ 88.9185, 21.85448 ], [ 88.91765, 21.8544 ], [ 88.91625, 21.85502 ], [ 88.91513, 21.85516 ], [ 88.91385, 21.85499 ], [ 88.91298, 21.85441 ], [ 88.91269, 21.85369 ], [ 88.91262, 21.85294 ], [ 88.91274, 21.8514 ], [ 88.91448, 21.84925 ], [ 88.91498, 21.84697 ], [ 88.91487, 21.84565 ], [ 88.91445, 21.84546 ], [ 88.91396, 21.84571 ], [ 88.91296, 21.84695 ], [ 88.91238, 21.84838 ], [ 88.91157, 21.84917 ], [ 88.91033, 21.84933 ], [ 88.90849, 21.84867 ], [ 88.90797, 21.84872 ], [ 88.9063, 21.84948 ], [ 88.9043, 21.85001 ], [ 88.90271, 21.85077 ], [ 88.90181, 21.85101 ], [ 88.90095, 21.85106 ], [ 88.89854, 21.85072 ], [ 88.89374, 21.85136 ], [ 88.892, 21.85143 ], [ 88.88819, 21.85044 ], [ 88.88633, 21.84976 ], [ 88.88567, 21.84917 ], [ 88.88522, 21.84816 ], [ 88.88564, 21.84644 ], [ 88.88708, 21.84452 ], [ 88.89123, 21.83668 ], [ 88.89132, 21.83605 ], [ 88.8908, 21.83517 ], [ 88.8827, 21.83101 ], [ 88.88213, 21.83091 ], [ 88.88175, 21.83193 ], [ 88.88149, 21.83211 ], [ 88.881, 21.83324 ], [ 88.87974, 21.83701 ], [ 88.87914, 21.84176 ], [ 88.87798, 21.84529 ], [ 88.87771, 21.84657 ], [ 88.87862, 21.84963 ], [ 88.8788, 21.85186 ], [ 88.87841, 21.85299 ], [ 88.87749, 21.85414 ], [ 88.87634, 21.85474 ], [ 88.87447, 21.85506 ], [ 88.87116, 21.85456 ], [ 88.86943, 21.85449 ], [ 88.86661, 21.85569 ], [ 88.86437, 21.85601 ], [ 88.86208, 21.85601 ], [ 88.86049, 21.85625 ], [ 88.85925, 21.85674 ], [ 88.85738, 21.85832 ], [ 88.857, 21.85902 ], [ 88.857, 21.8598 ], [ 88.85784, 21.86102 ], [ 88.85893, 21.86224 ], [ 88.85976, 21.86365 ], [ 88.86012, 21.86382 ], [ 88.86109, 21.86393 ], [ 88.86408, 21.86333 ], [ 88.86643, 21.86328 ], [ 88.86763, 21.86343 ], [ 88.86933, 21.86431 ], [ 88.86971, 21.86472 ], [ 88.87006, 21.86584 ], [ 88.86831, 21.86761 ], [ 88.8674, 21.86893 ], [ 88.86715, 21.87017 ], [ 88.86739, 21.87352 ], [ 88.86687, 21.87409 ], [ 88.86643, 21.87361 ], [ 88.86621, 21.87134 ], [ 88.86629, 21.86967 ], [ 88.86677, 21.86801 ], [ 88.86872, 21.86575 ], [ 88.86858, 21.86511 ], [ 88.86816, 21.86475 ], [ 88.86607, 21.86439 ], [ 88.86129, 21.86524 ], [ 88.85939, 21.86613 ], [ 88.85753, 21.86743 ], [ 88.85648, 21.86777 ], [ 88.85466, 21.86917 ], [ 88.85447, 21.86946 ], [ 88.85442, 21.87079 ], [ 88.85478, 21.8773 ], [ 88.85459, 21.88134 ], [ 88.85483, 21.88431 ], [ 88.85371, 21.88832 ], [ 88.85398, 21.8885 ], [ 88.85481, 21.88838 ], [ 88.85655, 21.88735 ], [ 88.85707, 21.88729 ], [ 88.85699, 21.88771 ], [ 88.85535, 21.88903 ], [ 88.85481, 21.88972 ], [ 88.85496, 21.89024 ], [ 88.85486, 21.8904 ], [ 88.85434, 21.89009 ], [ 88.85268, 21.89072 ], [ 88.85246, 21.8911 ], [ 88.85247, 21.89163 ], [ 88.8521, 21.8918 ], [ 88.85161, 21.89245 ], [ 88.85135, 21.89298 ], [ 88.85133, 21.89349 ], [ 88.85113, 21.8936 ], [ 88.85008, 21.89538 ], [ 88.84708, 21.89958 ], [ 88.84631, 21.90043 ], [ 88.84445, 21.90183 ], [ 88.84019, 21.90634 ], [ 88.83634, 21.90934 ], [ 88.83309, 21.91108 ], [ 88.82908, 21.91241 ], [ 88.82709, 21.91332 ], [ 88.82429, 21.91526 ], [ 88.82396, 21.91565 ], [ 88.82233, 21.9191 ], [ 88.82099, 21.92243 ], [ 88.8204, 21.92594 ], [ 88.82035, 21.92798 ], [ 88.82113, 21.92812 ], [ 88.82206, 21.92786 ], [ 88.82637, 21.92532 ], [ 88.83118, 21.92171 ], [ 88.83319, 21.9199 ], [ 88.83629, 21.9177 ], [ 88.83795, 21.91671 ], [ 88.84423, 21.91329 ], [ 88.84835, 21.91144 ], [ 88.84947, 21.9112 ] ] ], [ [ [ 88.82024, 21.89912 ], [ 88.82601, 21.89901 ], [ 88.82843, 21.89823 ], [ 88.83209, 21.8963 ], [ 88.83496, 21.89433 ], [ 88.83655, 21.89306 ], [ 88.83765, 21.89191 ], [ 88.83928, 21.88948 ], [ 88.83996, 21.88816 ], [ 88.84026, 21.88717 ], [ 88.84053, 21.88583 ], [ 88.84047, 21.88316 ], [ 88.8397, 21.8793 ], [ 88.83775, 21.87512 ], [ 88.83664, 21.87332 ], [ 88.83346, 21.86891 ], [ 88.83122, 21.86608 ], [ 88.82998, 21.86491 ], [ 88.82689, 21.86584 ], [ 88.82553, 21.86763 ], [ 88.82513, 21.86971 ], [ 88.82394, 21.87126 ], [ 88.82277, 21.87219 ], [ 88.82131, 21.87245 ], [ 88.8201, 21.87247 ], [ 88.81928, 21.87232 ], [ 88.81483, 21.87121 ], [ 88.81337, 21.87066 ], [ 88.80956, 21.86859 ], [ 88.80702, 21.8677 ], [ 88.80494, 21.86763 ], [ 88.80431, 21.86779 ], [ 88.80227, 21.86893 ], [ 88.80145, 21.86961 ], [ 88.80058, 21.87083 ], [ 88.80042, 21.87146 ], [ 88.80055, 21.87244 ], [ 88.80169, 21.87465 ], [ 88.80277, 21.87765 ], [ 88.80357, 21.87876 ], [ 88.80423, 21.87925 ], [ 88.80846, 21.88152 ], [ 88.80892, 21.88194 ], [ 88.80973, 21.88332 ], [ 88.81027, 21.88483 ], [ 88.81038, 21.88575 ], [ 88.81068, 21.89275 ], [ 88.81094, 21.89402 ], [ 88.81193, 21.89605 ], [ 88.81399, 21.89753 ], [ 88.81532, 21.89951 ], [ 88.81619, 21.90027 ], [ 88.81696, 21.90028 ], [ 88.82024, 21.89912 ] ] ], [ [ [ 88.89937, 21.91714 ], [ 88.89978, 21.91753 ], [ 88.90092, 21.91732 ], [ 88.90155, 21.91747 ], [ 88.90549, 21.91909 ], [ 88.90702, 21.91993 ], [ 88.90906, 21.92159 ], [ 88.90976, 21.9217 ], [ 88.91153, 21.92375 ], [ 88.9134, 21.92517 ], [ 88.91455, 21.9255 ], [ 88.91697, 21.92552 ], [ 88.92014, 21.92502 ], [ 88.9213, 21.92422 ], [ 88.9221, 21.92405 ], [ 88.9227, 21.92375 ], [ 88.92304, 21.92331 ], [ 88.92328, 21.92331 ], [ 88.92422, 21.92264 ], [ 88.92588, 21.92102 ], [ 88.93171, 21.91647 ], [ 88.9365, 21.91395 ], [ 88.93767, 21.91302 ], [ 88.94427, 21.90999 ], [ 88.94669, 21.90917 ], [ 88.94943, 21.90792 ], [ 88.95507, 21.90572 ], [ 88.96282, 21.90215 ], [ 88.96443, 21.90116 ], [ 88.96832, 21.89974 ], [ 88.97253, 21.89746 ], [ 88.9729, 21.89692 ], [ 88.97284, 21.89655 ], [ 88.9726, 21.89626 ], [ 88.97012, 21.89554 ], [ 88.96836, 21.89481 ], [ 88.96763, 21.89425 ], [ 88.96665, 21.89316 ], [ 88.96598, 21.89171 ], [ 88.96575, 21.8907 ], [ 88.96572, 21.88924 ], [ 88.96611, 21.88746 ], [ 88.96675, 21.88595 ], [ 88.96945, 21.88169 ], [ 88.9722, 21.87586 ], [ 88.97562, 21.86978 ], [ 88.97684, 21.86799 ], [ 88.97689, 21.86762 ], [ 88.97628, 21.86726 ], [ 88.97428, 21.86677 ], [ 88.96946, 21.8659 ], [ 88.96806, 21.86546 ], [ 88.96444, 21.86332 ], [ 88.96226, 21.86127 ], [ 88.95993, 21.85841 ], [ 88.95873, 21.85637 ], [ 88.95822, 21.85576 ], [ 88.95594, 21.85363 ], [ 88.95545, 21.8534 ], [ 88.95491, 21.85591 ], [ 88.95304, 21.85926 ], [ 88.9521, 21.86131 ], [ 88.9519, 21.8621 ], [ 88.952, 21.86284 ], [ 88.95276, 21.8642 ], [ 88.95404, 21.86524 ], [ 88.95725, 21.86707 ], [ 88.95787, 21.86763 ], [ 88.95813, 21.86801 ], [ 88.9586, 21.87018 ], [ 88.95833, 21.87076 ], [ 88.95775, 21.87144 ], [ 88.95501, 21.87378 ], [ 88.95284, 21.87619 ], [ 88.95228, 21.87709 ], [ 88.95154, 21.87928 ], [ 88.95117, 21.88326 ], [ 88.95066, 21.88502 ], [ 88.9499, 21.88615 ], [ 88.94893, 21.88684 ], [ 88.94799, 21.88705 ], [ 88.94683, 21.88673 ], [ 88.94537, 21.88604 ], [ 88.9435, 21.88496 ], [ 88.94124, 21.88318 ], [ 88.93989, 21.88243 ], [ 88.93872, 21.8821 ], [ 88.93802, 21.88212 ], [ 88.93716, 21.88229 ], [ 88.93641, 21.88267 ], [ 88.936, 21.88304 ], [ 88.93566, 21.88372 ], [ 88.93556, 21.8852 ], [ 88.93704, 21.89182 ], [ 88.93741, 21.89493 ], [ 88.93722, 21.89596 ], [ 88.93671, 21.89669 ], [ 88.93571, 21.89768 ], [ 88.93448, 21.89829 ], [ 88.93352, 21.89851 ], [ 88.92862, 21.89791 ], [ 88.92612, 21.89785 ], [ 88.92137, 21.89808 ], [ 88.92015, 21.89772 ], [ 88.91969, 21.89736 ], [ 88.91917, 21.8966 ], [ 88.9184, 21.89294 ], [ 88.91803, 21.89189 ], [ 88.91667, 21.89006 ], [ 88.91559, 21.88952 ], [ 88.91498, 21.88953 ], [ 88.91425, 21.88979 ], [ 88.91289, 21.89118 ], [ 88.91104, 21.89346 ], [ 88.90957, 21.89451 ], [ 88.90382, 21.89703 ], [ 88.89672, 21.89948 ], [ 88.89527, 21.9003 ], [ 88.89435, 21.90099 ], [ 88.89381, 21.90195 ], [ 88.89382, 21.90238 ], [ 88.89415, 21.90317 ], [ 88.89462, 21.90362 ], [ 88.89537, 21.90403 ], [ 88.89838, 21.90496 ], [ 88.90054, 21.90602 ], [ 88.90072, 21.90628 ], [ 88.90106, 21.90769 ], [ 88.90101, 21.90887 ], [ 88.90076, 21.90951 ], [ 88.90012, 21.91021 ], [ 88.89947, 21.91055 ], [ 88.89811, 21.91071 ], [ 88.89693, 21.91019 ], [ 88.89466, 21.90807 ], [ 88.89368, 21.90751 ], [ 88.89265, 21.90732 ], [ 88.89182, 21.9077 ], [ 88.89126, 21.90832 ], [ 88.89107, 21.90933 ], [ 88.89126, 21.91186 ], [ 88.89106, 21.91364 ], [ 88.8909, 21.91391 ], [ 88.89102, 21.91496 ], [ 88.89151, 21.91529 ], [ 88.8932, 21.91579 ], [ 88.898, 21.91695 ], [ 88.89865, 21.91683 ], [ 88.89937, 21.91714 ] ] ], [ [ [ 88.81728, 21.90358 ], [ 88.82006, 21.90244 ], [ 88.82145, 21.90156 ], [ 88.82034, 21.90132 ], [ 88.81947, 21.90137 ], [ 88.8182, 21.90191 ], [ 88.81713, 21.9028 ], [ 88.81685, 21.90335 ], [ 88.81728, 21.90358 ] ] ], [ [ [ 88.88285, 22.01099 ], [ 88.88398, 22.01087 ], [ 88.88915, 22.01144 ], [ 88.89196, 22.01139 ], [ 88.89625, 22.01208 ], [ 88.90025, 22.01129 ], [ 88.90185, 22.01069 ], [ 88.90247, 22.01025 ], [ 88.90254, 22.00974 ], [ 88.90281, 22.00961 ], [ 88.90311, 22.00907 ], [ 88.90386, 22.00564 ], [ 88.90379, 22.00313 ], [ 88.90326, 21.99891 ], [ 88.90299, 21.99795 ], [ 88.90236, 21.99222 ], [ 88.90233, 21.98682 ], [ 88.90316, 21.98137 ], [ 88.90405, 21.97842 ], [ 88.90477, 21.9769 ], [ 88.90482, 21.97588 ], [ 88.90518, 21.97441 ], [ 88.90479, 21.97274 ], [ 88.90524, 21.97266 ], [ 88.90651, 21.9716 ], [ 88.9067, 21.97077 ], [ 88.90743, 21.9694 ], [ 88.90756, 21.96837 ], [ 88.90734, 21.96724 ], [ 88.90735, 21.96545 ], [ 88.90764, 21.96516 ], [ 88.90777, 21.96398 ], [ 88.90626, 21.9562 ], [ 88.90564, 21.95198 ], [ 88.90518, 21.94425 ], [ 88.90537, 21.9418 ], [ 88.90492, 21.93971 ], [ 88.90458, 21.93903 ], [ 88.90434, 21.93723 ], [ 88.90494, 21.93645 ], [ 88.90556, 21.93496 ], [ 88.90596, 21.93384 ], [ 88.90596, 21.9332 ], [ 88.90636, 21.93271 ], [ 88.90654, 21.93206 ], [ 88.90686, 21.93156 ], [ 88.90724, 21.93005 ], [ 88.9067, 21.92868 ], [ 88.90585, 21.92748 ], [ 88.9053, 21.92707 ], [ 88.90149, 21.92558 ], [ 88.89671, 21.92291 ], [ 88.89556, 21.92254 ], [ 88.89405, 21.92239 ], [ 88.89264, 21.92206 ], [ 88.88988, 21.92131 ], [ 88.8873, 21.92118 ], [ 88.88461, 21.92174 ], [ 88.8838, 21.92223 ], [ 88.88222, 21.92273 ], [ 88.87702, 21.9232 ], [ 88.87386, 21.92298 ], [ 88.87311, 21.92322 ], [ 88.87265, 21.92376 ], [ 88.86933, 21.92336 ], [ 88.86896, 21.9226 ], [ 88.86848, 21.9222 ], [ 88.86778, 21.92194 ], [ 88.86542, 21.92146 ], [ 88.85974, 21.91992 ], [ 88.85637, 21.91948 ], [ 88.85418, 21.91994 ], [ 88.85189, 21.92062 ], [ 88.84576, 21.92289 ], [ 88.84426, 21.92373 ], [ 88.84153, 21.92608 ], [ 88.8371, 21.93189 ], [ 88.83326, 21.93588 ], [ 88.83079, 21.93768 ], [ 88.82867, 21.93893 ], [ 88.82561, 21.94015 ], [ 88.82419, 21.94053 ], [ 88.81895, 21.94141 ], [ 88.81694, 21.9415 ], [ 88.81481, 21.94107 ], [ 88.81368, 21.94062 ], [ 88.81137, 21.93935 ], [ 88.81115, 21.93941 ], [ 88.81106, 21.93963 ], [ 88.80979, 21.93968 ], [ 88.80952, 21.93933 ], [ 88.80907, 21.93923 ], [ 88.80674, 21.94001 ], [ 88.80532, 21.93705 ], [ 88.8054, 21.93624 ], [ 88.80485, 21.93448 ], [ 88.80348, 21.93207 ], [ 88.7993, 21.92734 ], [ 88.79243, 21.92224 ], [ 88.78998, 21.92072 ], [ 88.78923, 21.92055 ], [ 88.78868, 21.92064 ], [ 88.78699, 21.92132 ], [ 88.78351, 21.92346 ], [ 88.78124, 21.92515 ], [ 88.77805, 21.92723 ], [ 88.77518, 21.92865 ], [ 88.77107, 21.93011 ], [ 88.76825, 21.93078 ], [ 88.76428, 21.93137 ], [ 88.75825, 21.93169 ], [ 88.75617, 21.93154 ], [ 88.75458, 21.9312 ], [ 88.75145, 21.93017 ], [ 88.74893, 21.92898 ], [ 88.74667, 21.92757 ], [ 88.74542, 21.92649 ], [ 88.74232, 21.92312 ], [ 88.7416, 21.92264 ], [ 88.74063, 21.9224 ], [ 88.73678, 21.92365 ], [ 88.73517, 21.92435 ], [ 88.73387, 21.9246 ], [ 88.73356, 21.92486 ], [ 88.73232, 21.92713 ], [ 88.73124, 21.92965 ], [ 88.72824, 21.9345 ], [ 88.72794, 21.93525 ], [ 88.72601, 21.937 ], [ 88.72585, 21.93736 ], [ 88.72549, 21.93767 ], [ 88.72517, 21.93773 ], [ 88.72555, 21.939 ], [ 88.72537, 21.93932 ], [ 88.72502, 21.93941 ], [ 88.72516, 21.93957 ], [ 88.72491, 21.93973 ], [ 88.72505, 21.94004 ], [ 88.72423, 21.94111 ], [ 88.72409, 21.9417 ], [ 88.7235, 21.94278 ], [ 88.72334, 21.94282 ], [ 88.7234, 21.944 ], [ 88.72285, 21.94419 ], [ 88.72328, 21.94468 ], [ 88.72292, 21.945 ], [ 88.72356, 21.94524 ], [ 88.72373, 21.94553 ], [ 88.72357, 21.94592 ], [ 88.72332, 21.94604 ], [ 88.72421, 21.94713 ], [ 88.72377, 21.94743 ], [ 88.72405, 21.94761 ], [ 88.7242, 21.94804 ], [ 88.72475, 21.94871 ], [ 88.72464, 21.94919 ], [ 88.72431, 21.94928 ], [ 88.72445, 21.94965 ], [ 88.72414, 21.94974 ], [ 88.72515, 21.95107 ], [ 88.72483, 21.95126 ], [ 88.72502, 21.95145 ], [ 88.72475, 21.95176 ], [ 88.72494, 21.95202 ], [ 88.72475, 21.95235 ], [ 88.72454, 21.95244 ], [ 88.72452, 21.95273 ], [ 88.72426, 21.95298 ], [ 88.72367, 21.95305 ], [ 88.72361, 21.95321 ], [ 88.72417, 21.954 ], [ 88.72397, 21.95414 ], [ 88.72421, 21.95437 ], [ 88.72411, 21.95492 ], [ 88.72452, 21.95555 ], [ 88.72451, 21.95568 ], [ 88.72408, 21.95582 ], [ 88.72398, 21.956 ], [ 88.72414, 21.95623 ], [ 88.72449, 21.95627 ], [ 88.72463, 21.95669 ], [ 88.72451, 21.95697 ], [ 88.72406, 21.95692 ], [ 88.72412, 21.95725 ], [ 88.7238, 21.95726 ], [ 88.72369, 21.95763 ], [ 88.7246, 21.95845 ], [ 88.72375, 21.95855 ], [ 88.72416, 21.95898 ], [ 88.72363, 21.95899 ], [ 88.72386, 21.95949 ], [ 88.72344, 21.95948 ], [ 88.72345, 21.95968 ], [ 88.72329, 21.95971 ], [ 88.72355, 21.95984 ], [ 88.7237, 21.96012 ], [ 88.72326, 21.96021 ], [ 88.72318, 21.96037 ], [ 88.72337, 21.96069 ], [ 88.72426, 21.9609 ], [ 88.72396, 21.96321 ], [ 88.72425, 21.96386 ], [ 88.72397, 21.96401 ], [ 88.72411, 21.96446 ], [ 88.72396, 21.96465 ], [ 88.72443, 21.96511 ], [ 88.72397, 21.96516 ], [ 88.72385, 21.96538 ], [ 88.72406, 21.9659 ], [ 88.72381, 21.96604 ], [ 88.72392, 21.9663 ], [ 88.72353, 21.96662 ], [ 88.72343, 21.96713 ], [ 88.72365, 21.96768 ], [ 88.724, 21.96805 ], [ 88.72374, 21.9683 ], [ 88.72368, 21.96884 ], [ 88.72382, 21.96949 ], [ 88.72404, 21.96976 ], [ 88.72391, 21.96998 ], [ 88.72526, 21.97123 ], [ 88.72529, 21.97146 ], [ 88.72501, 21.9717 ], [ 88.72499, 21.97197 ], [ 88.72533, 21.97248 ], [ 88.72515, 21.97267 ], [ 88.72533, 21.97306 ], [ 88.72489, 21.97339 ], [ 88.72459, 21.97344 ], [ 88.72449, 21.97395 ], [ 88.72468, 21.97473 ], [ 88.72528, 21.97532 ], [ 88.72529, 21.97554 ], [ 88.72494, 21.97573 ], [ 88.72489, 21.97594 ], [ 88.72539, 21.97831 ], [ 88.72626, 21.97884 ], [ 88.72902, 21.97911 ], [ 88.73062, 21.9792 ], [ 88.73657, 21.97904 ], [ 88.74113, 21.97938 ], [ 88.74305, 21.9797 ], [ 88.74432, 21.97971 ], [ 88.74403, 21.98408 ], [ 88.74299, 21.98529 ], [ 88.74299, 21.98615 ], [ 88.74224, 21.98827 ], [ 88.74252, 21.98938 ], [ 88.74922, 21.99567 ], [ 88.75291, 21.99947 ], [ 88.75419, 22.0009 ], [ 88.75796, 22.00628 ], [ 88.75841, 22.00674 ], [ 88.75855, 22.00671 ], [ 88.76098, 22.00937 ], [ 88.7609, 22.01067 ], [ 88.76195, 22.01437 ], [ 88.76218, 22.0147 ], [ 88.76304, 22.01512 ], [ 88.76392, 22.01535 ], [ 88.76682, 22.0155 ], [ 88.77047, 22.0149 ], [ 88.77321, 22.01479 ], [ 88.77625, 22.01501 ], [ 88.77937, 22.01585 ], [ 88.78093, 22.0166 ], [ 88.78251, 22.01778 ], [ 88.7887, 22.02129 ], [ 88.79297, 22.02454 ], [ 88.7967, 22.0269 ], [ 88.79986, 22.02866 ], [ 88.80181, 22.02932 ], [ 88.80246, 22.02911 ], [ 88.80324, 22.02854 ], [ 88.80428, 22.02718 ], [ 88.80466, 22.02635 ], [ 88.80565, 22.0249 ], [ 88.80704, 22.02356 ], [ 88.81263, 22.01992 ], [ 88.81427, 22.01967 ], [ 88.8179, 22.01987 ], [ 88.82061, 22.02054 ], [ 88.82569, 22.02103 ], [ 88.82763, 22.0209 ], [ 88.83343, 22.01973 ], [ 88.83854, 22.01841 ], [ 88.84214, 22.01782 ], [ 88.84756, 22.01749 ], [ 88.8526, 22.01774 ], [ 88.85522, 22.01812 ], [ 88.85753, 22.01896 ], [ 88.85924, 22.01982 ], [ 88.86098, 22.021 ], [ 88.86445, 22.02369 ], [ 88.86621, 22.0243 ], [ 88.86662, 22.02426 ], [ 88.86705, 22.02403 ], [ 88.86798, 22.02276 ], [ 88.86981, 22.01912 ], [ 88.87036, 22.01765 ], [ 88.87038, 22.0172 ], [ 88.87156, 22.01513 ], [ 88.87344, 22.01341 ], [ 88.87615, 22.01199 ], [ 88.8765, 22.01159 ], [ 88.8769, 22.01143 ], [ 88.87785, 22.0114 ], [ 88.87875, 22.01116 ], [ 88.87947, 22.01124 ], [ 88.88036, 22.01094 ], [ 88.88285, 22.01099 ] ] ], [ [ [ 88.98169, 22.08374 ], [ 88.982, 22.08441 ], [ 88.98296, 22.08831 ], [ 88.98478, 22.09666 ], [ 88.98673, 22.10257 ], [ 88.98795, 22.10572 ], [ 88.98967, 22.1093 ], [ 88.99107, 22.11276 ], [ 88.99134, 22.11307 ], [ 88.99134, 22.11366 ], [ 88.99459, 22.12066 ], [ 88.9949, 22.12194 ], [ 88.99598, 22.12415 ], [ 88.99622, 22.12503 ], [ 88.99639, 22.12517 ], [ 88.99744, 22.1299 ], [ 88.99758, 22.13219 ], [ 88.99737, 22.13371 ], [ 88.99764, 22.13616 ], [ 88.99752, 22.13803 ], [ 88.99693, 22.14122 ], [ 88.99499, 22.14627 ], [ 88.99493, 22.14697 ], [ 88.9946, 22.14744 ], [ 88.99447, 22.14821 ], [ 88.9934, 22.15013 ], [ 88.99317, 22.15088 ], [ 88.99218, 22.15236 ], [ 88.99197, 22.15304 ], [ 88.9909, 22.15425 ], [ 88.98902, 22.15686 ], [ 88.98511, 22.16127 ], [ 88.98326, 22.16321 ], [ 88.97895, 22.16705 ], [ 88.97768, 22.1684 ], [ 88.97727, 22.1689 ], [ 88.97593, 22.17144 ], [ 88.97459, 22.17593 ], [ 88.9743, 22.17735 ], [ 88.97414, 22.17932 ], [ 88.97397, 22.17962 ], [ 88.97378, 22.18447 ], [ 88.97363, 22.18488 ], [ 88.97384, 22.18676 ], [ 88.97361, 22.188 ], [ 88.97371, 22.18856 ], [ 88.97343, 22.18893 ], [ 88.97329, 22.19048 ], [ 88.97331, 22.19178 ], [ 88.97349, 22.19232 ], [ 88.9734, 22.19442 ], [ 88.97712, 22.19363 ], [ 88.98012, 22.19383 ], [ 88.98226, 22.1943 ], [ 88.98611, 22.19559 ], [ 88.98673, 22.19567 ], [ 88.98704, 22.196 ], [ 88.98944, 22.19721 ], [ 88.99274, 22.1986 ], [ 88.99726, 22.19925 ], [ 89.00215, 22.199 ], [ 89.00589, 22.19798 ], [ 89.01182, 22.19606 ], [ 89.01315, 22.19543 ], [ 89.01368, 22.19505 ], [ 89.01383, 22.19466 ], [ 89.014, 22.19208 ], [ 89.01329, 22.18487 ], [ 89.01304, 22.18364 ], [ 89.01259, 22.17788 ], [ 89.013, 22.17562 ], [ 89.01339, 22.1712 ], [ 89.01383, 22.1689 ], [ 89.01413, 22.16495 ], [ 89.015, 22.16105 ], [ 89.01636, 22.15757 ], [ 89.01701, 22.15647 ], [ 89.01772, 22.15477 ], [ 89.01905, 22.15251 ], [ 89.02048, 22.15063 ], [ 89.02174, 22.14942 ], [ 89.02168, 22.14844 ], [ 89.02646, 22.1458 ], [ 89.02713, 22.14533 ], [ 89.02743, 22.14482 ], [ 89.02858, 22.14455 ], [ 89.03376, 22.14136 ], [ 89.03947, 22.13836 ], [ 89.04513, 22.13478 ], [ 89.04706, 22.13403 ], [ 89.0493, 22.13218 ], [ 89.05005, 22.13113 ], [ 89.05009, 22.13047 ], [ 89.04889, 22.12806 ], [ 89.0435, 22.12073 ], [ 89.03981, 22.11675 ], [ 89.03844, 22.11465 ], [ 89.03754, 22.11259 ], [ 89.03569, 22.10952 ], [ 89.03591, 22.10837 ], [ 89.0351, 22.10477 ], [ 89.03397, 22.1022 ], [ 89.03325, 22.09985 ], [ 89.03262, 22.09836 ], [ 89.03112, 22.09318 ], [ 89.0314, 22.09043 ], [ 89.03164, 22.08941 ], [ 89.03128, 22.08768 ], [ 89.0316, 22.08227 ], [ 89.03228, 22.07961 ], [ 89.03258, 22.07747 ], [ 89.0332, 22.0758 ], [ 89.03407, 22.07178 ], [ 89.03522, 22.06768 ], [ 89.03534, 22.06623 ], [ 89.03707, 22.05981 ], [ 89.03751, 22.05888 ], [ 89.03782, 22.05677 ], [ 89.03833, 22.05542 ], [ 89.03803, 22.05341 ], [ 89.03944, 22.04942 ], [ 89.03999, 22.04918 ], [ 89.04073, 22.04854 ], [ 89.0419, 22.0468 ], [ 89.04189, 22.04651 ], [ 89.04259, 22.0451 ], [ 89.04325, 22.04322 ], [ 89.04579, 22.03788 ], [ 89.04589, 22.0374 ], [ 89.04719, 22.03588 ], [ 89.04697, 22.03485 ], [ 89.04805, 22.03396 ], [ 89.05044, 22.03158 ], [ 89.05326, 22.02831 ], [ 89.0615, 22.01981 ], [ 89.06616, 22.01458 ], [ 89.06696, 22.0136 ], [ 89.06738, 22.0128 ], [ 89.0676, 22.01126 ], [ 89.06841, 22.01097 ], [ 89.07049, 22.00821 ], [ 89.07215, 22.00569 ], [ 89.07328, 22.0034 ], [ 89.07425, 21.99935 ], [ 89.07573, 21.99505 ], [ 89.0765, 21.99204 ], [ 89.07694, 21.98958 ], [ 89.07714, 21.98629 ], [ 89.07707, 21.9838 ], [ 89.07647, 21.98065 ], [ 89.07453, 21.97614 ], [ 89.07314, 21.97192 ], [ 89.07269, 21.97146 ], [ 89.07215, 21.96993 ], [ 89.07201, 21.96992 ], [ 89.07135, 21.96904 ], [ 89.07161, 21.96822 ], [ 89.07161, 21.96718 ], [ 89.0708, 21.96482 ], [ 89.07032, 21.95827 ], [ 89.0699, 21.95634 ], [ 89.0697, 21.95405 ], [ 89.06894, 21.95039 ], [ 89.06748, 21.94639 ], [ 89.06344, 21.93747 ], [ 89.06268, 21.9361 ], [ 89.06242, 21.93589 ], [ 89.06238, 21.93561 ], [ 89.06101, 21.93406 ], [ 89.06058, 21.93322 ], [ 89.06002, 21.93303 ], [ 89.05999, 21.93262 ], [ 89.05881, 21.93253 ], [ 89.05772, 21.93263 ], [ 89.05697, 21.93233 ], [ 89.05487, 21.93212 ], [ 89.05357, 21.93169 ], [ 89.05188, 21.93071 ], [ 89.04963, 21.92998 ], [ 89.04955, 21.92958 ], [ 89.04815, 21.92906 ], [ 89.04538, 21.92872 ], [ 89.045, 21.92886 ], [ 89.04281, 21.92895 ], [ 89.03885, 21.92859 ], [ 89.03631, 21.92806 ], [ 89.03342, 21.92706 ], [ 89.03175, 21.92678 ], [ 89.03087, 21.92687 ], [ 89.03004, 21.92733 ], [ 89.02779, 21.9291 ], [ 89.02439, 21.93232 ], [ 89.01756, 21.92722 ], [ 89.02081, 21.92225 ], [ 89.02129, 21.92096 ], [ 89.02131, 21.91998 ], [ 89.02108, 21.91968 ], [ 89.02016, 21.91724 ], [ 89.02017, 21.91696 ], [ 89.01925, 21.91495 ], [ 89.01803, 21.91306 ], [ 89.01801, 21.9126 ], [ 89.0177, 21.9125 ], [ 89.01768, 21.91211 ], [ 89.01664, 21.9102 ], [ 89.01566, 21.90908 ], [ 89.01487, 21.90779 ], [ 89.01478, 21.90725 ], [ 89.015, 21.90653 ], [ 89.01471, 21.90394 ], [ 89.01415, 21.90355 ], [ 89.01286, 21.90311 ], [ 89.00969, 21.90316 ], [ 89.00329, 21.90406 ], [ 88.99881, 21.90505 ], [ 88.99492, 21.9063 ], [ 88.99083, 21.90823 ], [ 88.98975, 21.90889 ], [ 88.98677, 21.91114 ], [ 88.98166, 21.91431 ], [ 88.97247, 21.91954 ], [ 88.97093, 21.92028 ], [ 88.96854, 21.92113 ], [ 88.96823, 21.92158 ], [ 88.96592, 21.92308 ], [ 88.96534, 21.92312 ], [ 88.96148, 21.92425 ], [ 88.95461, 21.92641 ], [ 88.94667, 21.92945 ], [ 88.94266, 21.93159 ], [ 88.94015, 21.93352 ], [ 88.93671, 21.9366 ], [ 88.93313, 21.94081 ], [ 88.9321, 21.94221 ], [ 88.93139, 21.94369 ], [ 88.9308, 21.94543 ], [ 88.93047, 21.94894 ], [ 88.93005, 21.94978 ], [ 88.9266, 21.96126 ], [ 88.92666, 21.96239 ], [ 88.92842, 21.96446 ], [ 88.92957, 21.96547 ], [ 88.93121, 21.96619 ], [ 88.93307, 21.96739 ], [ 88.93605, 21.96991 ], [ 88.94067, 21.97468 ], [ 88.94171, 21.97537 ], [ 88.94182, 21.97623 ], [ 88.94352, 21.97901 ], [ 88.94701, 21.98621 ], [ 88.94752, 21.99019 ], [ 88.9477, 21.99417 ], [ 88.94745, 21.99777 ], [ 88.94692, 22.00149 ], [ 88.94775, 22.00203 ], [ 88.94767, 22.00229 ], [ 88.9466, 22.00376 ], [ 88.9465, 22.00424 ], [ 88.94669, 22.00443 ], [ 88.94626, 22.00509 ], [ 88.9456, 22.00544 ], [ 88.94454, 22.00685 ], [ 88.9423, 22.01072 ], [ 88.94218, 22.0113 ], [ 88.9408, 22.01322 ], [ 88.94063, 22.01384 ], [ 88.94016, 22.01434 ], [ 88.94016, 22.01465 ], [ 88.93849, 22.01694 ], [ 88.93805, 22.01781 ], [ 88.9364, 22.02206 ], [ 88.93527, 22.02765 ], [ 88.93498, 22.03221 ], [ 88.93418, 22.03722 ], [ 88.93385, 22.04635 ], [ 88.93398, 22.04918 ], [ 88.93448, 22.05307 ], [ 88.93526, 22.05552 ], [ 88.93664, 22.05868 ], [ 88.93711, 22.0589 ], [ 88.93758, 22.05983 ], [ 88.93841, 22.06097 ], [ 88.93875, 22.06114 ], [ 88.941, 22.06156 ], [ 88.94141, 22.06154 ], [ 88.94187, 22.06128 ], [ 88.9424, 22.06134 ], [ 88.94261, 22.0612 ], [ 88.94418, 22.06102 ], [ 88.95357, 22.05929 ], [ 88.95577, 22.05922 ], [ 88.95913, 22.05954 ], [ 88.95949, 22.05946 ], [ 88.9635, 22.06033 ], [ 88.96385, 22.06058 ], [ 88.96398, 22.06098 ], [ 88.96819, 22.06371 ], [ 88.97, 22.06507 ], [ 88.97191, 22.06677 ], [ 88.97477, 22.06971 ], [ 88.97706, 22.07297 ], [ 88.9792, 22.07648 ], [ 88.98069, 22.07976 ], [ 88.98129, 22.08161 ], [ 88.98169, 22.08374 ] ] ], [ [ [ 88.81442, 22.12384 ], [ 88.81702, 22.12309 ], [ 88.81859, 22.12297 ], [ 88.82265, 22.12333 ], [ 88.82803, 22.1245 ], [ 88.82962, 22.12449 ], [ 88.83001, 22.12466 ], [ 88.83165, 22.12448 ], [ 88.8357, 22.12365 ], [ 88.8409, 22.12221 ], [ 88.84406, 22.12059 ], [ 88.84623, 22.11885 ], [ 88.84681, 22.118 ], [ 88.84722, 22.11696 ], [ 88.84757, 22.11248 ], [ 88.84758, 22.11028 ], [ 88.84801, 22.10629 ], [ 88.84842, 22.10496 ], [ 88.84934, 22.10328 ], [ 88.85061, 22.10169 ], [ 88.85208, 22.10025 ], [ 88.8566, 22.09631 ], [ 88.85971, 22.09373 ], [ 88.86702, 22.08859 ], [ 88.86744, 22.08803 ], [ 88.86988, 22.08707 ], [ 88.87015, 22.0871 ], [ 88.87437, 22.08563 ], [ 88.87666, 22.08456 ], [ 88.87789, 22.0842 ], [ 88.87973, 22.08401 ], [ 88.88225, 22.08406 ], [ 88.88324, 22.08427 ], [ 88.88574, 22.08527 ], [ 88.88804, 22.0869 ], [ 88.88874, 22.08725 ], [ 88.89223, 22.08847 ], [ 88.89589, 22.08934 ], [ 88.89694, 22.08931 ], [ 88.89931, 22.08863 ], [ 88.90138, 22.0877 ], [ 88.90381, 22.087 ], [ 88.90477, 22.0863 ], [ 88.90495, 22.0859 ], [ 88.90479, 22.0854 ], [ 88.904, 22.0845 ], [ 88.90033, 22.0821 ], [ 88.89978, 22.08142 ], [ 88.89863, 22.08081 ], [ 88.89672, 22.07905 ], [ 88.89532, 22.07747 ], [ 88.89364, 22.07483 ], [ 88.89293, 22.07343 ], [ 88.89198, 22.07018 ], [ 88.89168, 22.06722 ], [ 88.89217, 22.0622 ], [ 88.89278, 22.05932 ], [ 88.89102, 22.05659 ], [ 88.89514, 22.05494 ], [ 88.89932, 22.05152 ], [ 88.90144, 22.05067 ], [ 88.90317, 22.04915 ], [ 88.90348, 22.04857 ], [ 88.90349, 22.04799 ], [ 88.90254, 22.04617 ], [ 88.90088, 22.04096 ], [ 88.90051, 22.03821 ], [ 88.90044, 22.03572 ], [ 88.90096, 22.03294 ], [ 88.90169, 22.02517 ], [ 88.90142, 22.02392 ], [ 88.90095, 22.01876 ], [ 88.90069, 22.01827 ], [ 88.89782, 22.01738 ], [ 88.89653, 22.01662 ], [ 88.89235, 22.01542 ], [ 88.89134, 22.01528 ], [ 88.88734, 22.01528 ], [ 88.88696, 22.01522 ], [ 88.88646, 22.01484 ], [ 88.88576, 22.01482 ], [ 88.88358, 22.01513 ], [ 88.88069, 22.01501 ], [ 88.87868, 22.01463 ], [ 88.87799, 22.01537 ], [ 88.87683, 22.01508 ], [ 88.87617, 22.01578 ], [ 88.87574, 22.01686 ], [ 88.87489, 22.02119 ], [ 88.87439, 22.02274 ], [ 88.87332, 22.02496 ], [ 88.87185, 22.02649 ], [ 88.87071, 22.02742 ], [ 88.8699, 22.02776 ], [ 88.86693, 22.02839 ], [ 88.8644, 22.02825 ], [ 88.86353, 22.02848 ], [ 88.85961, 22.02671 ], [ 88.85937, 22.02578 ], [ 88.85908, 22.02529 ], [ 88.85877, 22.02493 ], [ 88.85834, 22.02472 ], [ 88.85765, 22.02471 ], [ 88.85608, 22.02409 ], [ 88.85153, 22.02273 ], [ 88.84767, 22.0221 ], [ 88.84626, 22.02203 ], [ 88.84352, 22.02241 ], [ 88.83758, 22.02535 ], [ 88.83714, 22.02543 ], [ 88.83509, 22.0267 ], [ 88.83232, 22.02762 ], [ 88.83152, 22.02732 ], [ 88.8298, 22.02728 ], [ 88.82899, 22.02745 ], [ 88.82853, 22.02735 ], [ 88.82408, 22.0273 ], [ 88.82113, 22.02702 ], [ 88.82003, 22.02688 ], [ 88.81501, 22.02567 ], [ 88.81434, 22.02665 ], [ 88.81424, 22.02738 ], [ 88.81384, 22.02778 ], [ 88.81335, 22.0279 ], [ 88.81285, 22.02904 ], [ 88.81249, 22.02917 ], [ 88.81262, 22.02942 ], [ 88.81251, 22.02983 ], [ 88.81219, 22.03003 ], [ 88.81182, 22.03002 ], [ 88.81173, 22.03061 ], [ 88.81025, 22.03119 ], [ 88.80758, 22.03294 ], [ 88.80618, 22.03347 ], [ 88.80335, 22.03406 ], [ 88.80084, 22.03401 ], [ 88.79922, 22.03373 ], [ 88.7978, 22.03313 ], [ 88.79733, 22.03276 ], [ 88.79396, 22.03104 ], [ 88.79155, 22.03039 ], [ 88.7906, 22.02932 ], [ 88.78194, 22.0237 ], [ 88.78007, 22.0219 ], [ 88.77756, 22.02124 ], [ 88.77538, 22.02098 ], [ 88.77208, 22.02093 ], [ 88.76486, 22.02159 ], [ 88.76194, 22.02234 ], [ 88.76158, 22.02317 ], [ 88.76076, 22.03001 ], [ 88.76036, 22.03172 ], [ 88.76014, 22.03187 ], [ 88.76021, 22.03223 ], [ 88.76003, 22.03242 ], [ 88.75999, 22.03302 ], [ 88.7597, 22.03342 ], [ 88.75944, 22.03432 ], [ 88.75953, 22.03575 ], [ 88.75939, 22.03611 ], [ 88.75827, 22.03681 ], [ 88.75839, 22.03724 ], [ 88.75798, 22.03778 ], [ 88.75795, 22.03833 ], [ 88.7568, 22.03998 ], [ 88.75542, 22.04246 ], [ 88.7547, 22.04483 ], [ 88.75402, 22.04569 ], [ 88.75341, 22.04711 ], [ 88.75195, 22.04966 ], [ 88.75195, 22.05189 ], [ 88.75249, 22.05268 ], [ 88.7503, 22.05609 ], [ 88.74978, 22.05654 ], [ 88.74913, 22.05684 ], [ 88.74837, 22.05805 ], [ 88.74811, 22.05816 ], [ 88.74818, 22.05851 ], [ 88.74792, 22.05954 ], [ 88.74837, 22.06076 ], [ 88.74976, 22.06295 ], [ 88.7512, 22.06615 ], [ 88.75298, 22.06934 ], [ 88.7549, 22.07398 ], [ 88.75572, 22.07541 ], [ 88.75587, 22.07618 ], [ 88.75643, 22.0776 ], [ 88.75734, 22.07903 ], [ 88.75855, 22.08028 ], [ 88.75995, 22.08095 ], [ 88.76277, 22.08193 ], [ 88.76882, 22.08482 ], [ 88.77232, 22.0884 ], [ 88.77498, 22.09229 ], [ 88.77581, 22.09388 ], [ 88.77675, 22.09625 ], [ 88.77726, 22.09892 ], [ 88.77776, 22.10056 ], [ 88.77858, 22.10235 ], [ 88.77922, 22.10333 ], [ 88.7804, 22.10411 ], [ 88.78308, 22.10663 ], [ 88.78377, 22.10696 ], [ 88.78472, 22.10716 ], [ 88.78883, 22.10757 ], [ 88.79139, 22.1081 ], [ 88.79268, 22.10852 ], [ 88.79409, 22.10919 ], [ 88.79592, 22.10939 ], [ 88.79777, 22.11113 ], [ 88.79962, 22.11258 ], [ 88.801, 22.11426 ], [ 88.80188, 22.11563 ], [ 88.8025, 22.11856 ], [ 88.8034, 22.12069 ], [ 88.80598, 22.12455 ], [ 88.80661, 22.12518 ], [ 88.80772, 22.12589 ], [ 88.80862, 22.12607 ], [ 88.81004, 22.12567 ], [ 88.81442, 22.12384 ] ] ], [ [ [ 88.89779, 22.16024 ], [ 88.89497, 22.16304 ], [ 88.89444, 22.16429 ], [ 88.89397, 22.16692 ], [ 88.89396, 22.16827 ], [ 88.89463, 22.1709 ], [ 88.89525, 22.17175 ], [ 88.89682, 22.1713 ], [ 88.90315, 22.16816 ], [ 88.9053, 22.16694 ], [ 88.90668, 22.16604 ], [ 88.91113, 22.16208 ], [ 88.91284, 22.16135 ], [ 88.91308, 22.1609 ], [ 88.91363, 22.16107 ], [ 88.91405, 22.16049 ], [ 88.91423, 22.16046 ], [ 88.91463, 22.16072 ], [ 88.91626, 22.16016 ], [ 88.91734, 22.16018 ], [ 88.91829, 22.1604 ], [ 88.91936, 22.16031 ], [ 88.91998, 22.16106 ], [ 88.92068, 22.16108 ], [ 88.92087, 22.16126 ], [ 88.92125, 22.16132 ], [ 88.92194, 22.1613 ], [ 88.92224, 22.16184 ], [ 88.9227, 22.16207 ], [ 88.92525, 22.16418 ], [ 88.92568, 22.16499 ], [ 88.92673, 22.16755 ], [ 88.927, 22.17075 ], [ 88.92624, 22.17522 ], [ 88.9264, 22.17579 ], [ 88.92778, 22.17556 ], [ 88.92888, 22.17518 ], [ 88.93002, 22.17508 ], [ 88.93123, 22.17533 ], [ 88.93394, 22.17624 ], [ 88.93511, 22.17695 ], [ 88.93575, 22.17758 ], [ 88.93673, 22.17918 ], [ 88.93788, 22.18029 ], [ 88.93891, 22.18071 ], [ 88.94367, 22.18111 ], [ 88.94476, 22.18157 ], [ 88.94584, 22.18241 ], [ 88.94637, 22.18307 ], [ 88.9469, 22.18435 ], [ 88.94688, 22.18554 ], [ 88.94671, 22.18603 ], [ 88.94581, 22.18732 ], [ 88.94271, 22.18986 ], [ 88.94253, 22.19032 ], [ 88.94264, 22.19058 ], [ 88.94343, 22.19079 ], [ 88.94871, 22.18936 ], [ 88.94994, 22.18918 ], [ 88.95283, 22.18912 ], [ 88.95524, 22.18936 ], [ 88.95739, 22.18979 ], [ 88.95905, 22.18973 ], [ 88.96058, 22.18948 ], [ 88.96099, 22.18885 ], [ 88.96158, 22.18664 ], [ 88.96243, 22.18153 ], [ 88.96373, 22.17687 ], [ 88.96512, 22.17274 ], [ 88.96658, 22.16908 ], [ 88.96754, 22.16706 ], [ 88.96859, 22.16535 ], [ 88.97201, 22.1608 ], [ 88.9725, 22.16063 ], [ 88.97279, 22.16036 ], [ 88.97281, 22.15981 ], [ 88.97327, 22.15957 ], [ 88.97449, 22.15797 ], [ 88.97705, 22.15556 ], [ 88.97905, 22.15419 ], [ 88.98158, 22.15213 ], [ 88.98497, 22.1481 ], [ 88.98505, 22.14768 ], [ 88.98492, 22.1449 ], [ 88.98559, 22.14165 ], [ 88.98542, 22.14067 ], [ 88.9856, 22.13832 ], [ 88.98584, 22.13824 ], [ 88.98596, 22.13797 ], [ 88.98597, 22.13723 ], [ 88.98558, 22.13323 ], [ 88.98559, 22.13199 ], [ 88.98364, 22.12114 ], [ 88.98342, 22.12108 ], [ 88.98306, 22.11993 ], [ 88.9831, 22.11925 ], [ 88.98188, 22.11527 ], [ 88.98034, 22.11188 ], [ 88.9753, 22.10247 ], [ 88.97354, 22.09848 ], [ 88.97106, 22.08992 ], [ 88.96975, 22.08484 ], [ 88.96914, 22.08309 ], [ 88.96821, 22.08253 ], [ 88.96652, 22.07833 ], [ 88.96604, 22.07779 ], [ 88.96288, 22.07567 ], [ 88.96063, 22.07492 ], [ 88.95903, 22.07456 ], [ 88.95539, 22.07423 ], [ 88.94964, 22.07447 ], [ 88.94381, 22.0743 ], [ 88.94044, 22.07388 ], [ 88.937, 22.07295 ], [ 88.93267, 22.07082 ], [ 88.92962, 22.06895 ], [ 88.92721, 22.06719 ], [ 88.92431, 22.06423 ], [ 88.92428, 22.06375 ], [ 88.92379, 22.06354 ], [ 88.92377, 22.06293 ], [ 88.92343, 22.06177 ], [ 88.9226, 22.06051 ], [ 88.92262, 22.06017 ], [ 88.92235, 22.0602 ], [ 88.9221, 22.06 ], [ 88.92226, 22.05942 ], [ 88.92167, 22.05773 ], [ 88.9212, 22.05555 ], [ 88.9212, 22.05368 ], [ 88.92101, 22.05329 ], [ 88.92119, 22.05271 ], [ 88.92103, 22.05247 ], [ 88.92114, 22.05227 ], [ 88.92096, 22.04929 ], [ 88.92118, 22.04757 ], [ 88.92111, 22.04718 ], [ 88.92129, 22.04691 ], [ 88.92122, 22.04633 ], [ 88.92143, 22.04565 ], [ 88.92137, 22.04364 ], [ 88.92197, 22.04185 ], [ 88.92193, 22.04136 ], [ 88.92222, 22.04052 ], [ 88.923, 22.03602 ], [ 88.9236, 22.03349 ], [ 88.92359, 22.02846 ], [ 88.92407, 22.02349 ], [ 88.92616, 22.01527 ], [ 88.92644, 22.01443 ], [ 88.92729, 22.01288 ], [ 88.92742, 22.01218 ], [ 88.92731, 22.01158 ], [ 88.92773, 22.0105 ], [ 88.92799, 22.00851 ], [ 88.92874, 22.00592 ], [ 88.92976, 22.00322 ], [ 88.93173, 21.99948 ], [ 88.93258, 21.99717 ], [ 88.93358, 21.99519 ], [ 88.93485, 21.99206 ], [ 88.93486, 21.99135 ], [ 88.93418, 21.99052 ], [ 88.93232, 21.98886 ], [ 88.92846, 21.98624 ], [ 88.92399, 21.98394 ], [ 88.92357, 21.98392 ], [ 88.9234, 21.98355 ], [ 88.92289, 21.98343 ], [ 88.92232, 21.98291 ], [ 88.92185, 21.9828 ], [ 88.92088, 21.98206 ], [ 88.91849, 21.98148 ], [ 88.91711, 21.98256 ], [ 88.91685, 21.98261 ], [ 88.91651, 21.9831 ], [ 88.91482, 21.98853 ], [ 88.91448, 21.99031 ], [ 88.91413, 21.9909 ], [ 88.91354, 21.99272 ], [ 88.91377, 21.99599 ], [ 88.91438, 21.99786 ], [ 88.91482, 22.00132 ], [ 88.9159, 22.00587 ], [ 88.91625, 22.00922 ], [ 88.91633, 22.01262 ], [ 88.91577, 22.01611 ], [ 88.91435, 22.02211 ], [ 88.90913, 22.03225 ], [ 88.90848, 22.03489 ], [ 88.90922, 22.03771 ], [ 88.91075, 22.04036 ], [ 88.91101, 22.04124 ], [ 88.91111, 22.04213 ], [ 88.91027, 22.04836 ], [ 88.90972, 22.05094 ], [ 88.90814, 22.0559 ], [ 88.90738, 22.05778 ], [ 88.9063, 22.05973 ], [ 88.90508, 22.06138 ], [ 88.90232, 22.06392 ], [ 88.90149, 22.06504 ], [ 88.90154, 22.06536 ], [ 88.90332, 22.06741 ], [ 88.90488, 22.06978 ], [ 88.90586, 22.07165 ], [ 88.90709, 22.07512 ], [ 88.90909, 22.07889 ], [ 88.9118, 22.08068 ], [ 88.91553, 22.08237 ], [ 88.91807, 22.08384 ], [ 88.92073, 22.08588 ], [ 88.9228, 22.08779 ], [ 88.92694, 22.09205 ], [ 88.92772, 22.09253 ], [ 88.92794, 22.09295 ], [ 88.92854, 22.09334 ], [ 88.9286, 22.09366 ], [ 88.92891, 22.09381 ], [ 88.92905, 22.0942 ], [ 88.93041, 22.0958 ], [ 88.93156, 22.0987 ], [ 88.9319, 22.09916 ], [ 88.93203, 22.10017 ], [ 88.93184, 22.1005 ], [ 88.93182, 22.10176 ], [ 88.93204, 22.10399 ], [ 88.93232, 22.10472 ], [ 88.93223, 22.10493 ], [ 88.93178, 22.10522 ], [ 88.93186, 22.10595 ], [ 88.93046, 22.11054 ], [ 88.92783, 22.11543 ], [ 88.92343, 22.12178 ], [ 88.92343, 22.12246 ], [ 88.92155, 22.12481 ], [ 88.9188, 22.12652 ], [ 88.91505, 22.12912 ], [ 88.91124, 22.13215 ], [ 88.90925, 22.13421 ], [ 88.90909, 22.13475 ], [ 88.90917, 22.13945 ], [ 88.90889, 22.14199 ], [ 88.90809, 22.14478 ], [ 88.90701, 22.14951 ], [ 88.90581, 22.15158 ], [ 88.90358, 22.1546 ], [ 88.90003, 22.15829 ], [ 88.89779, 22.16024 ] ] ] ] } },
{ "type": "Feature", "properties": { "district": "Kolkata", "osm_relation": 10371838, "land_area_km2": 183.8 }, "geometry": { "type": "Polygon", "coordinates": [ [ [ 88.36117, 22.60905 ], [ 88.36512, 22.61839 ], [ 88.36895, 22.61876 ], [ 88.37625, 22.61813 ], [ 88.37943, 22.61827 ], [ 88.38263, 22.61877 ], [ 88.38413, 22.61883 ], [ 88.38643, 22.61811 ], [ 88.38816, 22.6181 ], [ 88.39119, 22.61869 ], [ 88.39232, 22.61816 ], [ 88.39284, 22.61648 ], [ 88.39318, 22.61357 ], [ 88.39284, 22.61115 ], [ 88.39335, 22.60873 ], [ 88.3933, 22.60414 ], [ 88.3928, 22.59943 ], [ 88.39201, 22.59619 ], [ 88.39226, 22.59521 ], [ 88.39476, 22.59255 ], [ 88.39496, 22.59206 ], [ 88.39547, 22.592 ], [ 88.39672, 22.59008 ], [ 88.4013, 22.58059 ], [ 88.40329, 22.5728 ], [ 88.40376, 22.57169 ], [ 88.40592, 22.56748 ], [ 88.40833, 22.56217 ], [ 88.40927, 22.56075 ], [ 88.41161, 22.55815 ], [ 88.41206, 22.55735 ], [ 88.41236, 22.55627 ], [ 88.41283, 22.55533 ], [ 88.41404, 22.55457 ], [ 88.41492, 22.55371 ], [ 88.41749, 22.55168 ], [ 88.41865, 22.55099 ], [ 88.42325, 22.54556 ], [ 88.42394, 22.54591 ], [ 88.42505, 22.54491 ], [ 88.42613, 22.54311 ], [ 88.42744, 22.54174 ], [ 88.42821, 22.54132 ], [ 88.42984, 22.53993 ], [ 88.43385, 22.5371 ], [ 88.43376, 22.53689 ], [ 88.43434, 22.5363 ], [ 88.43506, 22.53498 ], [ 88.43931, 22.53014 ], [ 88.44018, 22.52962 ], [ 88.44133, 22.52765 ], [ 88.44247, 22.52725 ], [ 88.44319, 22.5266 ], [ 88.44432, 22.52704 ], [ 88.44554, 22.5272 ], [ 88.44606, 22.52713 ], [ 88.45006, 22.52576 ], [ 88.45868, 22.52312 ], [ 88.46108, 22.52256 ], [ 88.46049, 22.52016 ], [ 88.45957, 22.51914 ], [ 88.45861, 22.51896 ], [ 88.45571, 22.51885 ], [ 88.45599, 22.51842 ], [ 88.45659, 22.51811 ], [ 88.45787, 22.51784 ], [ 88.45848, 22.51736 ], [ 88.45831, 22.51675 ], [ 88.45589, 22.51507 ], [ 88.45522, 22.51318 ], [ 88.45466, 22.50958 ], [ 88.45429, 22.50916 ], [ 88.45252, 22.50932 ], [ 88.45075, 22.50888 ], [ 88.44843, 22.50853 ], [ 88.44629, 22.50989 ], [ 88.44516, 22.51125 ], [ 88.44425, 22.51175 ], [ 88.44341, 22.51122 ], [ 88.44154, 22.50958 ], [ 88.44057, 22.5092 ], [ 88.43974, 22.50949 ], [ 88.43776, 22.51233 ], [ 88.43709, 22.51305 ], [ 88.43653, 22.51337 ], [ 88.43649, 22.51376 ], [ 88.43682, 22.51493 ], [ 88.43651, 22.51577 ], [ 88.43508, 22.51715 ], [ 88.43398, 22.51753 ], [ 88.43253, 22.51734 ], [ 88.43169, 22.51738 ], [ 88.43104, 22.51718 ], [ 88.43013, 22.51761 ], [ 88.42908, 22.51781 ], [ 88.42714, 22.51857 ], [ 88.4268, 22.51907 ], [ 88.42673, 22.51953 ], [ 88.42636, 22.51968 ], [ 88.42623, 22.52014 ], [ 88.42569, 22.52027 ], [ 88.42404, 22.52134 ], [ 88.42218, 22.52354 ], [ 88.42111, 22.52392 ], [ 88.42055, 22.52384 ], [ 88.42005, 22.52334 ], [ 88.42011, 22.51741 ], [ 88.41895, 22.5158 ], [ 88.41724, 22.51578 ], [ 88.41675, 22.51545 ], [ 88.41634, 22.5142 ], [ 88.41568, 22.50967 ], [ 88.41605, 22.50645 ], [ 88.41581, 22.50554 ], [ 88.41505, 22.50472 ], [ 88.41393, 22.50495 ], [ 88.41377, 22.50474 ], [ 88.41376, 22.50374 ], [ 88.41303, 22.50322 ], [ 88.41157, 22.50271 ], [ 88.41063, 22.5022 ], [ 88.41028, 22.50175 ], [ 88.41115, 22.49959 ], [ 88.41069, 22.4987 ], [ 88.41082, 22.49823 ], [ 88.41116, 22.49797 ], [ 88.41273, 22.49831 ], [ 88.4132, 22.49765 ], [ 88.41323, 22.49483 ], [ 88.41252, 22.49422 ], [ 88.4116, 22.49393 ], [ 88.40904, 22.49386 ], [ 88.40797, 22.49337 ], [ 88.40718, 22.49276 ], [ 88.40644, 22.49164 ], [ 88.40631, 22.49087 ], [ 88.40668, 22.48999 ], [ 88.40715, 22.48991 ], [ 88.41053, 22.49072 ], [ 88.4111, 22.49108 ], [ 88.4121, 22.49123 ], [ 88.41438, 22.49043 ], [ 88.41472, 22.48947 ], [ 88.41602, 22.48862 ], [ 88.41655, 22.48758 ], [ 88.41636, 22.48695 ], [ 88.41605, 22.48653 ], [ 88.41705, 22.48451 ], [ 88.41646, 22.48352 ], [ 88.41508, 22.48207 ], [ 88.41508, 22.47994 ], [ 88.41492, 22.47865 ], [ 88.41448, 22.47779 ], [ 88.41387, 22.47733 ], [ 88.41299, 22.47738 ], [ 88.41223, 22.47794 ], [ 88.41142, 22.47828 ], [ 88.40869, 22.47896 ], [ 88.40688, 22.47872 ], [ 88.40631, 22.47826 ], [ 88.40607, 22.4777 ], [ 88.4062, 22.47687 ], [ 88.40602, 22.47592 ], [ 88.40558, 22.47502 ], [ 88.40477, 22.47441 ], [ 88.40345, 22.47395 ], [ 88.40016, 22.47388 ], [ 88.39814, 22.47191 ], [ 88.39641, 22.47393 ], [ 88.39591, 22.47357 ], [ 88.39544, 22.47271 ], [ 88.39636, 22.4723 ], [ 88.39691, 22.47176 ], [ 88.3957, 22.47062 ], [ 88.39434, 22.46843 ], [ 88.39347, 22.46756 ], [ 88.3924, 22.46787 ], [ 88.39161, 22.46787 ], [ 88.39059, 22.46721 ], [ 88.38897, 22.46697 ], [ 88.38755, 22.46609 ], [ 88.3842, 22.46517 ], [ 88.38232, 22.4651 ], [ 88.38143, 22.46568 ], [ 88.38054, 22.46581 ], [ 88.37954, 22.46522 ], [ 88.3787, 22.46522 ], [ 88.37779, 22.46551 ], [ 88.37755, 22.46532 ], [ 88.37852, 22.46425 ], [ 88.37957, 22.46339 ], [ 88.38089, 22.46141 ], [ 88.3824, 22.46018 ], [ 88.38271, 22.45943 ], [ 88.38247, 22.45906 ], [ 88.38206, 22.45884 ], [ 88.38114, 22.4588 ], [ 88.38054, 22.4585 ], [ 88.38072, 22.45799 ], [ 88.37994, 22.45607 ], [ 88.37912, 22.45614 ], [ 88.37868, 22.4558 ], [ 88.37659, 22.4555 ], [ 88.37561, 22.45607 ], [ 88.37486, 22.45697 ], [ 88.37322, 22.45392 ], [ 88.37203, 22.45203 ], [ 88.37001, 22.45213 ], [ 88.36891, 22.45288 ], [ 88.36912, 22.45393 ], [ 88.36988, 22.45524 ], [ 88.37017, 22.45639 ], [ 88.36936, 22.45697 ], [ 88.36868, 22.45687 ], [ 88.36797, 22.4557 ], [ 88.36661, 22.45502 ], [ 88.3653, 22.45415 ], [ 88.36389, 22.45417 ], [ 88.36284, 22.45464 ], [ 88.36197, 22.45529 ], [ 88.36171, 22.45624 ], [ 88.36116, 22.45678 ], [ 88.36135, 22.45736 ], [ 88.36229, 22.45807 ], [ 88.36218, 22.45875 ], [ 88.35962, 22.46084 ], [ 88.35951, 22.46172 ], [ 88.36022, 22.46233 ], [ 88.36009, 22.46274 ], [ 88.35975, 22.46289 ], [ 88.3587, 22.46291 ], [ 88.35802, 22.46245 ], [ 88.35749, 22.4616 ], [ 88.35679, 22.46123 ], [ 88.35506, 22.46126 ], [ 88.35427, 22.46109 ], [ 88.35257, 22.45851 ], [ 88.35056, 22.45692 ], [ 88.34896, 22.45653 ], [ 88.34587, 22.45673 ], [ 88.34467, 22.45758 ], [ 88.3443, 22.45857 ], [ 88.34417, 22.45948 ], [ 88.34435, 22.46023 ], [ 88.34417, 22.46086 ], [ 88.34441, 22.46162 ], [ 88.34287, 22.46213 ], [ 88.34265, 22.46274 ], [ 88.34187, 22.46315 ], [ 88.34101, 22.46322 ], [ 88.3404, 22.46264 ], [ 88.33917, 22.46215 ], [ 88.3364, 22.46217 ], [ 88.33417, 22.46156 ], [ 88.33244, 22.46227 ], [ 88.33189, 22.46332 ], [ 88.33168, 22.46441 ], [ 88.33192, 22.46517 ], [ 88.33375, 22.46682 ], [ 88.33378, 22.46711 ], [ 88.32896, 22.46804 ], [ 88.32514, 22.46779 ], [ 88.32367, 22.46738 ], [ 88.32108, 22.46563 ], [ 88.31974, 22.45964 ], [ 88.31956, 22.45811 ], [ 88.31893, 22.45752 ], [ 88.31608, 22.45693 ], [ 88.31336, 22.45678 ], [ 88.31098, 22.45647 ], [ 88.3103, 22.45659 ], [ 88.30948, 22.45713 ], [ 88.30854, 22.45897 ], [ 88.30733, 22.45937 ], [ 88.30559, 22.45881 ], [ 88.30471, 22.45904 ], [ 88.30399, 22.45828 ], [ 88.30367, 22.4556 ], [ 88.30267, 22.45542 ], [ 88.30027, 22.45546 ], [ 88.29859, 22.45507 ], [ 88.29464, 22.45492 ], [ 88.29256, 22.4554 ], [ 88.29085, 22.45562 ], [ 88.29004, 22.45533 ], [ 88.28945, 22.45479 ], [ 88.28981, 22.4534 ], [ 88.28962, 22.45307 ], [ 88.28899, 22.45366 ], [ 88.28844, 22.45394 ], [ 88.2876, 22.4537 ], [ 88.2863, 22.4539 ], [ 88.28752, 22.45694 ], [ 88.28853, 22.46048 ], [ 88.28901, 22.46431 ], [ 88.28862, 22.46624 ], [ 88.28579, 22.47036 ], [ 88.28384, 22.47198 ], [ 88.27888, 22.47446 ], [ 88.27705, 22.47498 ], [ 88.27599, 22.47558 ], [ 88.27638, 22.47865 ], [ 88.27617, 22.48194 ], [ 88.27581, 22.48307 ], [ 88.27447, 22.48391 ], [ 88.27383, 22.48558 ], [ 88.27321, 22.48622 ], [ 88.27194, 22.48679 ], [ 88.27036, 22.48777 ], [ 88.26933, 22.49024 ], [ 88.2698, 22.49123 ], [ 88.27011, 22.49151 ], [ 88.27205, 22.49184 ], [ 88.27264, 22.49113 ], [ 88.27279, 22.49023 ], [ 88.27333, 22.48928 ], [ 88.27428, 22.48873 ], [ 88.27537, 22.48869 ], [ 88.27849, 22.48782 ], [ 88.28036, 22.48646 ], [ 88.28121, 22.48551 ], [ 88.28258, 22.48588 ], [ 88.28497, 22.48481 ], [ 88.289, 22.4833 ], [ 88.29423, 22.48207 ], [ 88.29511, 22.48227 ], [ 88.29706, 22.48325 ], [ 88.29848, 22.48423 ], [ 88.30036, 22.48603 ], [ 88.30356, 22.49027 ], [ 88.30641, 22.49084 ], [ 88.31056, 22.49089 ], [ 88.31083, 22.49193 ], [ 88.31146, 22.49262 ], [ 88.3114, 22.49646 ], [ 88.31109, 22.49801 ], [ 88.30942, 22.4985 ], [ 88.30789, 22.49913 ], [ 88.30717, 22.49999 ], [ 88.30598, 22.50397 ], [ 88.3058, 22.5068 ], [ 88.30532, 22.50802 ], [ 88.30297, 22.51018 ], [ 88.30237, 22.51106 ], [ 88.30185, 22.51383 ], [ 88.3012, 22.51537 ], [ 88.30063, 22.51623 ], [ 88.29912, 22.51692 ], [ 88.29645, 22.51705 ], [ 88.29396, 22.51741 ], [ 88.29223, 22.51691 ], [ 88.29165, 22.51709 ], [ 88.29148, 22.51816 ], [ 88.29115, 22.51893 ], [ 88.29046, 22.51975 ], [ 88.29004, 22.52069 ], [ 88.28996, 22.52165 ], [ 88.29016, 22.52346 ], [ 88.29084, 22.52503 ], [ 88.28988, 22.52629 ], [ 88.28943, 22.52664 ], [ 88.2892, 22.5274 ], [ 88.28957, 22.52813 ], [ 88.29116, 22.52987 ], [ 88.29072, 22.531 ], [ 88.29095, 22.53263 ], [ 88.29192, 22.53564 ], [ 88.29193, 22.53722 ], [ 88.29161, 22.53853 ], [ 88.29026, 22.53972 ], [ 88.28926, 22.54007 ], [ 88.28667, 22.54012 ], [ 88.28519, 22.54044 ], [ 88.28386, 22.54102 ], [ 88.2815, 22.54151 ], [ 88.27757, 22.54298 ], [ 88.2758, 22.54257 ], [ 88.27469, 22.54122 ], [ 88.27317, 22.5405 ], [ 88.27249, 22.53937 ], [ 88.27125, 22.53919 ], [ 88.27088, 22.53874 ], [ 88.27078, 22.53793 ], [ 88.27035, 22.53784 ], [ 88.26917, 22.53825 ], [ 88.26817, 22.53814 ], [ 88.26716, 22.53764 ], [ 88.26598, 22.5376 ], [ 88.26506, 22.53695 ], [ 88.26425, 22.53462 ], [ 88.26345, 22.53428 ], [ 88.26239, 22.53429 ], [ 88.26109, 22.53464 ], [ 88.26086, 22.53443 ], [ 88.26097, 22.53364 ], [ 88.26072, 22.53293 ], [ 88.26029, 22.5328 ], [ 88.25969, 22.53314 ], [ 88.2587, 22.53456 ], [ 88.25807, 22.53578 ], [ 88.25744, 22.53655 ], [ 88.2568, 22.53655 ], [ 88.25616, 22.53622 ], [ 88.25568, 22.53628 ], [ 88.25562, 22.53667 ], [ 88.25602, 22.53738 ], [ 88.25645, 22.53774 ], [ 88.25733, 22.53782 ], [ 88.25816, 22.53872 ], [ 88.25856, 22.5398 ], [ 88.2583, 22.54082 ], [ 88.25797, 22.54133 ], [ 88.25555, 22.5424 ], [ 88.25513, 22.54308 ], [ 88.25502, 22.54412 ], [ 88.25513, 22.54613 ], [ 88.25444, 22.54692 ], [ 88.25353, 22.54747 ], [ 88.25128, 22.54655 ], [ 88.25, 22.54516 ], [ 88.24649, 22.54738 ], [ 88.24003, 22.54925 ], [ 88.23363, 22.54916 ], [ 88.237, 22.55774 ], [ 88.24047, 22.56097 ], [ 88.24429, 22.5617 ], [ 88.24806, 22.56154 ], [ 88.25659, 22.55895 ], [ 88.27635, 22.55481 ], [ 88.29367, 22.55222 ], [ 88.29569, 22.55215 ], [ 88.30474, 22.5495 ], [ 88.30853, 22.54928 ], [ 88.31298, 22.54966 ], [ 88.31867, 22.55083 ], [ 88.32408, 22.55465 ], [ 88.34118, 22.57219 ], [ 88.34518, 22.57924 ], [ 88.34791, 22.58516 ], [ 88.35052, 22.59653 ], [ 88.36117, 22.60905 ] ] ] } }
]
}
