{
"type": "FeatureCollection",
"name": "s24p_inhabited_land",
"crs": { "type": "name", "properties": { "name": "urn:ogc:def:crs:OGC:1.3:CRS84" } },
"xy_coordinate_resolution": 1e-05,
"features": [
{ "type": "Feature", "properties": { "district": "South 24 Parganas", "osm_relation": 9513027, "land_area_km2": 7415.9, "protected_area_km2": 1830.3, "inhabited_area_km2": 5585.7 }, "geometry": { "type": "MultiPolygon", "coordinates": [ [ [ [ 88.17473, 21.5774 ], [ 88.17478, 21.57886 ], [ 88.17539, 21.58122 ], [ 88.1751, 21.58229 ], [ 88.17298, 21.58584 ], [ 88.17272, 21.58665 ], [ 88.17213, 21.58733 ], [ 88.17082, 21.59039 ], [ 88.17075, 21.59098 ], [ 88.17081, 21.59172 ], [ 88.17222, 21.59393 ], [ 88.17334, 21.59531 ], [ 88.1746, 21.5963 ], [ 88.17653, 21.59719 ], [ 88.17742, 21.59704 ], [ 88.18031, 21.59613 ], [ 88.18153, 21.59605 ], [ 88.18254, 21.59548 ], [ 88.18377, 21.59367 ], [ 88.18443, 21.59231 ], [ 88.18461, 21.59169 ], [ 88.18442, 21.59125 ], [ 88.18373, 21.59079 ], [ 88.18354, 21.59029 ], [ 88.18377, 21.5899 ], [ 88.18401, 21.58831 ], [ 88.18469, 21.58565 ], [ 88.18664, 21.58315 ], [ 88.18688, 21.58241 ], [ 88.18687, 21.58151 ], [ 88.18722, 21.57916 ], [ 88.18764, 21.57794 ], [ 88.1889, 21.57638 ], [ 88.19309, 21.57304 ], [ 88.19299, 21.57276 ], [ 88.19208, 21.57208 ], [ 88.18911, 21.57041 ], [ 88.18785, 21.57015 ], [ 88.18712, 21.56982 ], [ 88.18541, 21.56937 ], [ 88.18449, 21.56883 ], [ 88.18339, 21.56863 ], [ 88.18204, 21.56915 ], [ 88.1808, 21.57085 ], [ 88.17949, 21.57218 ], [ 88.17864, 21.5722 ], [ 88.17681, 21.57296 ], [ 88.17585, 21.57419 ], [ 88.17491, 21.57631 ], [ 88.17473, 21.5774 ] ] ], [ [ [ 88.30701, 21.6152 ], [ 88.30701, 21.61518 ], [ 88.30699, 21.61516 ], [ 88.30698, 21.61516 ], [ 88.30694, 21.61516 ], [ 88.30693, 21.61517 ], [ 88.30692, 21.61519 ], [ 88.30689, 21.61524 ], [ 88.30702, 21.61523 ], [ 88.30701, 21.6152 ] ] ], [ [ [ 88.30675, 21.61605 ], [ 88.30683, 21.61578 ], [ 88.30663, 21.61635 ], [ 88.30675, 21.61605 ] ] ], [ [ [ 88.30691, 21.61559 ], [ 88.30695, 21.61549 ], [ 88.30698, 21.61543 ], [ 88.307, 21.61535 ], [ 88.30701, 21.61529 ], [ 88.30702, 21.61526 ], [ 88.30702, 21.61523 ], [ 88.30683, 21.61578 ], [ 88.30691, 21.61559 ] ] ], [ [ [ 88.31329, 21.6496 ], [ 88.3132, 21.64949 ], [ 88.31361, 21.65025 ], [ 88.31329, 21.6496 ] ] ], [ [ [ 88.31453, 21.65344 ], [ 88.31443, 21.65281 ], [ 88.3143, 21.65213 ], [ 88.31466, 21.65447 ], [ 88.31453, 21.65344 ] ] ], [ [ [ 88.31549, 21.65723 ], [ 88.31525, 21.6565 ], [ 88.31571, 21.65809 ], [ 88.31549, 21.65723 ] ] ], [ [ [ 88.31577, 21.65848 ], [ 88.31571, 21.65809 ], [ 88.31578, 21.65857 ], [ 88.31577, 21.65848 ] ] ], [ [ [ 88.31606, 21.6604 ], [ 88.31605, 21.66014 ], [ 88.316, 21.66 ], [ 88.31598, 21.65992 ], [ 88.31607, 21.66053 ], [ 88.31606, 21.6604 ] ] ], [ [ [ 88.31631, 21.66114 ], [ 88.31628, 21.66112 ], [ 88.31652, 21.6618 ], [ 88.31631, 21.66114 ] ] ], [ [ [ 88.31661, 21.66217 ], [ 88.31652, 21.6618 ], [ 88.31661, 21.66243 ], [ 88.31661, 21.66217 ] ] ], [ [ [ 88.31697, 21.66365 ], [ 88.31685, 21.66324 ], [ 88.31675, 21.66311 ], [ 88.31668, 21.66291 ], [ 88.31709, 21.6642 ], [ 88.31697, 21.66365 ] ] ], [ [ [ 88.31713, 21.6654 ], [ 88.31715, 21.66514 ], [ 88.31712, 21.66483 ], [ 88.31709, 21.66469 ], [ 88.31707, 21.66583 ], [ 88.31713, 21.6654 ] ] ], [ [ [ 88.31723, 21.66652 ], [ 88.31719, 21.66638 ], [ 88.31726, 21.66672 ], [ 88.31723, 21.66652 ] ] ], [ [ [ 88.31706, 21.66817 ], [ 88.31715, 21.6677 ], [ 88.3172, 21.66723 ], [ 88.31726, 21.66672 ], [ 88.31703, 21.66831 ], [ 88.31706, 21.66817 ] ] ], [ [ [ 88.31694, 21.66995 ], [ 88.31688, 21.66935 ], [ 88.31694, 21.67018 ], [ 88.31694, 21.66995 ] ] ], [ [ [ 88.31694, 21.67296 ], [ 88.31699, 21.67256 ], [ 88.31687, 21.67331 ], [ 88.31694, 21.67296 ] ] ], [ [ [ 88.31615, 21.67684 ], [ 88.31617, 21.67654 ], [ 88.31607, 21.67746 ], [ 88.31615, 21.67684 ] ] ], [ [ [ 88.31563, 21.6795 ], [ 88.31582, 21.6788 ], [ 88.31601, 21.67807 ], [ 88.31542, 21.68022 ], [ 88.31563, 21.6795 ] ] ], [ [ [ 88.31521, 21.68168 ], [ 88.31531, 21.68087 ], [ 88.31511, 21.68209 ], [ 88.31521, 21.68168 ] ] ], [ [ [ 88.31418, 21.68434 ], [ 88.31444, 21.68375 ], [ 88.31462, 21.68329 ], [ 88.3148, 21.68282 ], [ 88.31394, 21.68482 ], [ 88.31418, 21.68434 ] ] ], [ [ [ 88.31162, 21.68903 ], [ 88.31178, 21.68877 ], [ 88.31154, 21.68914 ], [ 88.31162, 21.68903 ] ] ], [ [ [ 88.30851, 21.69351 ], [ 88.30905, 21.69284 ], [ 88.30939, 21.6924 ], [ 88.30956, 21.69215 ], [ 88.30983, 21.69176 ], [ 88.3079, 21.69426 ], [ 88.30851, 21.69351 ] ] ], [ [ [ 88.30539, 21.69728 ], [ 88.30578, 21.69677 ], [ 88.30493, 21.69777 ], [ 88.30539, 21.69728 ] ] ], [ [ [ 88.30651, 21.69593 ], [ 88.30728, 21.69502 ], [ 88.3079, 21.69426 ], [ 88.30578, 21.69677 ], [ 88.30651, 21.69593 ] ] ], [ [ [ 88.30219, 21.70079 ], [ 88.30294, 21.70005 ], [ 88.30359, 21.69934 ], [ 88.3013, 21.7016 ], [ 88.30219, 21.70079 ] ] ], [ [ [ 88.30026, 21.70246 ], [ 88.30033, 21.70237 ], [ 88.30047, 21.70219 ], [ 88.3002, 21.70248 ], [ 88.30026, 21.70246 ] ] ], [ [ [ 88.30651, 21.70666 ], [ 88.30569, 21.70696 ], [ 88.30782, 21.70641 ], [ 88.30651, 21.70666 ] ] ], [ [ [ 88.3165, 21.70558 ], [ 88.31509, 21.70553 ], [ 88.31797, 21.70572 ], [ 88.3165, 21.70558 ] ] ], [ [ [ 88.33902, 21.69596 ], [ 88.33855, 21.69642 ], [ 88.33832, 21.69675 ], [ 88.33757, 21.6976 ], [ 88.3369, 21.69829 ], [ 88.33536, 21.70003 ], [ 88.33337, 21.7023 ], [ 88.33944, 21.69553 ], [ 88.33902, 21.69596 ] ] ], [ [ [ 88.34407, 21.68933 ], [ 88.344, 21.68949 ], [ 88.34398, 21.68957 ], [ 88.34414, 21.68924 ], [ 88.34407, 21.68933 ] ] ], [ [ [ 88.34456, 21.68829 ], [ 88.34443, 21.68851 ], [ 88.34437, 21.68868 ], [ 88.34435, 21.68883 ], [ 88.34465, 21.68823 ], [ 88.34456, 21.68829 ] ] ], [ [ [ 88.34497, 21.68718 ], [ 88.34485, 21.68736 ], [ 88.34474, 21.68764 ], [ 88.34505, 21.68705 ], [ 88.34497, 21.68718 ] ] ], [ [ [ 88.34493, 21.68672 ], [ 88.34499, 21.68682 ], [ 88.34492, 21.68656 ], [ 88.34493, 21.68672 ] ] ], [ [ [ 88.34513, 21.68613 ], [ 88.34498, 21.68638 ], [ 88.34492, 21.68656 ], [ 88.3452, 21.68606 ], [ 88.34513, 21.68613 ] ] ], [ [ [ 88.34533, 21.68462 ], [ 88.34534, 21.68469 ], [ 88.34544, 21.68478 ], [ 88.34552, 21.68485 ], [ 88.34534, 21.68452 ], [ 88.34533, 21.68462 ] ] ], [ [ [ 88.34564, 21.6841 ], [ 88.34546, 21.68433 ], [ 88.34534, 21.68452 ], [ 88.34589, 21.68379 ], [ 88.34564, 21.6841 ] ] ], [ [ [ 88.34713, 21.68245 ], [ 88.34689, 21.6826 ], [ 88.34666, 21.68283 ], [ 88.34729, 21.68238 ], [ 88.34713, 21.68245 ] ] ], [ [ [ 88.34774, 21.68174 ], [ 88.34744, 21.68227 ], [ 88.34811, 21.68118 ], [ 88.34774, 21.68174 ] ] ], [ [ [ 88.34842, 21.67917 ], [ 88.34833, 21.67984 ], [ 88.34834, 21.67994 ], [ 88.34863, 21.67834 ], [ 88.34842, 21.67917 ] ] ], [ [ [ 88.34851, 21.67706 ], [ 88.34863, 21.67834 ], [ 88.34853, 21.67681 ], [ 88.34851, 21.67706 ] ] ], [ [ [ 88.3488, 21.67646 ], [ 88.34866, 21.67659 ], [ 88.34853, 21.67681 ], [ 88.34894, 21.67632 ], [ 88.3488, 21.67646 ] ] ], [ [ [ 88.34845, 21.67492 ], [ 88.34855, 21.6752 ], [ 88.34845, 21.67482 ], [ 88.34845, 21.67492 ] ] ], [ [ [ 88.3472, 21.6743 ], [ 88.34756, 21.67428 ], [ 88.34778, 21.67427 ], [ 88.34787, 21.67424 ], [ 88.34711, 21.67425 ], [ 88.3472, 21.6743 ] ] ], [ [ [ 88.34686, 21.67402 ], [ 88.34711, 21.67425 ], [ 88.34662, 21.67377 ], [ 88.34686, 21.67402 ] ] ], [ [ [ 88.34538, 21.67241 ], [ 88.34545, 21.67244 ], [ 88.34534, 21.67235 ], [ 88.34538, 21.67241 ] ] ], [ [ [ 88.34532, 21.67225 ], [ 88.34534, 21.67235 ], [ 88.34534, 21.67214 ], [ 88.34532, 21.67225 ] ] ], [ [ [ 88.34505, 21.6708 ], [ 88.34508, 21.67083 ], [ 88.34513, 21.67085 ], [ 88.34522, 21.67091 ], [ 88.34502, 21.67072 ], [ 88.34505, 21.6708 ] ] ], [ [ [ 88.3446, 21.67062 ], [ 88.34468, 21.67065 ], [ 88.34475, 21.67066 ], [ 88.34482, 21.67065 ], [ 88.34487, 21.67065 ], [ 88.34455, 21.67057 ], [ 88.3446, 21.67062 ] ] ], [ [ [ 88.34454, 21.67038 ], [ 88.34453, 21.67051 ], [ 88.34455, 21.67057 ], [ 88.34458, 21.67032 ], [ 88.34454, 21.67038 ] ] ], [ [ [ 88.34397, 21.66759 ], [ 88.34409, 21.66811 ], [ 88.34395, 21.66727 ], [ 88.34397, 21.66759 ] ] ], [ [ [ 88.34367, 21.66562 ], [ 88.34372, 21.66624 ], [ 88.34386, 21.6667 ], [ 88.34355, 21.66487 ], [ 88.34367, 21.66562 ] ] ], [ [ [ 88.34566, 21.66263 ], [ 88.3439, 21.66388 ], [ 88.34614, 21.6623 ], [ 88.34566, 21.66263 ] ] ], [ [ [ 88.34648, 21.66049 ], [ 88.34643, 21.66076 ], [ 88.34649, 21.66045 ], [ 88.34648, 21.66049 ] ] ], [ [ [ 88.34665, 21.65791 ], [ 88.34668, 21.65806 ], [ 88.34668, 21.65775 ], [ 88.34665, 21.65791 ] ] ], [ [ [ 88.34699, 21.65721 ], [ 88.34681, 21.65745 ], [ 88.34668, 21.65775 ], [ 88.34713, 21.65699 ], [ 88.34699, 21.65721 ] ] ], [ [ [ 88.34728, 21.65587 ], [ 88.34717, 21.65641 ], [ 88.34717, 21.65675 ], [ 88.34738, 21.65549 ], [ 88.34728, 21.65587 ] ] ], [ [ [ 88.3466, 21.65364 ], [ 88.34669, 21.65389 ], [ 88.34659, 21.65357 ], [ 88.3466, 21.65364 ] ] ], [ [ [ 88.34586, 21.65232 ], [ 88.34601, 21.65248 ], [ 88.3462, 21.65267 ], [ 88.3458, 21.6522 ], [ 88.34586, 21.65232 ] ] ], [ [ [ 88.34581, 21.65203 ], [ 88.3458, 21.6522 ], [ 88.34585, 21.65193 ], [ 88.34581, 21.65203 ] ] ], [ [ [ 88.34625, 21.6505 ], [ 88.34648, 21.65109 ], [ 88.34653, 21.6512 ], [ 88.34621, 21.65023 ], [ 88.34625, 21.6505 ] ] ], [ [ [ 88.34607, 21.6471 ], [ 88.34617, 21.6488 ], [ 88.34629, 21.64935 ], [ 88.34609, 21.64643 ], [ 88.34607, 21.6471 ] ] ], [ [ [ 88.34693, 21.63389 ], [ 88.3473, 21.63468 ], [ 88.34649, 21.63274 ], [ 88.34693, 21.63389 ] ] ], [ [ [ 88.34634, 21.63193 ], [ 88.34649, 21.63274 ], [ 88.34634, 21.6314 ], [ 88.34634, 21.63193 ] ] ], [ [ [ 88.34495, 21.62857 ], [ 88.34532, 21.6289 ], [ 88.3445, 21.62811 ], [ 88.34495, 21.62857 ] ] ], [ [ [ 88.34086, 21.62635 ], [ 88.34197, 21.62682 ], [ 88.34267, 21.62707 ], [ 88.34025, 21.626 ], [ 88.34086, 21.62635 ] ] ], [ [ [ 88.3386, 21.6247 ], [ 88.33944, 21.62534 ], [ 88.33988, 21.62574 ], [ 88.34025, 21.626 ], [ 88.33792, 21.62403 ], [ 88.3386, 21.6247 ] ] ], [ [ [ 88.33331, 21.62013 ], [ 88.33438, 21.62073 ], [ 88.33175, 21.61922 ], [ 88.33331, 21.62013 ] ] ], [ [ [ 88.32933, 21.61737 ], [ 88.32997, 21.61806 ], [ 88.32863, 21.61659 ], [ 88.32933, 21.61737 ] ] ], [ [ [ 88.32722, 21.61581 ], [ 88.32863, 21.61659 ], [ 88.32696, 21.61564 ], [ 88.32722, 21.61581 ] ] ], [ [ [ 88.31992, 21.6117 ], [ 88.32148, 21.61255 ], [ 88.3226, 21.61316 ], [ 88.31912, 21.61118 ], [ 88.31992, 21.6117 ] ] ], [ [ [ 88.3187, 21.61062 ], [ 88.31912, 21.61118 ], [ 88.31857, 21.61034 ], [ 88.3187, 21.61062 ] ] ], [ [ [ 88.31346, 21.60815 ], [ 88.31369, 21.60814 ], [ 88.31255, 21.60815 ], [ 88.31346, 21.60815 ] ] ], [ [ [ 88.30875, 21.61125 ], [ 88.30896, 21.61092 ], [ 88.30823, 21.61183 ], [ 88.30875, 21.61125 ] ] ], [ [ [ 88.20193, 21.61857 ], [ 88.20125, 21.62083 ], [ 88.19869, 21.62831 ], [ 88.1977, 21.63174 ], [ 88.19733, 21.63192 ], [ 88.19685, 21.63377 ], [ 88.19704, 21.63372 ], [ 88.19708, 21.6341 ], [ 88.19617, 21.63772 ], [ 88.19572, 21.6414 ], [ 88.19535, 21.64177 ], [ 88.19529, 21.64316 ], [ 88.19468, 21.64549 ], [ 88.19397, 21.64722 ], [ 88.19351, 21.64917 ], [ 88.18971, 21.65701 ], [ 88.1888, 21.66058 ], [ 88.18829, 21.66372 ], [ 88.18743, 21.66691 ], [ 88.18629, 21.66893 ], [ 88.18607, 21.66999 ], [ 88.18531, 21.67113 ], [ 88.18428, 21.6732 ], [ 88.18304, 21.67704 ], [ 88.18325, 21.68182 ], [ 88.18231, 21.68639 ], [ 88.18254, 21.68679 ], [ 88.1868, 21.6907 ], [ 88.18902, 21.69326 ], [ 88.18947, 21.69398 ], [ 88.19085, 21.69747 ], [ 88.19257, 21.69983 ], [ 88.19376, 21.70097 ], [ 88.19683, 21.70335 ], [ 88.19782, 21.70372 ], [ 88.19942, 21.70466 ], [ 88.20272, 21.7059 ], [ 88.20394, 21.70651 ], [ 88.20564, 21.70764 ], [ 88.20675, 21.70857 ], [ 88.20766, 21.70962 ], [ 88.20868, 21.7126 ], [ 88.20901, 21.71315 ], [ 88.20994, 21.71214 ], [ 88.21135, 21.71121 ], [ 88.21189, 21.71056 ], [ 88.2128, 21.7073 ], [ 88.21306, 21.70658 ], [ 88.21351, 21.70596 ], [ 88.21368, 21.70458 ], [ 88.21346, 21.7037 ], [ 88.2134, 21.70218 ], [ 88.21385, 21.7021 ], [ 88.21416, 21.70077 ], [ 88.21412, 21.69963 ], [ 88.21316, 21.69916 ], [ 88.21015, 21.69876 ], [ 88.20895, 21.69843 ], [ 88.20753, 21.69851 ], [ 88.20605, 21.69833 ], [ 88.2047, 21.69786 ], [ 88.2037, 21.69776 ], [ 88.20255, 21.69725 ], [ 88.20021, 21.6966 ], [ 88.19963, 21.6963 ], [ 88.19782, 21.69459 ], [ 88.19768, 21.69426 ], [ 88.19571, 21.69207 ], [ 88.19499, 21.69157 ], [ 88.19469, 21.69109 ], [ 88.19456, 21.69024 ], [ 88.19397, 21.68941 ], [ 88.19373, 21.68816 ], [ 88.19375, 21.68678 ], [ 88.1945, 21.68379 ], [ 88.19537, 21.68161 ], [ 88.19608, 21.68036 ], [ 88.19691, 21.6778 ], [ 88.19793, 21.67594 ], [ 88.19909, 21.67498 ], [ 88.20004, 21.67451 ], [ 88.20149, 21.67341 ], [ 88.20222, 21.67316 ], [ 88.20386, 21.67212 ], [ 88.2083, 21.67107 ], [ 88.21037, 21.67018 ], [ 88.21431, 21.66943 ], [ 88.21687, 21.66929 ], [ 88.22066, 21.66984 ], [ 88.22268, 21.66996 ], [ 88.22407, 21.66982 ], [ 88.22519, 21.67004 ], [ 88.22617, 21.66987 ], [ 88.22638, 21.66969 ], [ 88.22638, 21.66661 ], [ 88.22671, 21.66566 ], [ 88.22671, 21.66519 ], [ 88.22629, 21.66248 ], [ 88.22584, 21.66244 ], [ 88.22575, 21.66144 ], [ 88.22583, 21.66133 ], [ 88.22626, 21.66133 ], [ 88.22635, 21.66116 ], [ 88.22639, 21.65828 ], [ 88.22579, 21.65763 ], [ 88.22577, 21.65743 ], [ 88.22616, 21.65648 ], [ 88.2264, 21.65504 ], [ 88.22672, 21.65424 ], [ 88.22776, 21.65326 ], [ 88.22937, 21.64915 ], [ 88.23086, 21.64646 ], [ 88.23152, 21.64291 ], [ 88.23036, 21.64126 ], [ 88.2286, 21.63955 ], [ 88.22755, 21.63942 ], [ 88.22721, 21.6381 ], [ 88.22454, 21.6359 ], [ 88.22243, 21.63346 ], [ 88.22108, 21.63271 ], [ 88.22033, 21.63207 ], [ 88.21954, 21.63086 ], [ 88.21523, 21.62746 ], [ 88.21363, 21.62591 ], [ 88.21336, 21.62545 ], [ 88.21293, 21.62532 ], [ 88.2118, 21.6235 ], [ 88.21021, 21.62006 ], [ 88.20964, 21.61962 ], [ 88.20845, 21.61766 ], [ 88.20829, 21.61637 ], [ 88.2084, 21.61441 ], [ 88.20712, 21.61418 ], [ 88.20892, 21.60947 ], [ 88.20903, 21.60846 ], [ 88.20968, 21.60745 ], [ 88.21009, 21.6071 ], [ 88.21011, 21.60684 ], [ 88.20934, 21.60686 ], [ 88.20853, 21.60708 ], [ 88.20641, 21.60794 ], [ 88.20489, 21.60896 ], [ 88.20405, 21.61043 ], [ 88.20321, 21.61274 ], [ 88.20193, 21.61857 ] ], [ [ 88.19526, 21.69826 ], [ 88.1953, 21.69833 ], [ 88.19518, 21.6984 ], [ 88.19514, 21.69834 ], [ 88.19526, 21.69826 ] ], [ [ 88.19598, 21.69945 ], [ 88.19602, 21.6995 ], [ 88.19596, 21.69954 ], [ 88.19592, 21.69949 ], [ 88.19598, 21.69945 ] ], [ [ 88.19764, 21.69965 ], [ 88.1976, 21.69967 ], [ 88.19758, 21.69961 ], [ 88.19762, 21.6996 ], [ 88.19764, 21.69965 ] ], [ [ 88.19755, 21.69961 ], [ 88.19756, 21.69967 ], [ 88.19747, 21.69968 ], [ 88.19746, 21.69962 ], [ 88.19755, 21.69961 ] ], [ [ 88.19606, 21.6997 ], [ 88.19611, 21.69976 ], [ 88.19606, 21.69979 ], [ 88.19601, 21.69973 ], [ 88.19606, 21.6997 ] ], [ [ 88.19658, 21.69988 ], [ 88.19649, 21.69993 ], [ 88.19645, 21.69985 ], [ 88.1965, 21.69982 ], [ 88.19653, 21.6998 ], [ 88.19658, 21.69988 ] ], [ [ 88.19803, 21.69985 ], [ 88.19805, 21.69992 ], [ 88.19797, 21.69995 ], [ 88.19795, 21.69988 ], [ 88.19803, 21.69985 ] ], [ [ 88.19697, 21.70091 ], [ 88.19689, 21.70095 ], [ 88.19685, 21.70088 ], [ 88.19693, 21.70083 ], [ 88.19697, 21.70091 ] ] ], [ [ [ 88.30138, 21.57815 ], [ 88.30121, 21.57702 ], [ 88.30066, 21.57587 ], [ 88.29968, 21.57412 ], [ 88.29571, 21.56866 ], [ 88.29335, 21.56614 ], [ 88.29225, 21.56541 ], [ 88.2898, 21.56415 ], [ 88.28707, 21.56305 ], [ 88.28423, 21.56134 ], [ 88.28133, 21.56037 ], [ 88.28015, 21.56024 ], [ 88.27921, 21.55981 ], [ 88.27756, 21.55943 ], [ 88.27481, 21.55904 ], [ 88.27228, 21.55895 ], [ 88.26969, 21.55902 ], [ 88.26847, 21.55892 ], [ 88.26608, 21.55914 ], [ 88.26454, 21.55913 ], [ 88.26286, 21.55964 ], [ 88.25711, 21.56078 ], [ 88.25592, 21.56142 ], [ 88.25207, 21.56293 ], [ 88.25005, 21.56401 ], [ 88.24787, 21.56556 ], [ 88.2454, 21.56768 ], [ 88.24439, 21.56839 ], [ 88.24396, 21.56841 ], [ 88.2433, 21.56931 ], [ 88.24331, 21.57021 ], [ 88.24304, 21.57122 ], [ 88.24284, 21.57149 ], [ 88.24197, 21.57215 ], [ 88.24086, 21.57266 ], [ 88.23952, 21.57379 ], [ 88.2389, 21.57452 ], [ 88.23863, 21.57509 ], [ 88.2383, 21.57602 ], [ 88.2382, 21.57795 ], [ 88.23831, 21.57818 ], [ 88.23919, 21.57858 ], [ 88.24015, 21.57927 ], [ 88.23981, 21.58002 ], [ 88.23982, 21.58064 ], [ 88.24092, 21.58133 ], [ 88.24494, 21.58245 ], [ 88.24556, 21.58305 ], [ 88.24621, 21.5834 ], [ 88.24754, 21.58505 ], [ 88.24754, 21.5865 ], [ 88.24777, 21.58748 ], [ 88.24747, 21.5896 ], [ 88.24691, 21.59186 ], [ 88.24723, 21.59265 ], [ 88.247, 21.59318 ], [ 88.24691, 21.59448 ], [ 88.24449, 21.59865 ], [ 88.24339, 21.60128 ], [ 88.24064, 21.60551 ], [ 88.24048, 21.60628 ], [ 88.23982, 21.60707 ], [ 88.23928, 21.60726 ], [ 88.23735, 21.60721 ], [ 88.23577, 21.60682 ], [ 88.23431, 21.60858 ], [ 88.23185, 21.61043 ], [ 88.23154, 21.61031 ], [ 88.22993, 21.61058 ], [ 88.22498, 21.61215 ], [ 88.21968, 21.61492 ], [ 88.21935, 21.61538 ], [ 88.21948, 21.61564 ], [ 88.21902, 21.61731 ], [ 88.21924, 21.61978 ], [ 88.22027, 21.62201 ], [ 88.22185, 21.62347 ], [ 88.22312, 21.62534 ], [ 88.22764, 21.62869 ], [ 88.2296, 21.62956 ], [ 88.2299, 21.63004 ], [ 88.23209, 21.63186 ], [ 88.2331, 21.63291 ], [ 88.23492, 21.63541 ], [ 88.23589, 21.63824 ], [ 88.23622, 21.64092 ], [ 88.23717, 21.64416 ], [ 88.23631, 21.64894 ], [ 88.2355, 21.65131 ], [ 88.23515, 21.65195 ], [ 88.2326, 21.65484 ], [ 88.23207, 21.65627 ], [ 88.23201, 21.65694 ], [ 88.23217, 21.65928 ], [ 88.23252, 21.65962 ], [ 88.2331, 21.66212 ], [ 88.23327, 21.66465 ], [ 88.23401, 21.66487 ], [ 88.23373, 21.66505 ], [ 88.23382, 21.669 ], [ 88.23353, 21.66913 ], [ 88.23345, 21.66943 ], [ 88.2314, 21.67227 ], [ 88.23087, 21.67258 ], [ 88.23, 21.67368 ], [ 88.22851, 21.6747 ], [ 88.22576, 21.6758 ], [ 88.22387, 21.67623 ], [ 88.22189, 21.67637 ], [ 88.22004, 21.67629 ], [ 88.21501, 21.67521 ], [ 88.21001, 21.67567 ], [ 88.20855, 21.67603 ], [ 88.20722, 21.67797 ], [ 88.20676, 21.67806 ], [ 88.20658, 21.67824 ], [ 88.2058, 21.67782 ], [ 88.20448, 21.67665 ], [ 88.20448, 21.67686 ], [ 88.20517, 21.67744 ], [ 88.20383, 21.67891 ], [ 88.2014, 21.68211 ], [ 88.2031, 21.68287 ], [ 88.20245, 21.68415 ], [ 88.20195, 21.68404 ], [ 88.20173, 21.68432 ], [ 88.20008, 21.68942 ], [ 88.20037, 21.68996 ], [ 88.20104, 21.68975 ], [ 88.20213, 21.69074 ], [ 88.20365, 21.69111 ], [ 88.20398, 21.69103 ], [ 88.20409, 21.69085 ], [ 88.20388, 21.69038 ], [ 88.20448, 21.69003 ], [ 88.20542, 21.6907 ], [ 88.20508, 21.69119 ], [ 88.20575, 21.69163 ], [ 88.20624, 21.69174 ], [ 88.20668, 21.69121 ], [ 88.20898, 21.69168 ], [ 88.20985, 21.692 ], [ 88.20982, 21.69238 ], [ 88.2102, 21.69247 ], [ 88.21035, 21.69212 ], [ 88.21206, 21.69292 ], [ 88.21244, 21.69327 ], [ 88.21361, 21.69363 ], [ 88.21594, 21.69552 ], [ 88.21795, 21.69682 ], [ 88.21859, 21.69766 ], [ 88.2203, 21.69885 ], [ 88.2209, 21.69994 ], [ 88.22162, 21.7008 ], [ 88.22171, 21.70149 ], [ 88.222, 21.70182 ], [ 88.22207, 21.70315 ], [ 88.22122, 21.70641 ], [ 88.22102, 21.7078 ], [ 88.21994, 21.70977 ], [ 88.21872, 21.71132 ], [ 88.2185, 21.71199 ], [ 88.21771, 21.71238 ], [ 88.21637, 21.71368 ], [ 88.21405, 21.71684 ], [ 88.21262, 21.71961 ], [ 88.21211, 21.72156 ], [ 88.21243, 21.72197 ], [ 88.21203, 21.72345 ], [ 88.21205, 21.72586 ], [ 88.21285, 21.73012 ], [ 88.21358, 21.73303 ], [ 88.21371, 21.73448 ], [ 88.21498, 21.74082 ], [ 88.2155, 21.74166 ], [ 88.21582, 21.7495 ], [ 88.21574, 21.75092 ], [ 88.21611, 21.75314 ], [ 88.21649, 21.7551 ], [ 88.21723, 21.75731 ], [ 88.21929, 21.76142 ], [ 88.22023, 21.76169 ], [ 88.22128, 21.76168 ], [ 88.22428, 21.76112 ], [ 88.2257, 21.76129 ], [ 88.22582, 21.76167 ], [ 88.22974, 21.76173 ], [ 88.23084, 21.76149 ], [ 88.23505, 21.75965 ], [ 88.23654, 21.75922 ], [ 88.23748, 21.75915 ], [ 88.23761, 21.75884 ], [ 88.24314, 21.75767 ], [ 88.24592, 21.75731 ], [ 88.25293, 21.75582 ], [ 88.25577, 21.75552 ], [ 88.26324, 21.75539 ], [ 88.2698, 21.75506 ], [ 88.27169, 21.75466 ], [ 88.27262, 21.75416 ], [ 88.27275, 21.75388 ], [ 88.27271, 21.75282 ], [ 88.27228, 21.75173 ], [ 88.26956, 21.74682 ], [ 88.26819, 21.74361 ], [ 88.26645, 21.74097 ], [ 88.26541, 21.73974 ], [ 88.2647, 21.73848 ], [ 88.26476, 21.73819 ], [ 88.26448, 21.73813 ], [ 88.26392, 21.73737 ], [ 88.26205, 21.73561 ], [ 88.26195, 21.73521 ], [ 88.26092, 21.73398 ], [ 88.26024, 21.73135 ], [ 88.26041, 21.7303 ], [ 88.26087, 21.73015 ], [ 88.26165, 21.7291 ], [ 88.2626, 21.72843 ], [ 88.26521, 21.72784 ], [ 88.26678, 21.72777 ], [ 88.26799, 21.72726 ], [ 88.26825, 21.72774 ], [ 88.26837, 21.72751 ], [ 88.2691, 21.72742 ], [ 88.26957, 21.72716 ], [ 88.27066, 21.72709 ], [ 88.27086, 21.72682 ], [ 88.27126, 21.72708 ], [ 88.27395, 21.72702 ], [ 88.27451, 21.72683 ], [ 88.27511, 21.72589 ], [ 88.27559, 21.72569 ], [ 88.27636, 21.72338 ], [ 88.2763, 21.72238 ], [ 88.27688, 21.72079 ], [ 88.27716, 21.71942 ], [ 88.28024, 21.71169 ], [ 88.28036, 21.7109 ], [ 88.28018, 21.70976 ], [ 88.28134, 21.70968 ], [ 88.28148, 21.7072 ], [ 88.28286, 21.70638 ], [ 88.28398, 21.7062 ], [ 88.28481, 21.70629 ], [ 88.28381, 21.70614 ], [ 88.28381, 21.70604 ], [ 88.28788, 21.70006 ], [ 88.28828, 21.69965 ], [ 88.28865, 21.69965 ], [ 88.28979, 21.69828 ], [ 88.29106, 21.69719 ], [ 88.29328, 21.69367 ], [ 88.29489, 21.6924 ], [ 88.29564, 21.69209 ], [ 88.29656, 21.69204 ], [ 88.29686, 21.69152 ], [ 88.29709, 21.6895 ], [ 88.29791, 21.68949 ], [ 88.29896, 21.68871 ], [ 88.29924, 21.68776 ], [ 88.29905, 21.68645 ], [ 88.30051, 21.68504 ], [ 88.30147, 21.68376 ], [ 88.30264, 21.68088 ], [ 88.30329, 21.67988 ], [ 88.30322, 21.67949 ], [ 88.30202, 21.67905 ], [ 88.30174, 21.67828 ], [ 88.30281, 21.67391 ], [ 88.30342, 21.67056 ], [ 88.3031, 21.66612 ], [ 88.30353, 21.66591 ], [ 88.30345, 21.66563 ], [ 88.30304, 21.66553 ], [ 88.30247, 21.66335 ], [ 88.30242, 21.6622 ], [ 88.3029, 21.66212 ], [ 88.30304, 21.66163 ], [ 88.30277, 21.66126 ], [ 88.30221, 21.65832 ], [ 88.30171, 21.65824 ], [ 88.30069, 21.65503 ], [ 88.30037, 21.65495 ], [ 88.30014, 21.6544 ], [ 88.29952, 21.65229 ], [ 88.29922, 21.65005 ], [ 88.29927, 21.64944 ], [ 88.29879, 21.64798 ], [ 88.29789, 21.64595 ], [ 88.29629, 21.64302 ], [ 88.29471, 21.63923 ], [ 88.2937, 21.63764 ], [ 88.29241, 21.63502 ], [ 88.29181, 21.6346 ], [ 88.29017, 21.6294 ], [ 88.28899, 21.62746 ], [ 88.28774, 21.62418 ], [ 88.28739, 21.62415 ], [ 88.28657, 21.62442 ], [ 88.28602, 21.6239 ], [ 88.2861, 21.62374 ], [ 88.28656, 21.62383 ], [ 88.28679, 21.62343 ], [ 88.28741, 21.623 ], [ 88.28682, 21.62207 ], [ 88.28649, 21.62068 ], [ 88.2868, 21.62049 ], [ 88.28683, 21.61988 ], [ 88.28776, 21.61959 ], [ 88.28847, 21.61716 ], [ 88.28816, 21.615 ], [ 88.28708, 21.61136 ], [ 88.28677, 21.60871 ], [ 88.28581, 21.60443 ], [ 88.28579, 21.60259 ], [ 88.28589, 21.59933 ], [ 88.28671, 21.59463 ], [ 88.29629, 21.59044 ], [ 88.29801, 21.5902 ], [ 88.30077, 21.58947 ], [ 88.30105, 21.58926 ], [ 88.30212, 21.58808 ], [ 88.30288, 21.58752 ], [ 88.30273, 21.58446 ], [ 88.30234, 21.58343 ], [ 88.30292, 21.58233 ], [ 88.30267, 21.5816 ], [ 88.30135, 21.57923 ], [ 88.30138, 21.57815 ] ] ], [ [ [ 88.46646, 21.66877 ], [ 88.46591, 21.6693 ], [ 88.46559, 21.66924 ], [ 88.46576, 21.67116 ], [ 88.46639, 21.6744 ], [ 88.46734, 21.67691 ], [ 88.46744, 21.67765 ], [ 88.46907, 21.67466 ], [ 88.46967, 21.67318 ], [ 88.46879, 21.67076 ], [ 88.46824, 21.67022 ], [ 88.46797, 21.67017 ], [ 88.46677, 21.66884 ], [ 88.46646, 21.66877 ] ] ], [ [ [ 88.39972, 21.748 ], [ 88.39987, 21.7474 ], [ 88.39892, 21.74577 ], [ 88.39873, 21.74344 ], [ 88.39983, 21.74035 ], [ 88.40057, 21.739 ], [ 88.40037, 21.7386 ], [ 88.40042, 21.73817 ], [ 88.40096, 21.73804 ], [ 88.40127, 21.7372 ], [ 88.4024, 21.73588 ], [ 88.40289, 21.73559 ], [ 88.40448, 21.73526 ], [ 88.4045, 21.73467 ], [ 88.40478, 21.73465 ], [ 88.40487, 21.73522 ], [ 88.40617, 21.73516 ], [ 88.40757, 21.73431 ], [ 88.40914, 21.73315 ], [ 88.41033, 21.73192 ], [ 88.41152, 21.73028 ], [ 88.41206, 21.72898 ], [ 88.41258, 21.72868 ], [ 88.41343, 21.7289 ], [ 88.41361, 21.72881 ], [ 88.41366, 21.72864 ], [ 88.41289, 21.72838 ], [ 88.41286, 21.72818 ], [ 88.41408, 21.72731 ], [ 88.41515, 21.72597 ], [ 88.41518, 21.72571 ], [ 88.41461, 21.72438 ], [ 88.41498, 21.72408 ], [ 88.41544, 21.72436 ], [ 88.41577, 21.72406 ], [ 88.4154, 21.72364 ], [ 88.41615, 21.72252 ], [ 88.41756, 21.72293 ], [ 88.41879, 21.72105 ], [ 88.4197, 21.72016 ], [ 88.42071, 21.71882 ], [ 88.4227, 21.71385 ], [ 88.42324, 21.71109 ], [ 88.42379, 21.7101 ], [ 88.42416, 21.70867 ], [ 88.42677, 21.70426 ], [ 88.42777, 21.70311 ], [ 88.42793, 21.7023 ], [ 88.42819, 21.70224 ], [ 88.4278, 21.70201 ], [ 88.42758, 21.70119 ], [ 88.42596, 21.7013 ], [ 88.42487, 21.70108 ], [ 88.42421, 21.70109 ], [ 88.42293, 21.70073 ], [ 88.42138, 21.69984 ], [ 88.41868, 21.69979 ], [ 88.415, 21.69729 ], [ 88.41415, 21.69843 ], [ 88.41329, 21.69854 ], [ 88.41277, 21.69839 ], [ 88.41248, 21.69802 ], [ 88.41249, 21.69777 ], [ 88.41403, 21.69731 ], [ 88.41429, 21.69449 ], [ 88.41452, 21.69442 ], [ 88.41455, 21.69425 ], [ 88.4143, 21.69407 ], [ 88.41429, 21.69361 ], [ 88.41328, 21.69334 ], [ 88.41274, 21.69124 ], [ 88.41226, 21.69076 ], [ 88.41201, 21.68996 ], [ 88.41149, 21.68678 ], [ 88.41108, 21.68619 ], [ 88.4106, 21.68599 ], [ 88.41109, 21.6847 ], [ 88.41091, 21.68227 ], [ 88.411, 21.68209 ], [ 88.41055, 21.68088 ], [ 88.41062, 21.68031 ], [ 88.41027, 21.68017 ], [ 88.40988, 21.67919 ], [ 88.41003, 21.67901 ], [ 88.41073, 21.67918 ], [ 88.41119, 21.67878 ], [ 88.4113, 21.67793 ], [ 88.4112, 21.67771 ], [ 88.41164, 21.67526 ], [ 88.41191, 21.67411 ], [ 88.41239, 21.67364 ], [ 88.41259, 21.67249 ], [ 88.41248, 21.67046 ], [ 88.41152, 21.66809 ], [ 88.41147, 21.66757 ], [ 88.41125, 21.66726 ], [ 88.41043, 21.66726 ], [ 88.4104, 21.66713 ], [ 88.41062, 21.66682 ], [ 88.41054, 21.66648 ], [ 88.41073, 21.66634 ], [ 88.41053, 21.66627 ], [ 88.41042, 21.6658 ], [ 88.41091, 21.6656 ], [ 88.41075, 21.66444 ], [ 88.41086, 21.66422 ], [ 88.41069, 21.6641 ], [ 88.41054, 21.6632 ], [ 88.41048, 21.66107 ], [ 88.41078, 21.65678 ], [ 88.41164, 21.65269 ], [ 88.4125, 21.65154 ], [ 88.41309, 21.65014 ], [ 88.41426, 21.64889 ], [ 88.41598, 21.64663 ], [ 88.41694, 21.64566 ], [ 88.41744, 21.64454 ], [ 88.41781, 21.64409 ], [ 88.42034, 21.64188 ], [ 88.42404, 21.6393 ], [ 88.42551, 21.63743 ], [ 88.42548, 21.63707 ], [ 88.42588, 21.63721 ], [ 88.42624, 21.63702 ], [ 88.42689, 21.63598 ], [ 88.42703, 21.63447 ], [ 88.42751, 21.63348 ], [ 88.42764, 21.63059 ], [ 88.42791, 21.62868 ], [ 88.42755, 21.62816 ], [ 88.42692, 21.62772 ], [ 88.4264, 21.62708 ], [ 88.42511, 21.62639 ], [ 88.42429, 21.62564 ], [ 88.42381, 21.62544 ], [ 88.42197, 21.62418 ], [ 88.42128, 21.6236 ], [ 88.42044, 21.6225 ], [ 88.41948, 21.62183 ], [ 88.41727, 21.62071 ], [ 88.41001, 21.61818 ], [ 88.40871, 21.6175 ], [ 88.40747, 21.61664 ], [ 88.40488, 21.61451 ], [ 88.40357, 21.61307 ], [ 88.40306, 21.61225 ], [ 88.40042, 21.60659 ], [ 88.40039, 21.60479 ], [ 88.40058, 21.60354 ], [ 88.40086, 21.60297 ], [ 88.40129, 21.60282 ], [ 88.40174, 21.60226 ], [ 88.40167, 21.60198 ], [ 88.4008, 21.60172 ], [ 88.40061, 21.6018 ], [ 88.40049, 21.60241 ], [ 88.39985, 21.60331 ], [ 88.39929, 21.6034 ], [ 88.39663, 21.60575 ], [ 88.39563, 21.60602 ], [ 88.39457, 21.60679 ], [ 88.39183, 21.60946 ], [ 88.38692, 21.61318 ], [ 88.38583, 21.61459 ], [ 88.38525, 21.61567 ], [ 88.38493, 21.61689 ], [ 88.38481, 21.61794 ], [ 88.38495, 21.6184 ], [ 88.38551, 21.61772 ], [ 88.38603, 21.61753 ], [ 88.38719, 21.61463 ], [ 88.3882, 21.61316 ], [ 88.3892, 21.61226 ], [ 88.38975, 21.61246 ], [ 88.3906, 21.61189 ], [ 88.39096, 21.61103 ], [ 88.3922, 21.61442 ], [ 88.39464, 21.61964 ], [ 88.39475, 21.62038 ], [ 88.39425, 21.62096 ], [ 88.39384, 21.62227 ], [ 88.39336, 21.6225 ], [ 88.39319, 21.62279 ], [ 88.39228, 21.62598 ], [ 88.39184, 21.62647 ], [ 88.39017, 21.62737 ], [ 88.38718, 21.6301 ], [ 88.38672, 21.63167 ], [ 88.38561, 21.63409 ], [ 88.38577, 21.63604 ], [ 88.38607, 21.63686 ], [ 88.38669, 21.63697 ], [ 88.38819, 21.63665 ], [ 88.38831, 21.63666 ], [ 88.38846, 21.63711 ], [ 88.38907, 21.63702 ], [ 88.38967, 21.63941 ], [ 88.38977, 21.63955 ], [ 88.39058, 21.63969 ], [ 88.39098, 21.63925 ], [ 88.39111, 21.63928 ], [ 88.39143, 21.64072 ], [ 88.39136, 21.64088 ], [ 88.39028, 21.64137 ], [ 88.38959, 21.64186 ], [ 88.38933, 21.64264 ], [ 88.38859, 21.64345 ], [ 88.3883, 21.64461 ], [ 88.38832, 21.64749 ], [ 88.38811, 21.64834 ], [ 88.38819, 21.64861 ], [ 88.38735, 21.65056 ], [ 88.38699, 21.65201 ], [ 88.38615, 21.65291 ], [ 88.38584, 21.65413 ], [ 88.38594, 21.65555 ], [ 88.38533, 21.65631 ], [ 88.38325, 21.65974 ], [ 88.38198, 21.66283 ], [ 88.38182, 21.664 ], [ 88.38228, 21.66416 ], [ 88.3828, 21.66484 ], [ 88.38298, 21.66563 ], [ 88.38252, 21.67417 ], [ 88.38255, 21.67543 ], [ 88.38294, 21.67728 ], [ 88.38267, 21.67933 ], [ 88.38296, 21.68111 ], [ 88.38263, 21.6823 ], [ 88.3832, 21.68358 ], [ 88.38421, 21.68428 ], [ 88.38486, 21.68494 ], [ 88.38849, 21.68956 ], [ 88.38913, 21.68992 ], [ 88.39055, 21.68989 ], [ 88.39192, 21.69128 ], [ 88.39241, 21.6914 ], [ 88.39455, 21.69342 ], [ 88.39565, 21.69402 ], [ 88.39611, 21.69445 ], [ 88.39709, 21.69571 ], [ 88.39734, 21.69655 ], [ 88.39885, 21.69787 ], [ 88.39966, 21.69883 ], [ 88.40055, 21.70021 ], [ 88.40119, 21.70161 ], [ 88.40223, 21.70139 ], [ 88.40214, 21.70089 ], [ 88.40267, 21.70077 ], [ 88.40356, 21.70427 ], [ 88.40271, 21.70435 ], [ 88.40266, 21.70445 ], [ 88.40286, 21.70454 ], [ 88.40355, 21.70437 ], [ 88.40369, 21.7046 ], [ 88.40417, 21.70448 ], [ 88.40629, 21.70958 ], [ 88.40587, 21.71263 ], [ 88.40601, 21.71387 ], [ 88.40649, 21.71473 ], [ 88.40649, 21.71527 ], [ 88.40465, 21.71952 ], [ 88.40435, 21.72071 ], [ 88.40392, 21.72119 ], [ 88.40049, 21.72422 ], [ 88.39443, 21.7262 ], [ 88.39442, 21.72637 ], [ 88.39482, 21.72634 ], [ 88.39483, 21.72658 ], [ 88.39461, 21.72668 ], [ 88.3941, 21.72674 ], [ 88.39351, 21.72653 ], [ 88.39192, 21.727 ], [ 88.39004, 21.72725 ], [ 88.38798, 21.72725 ], [ 88.38504, 21.7269 ], [ 88.38337, 21.72656 ], [ 88.3828, 21.72679 ], [ 88.38186, 21.72688 ], [ 88.37731, 21.7259 ], [ 88.37726, 21.72569 ], [ 88.37716, 21.72587 ], [ 88.37461, 21.72548 ], [ 88.37332, 21.7251 ], [ 88.37302, 21.72473 ], [ 88.37137, 21.72546 ], [ 88.37107, 21.72573 ], [ 88.37071, 21.72639 ], [ 88.3706, 21.72695 ], [ 88.3708, 21.72747 ], [ 88.37264, 21.7284 ], [ 88.37241, 21.72902 ], [ 88.3726, 21.72914 ], [ 88.37575, 21.73013 ], [ 88.3759, 21.73008 ], [ 88.3761, 21.72942 ], [ 88.37628, 21.72939 ], [ 88.38231, 21.7305 ], [ 88.38674, 21.73221 ], [ 88.38837, 21.73325 ], [ 88.39032, 21.73487 ], [ 88.39206, 21.7375 ], [ 88.39238, 21.73842 ], [ 88.39229, 21.73861 ], [ 88.39182, 21.73884 ], [ 88.39206, 21.73947 ], [ 88.39279, 21.73943 ], [ 88.39303, 21.74009 ], [ 88.39316, 21.74178 ], [ 88.39359, 21.74391 ], [ 88.39354, 21.7468 ], [ 88.39419, 21.7487 ], [ 88.39466, 21.75157 ], [ 88.39522, 21.7529 ], [ 88.39623, 21.75341 ], [ 88.39817, 21.75246 ], [ 88.39917, 21.75174 ], [ 88.39946, 21.75139 ], [ 88.40029, 21.74908 ], [ 88.39975, 21.74896 ], [ 88.39972, 21.748 ] ] ], [ [ [ 88.1895, 21.70509 ], [ 88.19245, 21.70741 ], [ 88.19628, 21.71077 ], [ 88.19983, 21.71547 ], [ 88.20022, 21.71615 ], [ 88.2006, 21.71742 ], [ 88.20359, 21.7207 ], [ 88.20383, 21.72069 ], [ 88.2049, 21.71912 ], [ 88.2057, 21.71826 ], [ 88.20722, 21.71535 ], [ 88.20835, 21.71372 ], [ 88.20841, 21.71328 ], [ 88.20811, 21.71183 ], [ 88.20728, 21.70978 ], [ 88.20624, 21.70854 ], [ 88.20398, 21.70684 ], [ 88.20077, 21.7053 ], [ 88.19808, 21.70429 ], [ 88.19731, 21.7037 ], [ 88.19666, 21.70358 ], [ 88.19392, 21.70154 ], [ 88.19135, 21.69914 ], [ 88.19018, 21.69754 ], [ 88.18961, 21.6965 ], [ 88.1891, 21.69467 ], [ 88.18869, 21.69388 ], [ 88.18725, 21.69201 ], [ 88.18678, 21.69149 ], [ 88.18574, 21.69075 ], [ 88.18509, 21.69051 ], [ 88.18473, 21.69057 ], [ 88.18427, 21.69084 ], [ 88.18436, 21.6917 ], [ 88.1849, 21.69397 ], [ 88.18548, 21.69493 ], [ 88.1862, 21.69671 ], [ 88.18664, 21.6994 ], [ 88.18752, 21.69962 ], [ 88.18819, 21.70028 ], [ 88.18898, 21.70405 ], [ 88.1895, 21.70509 ] ] ], [ [ [ 88.46702, 21.67891 ], [ 88.46496, 21.67354 ], [ 88.46441, 21.66694 ], [ 88.46382, 21.66592 ], [ 88.46365, 21.66493 ], [ 88.4636, 21.66405 ], [ 88.46394, 21.66399 ], [ 88.46387, 21.66368 ], [ 88.4644, 21.6633 ], [ 88.46424, 21.66299 ], [ 88.4643, 21.6614 ], [ 88.46384, 21.66051 ], [ 88.464, 21.6597 ], [ 88.46398, 21.65817 ], [ 88.46379, 21.65781 ], [ 88.46333, 21.65773 ], [ 88.4634, 21.65686 ], [ 88.4632, 21.65656 ], [ 88.46226, 21.65618 ], [ 88.46263, 21.65578 ], [ 88.46251, 21.65558 ], [ 88.46268, 21.65547 ], [ 88.46275, 21.65477 ], [ 88.46234, 21.6544 ], [ 88.46172, 21.65463 ], [ 88.46178, 21.65431 ], [ 88.46124, 21.65461 ], [ 88.46137, 21.65433 ], [ 88.46119, 21.65433 ], [ 88.46148, 21.65417 ], [ 88.46153, 21.6539 ], [ 88.46118, 21.65371 ], [ 88.46133, 21.65353 ], [ 88.46129, 21.65327 ], [ 88.46106, 21.6529 ], [ 88.46027, 21.65239 ], [ 88.46077, 21.65238 ], [ 88.46054, 21.65212 ], [ 88.46045, 21.65154 ], [ 88.46075, 21.65129 ], [ 88.46065, 21.65105 ], [ 88.46023, 21.65084 ], [ 88.46062, 21.65072 ], [ 88.46054, 21.65057 ], [ 88.46028, 21.65058 ], [ 88.4604, 21.65039 ], [ 88.45977, 21.65025 ], [ 88.45972, 21.65013 ], [ 88.45973, 21.64992 ], [ 88.46028, 21.64963 ], [ 88.45994, 21.64862 ], [ 88.46015, 21.64766 ], [ 88.45921, 21.64582 ], [ 88.45916, 21.64525 ], [ 88.45842, 21.64335 ], [ 88.45809, 21.64017 ], [ 88.45759, 21.63906 ], [ 88.45697, 21.63807 ], [ 88.45647, 21.63757 ], [ 88.45627, 21.63657 ], [ 88.45531, 21.63571 ], [ 88.45403, 21.63324 ], [ 88.45369, 21.63244 ], [ 88.45407, 21.63186 ], [ 88.4533, 21.63201 ], [ 88.45293, 21.63175 ], [ 88.45281, 21.63102 ], [ 88.45313, 21.63052 ], [ 88.45199, 21.62831 ], [ 88.45132, 21.62635 ], [ 88.45092, 21.62605 ], [ 88.44989, 21.62568 ], [ 88.44808, 21.62545 ], [ 88.44694, 21.62591 ], [ 88.44597, 21.62607 ], [ 88.4448, 21.62663 ], [ 88.44356, 21.62655 ], [ 88.44305, 21.62664 ], [ 88.44269, 21.62687 ], [ 88.44205, 21.62774 ], [ 88.44099, 21.62833 ], [ 88.44105, 21.62909 ], [ 88.44062, 21.6296 ], [ 88.44066, 21.63019 ], [ 88.43944, 21.63047 ], [ 88.43941, 21.63113 ], [ 88.43912, 21.63184 ], [ 88.43845, 21.63233 ], [ 88.43875, 21.63313 ], [ 88.4387, 21.63333 ], [ 88.43728, 21.63452 ], [ 88.43727, 21.63501 ], [ 88.43631, 21.63575 ], [ 88.43599, 21.63665 ], [ 88.43565, 21.63698 ], [ 88.43486, 21.63733 ], [ 88.43445, 21.63735 ], [ 88.43348, 21.63877 ], [ 88.43183, 21.64062 ], [ 88.43111, 21.64174 ], [ 88.43011, 21.64233 ], [ 88.42938, 21.64326 ], [ 88.42632, 21.64576 ], [ 88.42293, 21.64913 ], [ 88.42131, 21.65136 ], [ 88.42056, 21.65278 ], [ 88.42039, 21.65354 ], [ 88.41993, 21.66454 ], [ 88.42004, 21.66577 ], [ 88.41994, 21.67454 ], [ 88.41918, 21.67809 ], [ 88.41818, 21.68106 ], [ 88.41808, 21.68243 ], [ 88.41835, 21.68377 ], [ 88.41883, 21.68482 ], [ 88.41958, 21.68837 ], [ 88.41964, 21.68965 ], [ 88.42013, 21.69007 ], [ 88.42435, 21.69224 ], [ 88.42489, 21.69285 ], [ 88.4266, 21.69414 ], [ 88.42903, 21.69634 ], [ 88.43045, 21.69812 ], [ 88.43103, 21.69925 ], [ 88.43146, 21.70019 ], [ 88.43226, 21.7031 ], [ 88.43271, 21.70359 ], [ 88.43266, 21.70443 ], [ 88.43239, 21.70481 ], [ 88.43156, 21.70741 ], [ 88.43004, 21.71122 ], [ 88.42755, 21.71438 ], [ 88.42705, 21.71511 ], [ 88.42673, 21.71597 ], [ 88.42702, 21.71728 ], [ 88.4267, 21.71801 ], [ 88.42679, 21.71877 ], [ 88.42665, 21.71897 ], [ 88.42689, 21.71897 ], [ 88.42759, 21.71968 ], [ 88.42826, 21.72154 ], [ 88.42881, 21.72158 ], [ 88.42893, 21.72172 ], [ 88.42867, 21.72216 ], [ 88.42934, 21.72457 ], [ 88.43046, 21.72512 ], [ 88.4305, 21.72534 ], [ 88.42979, 21.7254 ], [ 88.43048, 21.72549 ], [ 88.43025, 21.72609 ], [ 88.42976, 21.72597 ], [ 88.42981, 21.72563 ], [ 88.4296, 21.72564 ], [ 88.42974, 21.72601 ], [ 88.43021, 21.72615 ], [ 88.42989, 21.72684 ], [ 88.43017, 21.72724 ], [ 88.42994, 21.72746 ], [ 88.4297, 21.72731 ], [ 88.42955, 21.72738 ], [ 88.42911, 21.73005 ], [ 88.42869, 21.73092 ], [ 88.4284, 21.73239 ], [ 88.42799, 21.73291 ], [ 88.42653, 21.73616 ], [ 88.42532, 21.73811 ], [ 88.42514, 21.73899 ], [ 88.42448, 21.74036 ], [ 88.42427, 21.74119 ], [ 88.42444, 21.74512 ], [ 88.42502, 21.7459 ], [ 88.42509, 21.7464 ], [ 88.42614, 21.74757 ], [ 88.42685, 21.74883 ], [ 88.42772, 21.75051 ], [ 88.42797, 21.75155 ], [ 88.4285, 21.75159 ], [ 88.42828, 21.75197 ], [ 88.42852, 21.7526 ], [ 88.42715, 21.75519 ], [ 88.42688, 21.75637 ], [ 88.42659, 21.75671 ], [ 88.42642, 21.758 ], [ 88.42485, 21.76094 ], [ 88.42469, 21.7615 ], [ 88.42527, 21.76149 ], [ 88.42535, 21.76163 ], [ 88.42465, 21.76176 ], [ 88.42457, 21.76191 ], [ 88.42372, 21.76698 ], [ 88.42428, 21.76843 ], [ 88.42559, 21.76955 ], [ 88.42586, 21.76948 ], [ 88.42873, 21.7715 ], [ 88.42948, 21.77098 ], [ 88.43021, 21.77119 ], [ 88.43081, 21.77244 ], [ 88.43034, 21.77302 ], [ 88.4309, 21.77254 ], [ 88.43109, 21.77259 ], [ 88.43159, 21.77318 ], [ 88.4367, 21.77656 ], [ 88.43676, 21.77726 ], [ 88.43724, 21.77739 ], [ 88.43717, 21.77763 ], [ 88.43744, 21.77757 ], [ 88.43789, 21.77828 ], [ 88.43863, 21.77812 ], [ 88.43874, 21.77821 ], [ 88.4387, 21.77842 ], [ 88.43822, 21.77859 ], [ 88.43825, 21.7788 ], [ 88.44103, 21.78293 ], [ 88.44097, 21.78329 ], [ 88.44128, 21.78334 ], [ 88.44218, 21.78536 ], [ 88.44222, 21.78636 ], [ 88.44189, 21.7864 ], [ 88.44221, 21.78651 ], [ 88.44202, 21.78844 ], [ 88.44262, 21.79018 ], [ 88.44243, 21.79187 ], [ 88.44256, 21.79262 ], [ 88.44444, 21.79616 ], [ 88.44551, 21.79732 ], [ 88.44664, 21.79722 ], [ 88.44815, 21.79591 ], [ 88.44855, 21.79619 ], [ 88.44883, 21.79617 ], [ 88.44919, 21.79546 ], [ 88.44859, 21.79497 ], [ 88.44844, 21.7945 ], [ 88.44965, 21.79405 ], [ 88.45124, 21.79277 ], [ 88.4513, 21.7919 ], [ 88.4518, 21.79144 ], [ 88.4523, 21.79149 ], [ 88.45288, 21.79082 ], [ 88.45299, 21.79047 ], [ 88.45342, 21.79042 ], [ 88.45365, 21.79056 ], [ 88.45495, 21.78978 ], [ 88.45856, 21.78842 ], [ 88.46256, 21.78834 ], [ 88.46419, 21.78877 ], [ 88.46541, 21.78971 ], [ 88.46612, 21.79059 ], [ 88.46655, 21.79252 ], [ 88.46733, 21.79282 ], [ 88.46759, 21.79349 ], [ 88.4678, 21.79363 ], [ 88.47074, 21.79413 ], [ 88.47344, 21.79422 ], [ 88.47619, 21.79299 ], [ 88.47658, 21.7923 ], [ 88.47665, 21.79181 ], [ 88.47643, 21.79036 ], [ 88.4749, 21.78727 ], [ 88.47488, 21.78593 ], [ 88.47337, 21.78237 ], [ 88.47274, 21.77978 ], [ 88.47168, 21.77642 ], [ 88.47135, 21.77461 ], [ 88.47076, 21.77324 ], [ 88.47037, 21.76879 ], [ 88.46961, 21.76556 ], [ 88.46942, 21.76111 ], [ 88.46908, 21.75875 ], [ 88.46867, 21.75107 ], [ 88.46815, 21.74477 ], [ 88.46787, 21.73856 ], [ 88.46737, 21.7364 ], [ 88.46668, 21.73452 ], [ 88.4647, 21.73178 ], [ 88.46338, 21.7291 ], [ 88.4623, 21.72773 ], [ 88.46103, 21.72646 ], [ 88.45901, 21.72597 ], [ 88.45874, 21.72559 ], [ 88.45874, 21.72506 ], [ 88.45919, 21.72369 ], [ 88.45841, 21.72328 ], [ 88.45821, 21.72278 ], [ 88.4587, 21.72144 ], [ 88.45886, 21.71968 ], [ 88.45879, 21.71955 ], [ 88.45815, 21.71939 ], [ 88.458, 21.71907 ], [ 88.45797, 21.71865 ], [ 88.45853, 21.71705 ], [ 88.45815, 21.71314 ], [ 88.45749, 21.71168 ], [ 88.45658, 21.71087 ], [ 88.45693, 21.71018 ], [ 88.45726, 21.70877 ], [ 88.45787, 21.70765 ], [ 88.45844, 21.70353 ], [ 88.46143, 21.69466 ], [ 88.46165, 21.6935 ], [ 88.46256, 21.69149 ], [ 88.4634, 21.69033 ], [ 88.4657, 21.68574 ], [ 88.46589, 21.68264 ], [ 88.46702, 21.67891 ] ] ], [ [ [ 88.48527, 21.72517 ], [ 88.48588, 21.72525 ], [ 88.48716, 21.72432 ], [ 88.4871, 21.72409 ], [ 88.48564, 21.72516 ], [ 88.48527, 21.72517 ] ] ], [ [ [ 88.36302, 21.72358 ], [ 88.36324, 21.72353 ], [ 88.36328, 21.72333 ], [ 88.36423, 21.72308 ], [ 88.36512, 21.72142 ], [ 88.36589, 21.72053 ], [ 88.36639, 21.71968 ], [ 88.36779, 21.71915 ], [ 88.36901, 21.71846 ], [ 88.36962, 21.71771 ], [ 88.37062, 21.71716 ], [ 88.37136, 21.71705 ], [ 88.37306, 21.71715 ], [ 88.37382, 21.71702 ], [ 88.37523, 21.71707 ], [ 88.37551, 21.71686 ], [ 88.37594, 21.71682 ], [ 88.37792, 21.71691 ], [ 88.37899, 21.71681 ], [ 88.38105, 21.71719 ], [ 88.38221, 21.7177 ], [ 88.38673, 21.71836 ], [ 88.38842, 21.71837 ], [ 88.39238, 21.7173 ], [ 88.39244, 21.71703 ], [ 88.39402, 21.71547 ], [ 88.39446, 21.71474 ], [ 88.39443, 21.71417 ], [ 88.39393, 21.71264 ], [ 88.39307, 21.71126 ], [ 88.3928, 21.71 ], [ 88.39119, 21.70738 ], [ 88.39114, 21.70706 ], [ 88.39102, 21.70694 ], [ 88.39075, 21.70704 ], [ 88.38958, 21.70607 ], [ 88.39043, 21.70509 ], [ 88.38958, 21.70574 ], [ 88.38923, 21.70576 ], [ 88.38749, 21.70429 ], [ 88.38643, 21.70311 ], [ 88.38267, 21.7005 ], [ 88.37887, 21.69897 ], [ 88.37838, 21.69843 ], [ 88.37595, 21.69755 ], [ 88.37383, 21.69625 ], [ 88.37273, 21.69485 ], [ 88.37221, 21.6944 ], [ 88.37095, 21.69392 ], [ 88.36897, 21.69451 ], [ 88.36603, 21.69324 ], [ 88.36548, 21.69186 ], [ 88.36542, 21.69038 ], [ 88.36577, 21.6902 ], [ 88.36576, 21.68895 ], [ 88.36565, 21.68859 ], [ 88.36508, 21.68811 ], [ 88.36464, 21.68797 ], [ 88.35977, 21.68755 ], [ 88.35782, 21.68847 ], [ 88.35711, 21.68902 ], [ 88.35658, 21.68971 ], [ 88.35428, 21.69091 ], [ 88.35375, 21.69116 ], [ 88.35229, 21.69144 ], [ 88.35064, 21.69283 ], [ 88.34963, 21.69472 ], [ 88.34948, 21.69529 ], [ 88.34769, 21.69783 ], [ 88.34738, 21.69923 ], [ 88.34765, 21.69957 ], [ 88.34755, 21.69981 ], [ 88.34727, 21.69978 ], [ 88.34683, 21.70007 ], [ 88.34616, 21.70132 ], [ 88.34628, 21.7015 ], [ 88.34611, 21.7022 ], [ 88.3458, 21.70236 ], [ 88.34558, 21.70359 ], [ 88.34533, 21.7036 ], [ 88.34524, 21.70377 ], [ 88.34521, 21.70456 ], [ 88.34482, 21.70476 ], [ 88.34502, 21.70563 ], [ 88.34498, 21.7066 ], [ 88.34347, 21.7065 ], [ 88.34305, 21.70942 ], [ 88.34287, 21.70952 ], [ 88.34248, 21.70937 ], [ 88.3413, 21.71078 ], [ 88.34031, 21.71246 ], [ 88.34002, 21.7133 ], [ 88.34006, 21.71357 ], [ 88.34052, 21.71374 ], [ 88.33999, 21.71429 ], [ 88.34079, 21.71496 ], [ 88.34212, 21.71553 ], [ 88.34266, 21.7155 ], [ 88.34316, 21.71593 ], [ 88.34391, 21.71596 ], [ 88.34446, 21.71573 ], [ 88.34499, 21.71582 ], [ 88.34487, 21.71737 ], [ 88.34534, 21.71701 ], [ 88.34611, 21.71694 ], [ 88.34631, 21.71806 ], [ 88.34647, 21.71812 ], [ 88.34678, 21.71787 ], [ 88.34702, 21.71799 ], [ 88.34775, 21.71868 ], [ 88.34794, 21.7192 ], [ 88.34878, 21.7192 ], [ 88.34893, 21.71961 ], [ 88.34939, 21.71966 ], [ 88.34955, 21.72 ], [ 88.34856, 21.72102 ], [ 88.34861, 21.72136 ], [ 88.34907, 21.72188 ], [ 88.34909, 21.72227 ], [ 88.34886, 21.72285 ], [ 88.34922, 21.72301 ], [ 88.34927, 21.7232 ], [ 88.34933, 21.72602 ], [ 88.34925, 21.72631 ], [ 88.34901, 21.72642 ], [ 88.34869, 21.72693 ], [ 88.34827, 21.72975 ], [ 88.34801, 21.73023 ], [ 88.34824, 21.73132 ], [ 88.3486, 21.73134 ], [ 88.34883, 21.7321 ], [ 88.34778, 21.73221 ], [ 88.34724, 21.73288 ], [ 88.34539, 21.73835 ], [ 88.3458, 21.73843 ], [ 88.34598, 21.73902 ], [ 88.34547, 21.7392 ], [ 88.34545, 21.73983 ], [ 88.34561, 21.74024 ], [ 88.34553, 21.74093 ], [ 88.34544, 21.74111 ], [ 88.34502, 21.74127 ], [ 88.34457, 21.74313 ], [ 88.34456, 21.748 ], [ 88.34476, 21.75109 ], [ 88.34498, 21.75184 ], [ 88.34531, 21.75198 ], [ 88.34535, 21.75214 ], [ 88.34521, 21.75238 ], [ 88.34516, 21.75352 ], [ 88.34469, 21.75387 ], [ 88.34473, 21.75437 ], [ 88.34512, 21.75552 ], [ 88.34648, 21.75792 ], [ 88.3479, 21.75949 ], [ 88.3493, 21.76068 ], [ 88.34965, 21.76089 ], [ 88.35045, 21.76088 ], [ 88.3527, 21.76154 ], [ 88.35265, 21.76189 ], [ 88.35294, 21.76201 ], [ 88.35485, 21.76199 ], [ 88.355, 21.76286 ], [ 88.35437, 21.76309 ], [ 88.35413, 21.76335 ], [ 88.35433, 21.76384 ], [ 88.35459, 21.76395 ], [ 88.35511, 21.76398 ], [ 88.35533, 21.76378 ], [ 88.35528, 21.76187 ], [ 88.35641, 21.7616 ], [ 88.35669, 21.76162 ], [ 88.35783, 21.76236 ], [ 88.3596, 21.76283 ], [ 88.35981, 21.76303 ], [ 88.36137, 21.76331 ], [ 88.36235, 21.76333 ], [ 88.36269, 21.76356 ], [ 88.36317, 21.76357 ], [ 88.36332, 21.76337 ], [ 88.36541, 21.76339 ], [ 88.36551, 21.76373 ], [ 88.36747, 21.76371 ], [ 88.36756, 21.76354 ], [ 88.36852, 21.76339 ], [ 88.36937, 21.76352 ], [ 88.37025, 21.7634 ], [ 88.37268, 21.7623 ], [ 88.37308, 21.76287 ], [ 88.37328, 21.76284 ], [ 88.37346, 21.76321 ], [ 88.37399, 21.76305 ], [ 88.37462, 21.76377 ], [ 88.37585, 21.76439 ], [ 88.37764, 21.76568 ], [ 88.37919, 21.76601 ], [ 88.37947, 21.76592 ], [ 88.38025, 21.76514 ], [ 88.38173, 21.76472 ], [ 88.3826, 21.76419 ], [ 88.38534, 21.76359 ], [ 88.38847, 21.76156 ], [ 88.38887, 21.76054 ], [ 88.38957, 21.75979 ], [ 88.38988, 21.75831 ], [ 88.38967, 21.75779 ], [ 88.38906, 21.75699 ], [ 88.38917, 21.75678 ], [ 88.38896, 21.75642 ], [ 88.38905, 21.75618 ], [ 88.38835, 21.75503 ], [ 88.38745, 21.75449 ], [ 88.38688, 21.75367 ], [ 88.38709, 21.75253 ], [ 88.38659, 21.75201 ], [ 88.38744, 21.75174 ], [ 88.38746, 21.75125 ], [ 88.38726, 21.75116 ], [ 88.3862, 21.75146 ], [ 88.38581, 21.75084 ], [ 88.38586, 21.74985 ], [ 88.38679, 21.74982 ], [ 88.38702, 21.74964 ], [ 88.38682, 21.74926 ], [ 88.38691, 21.74753 ], [ 88.38651, 21.74716 ], [ 88.38669, 21.74659 ], [ 88.38616, 21.74493 ], [ 88.38661, 21.74437 ], [ 88.38687, 21.74293 ], [ 88.38669, 21.74266 ], [ 88.38623, 21.74245 ], [ 88.38636, 21.74216 ], [ 88.38593, 21.74102 ], [ 88.38503, 21.73966 ], [ 88.38375, 21.73979 ], [ 88.38364, 21.73907 ], [ 88.38315, 21.73862 ], [ 88.38287, 21.73861 ], [ 88.3821, 21.73821 ], [ 88.38007, 21.73805 ], [ 88.37971, 21.73824 ], [ 88.37594, 21.7383 ], [ 88.37561, 21.73816 ], [ 88.37486, 21.73827 ], [ 88.37213, 21.73737 ], [ 88.37159, 21.73714 ], [ 88.37037, 21.73619 ], [ 88.36989, 21.7364 ], [ 88.36798, 21.73516 ], [ 88.36733, 21.73458 ], [ 88.36713, 21.73416 ], [ 88.3648, 21.73276 ], [ 88.36439, 21.73232 ], [ 88.36316, 21.73019 ], [ 88.36359, 21.72973 ], [ 88.36307, 21.72771 ], [ 88.36332, 21.72742 ], [ 88.3631, 21.72567 ], [ 88.36327, 21.72389 ], [ 88.36303, 21.72383 ], [ 88.36302, 21.72358 ] ] ], [ [ [ 88.19655, 21.73399 ], [ 88.19611, 21.73418 ], [ 88.19589, 21.73446 ], [ 88.19586, 21.73688 ], [ 88.19602, 21.73738 ], [ 88.19656, 21.73818 ], [ 88.19941, 21.74149 ], [ 88.19994, 21.74193 ], [ 88.20001, 21.7418 ], [ 88.19883, 21.73778 ], [ 88.19745, 21.73457 ], [ 88.19704, 21.734 ], [ 88.19655, 21.73399 ] ] ], [ [ [ 88.28874, 21.71463 ], [ 88.28524, 21.71993 ], [ 88.28434, 21.72174 ], [ 88.28246, 21.72454 ], [ 88.2796, 21.72708 ], [ 88.27828, 21.72805 ], [ 88.27706, 21.72993 ], [ 88.27657, 21.73105 ], [ 88.27605, 21.73275 ], [ 88.27558, 21.73544 ], [ 88.27585, 21.73743 ], [ 88.27647, 21.73902 ], [ 88.27787, 21.7413 ], [ 88.28206, 21.74644 ], [ 88.28362, 21.74881 ], [ 88.28535, 21.75268 ], [ 88.286, 21.75497 ], [ 88.28638, 21.75764 ], [ 88.28638, 21.76114 ], [ 88.28594, 21.76539 ], [ 88.28571, 21.76633 ], [ 88.2846, 21.76906 ], [ 88.28457, 21.76977 ], [ 88.28473, 21.77098 ], [ 88.28545, 21.77312 ], [ 88.28649, 21.77525 ], [ 88.28833, 21.77784 ], [ 88.28906, 21.77976 ], [ 88.29016, 21.77794 ], [ 88.29168, 21.77601 ], [ 88.29527, 21.77276 ], [ 88.29596, 21.77185 ], [ 88.29718, 21.76973 ], [ 88.30025, 21.76269 ], [ 88.30203, 21.75733 ], [ 88.30284, 21.75376 ], [ 88.30371, 21.74365 ], [ 88.30496, 21.73805 ], [ 88.30536, 21.73552 ], [ 88.3054, 21.7323 ], [ 88.30507, 21.73075 ], [ 88.3015, 21.72354 ], [ 88.30051, 21.72064 ], [ 88.29981, 21.71764 ], [ 88.29971, 21.71516 ], [ 88.30013, 21.71244 ], [ 88.30063, 21.71081 ], [ 88.30151, 21.70897 ], [ 88.29938, 21.70666 ], [ 88.29863, 21.70621 ], [ 88.29803, 21.70606 ], [ 88.29731, 21.70607 ], [ 88.29594, 21.70644 ], [ 88.29442, 21.70732 ], [ 88.29283, 21.70913 ], [ 88.28874, 21.71463 ] ] ], [ [ [ 88.14176, 21.86304 ], [ 88.1437, 21.86002 ], [ 88.14447, 21.85911 ], [ 88.145, 21.858 ], [ 88.14553, 21.85484 ], [ 88.14622, 21.8537 ], [ 88.14671, 21.85205 ], [ 88.14667, 21.85125 ], [ 88.14722, 21.85025 ], [ 88.14725, 21.84899 ], [ 88.14782, 21.84852 ], [ 88.14805, 21.84796 ], [ 88.14807, 21.84745 ], [ 88.14863, 21.84613 ], [ 88.14842, 21.84584 ], [ 88.14832, 21.84507 ], [ 88.14859, 21.84419 ], [ 88.14947, 21.84252 ], [ 88.1498, 21.84113 ], [ 88.15091, 21.83798 ], [ 88.1534, 21.83339 ], [ 88.15354, 21.8328 ], [ 88.15383, 21.83247 ], [ 88.1546, 21.83215 ], [ 88.15767, 21.82792 ], [ 88.16004, 21.82507 ], [ 88.15992, 21.82454 ], [ 88.16022, 21.82434 ], [ 88.16049, 21.82447 ], [ 88.16111, 21.82395 ], [ 88.16165, 21.82343 ], [ 88.16151, 21.82317 ], [ 88.16175, 21.82281 ], [ 88.16214, 21.8228 ], [ 88.16274, 21.82231 ], [ 88.16287, 21.82182 ], [ 88.16329, 21.82138 ], [ 88.16613, 21.81904 ], [ 88.16779, 21.81726 ], [ 88.16886, 21.81556 ], [ 88.16914, 21.81579 ], [ 88.16935, 21.81563 ], [ 88.17081, 21.81338 ], [ 88.17097, 21.81246 ], [ 88.17135, 21.81158 ], [ 88.17106, 21.81079 ], [ 88.16763, 21.80894 ], [ 88.16629, 21.80803 ], [ 88.16486, 21.80602 ], [ 88.16418, 21.80417 ], [ 88.1636, 21.80202 ], [ 88.16352, 21.79671 ], [ 88.16368, 21.79606 ], [ 88.16361, 21.79386 ], [ 88.16387, 21.79232 ], [ 88.16597, 21.78697 ], [ 88.16842, 21.78241 ], [ 88.16844, 21.78214 ], [ 88.16834, 21.78113 ], [ 88.16857, 21.77883 ], [ 88.16875, 21.76647 ], [ 88.16984, 21.76627 ], [ 88.16967, 21.76463 ], [ 88.16948, 21.76458 ], [ 88.16943, 21.7642 ], [ 88.16884, 21.76407 ], [ 88.16876, 21.7624 ], [ 88.16951, 21.76233 ], [ 88.16952, 21.76182 ], [ 88.16872, 21.76164 ], [ 88.16867, 21.7604 ], [ 88.16925, 21.76021 ], [ 88.16918, 21.75877 ], [ 88.16848, 21.75871 ], [ 88.16833, 21.75677 ], [ 88.16908, 21.7567 ], [ 88.16913, 21.75655 ], [ 88.16833, 21.75646 ], [ 88.16828, 21.75591 ], [ 88.16913, 21.75574 ], [ 88.16922, 21.75414 ], [ 88.17033, 21.75467 ], [ 88.16873, 21.7535 ], [ 88.16942, 21.74815 ], [ 88.1693, 21.74797 ], [ 88.16868, 21.74783 ], [ 88.16885, 21.74666 ], [ 88.16863, 21.74647 ], [ 88.16924, 21.74301 ], [ 88.16763, 21.73657 ], [ 88.16729, 21.73439 ], [ 88.16584, 21.73257 ], [ 88.16614, 21.73222 ], [ 88.16587, 21.73186 ], [ 88.16551, 21.73193 ], [ 88.16539, 21.73177 ], [ 88.16563, 21.73136 ], [ 88.16529, 21.73093 ], [ 88.16493, 21.72909 ], [ 88.16432, 21.72805 ], [ 88.16374, 21.72482 ], [ 88.16324, 21.72475 ], [ 88.16307, 21.72374 ], [ 88.16362, 21.72363 ], [ 88.16335, 21.72335 ], [ 88.16327, 21.72258 ], [ 88.16361, 21.72234 ], [ 88.16354, 21.72148 ], [ 88.16386, 21.72117 ], [ 88.16135, 21.71746 ], [ 88.16037, 21.71723 ], [ 88.15696, 21.711 ], [ 88.15696, 21.70966 ], [ 88.15619, 21.70823 ], [ 88.15462, 21.70424 ], [ 88.15439, 21.70219 ], [ 88.15413, 21.70183 ], [ 88.15371, 21.69996 ], [ 88.15351, 21.69957 ], [ 88.15298, 21.69907 ], [ 88.15241, 21.69792 ], [ 88.15231, 21.69705 ], [ 88.15203, 21.69664 ], [ 88.15146, 21.69486 ], [ 88.15118, 21.69318 ], [ 88.15143, 21.6926 ], [ 88.15141, 21.69168 ], [ 88.15212, 21.68898 ], [ 88.15282, 21.68517 ], [ 88.15275, 21.68391 ], [ 88.1529, 21.68293 ], [ 88.15378, 21.68126 ], [ 88.15413, 21.6801 ], [ 88.15432, 21.67863 ], [ 88.15294, 21.67011 ], [ 88.15335, 21.66888 ], [ 88.15344, 21.66732 ], [ 88.15312, 21.65509 ], [ 88.15348, 21.65078 ], [ 88.15333, 21.64936 ], [ 88.15246, 21.64736 ], [ 88.15107, 21.64544 ], [ 88.14958, 21.64297 ], [ 88.14657, 21.63883 ], [ 88.1455, 21.63796 ], [ 88.14256, 21.6362 ], [ 88.13964, 21.63568 ], [ 88.13866, 21.63601 ], [ 88.13839, 21.63596 ], [ 88.13567, 21.6342 ], [ 88.13176, 21.63358 ], [ 88.13149, 21.63344 ], [ 88.13121, 21.633 ], [ 88.12962, 21.63301 ], [ 88.11709, 21.63132 ], [ 88.11565, 21.63099 ], [ 88.11292, 21.62965 ], [ 88.11104, 21.62908 ], [ 88.10886, 21.62897 ], [ 88.1077, 21.62877 ], [ 88.10144, 21.62917 ], [ 88.09678, 21.63009 ], [ 88.09589, 21.63077 ], [ 88.09439, 21.63096 ], [ 88.09358, 21.63061 ], [ 88.09295, 21.63061 ], [ 88.09053, 21.63082 ], [ 88.08875, 21.63114 ], [ 88.08559, 21.63099 ], [ 88.0834, 21.63119 ], [ 88.07242, 21.6329 ], [ 88.06844, 21.63378 ], [ 88.06594, 21.63472 ], [ 88.06543, 21.63524 ], [ 88.0622, 21.63686 ], [ 88.0615, 21.63741 ], [ 88.06092, 21.63815 ], [ 88.06056, 21.63915 ], [ 88.05732, 21.64083 ], [ 88.05484, 21.64325 ], [ 88.05376, 21.64477 ], [ 88.05177, 21.64697 ], [ 88.04866, 21.65004 ], [ 88.04763, 21.65168 ], [ 88.04537, 21.6533 ], [ 88.04488, 21.65357 ], [ 88.04468, 21.65342 ], [ 88.04442, 21.65355 ], [ 88.04338, 21.65494 ], [ 88.04288, 21.65669 ], [ 88.04333, 21.65783 ], [ 88.04337, 21.65855 ], [ 88.04402, 21.65866 ], [ 88.0444, 21.65915 ], [ 88.04483, 21.66023 ], [ 88.04492, 21.66175 ], [ 88.04432, 21.66542 ], [ 88.04414, 21.66595 ], [ 88.0431, 21.66666 ], [ 88.04307, 21.66764 ], [ 88.04266, 21.66894 ], [ 88.04281, 21.67042 ], [ 88.0427, 21.67232 ], [ 88.04291, 21.67411 ], [ 88.04282, 21.67589 ], [ 88.04231, 21.67975 ], [ 88.0419, 21.68152 ], [ 88.04167, 21.68499 ], [ 88.04184, 21.6862 ], [ 88.04235, 21.68726 ], [ 88.04262, 21.68751 ], [ 88.04515, 21.68756 ], [ 88.04577, 21.68796 ], [ 88.0461, 21.68845 ], [ 88.04694, 21.69268 ], [ 88.04787, 21.69388 ], [ 88.0479, 21.69454 ], [ 88.04763, 21.69588 ], [ 88.0479, 21.70125 ], [ 88.04885, 21.70702 ], [ 88.05068, 21.71133 ], [ 88.05233, 21.714 ], [ 88.05334, 21.71521 ], [ 88.0543, 21.71739 ], [ 88.05825, 21.72356 ], [ 88.06165, 21.73059 ], [ 88.06204, 21.73088 ], [ 88.06348, 21.73113 ], [ 88.06429, 21.73173 ], [ 88.06494, 21.73254 ], [ 88.06582, 21.73641 ], [ 88.06597, 21.73683 ], [ 88.06653, 21.73752 ], [ 88.06701, 21.73896 ], [ 88.06934, 21.73937 ], [ 88.06992, 21.73971 ], [ 88.07011, 21.74003 ], [ 88.07042, 21.7407 ], [ 88.07086, 21.74245 ], [ 88.07087, 21.74344 ], [ 88.07064, 21.74436 ], [ 88.07092, 21.74599 ], [ 88.07203, 21.74943 ], [ 88.07252, 21.74984 ], [ 88.07435, 21.75083 ], [ 88.07598, 21.75136 ], [ 88.07623, 21.75162 ], [ 88.07638, 21.75228 ], [ 88.07586, 21.7543 ], [ 88.0748, 21.75733 ], [ 88.07497, 21.76368 ], [ 88.07514, 21.76514 ], [ 88.07563, 21.76698 ], [ 88.07602, 21.77064 ], [ 88.07699, 21.77522 ], [ 88.0777, 21.77748 ], [ 88.08115, 21.78152 ], [ 88.08269, 21.78235 ], [ 88.08331, 21.78248 ], [ 88.08399, 21.78303 ], [ 88.08445, 21.78411 ], [ 88.08498, 21.78659 ], [ 88.08491, 21.78729 ], [ 88.08509, 21.78997 ], [ 88.08476, 21.79038 ], [ 88.08557, 21.79122 ], [ 88.08594, 21.79187 ], [ 88.08769, 21.79728 ], [ 88.0899, 21.80148 ], [ 88.09017, 21.80228 ], [ 88.09033, 21.80369 ], [ 88.09275, 21.80943 ], [ 88.09398, 21.81045 ], [ 88.09499, 21.81025 ], [ 88.09582, 21.81215 ], [ 88.09685, 21.81524 ], [ 88.09752, 21.81537 ], [ 88.09805, 21.816 ], [ 88.09864, 21.81834 ], [ 88.09843, 21.81919 ], [ 88.09901, 21.82122 ], [ 88.09888, 21.82181 ], [ 88.09902, 21.82265 ], [ 88.09936, 21.82299 ], [ 88.10008, 21.82431 ], [ 88.10152, 21.82791 ], [ 88.10144, 21.82834 ], [ 88.10252, 21.83091 ], [ 88.11001, 21.84221 ], [ 88.11238, 21.84512 ], [ 88.11388, 21.8476 ], [ 88.11538, 21.85056 ], [ 88.12153, 21.86463 ], [ 88.12528, 21.87465 ], [ 88.12657, 21.87773 ], [ 88.12849, 21.88152 ], [ 88.12924, 21.88263 ], [ 88.13014, 21.88352 ], [ 88.13046, 21.88367 ], [ 88.13095, 21.88342 ], [ 88.13266, 21.88053 ], [ 88.13584, 21.87592 ], [ 88.13718, 21.87291 ], [ 88.13752, 21.87161 ], [ 88.13749, 21.8711 ], [ 88.1378, 21.87036 ], [ 88.14102, 21.86461 ], [ 88.14176, 21.86304 ] ] ], [ [ [ 88.20006, 21.7651 ], [ 88.20098, 21.76354 ], [ 88.20118, 21.76162 ], [ 88.20109, 21.76107 ], [ 88.19992, 21.76032 ], [ 88.19789, 21.75937 ], [ 88.19743, 21.7592 ], [ 88.19626, 21.75926 ], [ 88.1956, 21.75977 ], [ 88.1956, 21.7605 ], [ 88.19655, 21.76277 ], [ 88.19786, 21.7644 ], [ 88.19942, 21.76521 ], [ 88.20006, 21.7651 ] ] ], [ [ [ 88.40673, 21.73805 ], [ 88.4062, 21.73811 ], [ 88.40578, 21.73769 ], [ 88.40557, 21.73785 ], [ 88.40461, 21.73802 ], [ 88.40399, 21.73833 ], [ 88.40301, 21.73929 ], [ 88.40258, 21.74108 ], [ 88.40183, 21.7424 ], [ 88.40193, 21.74277 ], [ 88.4015, 21.74281 ], [ 88.40195, 21.74287 ], [ 88.4021, 21.7449 ], [ 88.40253, 21.74615 ], [ 88.40364, 21.74783 ], [ 88.40308, 21.75114 ], [ 88.40242, 21.75238 ], [ 88.40185, 21.75305 ], [ 88.40049, 21.7542 ], [ 88.39798, 21.75537 ], [ 88.39667, 21.75627 ], [ 88.3965, 21.75745 ], [ 88.39628, 21.75772 ], [ 88.39649, 21.75825 ], [ 88.39648, 21.75875 ], [ 88.3958, 21.76179 ], [ 88.39398, 21.76529 ], [ 88.39356, 21.76597 ], [ 88.39147, 21.76774 ], [ 88.39111, 21.76854 ], [ 88.38995, 21.76934 ], [ 88.38972, 21.76967 ], [ 88.38938, 21.77105 ], [ 88.3883, 21.77127 ], [ 88.38796, 21.77152 ], [ 88.38559, 21.77408 ], [ 88.38342, 21.7784 ], [ 88.38339, 21.77869 ], [ 88.38362, 21.77903 ], [ 88.38395, 21.77904 ], [ 88.38407, 21.7792 ], [ 88.38441, 21.77998 ], [ 88.38434, 21.78035 ], [ 88.38632, 21.78183 ], [ 88.38655, 21.78196 ], [ 88.38724, 21.78198 ], [ 88.38997, 21.78383 ], [ 88.39053, 21.78463 ], [ 88.39211, 21.78611 ], [ 88.39214, 21.78649 ], [ 88.39437, 21.78767 ], [ 88.39699, 21.78981 ], [ 88.39808, 21.79108 ], [ 88.39864, 21.79149 ], [ 88.39957, 21.7915 ], [ 88.3997, 21.79222 ], [ 88.40178, 21.79373 ], [ 88.40218, 21.79374 ], [ 88.40242, 21.79416 ], [ 88.40383, 21.79519 ], [ 88.40446, 21.79586 ], [ 88.40472, 21.79628 ], [ 88.40477, 21.79676 ], [ 88.40737, 21.79897 ], [ 88.4073, 21.79939 ], [ 88.40802, 21.80002 ], [ 88.41047, 21.8018 ], [ 88.41239, 21.80266 ], [ 88.41271, 21.80262 ], [ 88.41262, 21.80289 ], [ 88.41328, 21.80394 ], [ 88.4138, 21.80405 ], [ 88.41732, 21.80788 ], [ 88.41978, 21.81025 ], [ 88.41991, 21.81062 ], [ 88.42158, 21.81092 ], [ 88.42335, 21.81085 ], [ 88.42491, 21.8102 ], [ 88.42536, 21.80959 ], [ 88.4252, 21.80851 ], [ 88.42565, 21.80813 ], [ 88.42644, 21.80551 ], [ 88.42672, 21.80375 ], [ 88.42676, 21.80245 ], [ 88.42628, 21.80176 ], [ 88.42644, 21.80165 ], [ 88.4268, 21.80179 ], [ 88.42677, 21.80146 ], [ 88.42735, 21.80117 ], [ 88.4294, 21.79934 ], [ 88.43087, 21.79875 ], [ 88.43073, 21.79827 ], [ 88.43135, 21.79782 ], [ 88.43397, 21.7979 ], [ 88.4361, 21.79848 ], [ 88.4364, 21.79911 ], [ 88.44186, 21.80046 ], [ 88.44215, 21.80049 ], [ 88.44238, 21.80023 ], [ 88.44116, 21.79842 ], [ 88.43998, 21.79615 ], [ 88.43946, 21.79444 ], [ 88.43947, 21.79367 ], [ 88.43889, 21.7922 ], [ 88.43849, 21.79056 ], [ 88.43802, 21.78801 ], [ 88.43721, 21.78557 ], [ 88.43635, 21.78363 ], [ 88.43373, 21.78021 ], [ 88.43328, 21.7799 ], [ 88.43286, 21.78001 ], [ 88.43166, 21.77867 ], [ 88.43047, 21.77765 ], [ 88.42876, 21.77703 ], [ 88.42841, 21.77668 ], [ 88.42814, 21.77671 ], [ 88.42791, 21.77606 ], [ 88.42842, 21.77566 ], [ 88.4278, 21.77593 ], [ 88.42522, 21.7735 ], [ 88.42381, 21.77286 ], [ 88.42304, 21.77235 ], [ 88.42137, 21.76956 ], [ 88.42084, 21.76926 ], [ 88.42019, 21.76736 ], [ 88.42047, 21.76595 ], [ 88.41994, 21.7647 ], [ 88.41939, 21.76404 ], [ 88.4197, 21.76322 ], [ 88.42021, 21.76019 ], [ 88.41977, 21.76014 ], [ 88.41971, 21.75988 ], [ 88.42021, 21.75949 ], [ 88.4204, 21.75905 ], [ 88.42058, 21.75902 ], [ 88.4213, 21.7575 ], [ 88.42169, 21.75737 ], [ 88.42359, 21.75523 ], [ 88.42411, 21.755 ], [ 88.424, 21.75463 ], [ 88.42452, 21.75392 ], [ 88.42482, 21.7528 ], [ 88.42469, 21.75223 ], [ 88.42377, 21.75048 ], [ 88.42153, 21.74721 ], [ 88.4211, 21.74612 ], [ 88.42033, 21.74507 ], [ 88.41979, 21.74205 ], [ 88.4205, 21.73946 ], [ 88.42191, 21.73566 ], [ 88.42315, 21.73348 ], [ 88.42371, 21.73185 ], [ 88.42368, 21.73122 ], [ 88.42439, 21.73103 ], [ 88.42468, 21.7298 ], [ 88.42476, 21.72867 ], [ 88.42518, 21.72681 ], [ 88.4249, 21.72591 ], [ 88.42541, 21.72544 ], [ 88.42407, 21.72126 ], [ 88.42351, 21.72047 ], [ 88.42309, 21.72028 ], [ 88.42074, 21.72275 ], [ 88.41993, 21.72436 ], [ 88.41881, 21.72535 ], [ 88.41888, 21.72577 ], [ 88.4179, 21.72748 ], [ 88.41727, 21.72839 ], [ 88.41668, 21.7287 ], [ 88.41643, 21.72957 ], [ 88.41557, 21.73029 ], [ 88.41298, 21.73332 ], [ 88.41259, 21.73367 ], [ 88.41225, 21.73375 ], [ 88.41196, 21.73457 ], [ 88.41165, 21.73466 ], [ 88.41051, 21.73552 ], [ 88.40992, 21.7357 ], [ 88.40858, 21.73691 ], [ 88.40668, 21.73741 ], [ 88.40673, 21.73805 ] ] ], [ [ [ 88.26468, 21.78898 ], [ 88.26352, 21.79259 ], [ 88.26924, 21.79124 ], [ 88.27681, 21.79101 ], [ 88.27929, 21.79077 ], [ 88.28165, 21.79029 ], [ 88.28344, 21.78957 ], [ 88.28472, 21.7888 ], [ 88.28578, 21.78781 ], [ 88.2871, 21.78573 ], [ 88.28871, 21.78035 ], [ 88.28854, 21.77947 ], [ 88.28578, 21.77517 ], [ 88.28444, 21.77253 ], [ 88.28389, 21.77095 ], [ 88.28357, 21.76882 ], [ 88.28121, 21.77119 ], [ 88.27787, 21.77296 ], [ 88.27424, 21.7755 ], [ 88.27225, 21.77783 ], [ 88.27103, 21.77968 ], [ 88.26645, 21.78582 ], [ 88.26468, 21.78898 ] ] ], [ [ [ 88.28713, 21.78867 ], [ 88.28644, 21.7893 ], [ 88.28612, 21.78994 ], [ 88.28086, 21.79191 ], [ 88.27738, 21.7929 ], [ 88.27673, 21.79331 ], [ 88.27628, 21.79338 ], [ 88.27592, 21.79368 ], [ 88.27536, 21.79364 ], [ 88.27307, 21.79413 ], [ 88.27193, 21.79384 ], [ 88.27076, 21.79395 ], [ 88.27, 21.79374 ], [ 88.26714, 21.79419 ], [ 88.26552, 21.7947 ], [ 88.26328, 21.79637 ], [ 88.26322, 21.79661 ], [ 88.26385, 21.79875 ], [ 88.26371, 21.79915 ], [ 88.26286, 21.79994 ], [ 88.26278, 21.80017 ], [ 88.26295, 21.80054 ], [ 88.26322, 21.80056 ], [ 88.26442, 21.80002 ], [ 88.26591, 21.80289 ], [ 88.26667, 21.8037 ], [ 88.26658, 21.80434 ], [ 88.26986, 21.80754 ], [ 88.27265, 21.80961 ], [ 88.27284, 21.80963 ], [ 88.2734, 21.80914 ], [ 88.27376, 21.80906 ], [ 88.27678, 21.81057 ], [ 88.27709, 21.81144 ], [ 88.28078, 21.81398 ], [ 88.28139, 21.81427 ], [ 88.28298, 21.8142 ], [ 88.28876, 21.81746 ], [ 88.29254, 21.81979 ], [ 88.29482, 21.82099 ], [ 88.29506, 21.82116 ], [ 88.29514, 21.82149 ], [ 88.2941, 21.82308 ], [ 88.29403, 21.82344 ], [ 88.29567, 21.82388 ], [ 88.29685, 21.82385 ], [ 88.30346, 21.82664 ], [ 88.30718, 21.82952 ], [ 88.3087, 21.83104 ], [ 88.31125, 21.83467 ], [ 88.31135, 21.83562 ], [ 88.31217, 21.83781 ], [ 88.31311, 21.83943 ], [ 88.31345, 21.84035 ], [ 88.31361, 21.84038 ], [ 88.31477, 21.84309 ], [ 88.31523, 21.84492 ], [ 88.31527, 21.84573 ], [ 88.31555, 21.84626 ], [ 88.31554, 21.84704 ], [ 88.31508, 21.84928 ], [ 88.31445, 21.84993 ], [ 88.31433, 21.85043 ], [ 88.31342, 21.85138 ], [ 88.31315, 21.85241 ], [ 88.31273, 21.85255 ], [ 88.31258, 21.85279 ], [ 88.31296, 21.85474 ], [ 88.31344, 21.85551 ], [ 88.31616, 21.85768 ], [ 88.31773, 21.85854 ], [ 88.32168, 21.85989 ], [ 88.32334, 21.86013 ], [ 88.32389, 21.86038 ], [ 88.32846, 21.86053 ], [ 88.32886, 21.86039 ], [ 88.33076, 21.86068 ], [ 88.3317, 21.86067 ], [ 88.33374, 21.86044 ], [ 88.3362, 21.85983 ], [ 88.33928, 21.8585 ], [ 88.34103, 21.85722 ], [ 88.34101, 21.85669 ], [ 88.3407, 21.85647 ], [ 88.34053, 21.85591 ], [ 88.34102, 21.85563 ], [ 88.34104, 21.8554 ], [ 88.34256, 21.85531 ], [ 88.34511, 21.8546 ], [ 88.35206, 21.85389 ], [ 88.35208, 21.85348 ], [ 88.3516, 21.85227 ], [ 88.35128, 21.85007 ], [ 88.35009, 21.84865 ], [ 88.35044, 21.84821 ], [ 88.35044, 21.84763 ], [ 88.35106, 21.84739 ], [ 88.35163, 21.84203 ], [ 88.35154, 21.84023 ], [ 88.35109, 21.83857 ], [ 88.35105, 21.83757 ], [ 88.35045, 21.8365 ], [ 88.35025, 21.83584 ], [ 88.35018, 21.83488 ], [ 88.35032, 21.8338 ], [ 88.35007, 21.833 ], [ 88.34964, 21.83026 ], [ 88.34948, 21.82635 ], [ 88.35, 21.8224 ], [ 88.35059, 21.82096 ], [ 88.35063, 21.82041 ], [ 88.35087, 21.82001 ], [ 88.35134, 21.81978 ], [ 88.35276, 21.81683 ], [ 88.35451, 21.81492 ], [ 88.35516, 21.81435 ], [ 88.35576, 21.81414 ], [ 88.35693, 21.8121 ], [ 88.35791, 21.81101 ], [ 88.35908, 21.80858 ], [ 88.35994, 21.80739 ], [ 88.36006, 21.80622 ], [ 88.35962, 21.80234 ], [ 88.35974, 21.80038 ], [ 88.36043, 21.79775 ], [ 88.36183, 21.79575 ], [ 88.36355, 21.79483 ], [ 88.36539, 21.79405 ], [ 88.36655, 21.79379 ], [ 88.36779, 21.79322 ], [ 88.37142, 21.79225 ], [ 88.3719, 21.79187 ], [ 88.37185, 21.79125 ], [ 88.37208, 21.7912 ], [ 88.3723, 21.79164 ], [ 88.3725, 21.79161 ], [ 88.37667, 21.78945 ], [ 88.3793, 21.78781 ], [ 88.37885, 21.78534 ], [ 88.37842, 21.78435 ], [ 88.37731, 21.7826 ], [ 88.37655, 21.78087 ], [ 88.37608, 21.77827 ], [ 88.37575, 21.77792 ], [ 88.37532, 21.77414 ], [ 88.37543, 21.77174 ], [ 88.37534, 21.77114 ], [ 88.37504, 21.7708 ], [ 88.37583, 21.77027 ], [ 88.37559, 21.7692 ], [ 88.37525, 21.7685 ], [ 88.37459, 21.7679 ], [ 88.37215, 21.76798 ], [ 88.36961, 21.76782 ], [ 88.36781, 21.76792 ], [ 88.36698, 21.76811 ], [ 88.3639, 21.76752 ], [ 88.3632, 21.7675 ], [ 88.36246, 21.76775 ], [ 88.3622, 21.76745 ], [ 88.36067, 21.76738 ], [ 88.35968, 21.76766 ], [ 88.35891, 21.7677 ], [ 88.35549, 21.76692 ], [ 88.3549, 21.76662 ], [ 88.35197, 21.76626 ], [ 88.3506, 21.76592 ], [ 88.34954, 21.76558 ], [ 88.3491, 21.76535 ], [ 88.34837, 21.76463 ], [ 88.34691, 21.76402 ], [ 88.34667, 21.76403 ], [ 88.34642, 21.76464 ], [ 88.3459, 21.76462 ], [ 88.34579, 21.76369 ], [ 88.34426, 21.76246 ], [ 88.34371, 21.76175 ], [ 88.34366, 21.76115 ], [ 88.3428, 21.75994 ], [ 88.3413, 21.75879 ], [ 88.34092, 21.75669 ], [ 88.34011, 21.75377 ], [ 88.34019, 21.75327 ], [ 88.3397, 21.7523 ], [ 88.33925, 21.74969 ], [ 88.33974, 21.74732 ], [ 88.33946, 21.74411 ], [ 88.33992, 21.7377 ], [ 88.34008, 21.73641 ], [ 88.34062, 21.73603 ], [ 88.34121, 21.73388 ], [ 88.34107, 21.73312 ], [ 88.34229, 21.73042 ], [ 88.34413, 21.7219 ], [ 88.34386, 21.72136 ], [ 88.34272, 21.72022 ], [ 88.3396, 21.71822 ], [ 88.33843, 21.71724 ], [ 88.33608, 21.71587 ], [ 88.33586, 21.71548 ], [ 88.33271, 21.71301 ], [ 88.33199, 21.71208 ], [ 88.33177, 21.71038 ], [ 88.33053, 21.71065 ], [ 88.3296, 21.71056 ], [ 88.32903, 21.71073 ], [ 88.32843, 21.71071 ], [ 88.32061, 21.70923 ], [ 88.31913, 21.70915 ], [ 88.30895, 21.70992 ], [ 88.30636, 21.71085 ], [ 88.30526, 21.71209 ], [ 88.30454, 21.71429 ], [ 88.30448, 21.71529 ], [ 88.30451, 21.71607 ], [ 88.30497, 21.71788 ], [ 88.30697, 21.72339 ], [ 88.30874, 21.72614 ], [ 88.31011, 21.72862 ], [ 88.31022, 21.73717 ], [ 88.30963, 21.7387 ], [ 88.30824, 21.74103 ], [ 88.30827, 21.74191 ], [ 88.30819, 21.74207 ], [ 88.30783, 21.74215 ], [ 88.30724, 21.7456 ], [ 88.30681, 21.74605 ], [ 88.30658, 21.74673 ], [ 88.30663, 21.74701 ], [ 88.30698, 21.74726 ], [ 88.30637, 21.74985 ], [ 88.30586, 21.75335 ], [ 88.30607, 21.75371 ], [ 88.30588, 21.75505 ], [ 88.30543, 21.7569 ], [ 88.3055, 21.75722 ], [ 88.30471, 21.75839 ], [ 88.30405, 21.76326 ], [ 88.30344, 21.76525 ], [ 88.3032, 21.76675 ], [ 88.30121, 21.76698 ], [ 88.29983, 21.76955 ], [ 88.29892, 21.77183 ], [ 88.29662, 21.77327 ], [ 88.29324, 21.7763 ], [ 88.29171, 21.77796 ], [ 88.29065, 21.77966 ], [ 88.28895, 21.7846 ], [ 88.28713, 21.78788 ], [ 88.28713, 21.78867 ] ] ], [ [ [ 88.18202, 21.79222 ], [ 88.18239, 21.7921 ], [ 88.18273, 21.79187 ], [ 88.18359, 21.79067 ], [ 88.18301, 21.7898 ], [ 88.18217, 21.78913 ], [ 88.18192, 21.7891 ], [ 88.1817, 21.78951 ], [ 88.18157, 21.7916 ], [ 88.1817, 21.79197 ], [ 88.18202, 21.79222 ] ] ], [ [ [ 88.16584, 21.78882 ], [ 88.16503, 21.79127 ], [ 88.16436, 21.79557 ], [ 88.16405, 21.79908 ], [ 88.16427, 21.79985 ], [ 88.16408, 21.80065 ], [ 88.16455, 21.80345 ], [ 88.16495, 21.80377 ], [ 88.16572, 21.80596 ], [ 88.16662, 21.80721 ], [ 88.16736, 21.80798 ], [ 88.16918, 21.80914 ], [ 88.16997, 21.80939 ], [ 88.17151, 21.80954 ], [ 88.17199, 21.80854 ], [ 88.17171, 21.80306 ], [ 88.17055, 21.7965 ], [ 88.17028, 21.79251 ], [ 88.16981, 21.7926 ], [ 88.16957, 21.78903 ], [ 88.16981, 21.7831 ], [ 88.17006, 21.7814 ], [ 88.16929, 21.78233 ], [ 88.1665, 21.78733 ], [ 88.16584, 21.78882 ] ] ], [ [ [ 88.45677, 21.80545 ], [ 88.45651, 21.80592 ], [ 88.45724, 21.80658 ], [ 88.45681, 21.80702 ], [ 88.45718, 21.80759 ], [ 88.45676, 21.80785 ], [ 88.45613, 21.8074 ], [ 88.45616, 21.80782 ], [ 88.45446, 21.80912 ], [ 88.45411, 21.80888 ], [ 88.45389, 21.80899 ], [ 88.45425, 21.8095 ], [ 88.45418, 21.80993 ], [ 88.45236, 21.81196 ], [ 88.45148, 21.81235 ], [ 88.4508, 21.81366 ], [ 88.45084, 21.81401 ], [ 88.45257, 21.81525 ], [ 88.45492, 21.81654 ], [ 88.45524, 21.81646 ], [ 88.45587, 21.81573 ], [ 88.45667, 21.81572 ], [ 88.45763, 21.81624 ], [ 88.45733, 21.81687 ], [ 88.45747, 21.8171 ], [ 88.45857, 21.81757 ], [ 88.459, 21.81726 ], [ 88.45967, 21.81718 ], [ 88.46077, 21.81766 ], [ 88.46067, 21.81808 ], [ 88.46079, 21.81815 ], [ 88.46099, 21.81818 ], [ 88.46127, 21.81787 ], [ 88.46203, 21.81817 ], [ 88.46146, 21.82027 ], [ 88.46151, 21.82059 ], [ 88.46171, 21.82046 ], [ 88.46244, 21.81859 ], [ 88.4626, 21.81854 ], [ 88.46553, 21.8196 ], [ 88.46593, 21.82025 ], [ 88.46654, 21.82057 ], [ 88.4683, 21.82102 ], [ 88.46873, 21.82156 ], [ 88.46876, 21.82193 ], [ 88.46895, 21.82213 ], [ 88.46962, 21.82184 ], [ 88.47105, 21.8237 ], [ 88.47085, 21.82403 ], [ 88.4711, 21.8244 ], [ 88.47159, 21.8243 ], [ 88.47328, 21.82758 ], [ 88.47364, 21.82797 ], [ 88.47435, 21.82952 ], [ 88.47427, 21.82993 ], [ 88.47482, 21.83028 ], [ 88.47543, 21.83226 ], [ 88.47555, 21.83246 ], [ 88.47586, 21.83256 ], [ 88.47676, 21.83384 ], [ 88.47744, 21.83399 ], [ 88.47878, 21.83394 ], [ 88.47953, 21.83454 ], [ 88.48099, 21.83443 ], [ 88.48218, 21.83458 ], [ 88.48492, 21.83443 ], [ 88.48565, 21.83381 ], [ 88.48698, 21.83339 ], [ 88.48786, 21.8339 ], [ 88.48887, 21.83351 ], [ 88.49138, 21.82828 ], [ 88.49384, 21.82566 ], [ 88.49401, 21.82516 ], [ 88.49525, 21.82355 ], [ 88.4962, 21.82282 ], [ 88.49653, 21.82204 ], [ 88.49818, 21.81534 ], [ 88.49823, 21.81423 ], [ 88.49799, 21.8131 ], [ 88.49716, 21.81097 ], [ 88.49643, 21.8097 ], [ 88.49575, 21.80895 ], [ 88.49441, 21.80812 ], [ 88.49044, 21.80486 ], [ 88.48395, 21.801 ], [ 88.48318, 21.80064 ], [ 88.48245, 21.80099 ], [ 88.48161, 21.80112 ], [ 88.48014, 21.80067 ], [ 88.47867, 21.79997 ], [ 88.47685, 21.79991 ], [ 88.4742, 21.80015 ], [ 88.47256, 21.79987 ], [ 88.47043, 21.80019 ], [ 88.46934, 21.80006 ], [ 88.46382, 21.8002 ], [ 88.46303, 21.80117 ], [ 88.46177, 21.80161 ], [ 88.46068, 21.80239 ], [ 88.4592, 21.80249 ], [ 88.45869, 21.80311 ], [ 88.45877, 21.80336 ], [ 88.45858, 21.80369 ], [ 88.45675, 21.80514 ], [ 88.45677, 21.80545 ] ] ], [ [ [ 88.1822, 21.83002 ], [ 88.18376, 21.82775 ], [ 88.184, 21.826 ], [ 88.18386, 21.82454 ], [ 88.18364, 21.82418 ], [ 88.1833, 21.82404 ], [ 88.18216, 21.82401 ], [ 88.18117, 21.82427 ], [ 88.17728, 21.82596 ], [ 88.17622, 21.82703 ], [ 88.17563, 21.82832 ], [ 88.17447, 21.83484 ], [ 88.17383, 21.83765 ], [ 88.17395, 21.83817 ], [ 88.17448, 21.83787 ], [ 88.17949, 21.83296 ], [ 88.1822, 21.83002 ] ] ], [ [ [ 88.17328, 21.83587 ], [ 88.1727, 21.83235 ], [ 88.17246, 21.83212 ], [ 88.17211, 21.83212 ], [ 88.17098, 21.83362 ], [ 88.16968, 21.83597 ], [ 88.16888, 21.83931 ], [ 88.16874, 21.84154 ], [ 88.1692, 21.84147 ], [ 88.17233, 21.83948 ], [ 88.17307, 21.83882 ], [ 88.17334, 21.83772 ], [ 88.17328, 21.83587 ] ] ], [ [ [ 88.45506, 21.79544 ], [ 88.45472, 21.79517 ], [ 88.45492, 21.79552 ], [ 88.45304, 21.79768 ], [ 88.45268, 21.79799 ], [ 88.45203, 21.79822 ], [ 88.45138, 21.79908 ], [ 88.45049, 21.79992 ], [ 88.44894, 21.80083 ], [ 88.44819, 21.80101 ], [ 88.44679, 21.80195 ], [ 88.44578, 21.80324 ], [ 88.44512, 21.80351 ], [ 88.44454, 21.80304 ], [ 88.4441, 21.80292 ], [ 88.44197, 21.80265 ], [ 88.43988, 21.8026 ], [ 88.43631, 21.80188 ], [ 88.43613, 21.80171 ], [ 88.43613, 21.80106 ], [ 88.43386, 21.80045 ], [ 88.43194, 21.80019 ], [ 88.43128, 21.80024 ], [ 88.43029, 21.80076 ], [ 88.4295, 21.80177 ], [ 88.42904, 21.80299 ], [ 88.42895, 21.80427 ], [ 88.42836, 21.80663 ], [ 88.42841, 21.80735 ], [ 88.4281, 21.80809 ], [ 88.42793, 21.81009 ], [ 88.42725, 21.81092 ], [ 88.42636, 21.8115 ], [ 88.42584, 21.81206 ], [ 88.42583, 21.81293 ], [ 88.42494, 21.81292 ], [ 88.42537, 21.81439 ], [ 88.42485, 21.81442 ], [ 88.42459, 21.81426 ], [ 88.42332, 21.81432 ], [ 88.42283, 21.81267 ], [ 88.42213, 21.81253 ], [ 88.42146, 21.81266 ], [ 88.42054, 21.81271 ], [ 88.42045, 21.81253 ], [ 88.42037, 21.8127 ], [ 88.41987, 21.81265 ], [ 88.41779, 21.81157 ], [ 88.41434, 21.80845 ], [ 88.4134, 21.80709 ], [ 88.41154, 21.80501 ], [ 88.40996, 21.8038 ], [ 88.40737, 21.80224 ], [ 88.40519, 21.80014 ], [ 88.40429, 21.79971 ], [ 88.40348, 21.79894 ], [ 88.40321, 21.79899 ], [ 88.40297, 21.79952 ], [ 88.40243, 21.79998 ], [ 88.4029, 21.80267 ], [ 88.40274, 21.80563 ], [ 88.4024, 21.8067 ], [ 88.4019, 21.80763 ], [ 88.40194, 21.80924 ], [ 88.40205, 21.80944 ], [ 88.40227, 21.80949 ], [ 88.40234, 21.80989 ], [ 88.40205, 21.81028 ], [ 88.40168, 21.81042 ], [ 88.40145, 21.81079 ], [ 88.3992, 21.81727 ], [ 88.39905, 21.81831 ], [ 88.39844, 21.81955 ], [ 88.39864, 21.82241 ], [ 88.39749, 21.82235 ], [ 88.39747, 21.82183 ], [ 88.39729, 21.8218 ], [ 88.39716, 21.82267 ], [ 88.39582, 21.82493 ], [ 88.39534, 21.82613 ], [ 88.39403, 21.82848 ], [ 88.39382, 21.83093 ], [ 88.39342, 21.83134 ], [ 88.39348, 21.83163 ], [ 88.39403, 21.83193 ], [ 88.39413, 21.83242 ], [ 88.39365, 21.83403 ], [ 88.39379, 21.83491 ], [ 88.3957, 21.83835 ], [ 88.39542, 21.83939 ], [ 88.39692, 21.84122 ], [ 88.39743, 21.84156 ], [ 88.39821, 21.84272 ], [ 88.39844, 21.84285 ], [ 88.39875, 21.8426 ], [ 88.39899, 21.84264 ], [ 88.39902, 21.84325 ], [ 88.39974, 21.84476 ], [ 88.39972, 21.84535 ], [ 88.39956, 21.8456 ], [ 88.39627, 21.84706 ], [ 88.40005, 21.84574 ], [ 88.40037, 21.84595 ], [ 88.40041, 21.84795 ], [ 88.40138, 21.85121 ], [ 88.40099, 21.85216 ], [ 88.40206, 21.85675 ], [ 88.40187, 21.85708 ], [ 88.40119, 21.85733 ], [ 88.40101, 21.85937 ], [ 88.40064, 21.85954 ], [ 88.40099, 21.85966 ], [ 88.40097, 21.86027 ], [ 88.40034, 21.86414 ], [ 88.40025, 21.86508 ], [ 88.40041, 21.86576 ], [ 88.40038, 21.86745 ], [ 88.40032, 21.86793 ], [ 88.39999, 21.86834 ], [ 88.40002, 21.86992 ], [ 88.39986, 21.87049 ], [ 88.40045, 21.8721 ], [ 88.40208, 21.87493 ], [ 88.40494, 21.87827 ], [ 88.40886, 21.88096 ], [ 88.41008, 21.88203 ], [ 88.41227, 21.88314 ], [ 88.415, 21.88505 ], [ 88.41584, 21.88591 ], [ 88.41654, 21.88572 ], [ 88.41772, 21.88746 ], [ 88.41866, 21.8884 ], [ 88.41905, 21.88928 ], [ 88.41956, 21.8897 ], [ 88.41992, 21.89022 ], [ 88.42064, 21.89201 ], [ 88.42006, 21.89529 ], [ 88.42012, 21.89672 ], [ 88.41963, 21.89773 ], [ 88.41951, 21.89907 ], [ 88.41907, 21.89987 ], [ 88.41903, 21.90026 ], [ 88.41999, 21.90184 ], [ 88.42066, 21.90247 ], [ 88.42117, 21.90272 ], [ 88.42165, 21.90267 ], [ 88.42379, 21.90157 ], [ 88.42409, 21.90169 ], [ 88.42447, 21.90215 ], [ 88.42589, 21.90155 ], [ 88.42598, 21.90133 ], [ 88.42567, 21.9007 ], [ 88.4266, 21.90017 ], [ 88.42911, 21.89917 ], [ 88.43027, 21.89892 ], [ 88.4312, 21.89892 ], [ 88.43188, 21.8991 ], [ 88.43216, 21.90014 ], [ 88.43261, 21.90051 ], [ 88.43318, 21.9005 ], [ 88.43405, 21.90015 ], [ 88.43452, 21.90034 ], [ 88.43538, 21.90033 ], [ 88.43558, 21.90047 ], [ 88.43649, 21.90159 ], [ 88.43791, 21.90268 ], [ 88.43971, 21.90537 ], [ 88.44029, 21.90591 ], [ 88.44078, 21.90593 ], [ 88.44346, 21.90494 ], [ 88.44639, 21.90503 ], [ 88.4474, 21.90491 ], [ 88.4501, 21.90506 ], [ 88.45123, 21.90418 ], [ 88.45156, 21.903 ], [ 88.45227, 21.90175 ], [ 88.45309, 21.89985 ], [ 88.45439, 21.89789 ], [ 88.45685, 21.89513 ], [ 88.45924, 21.89386 ], [ 88.46014, 21.89355 ], [ 88.46072, 21.89356 ], [ 88.46124, 21.89303 ], [ 88.46237, 21.89266 ], [ 88.46848, 21.89155 ], [ 88.4711, 21.89094 ], [ 88.47571, 21.88955 ], [ 88.47585, 21.88878 ], [ 88.476, 21.88862 ], [ 88.47672, 21.88851 ], [ 88.47706, 21.88828 ], [ 88.47825, 21.88839 ], [ 88.47848, 21.88661 ], [ 88.47923, 21.88415 ], [ 88.4788, 21.88372 ], [ 88.4793, 21.8823 ], [ 88.48042, 21.88229 ], [ 88.48274, 21.88282 ], [ 88.48313, 21.88196 ], [ 88.48403, 21.88108 ], [ 88.48478, 21.88071 ], [ 88.48469, 21.87931 ], [ 88.48582, 21.87628 ], [ 88.48609, 21.87487 ], [ 88.48586, 21.87451 ], [ 88.48445, 21.87435 ], [ 88.48439, 21.87421 ], [ 88.48471, 21.87333 ], [ 88.48562, 21.87209 ], [ 88.48599, 21.87131 ], [ 88.48641, 21.86999 ], [ 88.48485, 21.86867 ], [ 88.4848, 21.86816 ], [ 88.48565, 21.86569 ], [ 88.48599, 21.86536 ], [ 88.48619, 21.86397 ], [ 88.48695, 21.8641 ], [ 88.48778, 21.86214 ], [ 88.48839, 21.8603 ], [ 88.48846, 21.85943 ], [ 88.48947, 21.85685 ], [ 88.4899, 21.85448 ], [ 88.48988, 21.85325 ], [ 88.48928, 21.85198 ], [ 88.4897, 21.84944 ], [ 88.48949, 21.84563 ], [ 88.48911, 21.8435 ], [ 88.4891, 21.84191 ], [ 88.48866, 21.84048 ], [ 88.48839, 21.84026 ], [ 88.48772, 21.84043 ], [ 88.4873, 21.83959 ], [ 88.48572, 21.83835 ], [ 88.48466, 21.83873 ], [ 88.48429, 21.83867 ], [ 88.48382, 21.83837 ], [ 88.48143, 21.83872 ], [ 88.47878, 21.83859 ], [ 88.47821, 21.83877 ], [ 88.47529, 21.83783 ], [ 88.47556, 21.8365 ], [ 88.47496, 21.83743 ], [ 88.47465, 21.83759 ], [ 88.47364, 21.83747 ], [ 88.47237, 21.83705 ], [ 88.47169, 21.83601 ], [ 88.47102, 21.83344 ], [ 88.47079, 21.83311 ], [ 88.47035, 21.83291 ], [ 88.46996, 21.83205 ], [ 88.46924, 21.83133 ], [ 88.46878, 21.83018 ], [ 88.46801, 21.83031 ], [ 88.46777, 21.8302 ], [ 88.4667, 21.82783 ], [ 88.46523, 21.82641 ], [ 88.46477, 21.82623 ], [ 88.46384, 21.82536 ], [ 88.46152, 21.82515 ], [ 88.46038, 21.82456 ], [ 88.45825, 21.82421 ], [ 88.45579, 21.82406 ], [ 88.45522, 21.82384 ], [ 88.45354, 21.82206 ], [ 88.45185, 21.82112 ], [ 88.4513, 21.82034 ], [ 88.45036, 21.81982 ], [ 88.44941, 21.8187 ], [ 88.44914, 21.81803 ], [ 88.4489, 21.81797 ], [ 88.44828, 21.81708 ], [ 88.44677, 21.81343 ], [ 88.44657, 21.81114 ], [ 88.44685, 21.81073 ], [ 88.44701, 21.80856 ], [ 88.448, 21.80696 ], [ 88.44865, 21.80537 ], [ 88.44982, 21.80361 ], [ 88.45036, 21.80317 ], [ 88.45047, 21.80269 ], [ 88.45307, 21.80025 ], [ 88.45418, 21.80004 ], [ 88.45581, 21.79877 ], [ 88.45691, 21.7981 ], [ 88.45747, 21.79747 ], [ 88.45867, 21.79686 ], [ 88.45912, 21.79616 ], [ 88.46129, 21.79508 ], [ 88.4612, 21.79444 ], [ 88.462, 21.79418 ], [ 88.46187, 21.79353 ], [ 88.46099, 21.79374 ], [ 88.4605, 21.79185 ], [ 88.4597, 21.79177 ], [ 88.45875, 21.79204 ], [ 88.45799, 21.79292 ], [ 88.45506, 21.79544 ] ] ], [ [ [ 88.50827, 21.91321 ], [ 88.50975, 21.91259 ], [ 88.5103, 21.91219 ], [ 88.51047, 21.91196 ], [ 88.51041, 21.91137 ], [ 88.51025, 21.91108 ], [ 88.50744, 21.90895 ], [ 88.50648, 21.90787 ], [ 88.50516, 21.90569 ], [ 88.50378, 21.90241 ], [ 88.50203, 21.9003 ], [ 88.49985, 21.89824 ], [ 88.49393, 21.89347 ], [ 88.49157, 21.89092 ], [ 88.4905, 21.88928 ], [ 88.48975, 21.88899 ], [ 88.48929, 21.88901 ], [ 88.48642, 21.89186 ], [ 88.48378, 21.89337 ], [ 88.47922, 21.89563 ], [ 88.47741, 21.89742 ], [ 88.47674, 21.89891 ], [ 88.47672, 21.90015 ], [ 88.477, 21.90124 ], [ 88.47867, 21.90377 ], [ 88.47969, 21.90487 ], [ 88.4824, 21.90731 ], [ 88.48406, 21.90835 ], [ 88.4865, 21.9096 ], [ 88.48939, 21.91054 ], [ 88.49169, 21.91111 ], [ 88.50097, 21.91248 ], [ 88.50311, 21.91301 ], [ 88.50404, 21.91303 ], [ 88.50625, 21.91338 ], [ 88.50827, 21.91321 ] ] ], [ [ [ 88.45317, 21.90667 ], [ 88.45216, 21.90608 ], [ 88.4514, 21.90595 ], [ 88.44732, 21.90598 ], [ 88.4462, 21.90613 ], [ 88.4449, 21.9066 ], [ 88.44338, 21.9079 ], [ 88.44231, 21.90836 ], [ 88.44254, 21.90894 ], [ 88.44317, 21.90966 ], [ 88.44489, 21.91071 ], [ 88.44699, 21.91134 ], [ 88.45015, 21.91173 ], [ 88.4528, 21.91281 ], [ 88.45431, 21.91366 ], [ 88.45514, 21.91387 ], [ 88.45564, 21.91381 ], [ 88.45612, 21.91362 ], [ 88.45619, 21.91321 ], [ 88.45594, 21.91242 ], [ 88.45361, 21.90726 ], [ 88.45317, 21.90667 ] ] ], [ [ [ 88.1394, 21.91593 ], [ 88.14062, 21.91419 ], [ 88.14081, 21.91349 ], [ 88.14016, 21.91191 ], [ 88.13871, 21.90946 ], [ 88.13714, 21.90777 ], [ 88.13638, 21.9064 ], [ 88.13506, 21.90463 ], [ 88.13466, 21.90455 ], [ 88.13375, 21.90375 ], [ 88.1332, 21.90369 ], [ 88.13125, 21.90262 ], [ 88.13045, 21.90191 ], [ 88.12933, 21.90163 ], [ 88.12847, 21.90189 ], [ 88.12699, 21.90263 ], [ 88.12683, 21.90333 ], [ 88.12532, 21.90651 ], [ 88.12278, 21.90872 ], [ 88.11874, 21.91346 ], [ 88.11761, 21.91556 ], [ 88.11764, 21.9157 ], [ 88.11796, 21.91583 ], [ 88.11826, 21.91661 ], [ 88.11814, 21.91731 ], [ 88.11758, 21.91763 ], [ 88.11898, 21.91924 ], [ 88.11948, 21.91942 ], [ 88.11954, 21.91966 ], [ 88.12027, 21.92025 ], [ 88.12102, 21.92046 ], [ 88.12163, 21.92094 ], [ 88.12201, 21.92153 ], [ 88.1244, 21.92348 ], [ 88.12643, 21.92462 ], [ 88.12869, 21.92501 ], [ 88.12918, 21.92488 ], [ 88.13339, 21.92072 ], [ 88.13917, 21.91615 ], [ 88.13915, 21.91598 ], [ 88.1394, 21.91593 ] ] ], [ [ [ 88.17116, 21.93203 ], [ 88.17135, 21.93079 ], [ 88.171, 21.92857 ], [ 88.16958, 21.92501 ], [ 88.1685, 21.92297 ], [ 88.16663, 21.92054 ], [ 88.16565, 21.92157 ], [ 88.16525, 21.92227 ], [ 88.16353, 21.92623 ], [ 88.16278, 21.92858 ], [ 88.16174, 21.93505 ], [ 88.1618, 21.93754 ], [ 88.16209, 21.93757 ], [ 88.163, 21.93722 ], [ 88.1676, 21.93503 ], [ 88.17086, 21.93284 ], [ 88.17116, 21.93203 ] ] ], [ [ [ 88.61966, 22.02399 ], [ 88.61937, 22.02364 ], [ 88.61883, 22.02347 ], [ 88.61764, 22.02166 ], [ 88.61332, 22.01354 ], [ 88.61298, 22.01226 ], [ 88.60973, 22.00783 ], [ 88.60959, 22.00689 ], [ 88.60873, 22.00564 ], [ 88.60817, 22.00432 ], [ 88.60541, 22.0001 ], [ 88.60468, 21.99866 ], [ 88.60407, 21.99828 ], [ 88.60403, 21.99783 ], [ 88.60379, 21.99751 ], [ 88.6026, 21.99686 ], [ 88.60176, 21.99605 ], [ 88.60147, 21.99404 ], [ 88.5991, 21.9905 ], [ 88.59841, 21.99003 ], [ 88.59683, 21.98988 ], [ 88.59637, 21.98937 ], [ 88.59574, 21.98772 ], [ 88.59517, 21.98734 ], [ 88.59495, 21.98725 ], [ 88.59373, 21.9875 ], [ 88.58785, 21.98988 ], [ 88.58725, 21.98985 ], [ 88.58562, 21.98916 ], [ 88.58524, 21.98972 ], [ 88.58471, 21.99148 ], [ 88.58482, 21.99179 ], [ 88.58463, 21.99234 ], [ 88.58417, 21.99309 ], [ 88.58359, 21.99349 ], [ 88.5815, 21.99578 ], [ 88.58037, 21.99668 ], [ 88.57983, 21.99692 ], [ 88.57982, 21.9977 ], [ 88.57948, 21.99796 ], [ 88.57871, 21.99732 ], [ 88.57771, 21.99789 ], [ 88.57544, 21.99879 ], [ 88.56605, 22.0012 ], [ 88.56226, 22.00277 ], [ 88.5588, 22.00451 ], [ 88.55832, 22.00482 ], [ 88.5582, 22.00533 ], [ 88.55802, 22.0054 ], [ 88.55774, 22.00507 ], [ 88.55755, 22.00509 ], [ 88.55576, 22.00603 ], [ 88.5555, 22.00585 ], [ 88.55464, 22.00571 ], [ 88.55426, 22.00546 ], [ 88.55281, 22.00368 ], [ 88.55241, 22.00287 ], [ 88.55098, 22.00143 ], [ 88.55057, 22.0008 ], [ 88.54998, 21.99963 ], [ 88.54983, 21.99881 ], [ 88.54879, 21.99611 ], [ 88.54626, 21.99098 ], [ 88.54541, 21.98848 ], [ 88.54383, 21.98489 ], [ 88.54206, 21.98197 ], [ 88.54095, 21.98075 ], [ 88.53955, 21.97979 ], [ 88.53876, 21.97958 ], [ 88.53713, 21.97961 ], [ 88.53641, 21.9798 ], [ 88.53477, 21.98061 ], [ 88.53173, 21.98295 ], [ 88.53019, 21.98455 ], [ 88.5277, 21.98771 ], [ 88.52596, 21.98884 ], [ 88.52473, 21.98946 ], [ 88.52342, 21.98982 ], [ 88.52192, 21.98997 ], [ 88.52001, 21.98988 ], [ 88.51875, 21.98958 ], [ 88.51689, 21.98876 ], [ 88.51519, 21.98912 ], [ 88.51327, 21.98803 ], [ 88.51336, 21.98783 ], [ 88.51311, 21.98737 ], [ 88.51101, 21.98588 ], [ 88.50856, 21.98458 ], [ 88.507, 21.98439 ], [ 88.50311, 21.98173 ], [ 88.5017, 21.98019 ], [ 88.49955, 21.97841 ], [ 88.49921, 21.97828 ], [ 88.4965, 21.97575 ], [ 88.49508, 21.97356 ], [ 88.49365, 21.9719 ], [ 88.49046, 21.96635 ], [ 88.48991, 21.96309 ], [ 88.48983, 21.96143 ], [ 88.49002, 21.96035 ], [ 88.49044, 21.95925 ], [ 88.49126, 21.95777 ], [ 88.49226, 21.95689 ], [ 88.49272, 21.95612 ], [ 88.49333, 21.95612 ], [ 88.49448, 21.95545 ], [ 88.49432, 21.95498 ], [ 88.49473, 21.95433 ], [ 88.4965, 21.95364 ], [ 88.49696, 21.95298 ], [ 88.49742, 21.95267 ], [ 88.4996, 21.95235 ], [ 88.50019, 21.952 ], [ 88.50814, 21.94904 ], [ 88.51329, 21.94674 ], [ 88.51648, 21.94505 ], [ 88.519, 21.94328 ], [ 88.51995, 21.94239 ], [ 88.52122, 21.94072 ], [ 88.52183, 21.93937 ], [ 88.52225, 21.93789 ], [ 88.52254, 21.93198 ], [ 88.52181, 21.92357 ], [ 88.52152, 21.91805 ], [ 88.52102, 21.91581 ], [ 88.52042, 21.91503 ], [ 88.51906, 21.91405 ], [ 88.5172, 21.9134 ], [ 88.51519, 21.91295 ], [ 88.51399, 21.913 ], [ 88.51094, 21.91387 ], [ 88.50838, 21.9144 ], [ 88.50472, 21.9147 ], [ 88.50328, 21.9146 ], [ 88.50135, 21.91426 ], [ 88.49306, 21.91336 ], [ 88.48829, 21.91212 ], [ 88.48601, 21.91136 ], [ 88.4838, 21.91043 ], [ 88.4827, 21.91017 ], [ 88.4817, 21.90939 ], [ 88.48072, 21.90909 ], [ 88.4804, 21.90878 ], [ 88.47983, 21.90877 ], [ 88.47932, 21.9078 ], [ 88.47905, 21.90763 ], [ 88.47833, 21.9066 ], [ 88.4778, 21.90652 ], [ 88.47694, 21.90581 ], [ 88.47686, 21.90554 ], [ 88.477, 21.90512 ], [ 88.47613, 21.90367 ], [ 88.47546, 21.90157 ], [ 88.47482, 21.90132 ], [ 88.47456, 21.90095 ], [ 88.47454, 21.90073 ], [ 88.47488, 21.90012 ], [ 88.47466, 21.89928 ], [ 88.47432, 21.89886 ], [ 88.47429, 21.89712 ], [ 88.47414, 21.89651 ], [ 88.47384, 21.89622 ], [ 88.47266, 21.8964 ], [ 88.47202, 21.89681 ], [ 88.47093, 21.89672 ], [ 88.47042, 21.89682 ], [ 88.46936, 21.898 ], [ 88.46866, 21.89825 ], [ 88.46501, 21.89809 ], [ 88.462, 21.89851 ], [ 88.46116, 21.89814 ], [ 88.46069, 21.89747 ], [ 88.46079, 21.89821 ], [ 88.4597, 21.89848 ], [ 88.45866, 21.89977 ], [ 88.45796, 21.90015 ], [ 88.45713, 21.901 ], [ 88.45665, 21.9011 ], [ 88.4561, 21.9029 ], [ 88.45618, 21.90421 ], [ 88.4567, 21.90454 ], [ 88.45757, 21.90763 ], [ 88.4581, 21.90856 ], [ 88.45879, 21.90908 ], [ 88.4539, 21.91763 ], [ 88.45371, 21.91695 ], [ 88.45258, 21.91621 ], [ 88.45133, 21.91513 ], [ 88.45005, 21.91424 ], [ 88.44881, 21.91384 ], [ 88.44764, 21.91288 ], [ 88.44597, 21.91232 ], [ 88.44332, 21.91229 ], [ 88.44266, 21.91205 ], [ 88.4426, 21.91168 ], [ 88.44218, 21.91204 ], [ 88.44104, 21.91193 ], [ 88.43741, 21.90976 ], [ 88.43685, 21.90875 ], [ 88.43629, 21.90856 ], [ 88.43589, 21.90823 ], [ 88.43478, 21.90809 ], [ 88.43479, 21.90782 ], [ 88.43517, 21.90756 ], [ 88.43399, 21.90552 ], [ 88.43352, 21.90541 ], [ 88.43248, 21.90344 ], [ 88.43145, 21.90357 ], [ 88.43041, 21.9041 ], [ 88.42683, 21.90721 ], [ 88.42544, 21.90816 ], [ 88.42344, 21.90852 ], [ 88.42149, 21.90825 ], [ 88.42078, 21.90795 ], [ 88.41989, 21.90742 ], [ 88.41873, 21.90622 ], [ 88.41717, 21.90523 ], [ 88.4161, 21.90407 ], [ 88.41596, 21.90364 ], [ 88.41584, 21.90065 ], [ 88.41595, 21.89995 ], [ 88.41553, 21.89962 ], [ 88.41538, 21.89902 ], [ 88.41551, 21.89434 ], [ 88.41367, 21.88972 ], [ 88.41293, 21.88951 ], [ 88.41266, 21.88901 ], [ 88.41086, 21.88741 ], [ 88.40917, 21.88645 ], [ 88.4074, 21.88588 ], [ 88.4074, 21.88551 ], [ 88.40709, 21.88583 ], [ 88.40559, 21.88552 ], [ 88.40516, 21.88573 ], [ 88.39733, 21.8848 ], [ 88.3977, 21.88458 ], [ 88.39696, 21.88448 ], [ 88.39536, 21.88188 ], [ 88.39405, 21.88024 ], [ 88.39337, 21.87958 ], [ 88.3928, 21.87935 ], [ 88.39155, 21.87825 ], [ 88.39116, 21.87764 ], [ 88.39081, 21.87705 ], [ 88.39013, 21.87435 ], [ 88.38893, 21.87099 ], [ 88.38892, 21.87037 ], [ 88.38951, 21.87006 ], [ 88.38976, 21.86975 ], [ 88.38983, 21.8693 ], [ 88.38975, 21.8683 ], [ 88.38943, 21.86823 ], [ 88.38933, 21.8679 ], [ 88.38938, 21.86759 ], [ 88.38993, 21.86723 ], [ 88.38986, 21.86478 ], [ 88.38943, 21.86404 ], [ 88.38939, 21.86366 ], [ 88.3899, 21.86337 ], [ 88.39015, 21.86222 ], [ 88.39081, 21.86102 ], [ 88.39062, 21.86013 ], [ 88.39132, 21.86001 ], [ 88.39111, 21.85967 ], [ 88.39173, 21.85829 ], [ 88.39188, 21.85754 ], [ 88.39222, 21.85701 ], [ 88.39232, 21.85637 ], [ 88.39258, 21.85627 ], [ 88.39255, 21.85608 ], [ 88.39221, 21.85597 ], [ 88.39218, 21.85558 ], [ 88.39313, 21.85556 ], [ 88.39373, 21.85409 ], [ 88.393, 21.85225 ], [ 88.39128, 21.84952 ], [ 88.38977, 21.8479 ], [ 88.38963, 21.84725 ], [ 88.38905, 21.8476 ], [ 88.38871, 21.84753 ], [ 88.38592, 21.84816 ], [ 88.38639, 21.84497 ], [ 88.38628, 21.8431 ], [ 88.38617, 21.84273 ], [ 88.38572, 21.84237 ], [ 88.38499, 21.84 ], [ 88.3832, 21.8364 ], [ 88.38309, 21.83599 ], [ 88.3835, 21.83547 ], [ 88.38306, 21.8327 ], [ 88.38323, 21.83112 ], [ 88.38296, 21.83034 ], [ 88.38324, 21.83005 ], [ 88.38326, 21.82961 ], [ 88.38372, 21.82965 ], [ 88.38385, 21.82849 ], [ 88.38417, 21.82836 ], [ 88.38482, 21.82839 ], [ 88.3849, 21.82826 ], [ 88.38551, 21.82504 ], [ 88.38546, 21.82454 ], [ 88.38496, 21.82451 ], [ 88.38511, 21.8237 ], [ 88.38552, 21.82366 ], [ 88.38573, 21.82341 ], [ 88.3866, 21.82332 ], [ 88.38659, 21.82295 ], [ 88.38566, 21.82284 ], [ 88.38548, 21.82269 ], [ 88.38618, 21.82088 ], [ 88.3876, 21.821 ], [ 88.38762, 21.81967 ], [ 88.38662, 21.8194 ], [ 88.38672, 21.81889 ], [ 88.38746, 21.81842 ], [ 88.38897, 21.8188 ], [ 88.38813, 21.81816 ], [ 88.38887, 21.81652 ], [ 88.38982, 21.81334 ], [ 88.39016, 21.80982 ], [ 88.39073, 21.80955 ], [ 88.39093, 21.80817 ], [ 88.39054, 21.80678 ], [ 88.38923, 21.80537 ], [ 88.3891, 21.80441 ], [ 88.39065, 21.80426 ], [ 88.39093, 21.8015 ], [ 88.39043, 21.79975 ], [ 88.39012, 21.79913 ], [ 88.38956, 21.79849 ], [ 88.38914, 21.79839 ], [ 88.38523, 21.79468 ], [ 88.38464, 21.79441 ], [ 88.38436, 21.79371 ], [ 88.38386, 21.79326 ], [ 88.38302, 21.79281 ], [ 88.38011, 21.79316 ], [ 88.37955, 21.79338 ], [ 88.37731, 21.79484 ], [ 88.37266, 21.79633 ], [ 88.36837, 21.79704 ], [ 88.36584, 21.79768 ], [ 88.36537, 21.79771 ], [ 88.36505, 21.79742 ], [ 88.36502, 21.79776 ], [ 88.36452, 21.79832 ], [ 88.36432, 21.80297 ], [ 88.36517, 21.80423 ], [ 88.36522, 21.80553 ], [ 88.36557, 21.80697 ], [ 88.36548, 21.80832 ], [ 88.3656, 21.80863 ], [ 88.36529, 21.81002 ], [ 88.36509, 21.81032 ], [ 88.36191, 21.81225 ], [ 88.36029, 21.81439 ], [ 88.35961, 21.816 ], [ 88.35919, 21.81607 ], [ 88.35958, 21.81631 ], [ 88.35952, 21.81668 ], [ 88.35855, 21.81843 ], [ 88.35721, 21.82184 ], [ 88.35578, 21.82647 ], [ 88.35537, 21.82647 ], [ 88.35521, 21.827 ], [ 88.35517, 21.82719 ], [ 88.35543, 21.82758 ], [ 88.35511, 21.82846 ], [ 88.35489, 21.83058 ], [ 88.35529, 21.83232 ], [ 88.35568, 21.83296 ], [ 88.35578, 21.83459 ], [ 88.35608, 21.83613 ], [ 88.356, 21.83649 ], [ 88.35685, 21.84134 ], [ 88.35768, 21.84197 ], [ 88.35838, 21.84324 ], [ 88.35849, 21.84376 ], [ 88.35662, 21.84538 ], [ 88.35706, 21.84742 ], [ 88.35705, 21.85076 ], [ 88.35699, 21.85149 ], [ 88.35663, 21.85248 ], [ 88.35648, 21.85398 ], [ 88.35778, 21.85606 ], [ 88.35914, 21.85727 ], [ 88.36015, 21.85925 ], [ 88.36025, 21.86003 ], [ 88.361, 21.86036 ], [ 88.36147, 21.86108 ], [ 88.36182, 21.86178 ], [ 88.36203, 21.8628 ], [ 88.36305, 21.86412 ], [ 88.3642, 21.86672 ], [ 88.36522, 21.86827 ], [ 88.36483, 21.86852 ], [ 88.36496, 21.86879 ], [ 88.36461, 21.86898 ], [ 88.36496, 21.86979 ], [ 88.36537, 21.86971 ], [ 88.36715, 21.87287 ], [ 88.36653, 21.87371 ], [ 88.36724, 21.87504 ], [ 88.36762, 21.87639 ], [ 88.36789, 21.87679 ], [ 88.36813, 21.8768 ], [ 88.36824, 21.87699 ], [ 88.36792, 21.87724 ], [ 88.368, 21.87915 ], [ 88.36845, 21.88036 ], [ 88.36889, 21.88391 ], [ 88.36913, 21.88464 ], [ 88.36921, 21.88924 ], [ 88.3697, 21.8903 ], [ 88.37005, 21.8934 ], [ 88.3708, 21.89401 ], [ 88.37099, 21.89443 ], [ 88.37053, 21.89478 ], [ 88.37068, 21.89632 ], [ 88.37042, 21.90045 ], [ 88.36914, 21.90482 ], [ 88.36914, 21.9055 ], [ 88.36866, 21.90638 ], [ 88.3682, 21.90665 ], [ 88.36681, 21.9096 ], [ 88.36684, 21.91029 ], [ 88.36631, 21.91104 ], [ 88.36627, 21.91213 ], [ 88.36557, 21.91222 ], [ 88.36533, 21.91282 ], [ 88.36513, 21.91453 ], [ 88.36419, 21.91495 ], [ 88.36289, 21.91674 ], [ 88.36218, 21.91848 ], [ 88.3618, 21.91873 ], [ 88.36129, 21.91973 ], [ 88.36095, 21.92017 ], [ 88.36009, 21.92067 ], [ 88.35965, 21.92139 ], [ 88.35873, 21.92241 ], [ 88.35871, 21.9231 ], [ 88.35779, 21.92329 ], [ 88.35782, 21.92351 ], [ 88.35858, 21.92346 ], [ 88.35853, 21.92414 ], [ 88.35724, 21.92414 ], [ 88.357, 21.92424 ], [ 88.35535, 21.92575 ], [ 88.35515, 21.92626 ], [ 88.35466, 21.92632 ], [ 88.35341, 21.92734 ], [ 88.35244, 21.92838 ], [ 88.35196, 21.92848 ], [ 88.35115, 21.92901 ], [ 88.35009, 21.93007 ], [ 88.34933, 21.93141 ], [ 88.3487, 21.93318 ], [ 88.34792, 21.93332 ], [ 88.34823, 21.93921 ], [ 88.34816, 21.94055 ], [ 88.34756, 21.94333 ], [ 88.34763, 21.94356 ], [ 88.34869, 21.94429 ], [ 88.34877, 21.94461 ], [ 88.34874, 21.94676 ], [ 88.34939, 21.94754 ], [ 88.34871, 21.94829 ], [ 88.34979, 21.94774 ], [ 88.3507, 21.94795 ], [ 88.35203, 21.9485 ], [ 88.35237, 21.94841 ], [ 88.3525, 21.94871 ], [ 88.35281, 21.94886 ], [ 88.35341, 21.94884 ], [ 88.35417, 21.94948 ], [ 88.35504, 21.94995 ], [ 88.35328, 21.95014 ], [ 88.35209, 21.95011 ], [ 88.34845, 21.94876 ], [ 88.34701, 21.94771 ], [ 88.34655, 21.94715 ], [ 88.34591, 21.94597 ], [ 88.34579, 21.94503 ], [ 88.34619, 21.94293 ], [ 88.34704, 21.9403 ], [ 88.34682, 21.93942 ], [ 88.34583, 21.93902 ], [ 88.34579, 21.93888 ], [ 88.34607, 21.93819 ], [ 88.34597, 21.93751 ], [ 88.34649, 21.93638 ], [ 88.34681, 21.93439 ], [ 88.34681, 21.93392 ], [ 88.34658, 21.9335 ], [ 88.34677, 21.93124 ], [ 88.34646, 21.93104 ], [ 88.34742, 21.92888 ], [ 88.34834, 21.9283 ], [ 88.34934, 21.92707 ], [ 88.3506, 21.9266 ], [ 88.35118, 21.92545 ], [ 88.35454, 21.92283 ], [ 88.35473, 21.9219 ], [ 88.35521, 21.9219 ], [ 88.35574, 21.92169 ], [ 88.35692, 21.92234 ], [ 88.35724, 21.92245 ], [ 88.35751, 21.92234 ], [ 88.35671, 21.92186 ], [ 88.35654, 21.9213 ], [ 88.3581, 21.92015 ], [ 88.35906, 21.91906 ], [ 88.36053, 21.91483 ], [ 88.36176, 21.91332 ], [ 88.36287, 21.91109 ], [ 88.3643, 21.9089 ], [ 88.36473, 21.90856 ], [ 88.3647, 21.90811 ], [ 88.36525, 21.90641 ], [ 88.36543, 21.90422 ], [ 88.3658, 21.90247 ], [ 88.36573, 21.89723 ], [ 88.36592, 21.89712 ], [ 88.36672, 21.89722 ], [ 88.36688, 21.89713 ], [ 88.36644, 21.89266 ], [ 88.36653, 21.89243 ], [ 88.36744, 21.89172 ], [ 88.36781, 21.89079 ], [ 88.36769, 21.89067 ], [ 88.36684, 21.89068 ], [ 88.36642, 21.89047 ], [ 88.36585, 21.88982 ], [ 88.36559, 21.88742 ], [ 88.36482, 21.88388 ], [ 88.36531, 21.88318 ], [ 88.36501, 21.88293 ], [ 88.36464, 21.88286 ], [ 88.36439, 21.88251 ], [ 88.36176, 21.8748 ], [ 88.36134, 21.87271 ], [ 88.36118, 21.8725 ], [ 88.36006, 21.87215 ], [ 88.35914, 21.86999 ], [ 88.35722, 21.86285 ], [ 88.35682, 21.86221 ], [ 88.35623, 21.86157 ], [ 88.35627, 21.8621 ], [ 88.35578, 21.86225 ], [ 88.35533, 21.86213 ], [ 88.35457, 21.86161 ], [ 88.35449, 21.86118 ], [ 88.35481, 21.8599 ], [ 88.35313, 21.86015 ], [ 88.35317, 21.85924 ], [ 88.3523, 21.85907 ], [ 88.35071, 21.85898 ], [ 88.34682, 21.85932 ], [ 88.34352, 21.85995 ], [ 88.34329, 21.86049 ], [ 88.34273, 21.86006 ], [ 88.34181, 21.86046 ], [ 88.3408, 21.86065 ], [ 88.3406, 21.86096 ], [ 88.33989, 21.86125 ], [ 88.33662, 21.86218 ], [ 88.33633, 21.86247 ], [ 88.33422, 21.86265 ], [ 88.33146, 21.86255 ], [ 88.33023, 21.86272 ], [ 88.32724, 21.86272 ], [ 88.32198, 21.86206 ], [ 88.3211, 21.8618 ], [ 88.32085, 21.86136 ], [ 88.31854, 21.86063 ], [ 88.31546, 21.8594 ], [ 88.31417, 21.85866 ], [ 88.31209, 21.85686 ], [ 88.31061, 21.85588 ], [ 88.31028, 21.85582 ], [ 88.31003, 21.85604 ], [ 88.30742, 21.85322 ], [ 88.31014, 21.8507 ], [ 88.31085, 21.84974 ], [ 88.31111, 21.8488 ], [ 88.31123, 21.84711 ], [ 88.31104, 21.84443 ], [ 88.31116, 21.84393 ], [ 88.31191, 21.84316 ], [ 88.31199, 21.84282 ], [ 88.31235, 21.84259 ], [ 88.31223, 21.8424 ], [ 88.31121, 21.84253 ], [ 88.31087, 21.84242 ], [ 88.30971, 21.83862 ], [ 88.30903, 21.83697 ], [ 88.30873, 21.83673 ], [ 88.30704, 21.83643 ], [ 88.30617, 21.83646 ], [ 88.30404, 21.83712 ], [ 88.3035, 21.83822 ], [ 88.3025, 21.83799 ], [ 88.3003, 21.83785 ], [ 88.30009, 21.83827 ], [ 88.30026, 21.83857 ], [ 88.29992, 21.83867 ], [ 88.29711, 21.83809 ], [ 88.29476, 21.83785 ], [ 88.29186, 21.83706 ], [ 88.28991, 21.83688 ], [ 88.28535, 21.83515 ], [ 88.28437, 21.83508 ], [ 88.28273, 21.83417 ], [ 88.28205, 21.83341 ], [ 88.28141, 21.83305 ], [ 88.27666, 21.8317 ], [ 88.27453, 21.83085 ], [ 88.27028, 21.82858 ], [ 88.26758, 21.82617 ], [ 88.26551, 21.82375 ], [ 88.26448, 21.82284 ], [ 88.26272, 21.82155 ], [ 88.25835, 21.8188 ], [ 88.25565, 21.81672 ], [ 88.25386, 21.81473 ], [ 88.25386, 21.81442 ], [ 88.2532, 21.81294 ], [ 88.2518, 21.80607 ], [ 88.25162, 21.80456 ], [ 88.25163, 21.80058 ], [ 88.25268, 21.79228 ], [ 88.25342, 21.78838 ], [ 88.25321, 21.78755 ], [ 88.25352, 21.78511 ], [ 88.25384, 21.78385 ], [ 88.25467, 21.78226 ], [ 88.25769, 21.77948 ], [ 88.25853, 21.77912 ], [ 88.2592, 21.77856 ], [ 88.25974, 21.77771 ], [ 88.26203, 21.77509 ], [ 88.2639, 21.77322 ], [ 88.26626, 21.77032 ], [ 88.26762, 21.76807 ], [ 88.26941, 21.766 ], [ 88.27044, 21.76505 ], [ 88.27316, 21.76327 ], [ 88.27435, 21.76207 ], [ 88.2747, 21.76242 ], [ 88.27506, 21.7622 ], [ 88.27477, 21.7617 ], [ 88.27739, 21.75985 ], [ 88.2776, 21.75991 ], [ 88.27785, 21.76031 ], [ 88.27814, 21.76032 ], [ 88.2786, 21.76 ], [ 88.27867, 21.75971 ], [ 88.27844, 21.75915 ], [ 88.27952, 21.75806 ], [ 88.27981, 21.75744 ], [ 88.27994, 21.75664 ], [ 88.27956, 21.75264 ], [ 88.27938, 21.75252 ], [ 88.27892, 21.75256 ], [ 88.27884, 21.75244 ], [ 88.2789, 21.7521 ], [ 88.27953, 21.75194 ], [ 88.27931, 21.75114 ], [ 88.27849, 21.75097 ], [ 88.27665, 21.74636 ], [ 88.27492, 21.74373 ], [ 88.27364, 21.74092 ], [ 88.27288, 21.73975 ], [ 88.27193, 21.73691 ], [ 88.27168, 21.73671 ], [ 88.27163, 21.73645 ], [ 88.27145, 21.73529 ], [ 88.27148, 21.73411 ], [ 88.27126, 21.73301 ], [ 88.27134, 21.73129 ], [ 88.26992, 21.73079 ], [ 88.26555, 21.73032 ], [ 88.26371, 21.73073 ], [ 88.26323, 21.73093 ], [ 88.26299, 21.73136 ], [ 88.26409, 21.73358 ], [ 88.26522, 21.73506 ], [ 88.26648, 21.73626 ], [ 88.26811, 21.7382 ], [ 88.27049, 21.74161 ], [ 88.27175, 21.74409 ], [ 88.27323, 21.74907 ], [ 88.27393, 21.74981 ], [ 88.27459, 21.75106 ], [ 88.27518, 21.75281 ], [ 88.27513, 21.75401 ], [ 88.27466, 21.7551 ], [ 88.27285, 21.75658 ], [ 88.2719, 21.75706 ], [ 88.27032, 21.75733 ], [ 88.26785, 21.75746 ], [ 88.26622, 21.75729 ], [ 88.25754, 21.75756 ], [ 88.25575, 21.75775 ], [ 88.25165, 21.75833 ], [ 88.24133, 21.76027 ], [ 88.24004, 21.76029 ], [ 88.23947, 21.76057 ], [ 88.23741, 21.76074 ], [ 88.23495, 21.76137 ], [ 88.23235, 21.76255 ], [ 88.23137, 21.76344 ], [ 88.23121, 21.76398 ], [ 88.23087, 21.76424 ], [ 88.22988, 21.76427 ], [ 88.22933, 21.76355 ], [ 88.22248, 21.7637 ], [ 88.2201, 21.76388 ], [ 88.21997, 21.76421 ], [ 88.22004, 21.76507 ], [ 88.21991, 21.76619 ], [ 88.2202, 21.76788 ], [ 88.22009, 21.76847 ], [ 88.22047, 21.77022 ], [ 88.22048, 21.77124 ], [ 88.22037, 21.77185 ], [ 88.21959, 21.77264 ], [ 88.21957, 21.77404 ], [ 88.22007, 21.77632 ], [ 88.22002, 21.77711 ], [ 88.21938, 21.77972 ], [ 88.21693, 21.78503 ], [ 88.21654, 21.78631 ], [ 88.21624, 21.7868 ], [ 88.21576, 21.78719 ], [ 88.21512, 21.78746 ], [ 88.21411, 21.78893 ], [ 88.21402, 21.78977 ], [ 88.2136, 21.79046 ], [ 88.2135, 21.79102 ], [ 88.21392, 21.79151 ], [ 88.21385, 21.79174 ], [ 88.21359, 21.79189 ], [ 88.21377, 21.79212 ], [ 88.21309, 21.79431 ], [ 88.2128, 21.79469 ], [ 88.21261, 21.79601 ], [ 88.21221, 21.79667 ], [ 88.2117, 21.79829 ], [ 88.21163, 21.79865 ], [ 88.21183, 21.79877 ], [ 88.21174, 21.79958 ], [ 88.21079, 21.80231 ], [ 88.2105, 21.8024 ], [ 88.20976, 21.8045 ], [ 88.20851, 21.80693 ], [ 88.20694, 21.8087 ], [ 88.20664, 21.80966 ], [ 88.2068, 21.80991 ], [ 88.20595, 21.81157 ], [ 88.20519, 21.81269 ], [ 88.20506, 21.81328 ], [ 88.20518, 21.814 ], [ 88.20458, 21.8149 ], [ 88.20466, 21.81534 ], [ 88.20438, 21.81644 ], [ 88.20364, 21.81767 ], [ 88.20286, 21.821 ], [ 88.19877, 21.831 ], [ 88.19758, 21.83341 ], [ 88.19522, 21.83738 ], [ 88.19135, 21.84136 ], [ 88.18296, 21.84953 ], [ 88.17801, 21.85411 ], [ 88.17646, 21.856 ], [ 88.17219, 21.86302 ], [ 88.17123, 21.86436 ], [ 88.17115, 21.86572 ], [ 88.17184, 21.86858 ], [ 88.17057, 21.8701 ], [ 88.17022, 21.87024 ], [ 88.16959, 21.87019 ], [ 88.16873, 21.8712 ], [ 88.16867, 21.87143 ], [ 88.16941, 21.87217 ], [ 88.16938, 21.87228 ], [ 88.16874, 21.87306 ], [ 88.16878, 21.87345 ], [ 88.16861, 21.87376 ], [ 88.16812, 21.8735 ], [ 88.16654, 21.87578 ], [ 88.16652, 21.87596 ], [ 88.16742, 21.87656 ], [ 88.16731, 21.87699 ], [ 88.16666, 21.87747 ], [ 88.16629, 21.87738 ], [ 88.16574, 21.87904 ], [ 88.16564, 21.87917 ], [ 88.16533, 21.879 ], [ 88.16507, 21.87926 ], [ 88.16523, 21.87945 ], [ 88.16496, 21.87988 ], [ 88.1651, 21.88024 ], [ 88.16439, 21.88136 ], [ 88.16434, 21.88215 ], [ 88.16481, 21.88238 ], [ 88.16492, 21.88258 ], [ 88.16516, 21.88668 ], [ 88.1653, 21.88684 ], [ 88.16543, 21.88843 ], [ 88.16559, 21.88886 ], [ 88.16644, 21.88944 ], [ 88.16653, 21.88978 ], [ 88.16639, 21.89042 ], [ 88.1666, 21.89065 ], [ 88.16693, 21.89069 ], [ 88.16761, 21.89217 ], [ 88.16851, 21.89505 ], [ 88.16887, 21.89547 ], [ 88.16884, 21.89619 ], [ 88.16919, 21.89649 ], [ 88.16964, 21.8976 ], [ 88.16965, 21.89799 ], [ 88.16947, 21.89823 ], [ 88.17008, 21.89971 ], [ 88.17031, 21.8998 ], [ 88.17067, 21.90127 ], [ 88.17134, 21.90267 ], [ 88.17152, 21.9044 ], [ 88.17219, 21.90653 ], [ 88.17313, 21.90869 ], [ 88.17357, 21.90918 ], [ 88.17475, 21.91174 ], [ 88.1753, 21.91459 ], [ 88.17603, 21.91666 ], [ 88.17699, 21.92073 ], [ 88.17742, 21.92194 ], [ 88.17795, 21.92507 ], [ 88.17806, 21.92769 ], [ 88.17699, 21.93197 ], [ 88.176, 21.93403 ], [ 88.17546, 21.93476 ], [ 88.17384, 21.93634 ], [ 88.17165, 21.93782 ], [ 88.1701, 21.93928 ], [ 88.16963, 21.9399 ], [ 88.1686, 21.94037 ], [ 88.168, 21.94088 ], [ 88.16765, 21.94089 ], [ 88.16699, 21.94123 ], [ 88.16505, 21.94262 ], [ 88.16101, 21.94694 ], [ 88.15963, 21.94863 ], [ 88.15908, 21.9496 ], [ 88.1584, 21.95141 ], [ 88.15745, 21.95277 ], [ 88.1572, 21.95359 ], [ 88.15678, 21.95423 ], [ 88.1568, 21.95535 ], [ 88.15637, 21.95604 ], [ 88.15524, 21.95705 ], [ 88.15479, 21.95819 ], [ 88.15497, 21.95911 ], [ 88.15477, 21.95933 ], [ 88.15492, 21.95963 ], [ 88.15734, 21.96196 ], [ 88.1578, 21.96208 ], [ 88.15807, 21.9628 ], [ 88.15987, 21.9656 ], [ 88.16181, 21.96782 ], [ 88.16299, 21.96876 ], [ 88.16375, 21.96885 ], [ 88.16458, 21.9692 ], [ 88.16527, 21.96983 ], [ 88.16708, 21.97089 ], [ 88.16754, 21.97107 ], [ 88.16854, 21.9711 ], [ 88.17037, 21.97187 ], [ 88.17154, 21.97348 ], [ 88.173, 21.97493 ], [ 88.17421, 21.97644 ], [ 88.17785, 21.97993 ], [ 88.1792, 21.9819 ], [ 88.18147, 21.98445 ], [ 88.18447, 21.98826 ], [ 88.18701, 21.99223 ], [ 88.16481, 22.01505 ], [ 88.17215, 22.02534 ], [ 88.18897, 22.05589 ], [ 88.1997, 22.07745 ], [ 88.20262, 22.09232 ], [ 88.20416, 22.11713 ], [ 88.19532, 22.14329 ], [ 88.1779, 22.16889 ], [ 88.16867, 22.17656 ], [ 88.15729, 22.1849 ], [ 88.14451, 22.19086 ], [ 88.12882, 22.19515 ], [ 88.1085, 22.1985 ], [ 88.09, 22.19961 ], [ 88.07562, 22.20204 ], [ 88.06908, 22.20371 ], [ 88.05733, 22.20969 ], [ 88.06238, 22.21721 ], [ 88.07236, 22.23328 ], [ 88.0788, 22.24734 ], [ 88.0832, 22.26066 ], [ 88.0879, 22.28572 ], [ 88.09611, 22.30604 ], [ 88.09669, 22.3495 ], [ 88.09429, 22.35538 ], [ 88.09407, 22.36438 ], [ 88.09438, 22.36691 ], [ 88.1003, 22.37834 ], [ 88.10565, 22.38517 ], [ 88.1308, 22.39892 ], [ 88.14149, 22.41316 ], [ 88.14248, 22.41963 ], [ 88.13874, 22.42695 ], [ 88.12552, 22.44142 ], [ 88.12085, 22.44975 ], [ 88.11762, 22.4603 ], [ 88.11855, 22.46652 ], [ 88.12771, 22.47397 ], [ 88.14556, 22.47881 ], [ 88.16187, 22.48 ], [ 88.17025, 22.48296 ], [ 88.18466, 22.4973 ], [ 88.19466, 22.50696 ], [ 88.20034, 22.51177 ], [ 88.21112, 22.5177 ], [ 88.23105, 22.51997 ], [ 88.23912, 22.52504 ], [ 88.2422, 22.52928 ], [ 88.24118, 22.53517 ], [ 88.2341, 22.54685 ], [ 88.23363, 22.54916 ], [ 88.24003, 22.54925 ], [ 88.24649, 22.54738 ], [ 88.25, 22.54516 ], [ 88.25128, 22.54655 ], [ 88.25353, 22.54747 ], [ 88.25444, 22.54692 ], [ 88.25513, 22.54613 ], [ 88.25502, 22.54412 ], [ 88.25513, 22.54308 ], [ 88.25555, 22.5424 ], [ 88.25797, 22.54133 ], [ 88.2583, 22.54082 ], [ 88.25856, 22.5398 ], [ 88.25816, 22.53872 ], [ 88.25733, 22.53782 ], [ 88.25645, 22.53774 ], [ 88.25602, 22.53738 ], [ 88.25562, 22.53667 ], [ 88.25568, 22.53628 ], [ 88.25616, 22.53622 ], [ 88.2568, 22.53655 ], [ 88.25744, 22.53655 ], [ 88.25807, 22.53578 ], [ 88.2587, 22.53456 ], [ 88.25969, 22.53314 ], [ 88.26029, 22.5328 ], [ 88.26072, 22.53293 ], [ 88.26097, 22.53364 ], [ 88.26086, 22.53443 ], [ 88.26109, 22.53464 ], [ 88.26239, 22.53429 ], [ 88.26345, 22.53428 ], [ 88.26425, 22.53462 ], [ 88.26506, 22.53695 ], [ 88.26598, 22.5376 ], [ 88.26716, 22.53764 ], [ 88.26817, 22.53814 ], [ 88.26917, 22.53825 ], [ 88.27035, 22.53784 ], [ 88.27078, 22.53793 ], [ 88.27088, 22.53874 ], [ 88.27125, 22.53919 ], [ 88.27249, 22.53937 ], [ 88.27317, 22.5405 ], [ 88.27469, 22.54122 ], [ 88.2758, 22.54257 ], [ 88.27757, 22.54298 ], [ 88.2815, 22.54151 ], [ 88.28386, 22.54102 ], [ 88.28519, 22.54044 ], [ 88.28667, 22.54012 ], [ 88.28926, 22.54007 ], [ 88.29026, 22.53972 ], [ 88.29161, 22.53853 ], [ 88.29193, 22.53722 ], [ 88.29192, 22.53564 ], [ 88.29095, 22.53263 ], [ 88.29072, 22.531 ], [ 88.29116, 22.52987 ], [ 88.28957, 22.52813 ], [ 88.2892, 22.5274 ], [ 88.28943, 22.52664 ], [ 88.28988, 22.52629 ], [ 88.29084, 22.52503 ], [ 88.29016, 22.52346 ], [ 88.28996, 22.52165 ], [ 88.29004, 22.52069 ], [ 88.29046, 22.51975 ], [ 88.29115, 22.51893 ], [ 88.29148, 22.51816 ], [ 88.29165, 22.51709 ], [ 88.29223, 22.51691 ], [ 88.29396, 22.51741 ], [ 88.29645, 22.51705 ], [ 88.29912, 22.51692 ], [ 88.30063, 22.51623 ], [ 88.3012, 22.51537 ], [ 88.30185, 22.51383 ], [ 88.30237, 22.51106 ], [ 88.30297, 22.51018 ], [ 88.30532, 22.50802 ], [ 88.3058, 22.5068 ], [ 88.30598, 22.50397 ], [ 88.30717, 22.49999 ], [ 88.30789, 22.49913 ], [ 88.30942, 22.4985 ], [ 88.31109, 22.49801 ], [ 88.3114, 22.49646 ], [ 88.31146, 22.49262 ], [ 88.31083, 22.49193 ], [ 88.31056, 22.49089 ], [ 88.30641, 22.49084 ], [ 88.30356, 22.49027 ], [ 88.30036, 22.48603 ], [ 88.29848, 22.48423 ], [ 88.29706, 22.48325 ], [ 88.29511, 22.48227 ], [ 88.29423, 22.48207 ], [ 88.289, 22.4833 ], [ 88.28497, 22.48481 ], [ 88.28258, 22.48588 ], [ 88.28121, 22.48551 ], [ 88.28036, 22.48646 ], [ 88.27849, 22.48782 ], [ 88.27537, 22.48869 ], [ 88.27428, 22.48873 ], [ 88.27333, 22.48928 ], [ 88.27279, 22.49023 ], [ 88.27264, 22.49113 ], [ 88.27205, 22.49184 ], [ 88.27011, 22.49151 ], [ 88.2698, 22.49123 ], [ 88.26933, 22.49024 ], [ 88.27036, 22.48777 ], [ 88.27194, 22.48679 ], [ 88.27321, 22.48622 ], [ 88.27383, 22.48558 ], [ 88.27447, 22.48391 ], [ 88.27581, 22.48307 ], [ 88.27617, 22.48194 ], [ 88.27638, 22.47865 ], [ 88.27599, 22.47558 ], [ 88.27705, 22.47498 ], [ 88.27888, 22.47446 ], [ 88.28384, 22.47198 ], [ 88.28579, 22.47036 ], [ 88.28862, 22.46624 ], [ 88.28901, 22.46431 ], [ 88.28853, 22.46048 ], [ 88.28752, 22.45694 ], [ 88.2863, 22.4539 ], [ 88.2876, 22.4537 ], [ 88.28844, 22.45394 ], [ 88.28899, 22.45366 ], [ 88.28962, 22.45307 ], [ 88.28981, 22.4534 ], [ 88.28945, 22.45479 ], [ 88.29004, 22.45533 ], [ 88.29085, 22.45562 ], [ 88.29256, 22.4554 ], [ 88.29464, 22.45492 ], [ 88.29859, 22.45507 ], [ 88.30027, 22.45546 ], [ 88.30267, 22.45542 ], [ 88.30367, 22.4556 ], [ 88.30399, 22.45828 ], [ 88.30471, 22.45904 ], [ 88.30559, 22.45881 ], [ 88.30733, 22.45937 ], [ 88.30854, 22.45897 ], [ 88.30948, 22.45713 ], [ 88.3103, 22.45659 ], [ 88.31098, 22.45647 ], [ 88.31336, 22.45678 ], [ 88.31608, 22.45694 ], [ 88.31893, 22.45752 ], [ 88.31956, 22.45811 ], [ 88.31974, 22.45964 ], [ 88.32108, 22.46563 ], [ 88.32367, 22.46738 ], [ 88.32514, 22.46779 ], [ 88.32896, 22.46804 ], [ 88.33378, 22.46711 ], [ 88.33375, 22.46682 ], [ 88.33192, 22.46517 ], [ 88.33168, 22.46441 ], [ 88.33189, 22.46332 ], [ 88.33244, 22.46227 ], [ 88.33417, 22.46156 ], [ 88.3364, 22.46217 ], [ 88.33917, 22.46215 ], [ 88.3404, 22.46264 ], [ 88.34101, 22.46322 ], [ 88.34187, 22.46315 ], [ 88.34265, 22.46274 ], [ 88.34287, 22.46213 ], [ 88.34441, 22.46162 ], [ 88.34417, 22.46086 ], [ 88.34435, 22.46023 ], [ 88.34417, 22.45948 ], [ 88.3443, 22.45857 ], [ 88.34467, 22.45758 ], [ 88.34587, 22.45673 ], [ 88.34896, 22.45653 ], [ 88.35056, 22.45692 ], [ 88.35257, 22.45851 ], [ 88.35427, 22.46109 ], [ 88.35506, 22.46126 ], [ 88.35679, 22.46123 ], [ 88.35749, 22.4616 ], [ 88.35802, 22.46245 ], [ 88.3587, 22.46291 ], [ 88.35975, 22.46289 ], [ 88.36009, 22.46274 ], [ 88.36022, 22.46233 ], [ 88.35951, 22.46172 ], [ 88.35962, 22.46084 ], [ 88.36218, 22.45875 ], [ 88.36229, 22.45807 ], [ 88.36135, 22.45736 ], [ 88.36116, 22.45678 ], [ 88.36171, 22.45624 ], [ 88.36197, 22.45529 ], [ 88.36284, 22.45464 ], [ 88.36389, 22.45417 ], [ 88.3653, 22.45415 ], [ 88.36661, 22.45502 ], [ 88.36797, 22.4557 ], [ 88.36868, 22.45687 ], [ 88.36936, 22.45697 ], [ 88.37017, 22.45639 ], [ 88.36988, 22.45524 ], [ 88.36912, 22.45393 ], [ 88.36891, 22.45288 ], [ 88.37001, 22.45213 ], [ 88.37203, 22.45203 ], [ 88.37322, 22.45392 ], [ 88.37486, 22.45697 ], [ 88.37561, 22.45607 ], [ 88.37659, 22.4555 ], [ 88.37868, 22.4558 ], [ 88.37912, 22.45614 ], [ 88.37994, 22.45607 ], [ 88.38072, 22.45799 ], [ 88.38054, 22.4585 ], [ 88.38114, 22.4588 ], [ 88.38206, 22.45884 ], [ 88.38247, 22.45906 ], [ 88.38271, 22.45943 ], [ 88.3824, 22.46018 ], [ 88.38089, 22.46141 ], [ 88.37957, 22.46339 ], [ 88.37852, 22.46425 ], [ 88.37755, 22.46532 ], [ 88.37779, 22.46551 ], [ 88.3787, 22.46522 ], [ 88.37954, 22.46522 ], [ 88.38054, 22.46581 ], [ 88.38143, 22.46568 ], [ 88.38232, 22.4651 ], [ 88.3842, 22.46517 ], [ 88.38755, 22.46609 ], [ 88.38897, 22.46697 ], [ 88.39059, 22.46721 ], [ 88.39161, 22.46787 ], [ 88.3924, 22.46787 ], [ 88.39347, 22.46756 ], [ 88.39434, 22.46843 ], [ 88.3957, 22.47062 ], [ 88.39691, 22.47176 ], [ 88.39636, 22.4723 ], [ 88.39544, 22.47271 ], [ 88.39591, 22.47357 ], [ 88.39641, 22.47393 ], [ 88.39814, 22.47191 ], [ 88.40016, 22.47388 ], [ 88.40345, 22.47395 ], [ 88.40477, 22.47441 ], [ 88.40558, 22.47502 ], [ 88.40602, 22.47592 ], [ 88.4062, 22.47687 ], [ 88.40607, 22.4777 ], [ 88.40631, 22.47826 ], [ 88.40688, 22.47872 ], [ 88.40869, 22.47896 ], [ 88.41142, 22.47828 ], [ 88.41223, 22.47794 ], [ 88.41299, 22.47738 ], [ 88.41387, 22.47733 ], [ 88.41448, 22.47779 ], [ 88.41492, 22.47865 ], [ 88.41508, 22.47994 ], [ 88.41508, 22.48207 ], [ 88.41646, 22.48352 ], [ 88.41705, 22.48451 ], [ 88.41605, 22.48653 ], [ 88.41636, 22.48695 ], [ 88.41655, 22.48758 ], [ 88.41602, 22.48862 ], [ 88.41472, 22.48947 ], [ 88.41438, 22.49043 ], [ 88.4121, 22.49123 ], [ 88.4111, 22.49108 ], [ 88.41053, 22.49072 ], [ 88.40715, 22.48991 ], [ 88.40668, 22.48999 ], [ 88.40631, 22.49087 ], [ 88.40644, 22.49164 ], [ 88.40718, 22.49276 ], [ 88.40797, 22.49337 ], [ 88.40904, 22.49386 ], [ 88.4116, 22.49393 ], [ 88.41252, 22.49422 ], [ 88.41323, 22.49483 ], [ 88.4132, 22.49765 ], [ 88.41273, 22.49831 ], [ 88.41116, 22.49797 ], [ 88.41082, 22.49823 ], [ 88.41069, 22.4987 ], [ 88.41115, 22.49959 ], [ 88.41028, 22.50175 ], [ 88.41063, 22.5022 ], [ 88.41157, 22.50271 ], [ 88.41303, 22.50322 ], [ 88.41376, 22.50374 ], [ 88.41377, 22.50474 ], [ 88.41393, 22.50495 ], [ 88.41505, 22.50472 ], [ 88.41581, 22.50554 ], [ 88.41605, 22.50645 ], [ 88.41568, 22.50967 ], [ 88.41634, 22.5142 ], [ 88.41675, 22.51546 ], [ 88.41724, 22.51578 ], [ 88.41895, 22.5158 ], [ 88.42011, 22.51741 ], [ 88.42005, 22.52334 ], [ 88.42055, 22.52384 ], [ 88.42111, 22.52392 ], [ 88.42218, 22.52354 ], [ 88.42404, 22.52134 ], [ 88.42569, 22.52027 ], [ 88.42623, 22.52014 ], [ 88.42636, 22.51968 ], [ 88.42673, 22.51953 ], [ 88.4268, 22.51907 ], [ 88.42714, 22.51857 ], [ 88.42908, 22.51781 ], [ 88.43013, 22.51761 ], [ 88.43104, 22.51718 ], [ 88.43169, 22.51738 ], [ 88.43253, 22.51734 ], [ 88.43398, 22.51753 ], [ 88.43508, 22.51715 ], [ 88.43651, 22.51577 ], [ 88.43682, 22.51493 ], [ 88.43649, 22.51376 ], [ 88.43653, 22.51337 ], [ 88.43709, 22.51305 ], [ 88.43776, 22.51233 ], [ 88.43974, 22.50949 ], [ 88.44057, 22.5092 ], [ 88.44154, 22.50958 ], [ 88.44341, 22.51122 ], [ 88.44425, 22.51175 ], [ 88.44516, 22.51125 ], [ 88.44629, 22.50989 ], [ 88.44843, 22.50853 ], [ 88.45075, 22.50888 ], [ 88.45252, 22.50932 ], [ 88.45429, 22.50916 ], [ 88.45466, 22.50958 ], [ 88.45522, 22.51318 ], [ 88.45589, 22.51507 ], [ 88.45831, 22.51675 ], [ 88.45848, 22.51736 ], [ 88.45787, 22.51784 ], [ 88.45659, 22.51811 ], [ 88.45599, 22.51842 ], [ 88.45571, 22.51885 ], [ 88.45861, 22.51896 ], [ 88.45957, 22.51914 ], [ 88.46049, 22.52016 ], [ 88.46108, 22.52256 ], [ 88.46623, 22.52098 ], [ 88.4708, 22.5193 ], [ 88.47454, 22.51829 ], [ 88.47686, 22.51811 ], [ 88.47878, 22.51814 ], [ 88.48083, 22.5195 ], [ 88.48154, 22.52081 ], [ 88.48169, 22.52146 ], [ 88.48149, 22.52192 ], [ 88.48181, 22.52251 ], [ 88.48257, 22.52283 ], [ 88.48311, 22.52385 ], [ 88.48344, 22.52503 ], [ 88.48325, 22.52622 ], [ 88.48219, 22.52812 ], [ 88.48013, 22.53272 ], [ 88.47859, 22.53543 ], [ 88.47779, 22.53752 ], [ 88.47707, 22.5457 ], [ 88.47719, 22.54817 ], [ 88.47764, 22.54978 ], [ 88.47806, 22.55067 ], [ 88.47217, 22.55421 ], [ 88.46581, 22.56009 ], [ 88.45823, 22.56768 ], [ 88.4584, 22.56803 ], [ 88.45887, 22.56803 ], [ 88.46048, 22.56685 ], [ 88.46245, 22.56621 ], [ 88.46392, 22.5655 ], [ 88.46442, 22.56565 ], [ 88.46489, 22.56616 ], [ 88.46493, 22.567 ], [ 88.4652, 22.56786 ], [ 88.46678, 22.56901 ], [ 88.46687, 22.56936 ], [ 88.46675, 22.56949 ], [ 88.46626, 22.56955 ], [ 88.46574, 22.57004 ], [ 88.46598, 22.57077 ], [ 88.46648, 22.57128 ], [ 88.46646, 22.57166 ], [ 88.46594, 22.57212 ], [ 88.46594, 22.57289 ], [ 88.46685, 22.57337 ], [ 88.46726, 22.57383 ], [ 88.46822, 22.57379 ], [ 88.46984, 22.57329 ], [ 88.47151, 22.57419 ], [ 88.47231, 22.57548 ], [ 88.47249, 22.5761 ], [ 88.4731, 22.57658 ], [ 88.47397, 22.57606 ], [ 88.47463, 22.57538 ], [ 88.4746, 22.575 ], [ 88.47416, 22.57441 ], [ 88.47386, 22.57428 ], [ 88.47361, 22.57471 ], [ 88.47331, 22.57458 ], [ 88.47322, 22.5741 ], [ 88.47284, 22.57372 ], [ 88.47278, 22.57345 ], [ 88.47315, 22.57318 ], [ 88.47324, 22.57267 ], [ 88.47361, 22.57247 ], [ 88.47383, 22.57213 ], [ 88.47382, 22.57153 ], [ 88.47414, 22.57121 ], [ 88.47478, 22.57115 ], [ 88.47485, 22.56977 ], [ 88.47534, 22.56968 ], [ 88.47592, 22.56922 ], [ 88.47612, 22.56881 ], [ 88.47614, 22.56803 ], [ 88.47689, 22.56764 ], [ 88.47677, 22.56705 ], [ 88.47854, 22.56728 ], [ 88.47886, 22.56657 ], [ 88.47926, 22.56657 ], [ 88.48101, 22.5672 ], [ 88.48177, 22.56711 ], [ 88.48178, 22.56595 ], [ 88.48282, 22.56486 ], [ 88.4832, 22.56497 ], [ 88.48351, 22.56437 ], [ 88.48318, 22.56331 ], [ 88.48348, 22.56171 ], [ 88.48419, 22.56019 ], [ 88.48479, 22.55962 ], [ 88.48604, 22.55931 ], [ 88.48793, 22.55924 ], [ 88.48859, 22.55894 ], [ 88.48946, 22.55828 ], [ 88.49024, 22.55798 ], [ 88.49172, 22.5581 ], [ 88.49308, 22.55784 ], [ 88.4932, 22.55763 ], [ 88.49303, 22.55539 ], [ 88.49337, 22.55482 ], [ 88.49442, 22.55465 ], [ 88.49549, 22.55485 ], [ 88.49672, 22.55581 ], [ 88.5, 22.55611 ], [ 88.50147, 22.55688 ], [ 88.50192, 22.55683 ], [ 88.50368, 22.55603 ], [ 88.5038, 22.5562 ], [ 88.50373, 22.55672 ], [ 88.50398, 22.55693 ], [ 88.5045, 22.55709 ], [ 88.50619, 22.55682 ], [ 88.50786, 22.558 ], [ 88.50855, 22.55884 ], [ 88.50952, 22.55781 ], [ 88.50994, 22.55757 ], [ 88.5105, 22.55766 ], [ 88.51169, 22.55867 ], [ 88.5119, 22.55853 ], [ 88.51222, 22.55774 ], [ 88.51222, 22.55656 ], [ 88.51182, 22.55567 ], [ 88.5115, 22.55397 ], [ 88.51209, 22.55309 ], [ 88.51214, 22.5523 ], [ 88.51262, 22.55186 ], [ 88.51423, 22.55152 ], [ 88.51648, 22.55157 ], [ 88.51662, 22.5509 ], [ 88.51825, 22.55133 ], [ 88.51876, 22.55116 ], [ 88.5195, 22.54978 ], [ 88.51989, 22.54983 ], [ 88.52225, 22.55069 ], [ 88.52536, 22.55248 ], [ 88.52544, 22.55278 ], [ 88.52449, 22.554 ], [ 88.52258, 22.55567 ], [ 88.52245, 22.55634 ], [ 88.52287, 22.55843 ], [ 88.52191, 22.56029 ], [ 88.52201, 22.56115 ], [ 88.52349, 22.5639 ], [ 88.52366, 22.56475 ], [ 88.5299, 22.569 ], [ 88.5317, 22.57065 ], [ 88.53509, 22.57456 ], [ 88.53559, 22.57478 ], [ 88.53654, 22.57446 ], [ 88.53749, 22.57456 ], [ 88.53797, 22.5748 ], [ 88.53848, 22.57544 ], [ 88.53802, 22.57793 ], [ 88.538, 22.57895 ], [ 88.53844, 22.57964 ], [ 88.53926, 22.58045 ], [ 88.53966, 22.5806 ], [ 88.54037, 22.57996 ], [ 88.54069, 22.57993 ], [ 88.54099, 22.58018 ], [ 88.54093, 22.5806 ], [ 88.54035, 22.58136 ], [ 88.54037, 22.58153 ], [ 88.54178, 22.58146 ], [ 88.54209, 22.58163 ], [ 88.54215, 22.58195 ], [ 88.54167, 22.58306 ], [ 88.54167, 22.58404 ], [ 88.5413, 22.58493 ], [ 88.54135, 22.58522 ], [ 88.54299, 22.58531 ], [ 88.54391, 22.58588 ], [ 88.54447, 22.58667 ], [ 88.54453, 22.58765 ], [ 88.54437, 22.58868 ], [ 88.54455, 22.58939 ], [ 88.54492, 22.58971 ], [ 88.54569, 22.59005 ], [ 88.54653, 22.59126 ], [ 88.54709, 22.59163 ], [ 88.54709, 22.59286 ], [ 88.54728, 22.59301 ], [ 88.54907, 22.59234 ], [ 88.55272, 22.59146 ], [ 88.55314, 22.59168 ], [ 88.55338, 22.59217 ], [ 88.5534, 22.59269 ], [ 88.55309, 22.59303 ], [ 88.55213, 22.59333 ], [ 88.55142, 22.59399 ], [ 88.55026, 22.59456 ], [ 88.54951, 22.59532 ], [ 88.54813, 22.59578 ], [ 88.54774, 22.59643 ], [ 88.54655, 22.59971 ], [ 88.54557, 22.60013 ], [ 88.54549, 22.6006 ], [ 88.54583, 22.60254 ], [ 88.54562, 22.60337 ], [ 88.54519, 22.60362 ], [ 88.54419, 22.60377 ], [ 88.54395, 22.60411 ], [ 88.54401, 22.60506 ], [ 88.5449, 22.60668 ], [ 88.54578, 22.60769 ], [ 88.54652, 22.60932 ], [ 88.54678, 22.60956 ], [ 88.54713, 22.60951 ], [ 88.54819, 22.60863 ], [ 88.54975, 22.60811 ], [ 88.55054, 22.60814 ], [ 88.55097, 22.60863 ], [ 88.55242, 22.61174 ], [ 88.55256, 22.61263 ], [ 88.55276, 22.61283 ], [ 88.55337, 22.613 ], [ 88.55366, 22.61341 ], [ 88.55404, 22.61465 ], [ 88.55422, 22.6162 ], [ 88.55409, 22.61681 ], [ 88.55342, 22.61715 ], [ 88.5534, 22.61742 ], [ 88.55388, 22.6176 ], [ 88.55467, 22.6174 ], [ 88.55491, 22.61767 ], [ 88.55499, 22.61829 ], [ 88.55544, 22.61846 ], [ 88.5565, 22.61821 ], [ 88.55694, 22.61833 ], [ 88.55758, 22.61811 ], [ 88.55914, 22.61835 ], [ 88.5598, 22.61815 ], [ 88.55995, 22.61833 ], [ 88.56022, 22.61902 ], [ 88.55988, 22.61944 ], [ 88.55884, 22.61966 ], [ 88.55834, 22.62 ], [ 88.55824, 22.62061 ], [ 88.55828, 22.62145 ], [ 88.55958, 22.62189 ], [ 88.55971, 22.62229 ], [ 88.55974, 22.62507 ], [ 88.56229, 22.62438 ], [ 88.56337, 22.62389 ], [ 88.56501, 22.62367 ], [ 88.56615, 22.62315 ], [ 88.56834, 22.62175 ], [ 88.5699, 22.62107 ], [ 88.5734, 22.62003 ], [ 88.57449, 22.61954 ], [ 88.57538, 22.61868 ], [ 88.57599, 22.61775 ], [ 88.57641, 22.61569 ], [ 88.57668, 22.61514 ], [ 88.5775, 22.61426 ], [ 88.58017, 22.61276 ], [ 88.58198, 22.61207 ], [ 88.58293, 22.61207 ], [ 88.58371, 22.61258 ], [ 88.58607, 22.61497 ], [ 88.58668, 22.61524 ], [ 88.58853, 22.61524 ], [ 88.58933, 22.61558 ], [ 88.58972, 22.61554 ], [ 88.59076, 22.61487 ], [ 88.59372, 22.61369 ], [ 88.5943, 22.61257 ], [ 88.59433, 22.61141 ], [ 88.59406, 22.60972 ], [ 88.59446, 22.60903 ], [ 88.59436, 22.60866 ], [ 88.59403, 22.60861 ], [ 88.59327, 22.60893 ], [ 88.5929, 22.60885 ], [ 88.59205, 22.6079 ], [ 88.59176, 22.60711 ], [ 88.59192, 22.60394 ], [ 88.59234, 22.60307 ], [ 88.59231, 22.60253 ], [ 88.59203, 22.60063 ], [ 88.59166, 22.59945 ], [ 88.59065, 22.59743 ], [ 88.59081, 22.59714 ], [ 88.59131, 22.59689 ], [ 88.59505, 22.59632 ], [ 88.59928, 22.59605 ], [ 88.59968, 22.59549 ], [ 88.60004, 22.59316 ], [ 88.60052, 22.59242 ], [ 88.60266, 22.59217 ], [ 88.60356, 22.59249 ], [ 88.60502, 22.59232 ], [ 88.60624, 22.59203 ], [ 88.60706, 22.59102 ], [ 88.60748, 22.59102 ], [ 88.60827, 22.59149 ], [ 88.60917, 22.59164 ], [ 88.61031, 22.59168 ], [ 88.61108, 22.59156 ], [ 88.61153, 22.59129 ], [ 88.61164, 22.59089 ], [ 88.61145, 22.59028 ], [ 88.61153, 22.58992 ], [ 88.61217, 22.58922 ], [ 88.61256, 22.58768 ], [ 88.61219, 22.58631 ], [ 88.61198, 22.58392 ], [ 88.6128, 22.58353 ], [ 88.61275, 22.5821 ], [ 88.61291, 22.58186 ], [ 88.61336, 22.58173 ], [ 88.61526, 22.58193 ], [ 88.61687, 22.58191 ], [ 88.61735, 22.58164 ], [ 88.61772, 22.58073 ], [ 88.61795, 22.58085 ], [ 88.61806, 22.58112 ], [ 88.61843, 22.58115 ], [ 88.62018, 22.58075 ], [ 88.62055, 22.58107 ], [ 88.62142, 22.5812 ], [ 88.62129, 22.58149 ], [ 88.62002, 22.58179 ], [ 88.61981, 22.58201 ], [ 88.61989, 22.5828 ], [ 88.62121, 22.58238 ], [ 88.62259, 22.58228 ], [ 88.62386, 22.5807 ], [ 88.6233, 22.58051 ], [ 88.62327, 22.58015 ], [ 88.62293, 22.57956 ], [ 88.6237, 22.57914 ], [ 88.62494, 22.57897 ], [ 88.62534, 22.57759 ], [ 88.6269, 22.57633 ], [ 88.62713, 22.57598 ], [ 88.62706, 22.57527 ], [ 88.62634, 22.57342 ], [ 88.62583, 22.57234 ], [ 88.62531, 22.57175 ], [ 88.62528, 22.56998 ], [ 88.62555, 22.56875 ], [ 88.62552, 22.56808 ], [ 88.62526, 22.56757 ], [ 88.6248, 22.56717 ], [ 88.62451, 22.56619 ], [ 88.62404, 22.56607 ], [ 88.62348, 22.56614 ], [ 88.62327, 22.56577 ], [ 88.62383, 22.56491 ], [ 88.62383, 22.5644 ], [ 88.62338, 22.56273 ], [ 88.62367, 22.5624 ], [ 88.62436, 22.56213 ], [ 88.62531, 22.5626 ], [ 88.62549, 22.56235 ], [ 88.62618, 22.5604 ], [ 88.6261, 22.55908 ], [ 88.62685, 22.55858 ], [ 88.62822, 22.55804 ], [ 88.62896, 22.55831 ], [ 88.62975, 22.55834 ], [ 88.63028, 22.55819 ], [ 88.6306, 22.55784 ], [ 88.63081, 22.55713 ], [ 88.63068, 22.55635 ], [ 88.63018, 22.55544 ], [ 88.62999, 22.55408 ], [ 88.63057, 22.55225 ], [ 88.63023, 22.55213 ], [ 88.6301, 22.55166 ], [ 88.63023, 22.55062 ], [ 88.62962, 22.549 ], [ 88.62944, 22.54792 ], [ 88.62994, 22.54745 ], [ 88.63288, 22.54573 ], [ 88.63356, 22.54517 ], [ 88.634, 22.54428 ], [ 88.63431, 22.54404 ], [ 88.6355, 22.54354 ], [ 88.6369, 22.54316 ], [ 88.63692, 22.54266 ], [ 88.63718, 22.5422 ], [ 88.63837, 22.54148 ], [ 88.63871, 22.54045 ], [ 88.63918, 22.53989 ], [ 88.6397, 22.53883 ], [ 88.64025, 22.53865 ], [ 88.64079, 22.538 ], [ 88.64157, 22.53561 ], [ 88.64219, 22.53515 ], [ 88.64256, 22.53409 ], [ 88.64292, 22.53356 ], [ 88.64335, 22.53329 ], [ 88.64379, 22.53261 ], [ 88.64428, 22.53113 ], [ 88.64514, 22.53042 ], [ 88.64681, 22.52944 ], [ 88.64869, 22.52863 ], [ 88.65228, 22.52826 ], [ 88.65302, 22.52752 ], [ 88.65199, 22.52196 ], [ 88.65172, 22.5212 ], [ 88.65114, 22.52061 ], [ 88.65072, 22.51955 ], [ 88.6509, 22.51933 ], [ 88.65172, 22.51894 ], [ 88.65374, 22.51857 ], [ 88.6544, 22.51818 ], [ 88.65434, 22.51707 ], [ 88.65495, 22.51663 ], [ 88.65699, 22.51591 ], [ 88.6572, 22.51552 ], [ 88.65696, 22.51459 ], [ 88.65654, 22.5138 ], [ 88.65495, 22.51335 ], [ 88.65477, 22.51316 ], [ 88.65603, 22.51168 ], [ 88.65672, 22.51048 ], [ 88.6568, 22.50944 ], [ 88.65651, 22.50627 ], [ 88.65614, 22.50585 ], [ 88.65506, 22.50578 ], [ 88.65394, 22.50546 ], [ 88.6522, 22.50448 ], [ 88.65078, 22.50082 ], [ 88.65067, 22.49966 ], [ 88.64933, 22.49771 ], [ 88.64936, 22.49546 ], [ 88.64956, 22.49531 ], [ 88.65056, 22.49533 ], [ 88.65106, 22.49538 ], [ 88.65127, 22.49568 ], [ 88.65173, 22.4958 ], [ 88.65371, 22.49589 ], [ 88.65689, 22.49453 ], [ 88.65823, 22.49464 ], [ 88.65955, 22.495 ], [ 88.66069, 22.49501 ], [ 88.66206, 22.49453 ], [ 88.66411, 22.4929 ], [ 88.66578, 22.49274 ], [ 88.66583, 22.49224 ], [ 88.66554, 22.491 ], [ 88.66878, 22.48933 ], [ 88.67569, 22.48443 ], [ 88.67623, 22.48387 ], [ 88.67623, 22.48354 ], [ 88.67567, 22.48272 ], [ 88.67605, 22.48218 ], [ 88.67587, 22.48135 ], [ 88.67741, 22.47975 ], [ 88.67799, 22.4795 ], [ 88.67885, 22.47937 ], [ 88.67988, 22.47867 ], [ 88.6845, 22.47458 ], [ 88.6856, 22.47387 ], [ 88.68591, 22.4721 ], [ 88.68506, 22.47196 ], [ 88.68615, 22.46984 ], [ 88.68652, 22.46744 ], [ 88.68687, 22.46684 ], [ 88.68784, 22.46624 ], [ 88.69272, 22.46245 ], [ 88.69369, 22.46218 ], [ 88.69474, 22.46223 ], [ 88.69729, 22.46151 ], [ 88.69821, 22.46147 ], [ 88.69956, 22.46102 ], [ 88.70432, 22.46102 ], [ 88.70318, 22.45874 ], [ 88.70539, 22.45728 ], [ 88.70664, 22.45684 ], [ 88.70697, 22.45633 ], [ 88.7078, 22.45409 ], [ 88.70807, 22.45141 ], [ 88.7076, 22.44941 ], [ 88.70708, 22.44865 ], [ 88.70648, 22.44797 ], [ 88.70617, 22.4482 ], [ 88.70319, 22.44572 ], [ 88.70283, 22.4451 ], [ 88.70292, 22.444 ], [ 88.7023, 22.4432 ], [ 88.70225, 22.44131 ], [ 88.70333, 22.43864 ], [ 88.70346, 22.43778 ], [ 88.70313, 22.4364 ], [ 88.70375, 22.43611 ], [ 88.70384, 22.43373 ], [ 88.70401, 22.4335 ], [ 88.70439, 22.43313 ], [ 88.70618, 22.43248 ], [ 88.70706, 22.4325 ], [ 88.70815, 22.43227 ], [ 88.71125, 22.43002 ], [ 88.71363, 22.42997 ], [ 88.71406, 22.4297 ], [ 88.71483, 22.42879 ], [ 88.71573, 22.42733 ], [ 88.71627, 22.42726 ], [ 88.71669, 22.42745 ], [ 88.71686, 22.42773 ], [ 88.71743, 22.42743 ], [ 88.71804, 22.42771 ], [ 88.71931, 22.42746 ], [ 88.72179, 22.42752 ], [ 88.72221, 22.42763 ], [ 88.72283, 22.42695 ], [ 88.72319, 22.42703 ], [ 88.72334, 22.42688 ], [ 88.72321, 22.42659 ], [ 88.72389, 22.42619 ], [ 88.72646, 22.42542 ], [ 88.7284, 22.42413 ], [ 88.72942, 22.42364 ], [ 88.72997, 22.42395 ], [ 88.73167, 22.42087 ], [ 88.73419, 22.42062 ], [ 88.73401, 22.41595 ], [ 88.7334, 22.41258 ], [ 88.73336, 22.41107 ], [ 88.73382, 22.41069 ], [ 88.73426, 22.41074 ], [ 88.73557, 22.41026 ], [ 88.73602, 22.40954 ], [ 88.73673, 22.4091 ], [ 88.73797, 22.40745 ], [ 88.74192, 22.40353 ], [ 88.74218, 22.40298 ], [ 88.74273, 22.40274 ], [ 88.74371, 22.40276 ], [ 88.74478, 22.40255 ], [ 88.74533, 22.40237 ], [ 88.74612, 22.40178 ], [ 88.7476, 22.40125 ], [ 88.74865, 22.39956 ], [ 88.74912, 22.39952 ], [ 88.75164, 22.40143 ], [ 88.75201, 22.40156 ], [ 88.7528, 22.40132 ], [ 88.7555, 22.39839 ], [ 88.75558, 22.39791 ], [ 88.75542, 22.39741 ], [ 88.75352, 22.39588 ], [ 88.7516, 22.39472 ], [ 88.75074, 22.39388 ], [ 88.75048, 22.39325 ], [ 88.75057, 22.39254 ], [ 88.75112, 22.3918 ], [ 88.75305, 22.39155 ], [ 88.75395, 22.39174 ], [ 88.75582, 22.39281 ], [ 88.75897, 22.39676 ], [ 88.75999, 22.39772 ], [ 88.76058, 22.39802 ], [ 88.76079, 22.398 ], [ 88.76272, 22.39658 ], [ 88.76434, 22.39491 ], [ 88.76799, 22.39273 ], [ 88.76869, 22.39199 ], [ 88.76872, 22.39138 ], [ 88.76824, 22.39077 ], [ 88.76713, 22.38999 ], [ 88.76512, 22.38889 ], [ 88.76197, 22.38735 ], [ 88.76136, 22.38653 ], [ 88.76138, 22.38569 ], [ 88.76224, 22.38318 ], [ 88.76301, 22.382 ], [ 88.7651, 22.37954 ], [ 88.76653, 22.37947 ], [ 88.76771, 22.37992 ], [ 88.76836, 22.38071 ], [ 88.76922, 22.38234 ], [ 88.77027, 22.38374 ], [ 88.77056, 22.38465 ], [ 88.77231, 22.38786 ], [ 88.77282, 22.3883 ], [ 88.77317, 22.38839 ], [ 88.77366, 22.3882 ], [ 88.77409, 22.38771 ], [ 88.774, 22.38635 ], [ 88.77286, 22.38279 ], [ 88.77088, 22.38021 ], [ 88.76926, 22.37775 ], [ 88.76834, 22.37573 ], [ 88.76827, 22.37481 ], [ 88.7692, 22.37283 ], [ 88.77022, 22.37117 ], [ 88.7714, 22.37039 ], [ 88.77235, 22.37019 ], [ 88.77328, 22.37019 ], [ 88.77465, 22.37052 ], [ 88.77551, 22.37105 ], [ 88.77713, 22.3712 ], [ 88.77879, 22.37117 ], [ 88.78029, 22.37031 ], [ 88.78153, 22.36904 ], [ 88.78239, 22.36782 ], [ 88.78322, 22.36753 ], [ 88.78736, 22.3696 ], [ 88.7888, 22.36982 ], [ 88.79079, 22.37049 ], [ 88.79263, 22.37052 ], [ 88.79575, 22.37025 ], [ 88.79661, 22.3705 ], [ 88.79736, 22.37108 ], [ 88.79819, 22.37236 ], [ 88.79917, 22.37348 ], [ 88.80029, 22.37386 ], [ 88.80209, 22.37395 ], [ 88.80337, 22.37359 ], [ 88.80462, 22.3736 ], [ 88.80605, 22.37376 ], [ 88.80753, 22.37417 ], [ 88.80846, 22.37419 ], [ 88.8107, 22.37261 ], [ 88.812, 22.37196 ], [ 88.8126, 22.37185 ], [ 88.81699, 22.37207 ], [ 88.819, 22.37199 ], [ 88.82013, 22.37167 ], [ 88.8214, 22.37064 ], [ 88.82159, 22.37022 ], [ 88.82151, 22.36949 ], [ 88.82071, 22.36787 ], [ 88.81998, 22.36561 ], [ 88.82006, 22.36441 ], [ 88.82184, 22.36101 ], [ 88.82154, 22.36081 ], [ 88.81816, 22.36061 ], [ 88.81713, 22.35965 ], [ 88.81619, 22.35736 ], [ 88.81518, 22.35329 ], [ 88.81266, 22.35 ], [ 88.8116, 22.34896 ], [ 88.81107, 22.34779 ], [ 88.81038, 22.34428 ], [ 88.8091, 22.34069 ], [ 88.80687, 22.33642 ], [ 88.80621, 22.3347 ], [ 88.80342, 22.33068 ], [ 88.80317, 22.32964 ], [ 88.80365, 22.32844 ], [ 88.80602, 22.32539 ], [ 88.80773, 22.32349 ], [ 88.8093, 22.32202 ], [ 88.81016, 22.32165 ], [ 88.8109, 22.32039 ], [ 88.81095, 22.31734 ], [ 88.81071, 22.31571 ], [ 88.80969, 22.3133 ], [ 88.80769, 22.30953 ], [ 88.80707, 22.30745 ], [ 88.80626, 22.30366 ], [ 88.80446, 22.29793 ], [ 88.8043, 22.29596 ], [ 88.80437, 22.29104 ], [ 88.80526, 22.28652 ], [ 88.80555, 22.28618 ], [ 88.80619, 22.28603 ], [ 88.81004, 22.2863 ], [ 88.81321, 22.28608 ], [ 88.81451, 22.28553 ], [ 88.8159, 22.28434 ], [ 88.81657, 22.28313 ], [ 88.8171, 22.27796 ], [ 88.81695, 22.27766 ], [ 88.81522, 22.27683 ], [ 88.81505, 22.27627 ], [ 88.81474, 22.27218 ], [ 88.81425, 22.27034 ], [ 88.81393, 22.27001 ], [ 88.81381, 22.26952 ], [ 88.81422, 22.26807 ], [ 88.81427, 22.26665 ], [ 88.81459, 22.26521 ], [ 88.81513, 22.26443 ], [ 88.81576, 22.26394 ], [ 88.81708, 22.26355 ], [ 88.81912, 22.26352 ], [ 88.82172, 22.26428 ], [ 88.82404, 22.26532 ], [ 88.82467, 22.26541 ], [ 88.82518, 22.26524 ], [ 88.82599, 22.26457 ], [ 88.82781, 22.26488 ], [ 88.82858, 22.26528 ], [ 88.82999, 22.26648 ], [ 88.83169, 22.26913 ], [ 88.83236, 22.26974 ], [ 88.83451, 22.27004 ], [ 88.83489, 22.27041 ], [ 88.83494, 22.27106 ], [ 88.83612, 22.27412 ], [ 88.83693, 22.27508 ], [ 88.83766, 22.27564 ], [ 88.8385, 22.27592 ], [ 88.84089, 22.27553 ], [ 88.84151, 22.27573 ], [ 88.84231, 22.2763 ], [ 88.84371, 22.27911 ], [ 88.84509, 22.28039 ], [ 88.84722, 22.2819 ], [ 88.84819, 22.28282 ], [ 88.84958, 22.28676 ], [ 88.85029, 22.28805 ], [ 88.85063, 22.28848 ], [ 88.8509, 22.2886 ], [ 88.85124, 22.28842 ], [ 88.85224, 22.28557 ], [ 88.85275, 22.28457 ], [ 88.85359, 22.28394 ], [ 88.85531, 22.28331 ], [ 88.85612, 22.28258 ], [ 88.85686, 22.28089 ], [ 88.85763, 22.28012 ], [ 88.85908, 22.27934 ], [ 88.86229, 22.27806 ], [ 88.8635, 22.27713 ], [ 88.86411, 22.27566 ], [ 88.86408, 22.27345 ], [ 88.86479, 22.27215 ], [ 88.86548, 22.27172 ], [ 88.8663, 22.27171 ], [ 88.86742, 22.27198 ], [ 88.86893, 22.27291 ], [ 88.87073, 22.27451 ], [ 88.87216, 22.27525 ], [ 88.87383, 22.27543 ], [ 88.87728, 22.27516 ], [ 88.8782, 22.27454 ], [ 88.88013, 22.27074 ], [ 88.88145, 22.26849 ], [ 88.88204, 22.26797 ], [ 88.88293, 22.26775 ], [ 88.88455, 22.2679 ], [ 88.88732, 22.26705 ], [ 88.88828, 22.26652 ], [ 88.88909, 22.2649 ], [ 88.89008, 22.26056 ], [ 88.8906, 22.25894 ], [ 88.89154, 22.25793 ], [ 88.8927, 22.25703 ], [ 88.89393, 22.25637 ], [ 88.89491, 22.25553 ], [ 88.89553, 22.25461 ], [ 88.89572, 22.25278 ], [ 88.89562, 22.25254 ], [ 88.8985, 22.25235 ], [ 88.90046, 22.25255 ], [ 88.90238, 22.25248 ], [ 88.90427, 22.25177 ], [ 88.90537, 22.25158 ], [ 88.90578, 22.2517 ], [ 88.906, 22.2521 ], [ 88.90587, 22.25339 ], [ 88.90596, 22.25498 ], [ 88.90689, 22.25707 ], [ 88.90753, 22.25919 ], [ 88.90739, 22.2613 ], [ 88.90688, 22.26378 ], [ 88.90772, 22.26623 ], [ 88.90844, 22.26757 ], [ 88.91195, 22.26916 ], [ 88.91503, 22.27087 ], [ 88.91579, 22.27069 ], [ 88.91732, 22.26869 ], [ 88.91917, 22.2658 ], [ 88.92248, 22.26151 ], [ 88.92317, 22.26069 ], [ 88.92389, 22.26024 ], [ 88.92444, 22.26028 ], [ 88.92521, 22.2608 ], [ 88.92727, 22.26358 ], [ 88.92819, 22.26375 ], [ 88.92963, 22.26328 ], [ 88.93227, 22.26313 ], [ 88.9346, 22.26325 ], [ 88.93539, 22.26299 ], [ 88.93548, 22.26233 ], [ 88.93474, 22.25972 ], [ 88.93469, 22.25823 ], [ 88.93566, 22.25601 ], [ 88.93839, 22.25293 ], [ 88.94037, 22.25189 ], [ 88.94954, 22.24908 ], [ 88.95111, 22.24792 ], [ 88.9532, 22.24587 ], [ 88.95511, 22.2429 ], [ 88.95628, 22.24019 ], [ 88.95838, 22.23189 ], [ 88.95939, 22.22299 ], [ 88.96082, 22.21898 ], [ 88.96124, 22.21693 ], [ 88.96188, 22.21494 ], [ 88.96477, 22.21168 ], [ 88.9608, 22.20936 ], [ 88.95752, 22.20719 ], [ 88.96106, 22.19897 ], [ 88.96131, 22.19589 ], [ 88.96103, 22.19422 ], [ 88.96098, 22.19407 ], [ 88.96097, 22.1939 ], [ 88.95965, 22.19277 ], [ 88.9586, 22.19266 ], [ 88.95815, 22.19264 ], [ 88.9581, 22.19261 ], [ 88.95806, 22.19257 ], [ 88.95817, 22.19214 ], [ 88.95753, 22.19197 ], [ 88.95745, 22.19228 ], [ 88.9573, 22.19228 ], [ 88.95699, 22.1922 ], [ 88.9565, 22.19203 ], [ 88.95523, 22.19187 ], [ 88.95439, 22.19178 ], [ 88.95402, 22.19171 ], [ 88.95222, 22.19147 ], [ 88.95059, 22.19177 ], [ 88.9488, 22.19183 ], [ 88.94843, 22.19192 ], [ 88.94817, 22.19201 ], [ 88.94795, 22.19209 ], [ 88.94767, 22.1921 ], [ 88.94704, 22.19226 ], [ 88.9468, 22.19234 ], [ 88.94631, 22.19247 ], [ 88.9453, 22.19268 ], [ 88.94384, 22.19304 ], [ 88.94333, 22.19309 ], [ 88.943, 22.19304 ], [ 88.94249, 22.1929 ], [ 88.94198, 22.19272 ], [ 88.94095, 22.19201 ], [ 88.94064, 22.19167 ], [ 88.94035, 22.19126 ], [ 88.94011, 22.19079 ], [ 88.94005, 22.19038 ], [ 88.9401, 22.18972 ], [ 88.94028, 22.18923 ], [ 88.9405, 22.18879 ], [ 88.94092, 22.18835 ], [ 88.94101, 22.18826 ], [ 88.94221, 22.18701 ], [ 88.9426, 22.18665 ], [ 88.943, 22.18633 ], [ 88.94353, 22.18589 ], [ 88.94384, 22.18567 ], [ 88.9445, 22.18514 ], [ 88.94496, 22.1845 ], [ 88.94488, 22.18429 ], [ 88.94363, 22.18373 ], [ 88.94093, 22.18331 ], [ 88.94075, 22.18329 ], [ 88.93994, 22.18318 ], [ 88.9396, 22.18315 ], [ 88.93926, 22.18311 ], [ 88.93895, 22.18302 ], [ 88.93872, 22.18297 ], [ 88.93842, 22.18294 ], [ 88.93802, 22.18285 ], [ 88.93759, 22.1827 ], [ 88.93746, 22.18269 ], [ 88.93725, 22.18263 ], [ 88.93675, 22.18246 ], [ 88.9366, 22.18241 ], [ 88.93646, 22.18238 ], [ 88.93622, 22.18231 ], [ 88.93594, 22.18218 ], [ 88.93568, 22.18207 ], [ 88.9355, 22.18198 ], [ 88.93475, 22.18139 ], [ 88.93466, 22.18135 ], [ 88.93464, 22.18134 ], [ 88.93449, 22.18128 ], [ 88.93432, 22.18116 ], [ 88.93405, 22.18091 ], [ 88.93373, 22.18068 ], [ 88.93349, 22.1804 ], [ 88.93331, 22.18018 ], [ 88.9332, 22.17989 ], [ 88.9331, 22.17969 ], [ 88.93306, 22.17962 ], [ 88.93294, 22.17945 ], [ 88.93266, 22.17897 ], [ 88.93249, 22.17857 ], [ 88.93203, 22.17772 ], [ 88.93138, 22.1779 ], [ 88.93112, 22.1781 ], [ 88.93061, 22.17845 ], [ 88.93045, 22.17851 ], [ 88.92983, 22.17891 ], [ 88.92821, 22.17959 ], [ 88.928, 22.17969 ], [ 88.92763, 22.17983 ], [ 88.92721, 22.17989 ], [ 88.92663, 22.17998 ], [ 88.92597, 22.17987 ], [ 88.92522, 22.1796 ], [ 88.92148, 22.17454 ], [ 88.92059, 22.1708 ], [ 88.92046, 22.17041 ], [ 88.92041, 22.17005 ], [ 88.92036, 22.16997 ], [ 88.92028, 22.16986 ], [ 88.92025, 22.1698 ], [ 88.91992, 22.16927 ], [ 88.91991, 22.16915 ], [ 88.91995, 22.16905 ], [ 88.91999, 22.16884 ], [ 88.92006, 22.16868 ], [ 88.92016, 22.1686 ], [ 88.92009, 22.1681 ], [ 88.91937, 22.16748 ], [ 88.91925, 22.16738 ], [ 88.91919, 22.16733 ], [ 88.9192, 22.16729 ], [ 88.91922, 22.16726 ], [ 88.91936, 22.16693 ], [ 88.9186, 22.16578 ], [ 88.91771, 22.16571 ], [ 88.91652, 22.16586 ], [ 88.91486, 22.16635 ], [ 88.91338, 22.16702 ], [ 88.91202, 22.16784 ], [ 88.91186, 22.16796 ], [ 88.9117, 22.16804 ], [ 88.91107, 22.16876 ], [ 88.9108, 22.16898 ], [ 88.91061, 22.16911 ], [ 88.91057, 22.16914 ], [ 88.91026, 22.16938 ], [ 88.90994, 22.16987 ], [ 88.90979, 22.17011 ], [ 88.90955, 22.17038 ], [ 88.90929, 22.17069 ], [ 88.90845, 22.17185 ], [ 88.90832, 22.17198 ], [ 88.90818, 22.17209 ], [ 88.90806, 22.1722 ], [ 88.90804, 22.17237 ], [ 88.90806, 22.17255 ], [ 88.90801, 22.17273 ], [ 88.90782, 22.17287 ], [ 88.90754, 22.17303 ], [ 88.907, 22.17369 ], [ 88.90676, 22.17393 ], [ 88.90643, 22.17432 ], [ 88.9061, 22.17479 ], [ 88.90551, 22.17541 ], [ 88.90524, 22.17569 ], [ 88.90428, 22.17648 ], [ 88.90418, 22.17652 ], [ 88.90411, 22.17652 ], [ 88.90372, 22.17662 ], [ 88.90339, 22.1769 ], [ 88.90293, 22.17712 ], [ 88.90279, 22.17719 ], [ 88.90277, 22.17719 ], [ 88.90183, 22.17763 ], [ 88.90096, 22.1779 ], [ 88.90048, 22.1781 ], [ 88.89967, 22.17832 ], [ 88.89847, 22.17844 ], [ 88.89808, 22.17843 ], [ 88.89763, 22.17838 ], [ 88.89737, 22.17834 ], [ 88.89688, 22.17829 ], [ 88.89554, 22.17804 ], [ 88.89524, 22.17798 ], [ 88.89356, 22.17741 ], [ 88.89331, 22.17725 ], [ 88.89305, 22.17709 ], [ 88.89241, 22.17667 ], [ 88.89208, 22.17647 ], [ 88.89182, 22.17629 ], [ 88.89072, 22.17556 ], [ 88.89058, 22.17549 ], [ 88.89042, 22.17537 ], [ 88.89031, 22.1753 ], [ 88.8902, 22.17522 ], [ 88.89011, 22.17515 ], [ 88.88998, 22.17505 ], [ 88.88978, 22.1749 ], [ 88.88968, 22.17481 ], [ 88.88957, 22.1747 ], [ 88.88948, 22.17462 ], [ 88.88938, 22.17449 ], [ 88.88932, 22.17442 ], [ 88.88902, 22.17415 ], [ 88.88883, 22.17391 ], [ 88.88851, 22.17357 ], [ 88.88837, 22.17337 ], [ 88.88802, 22.17285 ], [ 88.88756, 22.17214 ], [ 88.88719, 22.17148 ], [ 88.88671, 22.17037 ], [ 88.88616, 22.16826 ], [ 88.88636, 22.16493 ], [ 88.88682, 22.16445 ], [ 88.88816, 22.16189 ], [ 88.8889, 22.16077 ], [ 88.8895, 22.15989 ], [ 88.89198, 22.157 ], [ 88.89231, 22.1566 ], [ 88.89304, 22.15577 ], [ 88.89428, 22.15403 ], [ 88.89503, 22.15288 ], [ 88.89602, 22.15162 ], [ 88.89624, 22.15132 ], [ 88.89978, 22.14773 ], [ 88.90004, 22.14652 ], [ 88.90007, 22.14605 ], [ 88.90022, 22.14553 ], [ 88.90043, 22.14468 ], [ 88.90094, 22.14117 ], [ 88.90154, 22.1386 ], [ 88.90235, 22.13684 ], [ 88.9033, 22.13516 ], [ 88.90548, 22.13088 ], [ 88.90578, 22.13043 ], [ 88.90705, 22.12855 ], [ 88.90948, 22.12555 ], [ 88.91018, 22.12482 ], [ 88.9111, 22.12396 ], [ 88.91146, 22.12359 ], [ 88.91222, 22.12283 ], [ 88.91281, 22.12229 ], [ 88.91389, 22.12132 ], [ 88.91435, 22.12073 ], [ 88.91469, 22.12037 ], [ 88.91483, 22.1202 ], [ 88.91515, 22.11986 ], [ 88.91571, 22.1193 ], [ 88.91573, 22.11927 ], [ 88.91605, 22.11892 ], [ 88.91614, 22.1188 ], [ 88.91626, 22.11868 ], [ 88.91669, 22.11821 ], [ 88.91715, 22.11758 ], [ 88.9172, 22.11751 ], [ 88.91762, 22.11695 ], [ 88.91843, 22.11611 ], [ 88.91913, 22.11543 ], [ 88.9198, 22.11489 ], [ 88.92044, 22.11416 ], [ 88.92135, 22.11313 ], [ 88.92355, 22.11015 ], [ 88.92451, 22.1082 ], [ 88.92485, 22.10684 ], [ 88.92491, 22.1058 ], [ 88.92457, 22.10426 ], [ 88.92378, 22.10179 ], [ 88.92232, 22.09826 ], [ 88.92098, 22.09626 ], [ 88.91756, 22.09225 ], [ 88.91731, 22.09204 ], [ 88.91709, 22.0919 ], [ 88.91683, 22.09163 ], [ 88.91652, 22.09137 ], [ 88.91635, 22.09126 ], [ 88.91617, 22.09107 ], [ 88.91578, 22.09087 ], [ 88.91561, 22.09076 ], [ 88.91543, 22.09069 ], [ 88.91509, 22.09047 ], [ 88.91409, 22.09006 ], [ 88.91395, 22.09 ], [ 88.91336, 22.08981 ], [ 88.91287, 22.08963 ], [ 88.91247, 22.08945 ], [ 88.91216, 22.08927 ], [ 88.9112, 22.08886 ], [ 88.91084, 22.08871 ], [ 88.91004, 22.08835 ], [ 88.90844, 22.08779 ], [ 88.90835, 22.08774 ], [ 88.90814, 22.08766 ], [ 88.9077, 22.08765 ], [ 88.90606, 22.08822 ], [ 88.90437, 22.08915 ], [ 88.90204, 22.09014 ], [ 88.89978, 22.0905 ], [ 88.8987, 22.0904 ], [ 88.89678, 22.09101 ], [ 88.89392, 22.09084 ], [ 88.89126, 22.09021 ], [ 88.8905, 22.08989 ], [ 88.88441, 22.086 ], [ 88.8822, 22.08565 ], [ 88.87961, 22.08574 ], [ 88.8771, 22.08662 ], [ 88.87207, 22.08784 ], [ 88.87135, 22.08812 ], [ 88.87038, 22.08874 ], [ 88.86799, 22.09034 ], [ 88.86681, 22.09146 ], [ 88.86346, 22.09346 ], [ 88.86216, 22.09441 ], [ 88.85395, 22.1011 ], [ 88.85252, 22.10274 ], [ 88.851, 22.1051 ], [ 88.84982, 22.10836 ], [ 88.84962, 22.11013 ], [ 88.84973, 22.11482 ], [ 88.84891, 22.11767 ], [ 88.84864, 22.11834 ], [ 88.84775, 22.11959 ], [ 88.84695, 22.12113 ], [ 88.84551, 22.12271 ], [ 88.84444, 22.12346 ], [ 88.84315, 22.12409 ], [ 88.83956, 22.12508 ], [ 88.83307, 22.12638 ], [ 88.83165, 22.1271 ], [ 88.82104, 22.1273 ], [ 88.81786, 22.12846 ], [ 88.81518, 22.12991 ], [ 88.81292, 22.13056 ], [ 88.81198, 22.13105 ], [ 88.81105, 22.1313 ], [ 88.80841, 22.13141 ], [ 88.80671, 22.13124 ], [ 88.80414, 22.13055 ], [ 88.80215, 22.12933 ], [ 88.80092, 22.12817 ], [ 88.79774, 22.12409 ], [ 88.79728, 22.12281 ], [ 88.79559, 22.12059 ], [ 88.79543, 22.1198 ], [ 88.79533, 22.11699 ], [ 88.79548, 22.1167 ], [ 88.79512, 22.11549 ], [ 88.79463, 22.11467 ], [ 88.79434, 22.11447 ], [ 88.7938, 22.11439 ], [ 88.79177, 22.11438 ], [ 88.7893, 22.11471 ], [ 88.78772, 22.11476 ], [ 88.78731, 22.11445 ], [ 88.78534, 22.11432 ], [ 88.78191, 22.11352 ], [ 88.77839, 22.11196 ], [ 88.77516, 22.10954 ], [ 88.77285, 22.1073 ], [ 88.77154, 22.10671 ], [ 88.77156, 22.10602 ], [ 88.77066, 22.10329 ], [ 88.77014, 22.10041 ], [ 88.76967, 22.09321 ], [ 88.76949, 22.0926 ], [ 88.76892, 22.09215 ], [ 88.76643, 22.09135 ], [ 88.76496, 22.09065 ], [ 88.7629, 22.09011 ], [ 88.76032, 22.0891 ], [ 88.75676, 22.08744 ], [ 88.75448, 22.08607 ], [ 88.75316, 22.08507 ], [ 88.74973, 22.08182 ], [ 88.7481, 22.08005 ], [ 88.74801, 22.07945 ], [ 88.74764, 22.07898 ], [ 88.74737, 22.07823 ], [ 88.74681, 22.07778 ], [ 88.74444, 22.07502 ], [ 88.74293, 22.07371 ], [ 88.74219, 22.07235 ], [ 88.74217, 22.07193 ], [ 88.74187, 22.07137 ], [ 88.74164, 22.06968 ], [ 88.74109, 22.0677 ], [ 88.74047, 22.0668 ], [ 88.73988, 22.06635 ], [ 88.73995, 22.06581 ], [ 88.73973, 22.06536 ], [ 88.73948, 22.06278 ], [ 88.73942, 22.0602 ], [ 88.73913, 22.05984 ], [ 88.73913, 22.05931 ], [ 88.73895, 22.05892 ], [ 88.73905, 22.0583 ], [ 88.73893, 22.05764 ], [ 88.73864, 22.057 ], [ 88.73431, 22.03486 ], [ 88.73462, 22.03443 ], [ 88.73429, 22.03293 ], [ 88.73568, 22.03119 ], [ 88.73608, 22.02997 ], [ 88.73645, 22.02933 ], [ 88.73816, 22.02444 ], [ 88.73964, 22.02106 ], [ 88.73989, 22.02007 ], [ 88.73986, 22.01929 ], [ 88.73966, 22.01869 ], [ 88.7387, 22.01717 ], [ 88.73776, 22.01599 ], [ 88.73549, 22.01445 ], [ 88.73519, 22.01393 ], [ 88.73517, 22.01357 ], [ 88.73431, 22.013 ], [ 88.73376, 22.01219 ], [ 88.73, 22.01003 ], [ 88.72669, 22.00852 ], [ 88.72572, 22.00783 ], [ 88.72491, 22.00805 ], [ 88.72494, 22.00767 ], [ 88.72426, 22.00722 ], [ 88.72385, 22.00719 ], [ 88.72338, 22.00671 ], [ 88.72294, 22.00657 ], [ 88.72196, 22.00658 ], [ 88.7218, 22.0062 ], [ 88.72157, 22.0061 ], [ 88.72087, 22.00614 ], [ 88.72015, 22.00682 ], [ 88.71896, 22.00748 ], [ 88.71823, 22.00826 ], [ 88.71746, 22.00881 ], [ 88.71681, 22.00965 ], [ 88.71634, 22.01008 ], [ 88.71575, 22.01036 ], [ 88.71159, 22.00958 ], [ 88.70873, 22.00874 ], [ 88.70554, 22.00743 ], [ 88.70263, 22.00776 ], [ 88.70214, 22.00799 ], [ 88.70178, 22.00796 ], [ 88.70012, 22.00941 ], [ 88.69709, 22.01244 ], [ 88.69575, 22.01354 ], [ 88.69439, 22.01431 ], [ 88.68952, 22.01635 ], [ 88.6858, 22.01747 ], [ 88.68409, 22.01849 ], [ 88.68288, 22.01889 ], [ 88.68261, 22.01878 ], [ 88.682, 22.01952 ], [ 88.68081, 22.02039 ], [ 88.67542, 22.02272 ], [ 88.67185, 22.02327 ], [ 88.66437, 22.02392 ], [ 88.6639, 22.02409 ], [ 88.66375, 22.02448 ], [ 88.64216, 22.02781 ], [ 88.62488, 22.03179 ], [ 88.62162, 22.02781 ], [ 88.62066, 22.02607 ], [ 88.62052, 22.02502 ], [ 88.61964, 22.02423 ], [ 88.61966, 22.02399 ] ], [ [ 88.40273, 22.42859 ], [ 88.39906, 22.43175 ], [ 88.39806, 22.43088 ], [ 88.39838, 22.43052 ], [ 88.39909, 22.42997 ], [ 88.40037, 22.42895 ], [ 88.40182, 22.42786 ], [ 88.40273, 22.42859 ] ] ], [ [ [ 88.63237, 21.66789 ], [ 88.63253, 21.66766 ], [ 88.63229, 21.66795 ], [ 88.63237, 21.66789 ] ] ], [ [ [ 88.63268, 21.66811 ], [ 88.63243, 21.66823 ], [ 88.63221, 21.66832 ], [ 88.63277, 21.66816 ], [ 88.63268, 21.66811 ] ] ], [ [ [ 88.63277, 21.66825 ], [ 88.63277, 21.66816 ], [ 88.63273, 21.6683 ], [ 88.63277, 21.66825 ] ] ], [ [ [ 88.63279, 21.66902 ], [ 88.63276, 21.66899 ], [ 88.6329, 21.66919 ], [ 88.63279, 21.66902 ] ] ], [ [ [ 88.63291, 21.66934 ], [ 88.6329, 21.66919 ], [ 88.63281, 21.66946 ], [ 88.63291, 21.66934 ] ] ], [ [ [ 88.63346, 21.67047 ], [ 88.63342, 21.6704 ], [ 88.63348, 21.67055 ], [ 88.63346, 21.67047 ] ] ], [ [ [ 88.63413, 21.67154 ], [ 88.63429, 21.67158 ], [ 88.63442, 21.67164 ], [ 88.63406, 21.67141 ], [ 88.63413, 21.67154 ] ] ], [ [ [ 88.6342, 21.67097 ], [ 88.63414, 21.67114 ], [ 88.6341, 21.67129 ], [ 88.63406, 21.67141 ], [ 88.63426, 21.67091 ], [ 88.6342, 21.67097 ] ] ], [ [ [ 88.63411, 21.67085 ], [ 88.63416, 21.67085 ], [ 88.63406, 21.67079 ], [ 88.63411, 21.67085 ] ] ], [ [ [ 88.63409, 21.67038 ], [ 88.63415, 21.67058 ], [ 88.63411, 21.67026 ], [ 88.63409, 21.67038 ] ] ], [ [ [ 88.63403, 21.66988 ], [ 88.63406, 21.66992 ], [ 88.63402, 21.66968 ], [ 88.63403, 21.66988 ] ] ], [ [ [ 88.63404, 21.66948 ], [ 88.63414, 21.66949 ], [ 88.63393, 21.66946 ], [ 88.63404, 21.66948 ] ] ], [ [ [ 88.63392, 21.66939 ], [ 88.63393, 21.66946 ], [ 88.63399, 21.6693 ], [ 88.63392, 21.66939 ] ] ], [ [ [ 88.63369, 21.66805 ], [ 88.63376, 21.66828 ], [ 88.63369, 21.66799 ], [ 88.63369, 21.66805 ] ] ], [ [ [ 88.63391, 21.66886 ], [ 88.63393, 21.66904 ], [ 88.63402, 21.66924 ], [ 88.63382, 21.6685 ], [ 88.63391, 21.66886 ] ] ], [ [ [ 88.63339, 21.66675 ], [ 88.6334, 21.66691 ], [ 88.6335, 21.66656 ], [ 88.63339, 21.66675 ] ] ], [ [ [ 88.63221, 21.66502 ], [ 88.63246, 21.66512 ], [ 88.63269, 21.66525 ], [ 88.63207, 21.66485 ], [ 88.63221, 21.66502 ] ] ], [ [ [ 88.6321, 21.66461 ], [ 88.63202, 21.66472 ], [ 88.63207, 21.66485 ], [ 88.63218, 21.66455 ], [ 88.6321, 21.66461 ] ] ], [ [ [ 88.63145, 21.66239 ], [ 88.63159, 21.66267 ], [ 88.63184, 21.66334 ], [ 88.63205, 21.66394 ], [ 88.63225, 21.66435 ], [ 88.63139, 21.66212 ], [ 88.63145, 21.66239 ] ] ], [ [ [ 88.63156, 21.66118 ], [ 88.63147, 21.66157 ], [ 88.63139, 21.6619 ], [ 88.63139, 21.66212 ], [ 88.63167, 21.66067 ], [ 88.63156, 21.66118 ] ] ], [ [ [ 88.63164, 21.66002 ], [ 88.63164, 21.66025 ], [ 88.63167, 21.6604 ], [ 88.63167, 21.65978 ], [ 88.63164, 21.66002 ] ] ], [ [ [ 88.63181, 21.65695 ], [ 88.63179, 21.65711 ], [ 88.63186, 21.65723 ], [ 88.63201, 21.65735 ], [ 88.63181, 21.65691 ], [ 88.63181, 21.65695 ] ] ], [ [ [ 88.63119, 21.65654 ], [ 88.63127, 21.6566 ], [ 88.63141, 21.65666 ], [ 88.63152, 21.65665 ], [ 88.6317, 21.65668 ], [ 88.63105, 21.65644 ], [ 88.63119, 21.65654 ] ] ], [ [ [ 88.6307, 21.65651 ], [ 88.63082, 21.65647 ], [ 88.63058, 21.65649 ], [ 88.6307, 21.65651 ] ] ], [ [ [ 88.63, 21.65682 ], [ 88.63013, 21.65676 ], [ 88.63025, 21.65665 ], [ 88.63041, 21.65651 ], [ 88.62983, 21.6569 ], [ 88.63, 21.65682 ] ] ], [ [ [ 88.62958, 21.65722 ], [ 88.62966, 21.657 ], [ 88.62944, 21.65738 ], [ 88.62958, 21.65722 ] ] ], [ [ [ 88.62919, 21.65803 ], [ 88.62926, 21.65784 ], [ 88.62927, 21.65768 ], [ 88.62912, 21.65816 ], [ 88.62919, 21.65803 ] ] ], [ [ [ 88.62932, 21.65952 ], [ 88.62929, 21.65948 ], [ 88.62934, 21.65965 ], [ 88.62932, 21.65952 ] ] ], [ [ [ 88.6298, 21.66144 ], [ 88.62986, 21.66112 ], [ 88.62977, 21.66152 ], [ 88.6298, 21.66144 ] ] ], [ [ [ 88.63017, 21.66331 ], [ 88.62997, 21.66289 ], [ 88.62987, 21.66275 ], [ 88.63031, 21.66376 ], [ 88.63017, 21.66331 ] ] ], [ [ [ 88.63036, 21.66438 ], [ 88.63034, 21.66415 ], [ 88.63036, 21.66441 ], [ 88.63036, 21.66438 ] ] ], [ [ [ 88.63122, 21.66574 ], [ 88.63113, 21.66564 ], [ 88.6309, 21.66558 ], [ 88.63064, 21.66545 ], [ 88.63126, 21.66581 ], [ 88.63122, 21.66574 ] ] ], [ [ [ 88.63218, 21.66679 ], [ 88.63206, 21.66667 ], [ 88.632, 21.66662 ], [ 88.63232, 21.667 ], [ 88.63218, 21.66679 ] ] ], [ [ [ 88.63251, 21.66744 ], [ 88.63241, 21.6673 ], [ 88.63253, 21.66766 ], [ 88.63251, 21.66744 ] ] ], [ [ [ 88.60965, 21.79923 ], [ 88.60906, 21.7992 ], [ 88.60806, 21.79889 ], [ 88.60543, 21.79882 ], [ 88.60437, 21.79864 ], [ 88.60277, 21.7988 ], [ 88.59979, 21.79793 ], [ 88.59848, 21.79772 ], [ 88.59766, 21.79781 ], [ 88.59703, 21.79754 ], [ 88.59656, 21.79755 ], [ 88.59625, 21.79772 ], [ 88.5959, 21.79751 ], [ 88.59499, 21.79739 ], [ 88.5948, 21.7977 ], [ 88.59399, 21.79748 ], [ 88.59391, 21.79794 ], [ 88.59364, 21.79785 ], [ 88.59313, 21.79827 ], [ 88.59272, 21.79828 ], [ 88.59218, 21.79792 ], [ 88.59114, 21.79815 ], [ 88.58884, 21.79918 ], [ 88.58622, 21.8011 ], [ 88.58497, 21.80249 ], [ 88.58252, 21.80751 ], [ 88.57992, 21.8116 ], [ 88.57728, 21.81531 ], [ 88.57686, 21.81624 ], [ 88.57617, 21.81821 ], [ 88.57617, 21.81999 ], [ 88.57731, 21.82501 ], [ 88.57888, 21.82817 ], [ 88.57938, 21.82954 ], [ 88.57933, 21.83057 ], [ 88.57971, 21.83255 ], [ 88.57992, 21.83337 ], [ 88.58013, 21.83363 ], [ 88.58015, 21.83409 ], [ 88.58037, 21.83433 ], [ 88.58072, 21.83631 ], [ 88.58157, 21.83952 ], [ 88.5819, 21.83995 ], [ 88.58272, 21.84231 ], [ 88.58372, 21.84428 ], [ 88.58454, 21.84548 ], [ 88.58629, 21.84765 ], [ 88.58905, 21.85028 ], [ 88.5902, 21.85206 ], [ 88.59046, 21.85217 ], [ 88.59082, 21.85211 ], [ 88.592, 21.85048 ], [ 88.59304, 21.84934 ], [ 88.59495, 21.84786 ], [ 88.59851, 21.84636 ], [ 88.60154, 21.84527 ], [ 88.60241, 21.84455 ], [ 88.6026, 21.84394 ], [ 88.60292, 21.84355 ], [ 88.60327, 21.84202 ], [ 88.60327, 21.83995 ], [ 88.60378, 21.83733 ], [ 88.60519, 21.83542 ], [ 88.60616, 21.83454 ], [ 88.60727, 21.83366 ], [ 88.61032, 21.83192 ], [ 88.61507, 21.83074 ], [ 88.61667, 21.83018 ], [ 88.6173, 21.82894 ], [ 88.61721, 21.82823 ], [ 88.61628, 21.82679 ], [ 88.61548, 21.82597 ], [ 88.61486, 21.82544 ], [ 88.61105, 21.82311 ], [ 88.60943, 21.82188 ], [ 88.6083, 21.81959 ], [ 88.60782, 21.81694 ], [ 88.60717, 21.8155 ], [ 88.60731, 21.81479 ], [ 88.60833, 21.81239 ], [ 88.60922, 21.81129 ], [ 88.61046, 21.81056 ], [ 88.61153, 21.80887 ], [ 88.613, 21.80381 ], [ 88.61384, 21.80038 ], [ 88.61367, 21.79902 ], [ 88.61275, 21.79874 ], [ 88.6126, 21.7985 ], [ 88.61234, 21.79845 ], [ 88.61213, 21.79862 ], [ 88.61161, 21.79853 ], [ 88.61081, 21.79899 ], [ 88.60965, 21.79923 ] ] ], [ [ [ 88.52833, 21.83576 ], [ 88.52769, 21.83505 ], [ 88.52623, 21.83397 ], [ 88.52187, 21.83166 ], [ 88.51771, 21.83039 ], [ 88.51458, 21.8292 ], [ 88.51325, 21.82923 ], [ 88.51269, 21.83038 ], [ 88.51172, 21.83307 ], [ 88.51129, 21.83693 ], [ 88.51073, 21.83883 ], [ 88.51077, 21.84194 ], [ 88.51167, 21.84421 ], [ 88.51246, 21.84484 ], [ 88.5126, 21.84563 ], [ 88.51228, 21.84786 ], [ 88.51115, 21.8489 ], [ 88.50922, 21.85502 ], [ 88.50894, 21.85981 ], [ 88.50898, 21.86037 ], [ 88.5092, 21.86072 ], [ 88.50955, 21.86078 ], [ 88.51637, 21.85684 ], [ 88.52149, 21.85421 ], [ 88.5229, 21.85305 ], [ 88.52505, 21.8503 ], [ 88.52637, 21.84826 ], [ 88.52733, 21.84626 ], [ 88.52857, 21.84231 ], [ 88.52908, 21.83889 ], [ 88.52906, 21.83775 ], [ 88.52833, 21.83576 ] ] ], [ [ [ 88.6315, 21.90936 ], [ 88.63215, 21.90997 ], [ 88.6326, 21.91062 ], [ 88.63262, 21.91121 ], [ 88.63289, 21.91166 ], [ 88.63337, 21.91198 ], [ 88.63337, 21.91253 ], [ 88.63384, 21.91292 ], [ 88.63376, 21.91334 ], [ 88.63392, 21.91377 ], [ 88.63494, 21.9155 ], [ 88.63655, 21.91987 ], [ 88.63813, 21.92096 ], [ 88.63852, 21.92104 ], [ 88.63962, 21.92101 ], [ 88.64118, 21.92069 ], [ 88.6432, 21.92003 ], [ 88.64492, 21.91876 ], [ 88.64624, 21.91809 ], [ 88.64703, 21.91736 ], [ 88.64907, 21.91648 ], [ 88.65021, 21.91639 ], [ 88.65072, 21.91653 ], [ 88.65331, 21.91654 ], [ 88.65464, 21.91619 ], [ 88.65543, 21.91567 ], [ 88.65587, 21.91575 ], [ 88.6565, 21.91557 ], [ 88.65682, 21.91528 ], [ 88.65719, 21.91536 ], [ 88.65737, 21.91524 ], [ 88.65744, 21.91494 ], [ 88.65823, 21.91487 ], [ 88.65891, 21.91449 ], [ 88.65927, 21.91463 ], [ 88.66252, 21.91359 ], [ 88.66437, 21.91335 ], [ 88.66483, 21.91318 ], [ 88.66493, 21.91294 ], [ 88.66527, 21.91273 ], [ 88.66582, 21.91313 ], [ 88.66631, 21.91289 ], [ 88.66653, 21.91302 ], [ 88.6668, 21.91295 ], [ 88.66705, 21.91265 ], [ 88.66702, 21.91233 ], [ 88.6666, 21.91203 ], [ 88.66679, 21.9116 ], [ 88.66632, 21.91116 ], [ 88.66644, 21.9107 ], [ 88.6662, 21.91023 ], [ 88.6662, 21.90954 ], [ 88.66595, 21.90873 ], [ 88.66562, 21.90847 ], [ 88.66522, 21.90843 ], [ 88.66527, 21.90826 ], [ 88.66473, 21.90811 ], [ 88.66488, 21.90723 ], [ 88.66469, 21.90655 ], [ 88.66492, 21.90622 ], [ 88.66482, 21.9059 ], [ 88.6644, 21.90575 ], [ 88.66427, 21.90515 ], [ 88.66408, 21.90503 ], [ 88.66411, 21.90462 ], [ 88.66374, 21.90447 ], [ 88.66366, 21.9042 ], [ 88.66287, 21.90416 ], [ 88.66272, 21.90317 ], [ 88.66198, 21.9033 ], [ 88.66142, 21.90196 ], [ 88.66112, 21.9019 ], [ 88.66081, 21.90206 ], [ 88.6604, 21.90159 ], [ 88.66085, 21.90142 ], [ 88.66092, 21.90122 ], [ 88.66022, 21.90018 ], [ 88.66011, 21.8997 ], [ 88.65974, 21.89968 ], [ 88.65972, 21.89942 ], [ 88.65957, 21.89943 ], [ 88.65954, 21.89879 ], [ 88.65929, 21.89861 ], [ 88.65902, 21.89866 ], [ 88.65904, 21.89836 ], [ 88.65861, 21.89784 ], [ 88.65859, 21.89745 ], [ 88.6584, 21.89717 ], [ 88.6586, 21.89669 ], [ 88.65821, 21.89666 ], [ 88.65853, 21.89645 ], [ 88.65836, 21.89638 ], [ 88.65851, 21.89603 ], [ 88.65829, 21.89599 ], [ 88.65838, 21.89578 ], [ 88.65808, 21.89514 ], [ 88.65821, 21.89501 ], [ 88.65799, 21.8949 ], [ 88.65816, 21.89473 ], [ 88.65762, 21.89441 ], [ 88.65738, 21.8937 ], [ 88.65646, 21.89426 ], [ 88.65593, 21.89496 ], [ 88.6552, 21.89829 ], [ 88.65498, 21.89881 ], [ 88.65485, 21.89892 ], [ 88.65472, 21.8988 ], [ 88.65517, 21.89715 ], [ 88.65561, 21.89441 ], [ 88.65596, 21.89347 ], [ 88.65578, 21.8932 ], [ 88.65615, 21.8931 ], [ 88.65608, 21.89289 ], [ 88.65623, 21.89285 ], [ 88.6561, 21.89251 ], [ 88.6564, 21.8924 ], [ 88.65627, 21.89223 ], [ 88.65648, 21.89224 ], [ 88.65644, 21.89173 ], [ 88.65678, 21.89153 ], [ 88.6568, 21.89134 ], [ 88.65662, 21.89129 ], [ 88.65674, 21.8912 ], [ 88.65669, 21.89074 ], [ 88.65633, 21.89026 ], [ 88.65625, 21.88954 ], [ 88.656, 21.88947 ], [ 88.65548, 21.8887 ], [ 88.6556, 21.88833 ], [ 88.65515, 21.88757 ], [ 88.65512, 21.8867 ], [ 88.65502, 21.88675 ], [ 88.65476, 21.8865 ], [ 88.65441, 21.88658 ], [ 88.65456, 21.88635 ], [ 88.65428, 21.88631 ], [ 88.65438, 21.88609 ], [ 88.65419, 21.88574 ], [ 88.65441, 21.88565 ], [ 88.65437, 21.88546 ], [ 88.65415, 21.88543 ], [ 88.65391, 21.88507 ], [ 88.65381, 21.88425 ], [ 88.65344, 21.8842 ], [ 88.65361, 21.88379 ], [ 88.65327, 21.88312 ], [ 88.6533, 21.88289 ], [ 88.65311, 21.88281 ], [ 88.65318, 21.88241 ], [ 88.65299, 21.88216 ], [ 88.653, 21.88189 ], [ 88.6527, 21.88186 ], [ 88.65285, 21.88151 ], [ 88.65243, 21.87877 ], [ 88.65257, 21.87723 ], [ 88.65277, 21.87673 ], [ 88.65264, 21.87684 ], [ 88.65257, 21.87625 ], [ 88.65202, 21.87591 ], [ 88.65193, 21.87563 ], [ 88.65238, 21.8753 ], [ 88.65242, 21.87496 ], [ 88.65205, 21.87463 ], [ 88.65207, 21.87427 ], [ 88.65171, 21.87409 ], [ 88.6521, 21.8736 ], [ 88.6517, 21.87346 ], [ 88.65138, 21.87284 ], [ 88.6525, 21.86866 ], [ 88.65296, 21.86813 ], [ 88.65297, 21.8678 ], [ 88.6529, 21.86764 ], [ 88.6522, 21.86736 ], [ 88.65255, 21.86705 ], [ 88.65211, 21.86687 ], [ 88.65194, 21.86665 ], [ 88.65218, 21.86566 ], [ 88.65191, 21.86541 ], [ 88.65155, 21.86546 ], [ 88.65119, 21.86474 ], [ 88.65145, 21.86435 ], [ 88.65147, 21.864 ], [ 88.65118, 21.86416 ], [ 88.65122, 21.8637 ], [ 88.65059, 21.86333 ], [ 88.65021, 21.86335 ], [ 88.64959, 21.86274 ], [ 88.65004, 21.862 ], [ 88.64955, 21.86186 ], [ 88.64927, 21.86156 ], [ 88.64943, 21.86092 ], [ 88.64916, 21.86066 ], [ 88.64938, 21.85979 ], [ 88.64909, 21.85942 ], [ 88.64874, 21.85963 ], [ 88.64867, 21.85937 ], [ 88.64935, 21.85806 ], [ 88.64897, 21.85798 ], [ 88.64868, 21.85769 ], [ 88.64834, 21.85694 ], [ 88.64839, 21.85573 ], [ 88.64808, 21.85548 ], [ 88.64822, 21.85517 ], [ 88.64783, 21.85522 ], [ 88.64779, 21.85511 ], [ 88.648, 21.85472 ], [ 88.64769, 21.85366 ], [ 88.64797, 21.85345 ], [ 88.64822, 21.85272 ], [ 88.64848, 21.85245 ], [ 88.64829, 21.85228 ], [ 88.64852, 21.85217 ], [ 88.64835, 21.85187 ], [ 88.64788, 21.85189 ], [ 88.64775, 21.85155 ], [ 88.64818, 21.85121 ], [ 88.64785, 21.85097 ], [ 88.6484, 21.85086 ], [ 88.6488, 21.8493 ], [ 88.64858, 21.84913 ], [ 88.64902, 21.84861 ], [ 88.64904, 21.84828 ], [ 88.64859, 21.84826 ], [ 88.64873, 21.84806 ], [ 88.64857, 21.84788 ], [ 88.64896, 21.84749 ], [ 88.64867, 21.8475 ], [ 88.64858, 21.84711 ], [ 88.64874, 21.8469 ], [ 88.64846, 21.84674 ], [ 88.64842, 21.84648 ], [ 88.64868, 21.84508 ], [ 88.64859, 21.84457 ], [ 88.64842, 21.84458 ], [ 88.64861, 21.84447 ], [ 88.64862, 21.84422 ], [ 88.64851, 21.84392 ], [ 88.64818, 21.8438 ], [ 88.64832, 21.84352 ], [ 88.64805, 21.84317 ], [ 88.64817, 21.84282 ], [ 88.64799, 21.84231 ], [ 88.64834, 21.84195 ], [ 88.64791, 21.84176 ], [ 88.64781, 21.84084 ], [ 88.64764, 21.84075 ], [ 88.64773, 21.83932 ], [ 88.64794, 21.83921 ], [ 88.64779, 21.83912 ], [ 88.64815, 21.83867 ], [ 88.64777, 21.83782 ], [ 88.64797, 21.83728 ], [ 88.64775, 21.83726 ], [ 88.64756, 21.83747 ], [ 88.64748, 21.83709 ], [ 88.64759, 21.83684 ], [ 88.64737, 21.8371 ], [ 88.6473, 21.83702 ], [ 88.64746, 21.83604 ], [ 88.64811, 21.83492 ], [ 88.64798, 21.83476 ], [ 88.64812, 21.83459 ], [ 88.64793, 21.83446 ], [ 88.64804, 21.83418 ], [ 88.64791, 21.83414 ], [ 88.64769, 21.83309 ], [ 88.64777, 21.83299 ], [ 88.64807, 21.83309 ], [ 88.64795, 21.83261 ], [ 88.64778, 21.83263 ], [ 88.64773, 21.83231 ], [ 88.64759, 21.83228 ], [ 88.64748, 21.83174 ], [ 88.64693, 21.83132 ], [ 88.64719, 21.82999 ], [ 88.64693, 21.82964 ], [ 88.64732, 21.82942 ], [ 88.64723, 21.82918 ], [ 88.647, 21.82925 ], [ 88.64717, 21.82903 ], [ 88.64702, 21.82865 ], [ 88.64684, 21.8286 ], [ 88.64677, 21.82747 ], [ 88.64635, 21.82699 ], [ 88.64601, 21.82702 ], [ 88.64592, 21.82687 ], [ 88.64563, 21.82697 ], [ 88.6453, 21.82664 ], [ 88.64541, 21.8264 ], [ 88.64589, 21.82624 ], [ 88.64561, 21.82607 ], [ 88.64567, 21.82565 ], [ 88.64553, 21.82499 ], [ 88.64535, 21.82499 ], [ 88.64539, 21.82463 ], [ 88.64525, 21.82446 ], [ 88.64505, 21.82456 ], [ 88.64499, 21.82417 ], [ 88.64524, 21.82374 ], [ 88.64495, 21.82337 ], [ 88.64509, 21.82306 ], [ 88.64465, 21.82315 ], [ 88.6451, 21.82279 ], [ 88.6443, 21.82282 ], [ 88.6441, 21.82268 ], [ 88.64406, 21.82206 ], [ 88.64422, 21.82143 ], [ 88.64468, 21.82081 ], [ 88.64512, 21.82071 ], [ 88.64489, 21.82027 ], [ 88.64512, 21.82012 ], [ 88.64515, 21.81991 ], [ 88.64454, 21.81962 ], [ 88.64483, 21.81946 ], [ 88.64494, 21.81911 ], [ 88.64422, 21.81861 ], [ 88.64405, 21.81762 ], [ 88.64368, 21.81733 ], [ 88.6439, 21.81699 ], [ 88.64354, 21.81528 ], [ 88.64375, 21.81479 ], [ 88.64375, 21.81404 ], [ 88.64351, 21.81356 ], [ 88.64323, 21.81355 ], [ 88.64319, 21.81327 ], [ 88.64275, 21.8133 ], [ 88.64253, 21.81302 ], [ 88.64256, 21.81274 ], [ 88.64216, 21.81224 ], [ 88.64236, 21.81208 ], [ 88.64238, 21.81164 ], [ 88.64212, 21.811 ], [ 88.64183, 21.81103 ], [ 88.64171, 21.81022 ], [ 88.64186, 21.80998 ], [ 88.6416, 21.80974 ], [ 88.64181, 21.80916 ], [ 88.64114, 21.8084 ], [ 88.64108, 21.80789 ], [ 88.64071, 21.80745 ], [ 88.64063, 21.80709 ], [ 88.64081, 21.80667 ], [ 88.64067, 21.80623 ], [ 88.64103, 21.80556 ], [ 88.64085, 21.80533 ], [ 88.64112, 21.8047 ], [ 88.64101, 21.80429 ], [ 88.64206, 21.80271 ], [ 88.64237, 21.80253 ], [ 88.64226, 21.80235 ], [ 88.64184, 21.80233 ], [ 88.64195, 21.80163 ], [ 88.64186, 21.80091 ], [ 88.64163, 21.8007 ], [ 88.64159, 21.80021 ], [ 88.64128, 21.79984 ], [ 88.64175, 21.79942 ], [ 88.64194, 21.79887 ], [ 88.64181, 21.79819 ], [ 88.64131, 21.79801 ], [ 88.64163, 21.79734 ], [ 88.64167, 21.79554 ], [ 88.64124, 21.7949 ], [ 88.64152, 21.79479 ], [ 88.64152, 21.79369 ], [ 88.64133, 21.79336 ], [ 88.64149, 21.79309 ], [ 88.64159, 21.79096 ], [ 88.64189, 21.79039 ], [ 88.64188, 21.78981 ], [ 88.64158, 21.78909 ], [ 88.64059, 21.78832 ], [ 88.6389, 21.78739 ], [ 88.63728, 21.78687 ], [ 88.63665, 21.78697 ], [ 88.63634, 21.7878 ], [ 88.63596, 21.7882 ], [ 88.63414, 21.78898 ], [ 88.63177, 21.78914 ], [ 88.63055, 21.78941 ], [ 88.62861, 21.78876 ], [ 88.62727, 21.78914 ], [ 88.62587, 21.78989 ], [ 88.62414, 21.79123 ], [ 88.62289, 21.79252 ], [ 88.62201, 21.79366 ], [ 88.62125, 21.79503 ], [ 88.61959, 21.79868 ], [ 88.61926, 21.79985 ], [ 88.61895, 21.8003 ], [ 88.61904, 21.80135 ], [ 88.61885, 21.8014 ], [ 88.61873, 21.80363 ], [ 88.61902, 21.80506 ], [ 88.61869, 21.80552 ], [ 88.61877, 21.80582 ], [ 88.61823, 21.80697 ], [ 88.6183, 21.80726 ], [ 88.61803, 21.80746 ], [ 88.61722, 21.80933 ], [ 88.61703, 21.81032 ], [ 88.6155, 21.81238 ], [ 88.6153, 21.8124 ], [ 88.61446, 21.81347 ], [ 88.6129, 21.81571 ], [ 88.6125, 21.81659 ], [ 88.61264, 21.81758 ], [ 88.61279, 21.81776 ], [ 88.61598, 21.82006 ], [ 88.61798, 21.82186 ], [ 88.61989, 21.82388 ], [ 88.62107, 21.82597 ], [ 88.62171, 21.82931 ], [ 88.62111, 21.83133 ], [ 88.62075, 21.83192 ], [ 88.61878, 21.83387 ], [ 88.61622, 21.83533 ], [ 88.61279, 21.83636 ], [ 88.61007, 21.83679 ], [ 88.60866, 21.83802 ], [ 88.60841, 21.83994 ], [ 88.60813, 21.84086 ], [ 88.60828, 21.842 ], [ 88.60629, 21.84598 ], [ 88.60511, 21.84767 ], [ 88.60306, 21.84895 ], [ 88.60171, 21.84957 ], [ 88.59921, 21.85045 ], [ 88.59833, 21.85062 ], [ 88.5967, 21.85149 ], [ 88.59592, 21.85213 ], [ 88.59521, 21.8531 ], [ 88.5947, 21.85394 ], [ 88.5945, 21.85465 ], [ 88.59533, 21.85686 ], [ 88.5966, 21.85944 ], [ 88.59879, 21.86506 ], [ 88.59957, 21.8681 ], [ 88.59985, 21.86857 ], [ 88.60057, 21.86901 ], [ 88.60167, 21.87061 ], [ 88.60267, 21.87271 ], [ 88.60268, 21.8735 ], [ 88.604, 21.87656 ], [ 88.60541, 21.87926 ], [ 88.6069, 21.88169 ], [ 88.60805, 21.88302 ], [ 88.60909, 21.8849 ], [ 88.61183, 21.88863 ], [ 88.61239, 21.88918 ], [ 88.61268, 21.88979 ], [ 88.61593, 21.89384 ], [ 88.61965, 21.89683 ], [ 88.62055, 21.89733 ], [ 88.62131, 21.89736 ], [ 88.62435, 21.90051 ], [ 88.62411, 21.90131 ], [ 88.62433, 21.90169 ], [ 88.62515, 21.9026 ], [ 88.62642, 21.90361 ], [ 88.62831, 21.90543 ], [ 88.63061, 21.90799 ], [ 88.6315, 21.90936 ] ] ], [ [ [ 88.54934, 21.89028 ], [ 88.5484, 21.89292 ], [ 88.54782, 21.8938 ], [ 88.54639, 21.89523 ], [ 88.54258, 21.8979 ], [ 88.54144, 21.89895 ], [ 88.54068, 21.89989 ], [ 88.54041, 21.90046 ], [ 88.54037, 21.90131 ], [ 88.54059, 21.90196 ], [ 88.54122, 21.90308 ], [ 88.54211, 21.90391 ], [ 88.54308, 21.90473 ], [ 88.54412, 21.90503 ], [ 88.54504, 21.90505 ], [ 88.54641, 21.90469 ], [ 88.54816, 21.90387 ], [ 88.55094, 21.9021 ], [ 88.55382, 21.90052 ], [ 88.55631, 21.8996 ], [ 88.55972, 21.89805 ], [ 88.56089, 21.89768 ], [ 88.56249, 21.89739 ], [ 88.56354, 21.89749 ], [ 88.56528, 21.89814 ], [ 88.56818, 21.90015 ], [ 88.57032, 21.9011 ], [ 88.57056, 21.90112 ], [ 88.57088, 21.90086 ], [ 88.57469, 21.89282 ], [ 88.57536, 21.891 ], [ 88.57627, 21.88765 ], [ 88.57616, 21.88681 ], [ 88.57497, 21.88397 ], [ 88.57449, 21.88243 ], [ 88.57362, 21.87886 ], [ 88.57346, 21.87726 ], [ 88.57315, 21.87657 ], [ 88.57315, 21.87582 ], [ 88.57256, 21.87285 ], [ 88.57231, 21.87068 ], [ 88.57222, 21.86618 ], [ 88.57192, 21.86419 ], [ 88.57206, 21.86339 ], [ 88.57165, 21.86084 ], [ 88.57166, 21.86008 ], [ 88.57195, 21.85921 ], [ 88.57122, 21.85535 ], [ 88.57088, 21.85419 ], [ 88.56983, 21.85265 ], [ 88.56798, 21.84789 ], [ 88.56464, 21.83633 ], [ 88.56327, 21.83348 ], [ 88.55935, 21.82675 ], [ 88.55815, 21.82505 ], [ 88.5553, 21.82264 ], [ 88.55483, 21.82053 ], [ 88.55417, 21.81946 ], [ 88.55267, 21.81786 ], [ 88.55159, 21.81746 ], [ 88.54979, 21.81789 ], [ 88.54863, 21.81838 ], [ 88.54789, 21.81976 ], [ 88.54759, 21.82072 ], [ 88.54637, 21.82279 ], [ 88.54568, 21.82467 ], [ 88.54379, 21.8272 ], [ 88.54202, 21.82896 ], [ 88.54026, 21.82996 ], [ 88.53815, 21.83075 ], [ 88.53392, 21.83155 ], [ 88.53309, 21.83211 ], [ 88.53286, 21.83293 ], [ 88.53332, 21.83533 ], [ 88.53319, 21.83673 ], [ 88.53282, 21.83826 ], [ 88.53257, 21.84117 ], [ 88.53227, 21.84256 ], [ 88.53044, 21.8476 ], [ 88.53023, 21.84857 ], [ 88.53035, 21.84934 ], [ 88.53136, 21.85013 ], [ 88.53266, 21.85103 ], [ 88.53577, 21.85245 ], [ 88.5361, 21.85327 ], [ 88.53803, 21.85433 ], [ 88.53978, 21.85559 ], [ 88.5417, 21.85794 ], [ 88.54329, 21.85949 ], [ 88.54284, 21.86401 ], [ 88.54234, 21.86562 ], [ 88.54126, 21.86818 ], [ 88.54093, 21.86931 ], [ 88.54088, 21.87041 ], [ 88.54154, 21.87125 ], [ 88.54251, 21.8721 ], [ 88.54571, 21.87443 ], [ 88.54756, 21.87619 ], [ 88.54881, 21.87776 ], [ 88.54978, 21.8796 ], [ 88.55005, 21.88057 ], [ 88.55019, 21.88168 ], [ 88.55012, 21.88325 ], [ 88.54951, 21.88631 ], [ 88.54934, 21.89028 ] ] ], [ [ [ 88.58111, 21.86941 ], [ 88.58129, 21.87153 ], [ 88.58178, 21.87317 ], [ 88.58318, 21.87488 ], [ 88.584, 21.87544 ], [ 88.58456, 21.87558 ], [ 88.58481, 21.87537 ], [ 88.58469, 21.86974 ], [ 88.58413, 21.86663 ], [ 88.58371, 21.86576 ], [ 88.58314, 21.86555 ], [ 88.58233, 21.86611 ], [ 88.58165, 21.86682 ], [ 88.58118, 21.86862 ], [ 88.58111, 21.86941 ] ] ], [ [ [ 88.50636, 21.95438 ], [ 88.5056, 21.95442 ], [ 88.50473, 21.95369 ], [ 88.50411, 21.95352 ], [ 88.50427, 21.954 ], [ 88.50505, 21.95472 ], [ 88.50504, 21.95526 ], [ 88.50358, 21.95596 ], [ 88.50228, 21.95709 ], [ 88.50085, 21.95748 ], [ 88.49903, 21.95926 ], [ 88.49791, 21.96073 ], [ 88.49602, 21.96413 ], [ 88.49569, 21.96521 ], [ 88.49592, 21.96737 ], [ 88.49684, 21.96942 ], [ 88.49776, 21.97083 ], [ 88.49807, 21.97114 ], [ 88.49838, 21.97111 ], [ 88.49924, 21.97244 ], [ 88.49908, 21.97372 ], [ 88.49867, 21.97454 ], [ 88.4989, 21.97453 ], [ 88.4994, 21.97412 ], [ 88.49991, 21.97461 ], [ 88.50053, 21.97414 ], [ 88.501, 21.97443 ], [ 88.50137, 21.97409 ], [ 88.50156, 21.97408 ], [ 88.50273, 21.97468 ], [ 88.50417, 21.97586 ], [ 88.50566, 21.97748 ], [ 88.5067, 21.97763 ], [ 88.5081, 21.97882 ], [ 88.51048, 21.98021 ], [ 88.51199, 21.98091 ], [ 88.51207, 21.98103 ], [ 88.51189, 21.98135 ], [ 88.51226, 21.98162 ], [ 88.51281, 21.9814 ], [ 88.51363, 21.98181 ], [ 88.51386, 21.98254 ], [ 88.51443, 21.9829 ], [ 88.5151, 21.98313 ], [ 88.51569, 21.98308 ], [ 88.51716, 21.98409 ], [ 88.5178, 21.98436 ], [ 88.51838, 21.98452 ], [ 88.51952, 21.98456 ], [ 88.51819, 21.98664 ], [ 88.51778, 21.98755 ], [ 88.51946, 21.98532 ], [ 88.51999, 21.9842 ], [ 88.52033, 21.98431 ], [ 88.52094, 21.98562 ], [ 88.52211, 21.98564 ], [ 88.52349, 21.98537 ], [ 88.53026, 21.98121 ], [ 88.53132, 21.98069 ], [ 88.53387, 21.97987 ], [ 88.53648, 21.97881 ], [ 88.53842, 21.97858 ], [ 88.54062, 21.97943 ], [ 88.54216, 21.9805 ], [ 88.54359, 21.98227 ], [ 88.54543, 21.98601 ], [ 88.54755, 21.99145 ], [ 88.55041, 21.99731 ], [ 88.55141, 22.00008 ], [ 88.55182, 22.00083 ], [ 88.55423, 22.00363 ], [ 88.5551, 22.00415 ], [ 88.55606, 22.00427 ], [ 88.55623, 22.00453 ], [ 88.55723, 22.00431 ], [ 88.55725, 22.00391 ], [ 88.55854, 22.00353 ], [ 88.56216, 22.00137 ], [ 88.56355, 22.00104 ], [ 88.56448, 22.00056 ], [ 88.567, 21.9999 ], [ 88.56878, 21.99925 ], [ 88.57305, 21.99825 ], [ 88.57767, 21.9965 ], [ 88.5797, 21.99529 ], [ 88.58111, 21.99421 ], [ 88.58251, 21.99272 ], [ 88.58342, 21.99092 ], [ 88.58362, 21.9908 ], [ 88.58358, 21.99044 ], [ 88.5841, 21.98859 ], [ 88.58413, 21.98811 ], [ 88.58388, 21.98721 ], [ 88.58112, 21.9854 ], [ 88.57915, 21.98367 ], [ 88.57842, 21.9834 ], [ 88.57801, 21.98231 ], [ 88.5762, 21.97993 ], [ 88.5753, 21.97787 ], [ 88.57488, 21.97465 ], [ 88.57496, 21.97331 ], [ 88.57649, 21.96279 ], [ 88.57655, 21.96066 ], [ 88.57646, 21.96021 ], [ 88.57592, 21.95962 ], [ 88.57408, 21.95906 ], [ 88.57235, 21.95872 ], [ 88.56988, 21.95848 ], [ 88.56842, 21.95852 ], [ 88.56673, 21.9591 ], [ 88.56489, 21.96051 ], [ 88.56425, 21.96134 ], [ 88.56325, 21.96342 ], [ 88.56245, 21.96612 ], [ 88.56128, 21.96907 ], [ 88.56008, 21.9712 ], [ 88.55902, 21.97255 ], [ 88.55839, 21.97305 ], [ 88.55667, 21.97395 ], [ 88.55499, 21.97438 ], [ 88.5526, 21.97445 ], [ 88.54929, 21.97402 ], [ 88.54854, 21.97432 ], [ 88.54715, 21.97397 ], [ 88.54488, 21.97304 ], [ 88.54433, 21.97332 ], [ 88.54405, 21.97323 ], [ 88.54395, 21.97306 ], [ 88.5441, 21.97272 ], [ 88.54358, 21.97239 ], [ 88.54227, 21.97022 ], [ 88.54101, 21.96677 ], [ 88.54049, 21.96588 ], [ 88.54035, 21.96513 ], [ 88.54091, 21.96503 ], [ 88.54033, 21.96492 ], [ 88.5403, 21.96366 ], [ 88.54046, 21.96216 ], [ 88.54062, 21.96184 ], [ 88.54118, 21.95619 ], [ 88.54126, 21.95398 ], [ 88.54209, 21.94852 ], [ 88.54315, 21.94547 ], [ 88.54475, 21.9426 ], [ 88.54508, 21.94171 ], [ 88.54578, 21.94168 ], [ 88.54719, 21.93948 ], [ 88.54822, 21.93627 ], [ 88.54796, 21.93577 ], [ 88.54879, 21.93363 ], [ 88.54864, 21.93121 ], [ 88.5479, 21.93003 ], [ 88.54837, 21.92891 ], [ 88.54822, 21.92651 ], [ 88.54831, 21.92491 ], [ 88.54864, 21.92217 ], [ 88.54903, 21.92093 ], [ 88.55022, 21.91892 ], [ 88.55115, 21.91795 ], [ 88.55197, 21.91738 ], [ 88.55502, 21.91582 ], [ 88.5587, 21.91444 ], [ 88.56193, 21.91292 ], [ 88.56318, 21.91221 ], [ 88.56614, 21.91017 ], [ 88.5687, 21.90802 ], [ 88.5702, 21.9064 ], [ 88.57057, 21.90551 ], [ 88.57059, 21.90408 ], [ 88.56949, 21.90237 ], [ 88.56836, 21.90143 ], [ 88.56522, 21.89918 ], [ 88.56378, 21.89861 ], [ 88.56308, 21.89849 ], [ 88.562, 21.89852 ], [ 88.56043, 21.89884 ], [ 88.55418, 21.90244 ], [ 88.54899, 21.90491 ], [ 88.54633, 21.90583 ], [ 88.54508, 21.90605 ], [ 88.54406, 21.90606 ], [ 88.54274, 21.90566 ], [ 88.54157, 21.90485 ], [ 88.54002, 21.90345 ], [ 88.53935, 21.902 ], [ 88.53911, 21.90111 ], [ 88.5397, 21.8989 ], [ 88.54019, 21.89798 ], [ 88.54108, 21.89691 ], [ 88.54541, 21.89378 ], [ 88.54613, 21.89302 ], [ 88.54611, 21.89046 ], [ 88.54663, 21.88636 ], [ 88.54732, 21.88324 ], [ 88.54724, 21.88193 ], [ 88.54696, 21.88072 ], [ 88.54581, 21.87867 ], [ 88.54336, 21.8768 ], [ 88.54209, 21.87616 ], [ 88.5396, 21.87385 ], [ 88.53776, 21.87118 ], [ 88.53736, 21.86896 ], [ 88.53742, 21.86796 ], [ 88.53825, 21.86532 ], [ 88.53856, 21.86489 ], [ 88.53873, 21.86377 ], [ 88.53863, 21.8632 ], [ 88.53785, 21.86256 ], [ 88.53735, 21.86135 ], [ 88.53735, 21.86079 ], [ 88.53767, 21.86031 ], [ 88.53768, 21.85992 ], [ 88.53688, 21.85797 ], [ 88.53551, 21.85706 ], [ 88.5354, 21.85673 ], [ 88.53392, 21.85631 ], [ 88.53353, 21.85635 ], [ 88.5322, 21.85604 ], [ 88.52892, 21.85489 ], [ 88.52796, 21.8549 ], [ 88.52719, 21.85533 ], [ 88.52653, 21.8543 ], [ 88.52635, 21.85427 ], [ 88.52373, 21.85518 ], [ 88.52243, 21.8561 ], [ 88.52164, 21.85747 ], [ 88.5203, 21.85866 ], [ 88.52011, 21.85962 ], [ 88.51869, 21.86162 ], [ 88.51745, 21.86194 ], [ 88.51604, 21.86318 ], [ 88.51337, 21.86487 ], [ 88.51345, 21.86565 ], [ 88.51192, 21.86603 ], [ 88.51135, 21.86495 ], [ 88.51105, 21.8649 ], [ 88.51167, 21.86601 ], [ 88.5116, 21.86619 ], [ 88.51003, 21.86683 ], [ 88.50489, 21.86979 ], [ 88.50363, 21.87071 ], [ 88.50256, 21.87181 ], [ 88.50063, 21.87428 ], [ 88.50005, 21.87455 ], [ 88.4993, 21.87526 ], [ 88.49841, 21.87558 ], [ 88.49634, 21.87773 ], [ 88.49636, 21.88115 ], [ 88.49599, 21.88368 ], [ 88.49643, 21.88439 ], [ 88.49645, 21.88476 ], [ 88.496, 21.88575 ], [ 88.49608, 21.88627 ], [ 88.49765, 21.88791 ], [ 88.49829, 21.88836 ], [ 88.50052, 21.89116 ], [ 88.50299, 21.89359 ], [ 88.50332, 21.89434 ], [ 88.50565, 21.89723 ], [ 88.50674, 21.90007 ], [ 88.50703, 21.90122 ], [ 88.50706, 21.90201 ], [ 88.50827, 21.90337 ], [ 88.51027, 21.90501 ], [ 88.51364, 21.90676 ], [ 88.51517, 21.9077 ], [ 88.51885, 21.91042 ], [ 88.52039, 21.90963 ], [ 88.52084, 21.90976 ], [ 88.52336, 21.91352 ], [ 88.52383, 21.91449 ], [ 88.52392, 21.91503 ], [ 88.52483, 21.91657 ], [ 88.5245, 21.91774 ], [ 88.52392, 21.91774 ], [ 88.52453, 21.91995 ], [ 88.52483, 21.92232 ], [ 88.52491, 21.9245 ], [ 88.52582, 21.9304 ], [ 88.52538, 21.934 ], [ 88.52386, 21.94039 ], [ 88.52244, 21.94292 ], [ 88.5218, 21.94369 ], [ 88.5199, 21.94532 ], [ 88.51599, 21.94797 ], [ 88.50974, 21.95157 ], [ 88.50841, 21.9521 ], [ 88.50636, 21.95438 ] ] ], [ [ [ 88.57311, 21.90327 ], [ 88.57313, 21.906 ], [ 88.57335, 21.90653 ], [ 88.5747, 21.90833 ], [ 88.57953, 21.91364 ], [ 88.58085, 21.91536 ], [ 88.58134, 21.91642 ], [ 88.58154, 21.91759 ], [ 88.58132, 21.919 ], [ 88.58139, 21.9194 ], [ 88.58091, 21.91985 ], [ 88.57996, 21.92131 ], [ 88.57963, 21.92265 ], [ 88.57863, 21.92268 ], [ 88.57877, 21.92176 ], [ 88.57955, 21.91915 ], [ 88.58021, 21.91817 ], [ 88.58018, 21.91721 ], [ 88.57993, 21.91665 ], [ 88.57859, 21.91477 ], [ 88.57272, 21.90813 ], [ 88.57213, 21.90749 ], [ 88.57194, 21.90746 ], [ 88.57173, 21.90756 ], [ 88.5696, 21.91038 ], [ 88.56783, 21.91209 ], [ 88.56662, 21.913 ], [ 88.56258, 21.91537 ], [ 88.55916, 21.91676 ], [ 88.55581, 21.91783 ], [ 88.55306, 21.91905 ], [ 88.55138, 21.92025 ], [ 88.55056, 21.92119 ], [ 88.55009, 21.922 ], [ 88.54987, 21.92289 ], [ 88.55008, 21.92509 ], [ 88.55147, 21.93025 ], [ 88.55156, 21.93144 ], [ 88.55155, 21.93515 ], [ 88.55118, 21.93726 ], [ 88.55001, 21.94049 ], [ 88.54941, 21.94159 ], [ 88.54825, 21.94306 ], [ 88.5442, 21.95109 ], [ 88.54309, 21.95481 ], [ 88.54256, 21.95834 ], [ 88.54241, 21.96363 ], [ 88.54263, 21.96602 ], [ 88.54321, 21.96897 ], [ 88.54365, 21.97019 ], [ 88.54443, 21.97145 ], [ 88.54486, 21.97191 ], [ 88.54628, 21.97257 ], [ 88.55323, 21.97332 ], [ 88.55514, 21.97322 ], [ 88.55673, 21.97286 ], [ 88.55768, 21.97246 ], [ 88.55899, 21.97124 ], [ 88.5596, 21.97028 ], [ 88.56066, 21.96765 ], [ 88.56156, 21.96456 ], [ 88.56271, 21.96205 ], [ 88.56415, 21.96037 ], [ 88.56584, 21.95888 ], [ 88.5676, 21.95787 ], [ 88.56882, 21.95766 ], [ 88.57014, 21.95792 ], [ 88.57264, 21.95796 ], [ 88.57543, 21.95882 ], [ 88.57641, 21.95885 ], [ 88.57742, 21.95821 ], [ 88.5815, 21.95622 ], [ 88.58665, 21.95331 ], [ 88.59203, 21.94988 ], [ 88.59402, 21.94788 ], [ 88.59519, 21.94614 ], [ 88.59818, 21.9393 ], [ 88.59966, 21.93696 ], [ 88.60055, 21.93593 ], [ 88.60518, 21.93213 ], [ 88.60644, 21.93079 ], [ 88.60717, 21.93023 ], [ 88.6087, 21.92953 ], [ 88.61005, 21.92744 ], [ 88.61071, 21.92603 ], [ 88.61102, 21.92501 ], [ 88.61104, 21.92373 ], [ 88.61034, 21.92005 ], [ 88.60861, 21.91706 ], [ 88.60714, 21.91488 ], [ 88.60608, 21.91287 ], [ 88.60266, 21.909 ], [ 88.60106, 21.90651 ], [ 88.60035, 21.90574 ], [ 88.6, 21.90559 ], [ 88.59955, 21.90508 ], [ 88.59909, 21.90502 ], [ 88.59889, 21.90469 ], [ 88.59573, 21.9022 ], [ 88.59218, 21.8997 ], [ 88.58895, 21.89775 ], [ 88.58599, 21.89535 ], [ 88.58567, 21.89523 ], [ 88.58392, 21.89362 ], [ 88.58077, 21.89203 ], [ 88.57852, 21.89001 ], [ 88.57726, 21.8925 ], [ 88.57618, 21.89502 ], [ 88.57459, 21.89984 ], [ 88.57311, 21.90327 ] ] ], [ [ [ 88.5866, 21.98904 ], [ 88.58757, 21.98937 ], [ 88.58812, 21.98935 ], [ 88.59051, 21.98814 ], [ 88.59368, 21.98697 ], [ 88.59447, 21.98678 ], [ 88.59519, 21.98689 ], [ 88.59587, 21.98723 ], [ 88.5962, 21.9875 ], [ 88.59683, 21.98925 ], [ 88.59753, 21.98954 ], [ 88.59868, 21.9896 ], [ 88.59954, 21.99035 ], [ 88.60167, 21.99329 ], [ 88.6019, 21.9938 ], [ 88.60226, 21.99597 ], [ 88.60281, 21.99645 ], [ 88.60425, 21.99724 ], [ 88.60518, 21.99835 ], [ 88.60439, 21.99671 ], [ 88.60407, 21.9955 ], [ 88.60375, 21.99511 ], [ 88.60346, 21.99503 ], [ 88.60346, 21.99472 ], [ 88.60369, 21.99455 ], [ 88.60351, 21.994 ], [ 88.60289, 21.99301 ], [ 88.60264, 21.99275 ], [ 88.60229, 21.99267 ], [ 88.60235, 21.99148 ], [ 88.60207, 21.99079 ], [ 88.60192, 21.98943 ], [ 88.60166, 21.98891 ], [ 88.60166, 21.98853 ], [ 88.60127, 21.98816 ], [ 88.60129, 21.98771 ], [ 88.60088, 21.98706 ], [ 88.60079, 21.98595 ], [ 88.60061, 21.98569 ], [ 88.60041, 21.98449 ], [ 88.60009, 21.98426 ], [ 88.59946, 21.9843 ], [ 88.5993, 21.984 ], [ 88.59926, 21.98304 ], [ 88.59968, 21.98235 ], [ 88.59976, 21.98188 ], [ 88.59941, 21.98106 ], [ 88.59937, 21.97915 ], [ 88.5991, 21.9784 ], [ 88.59878, 21.97847 ], [ 88.59864, 21.97821 ], [ 88.59877, 21.97727 ], [ 88.59857, 21.97696 ], [ 88.59863, 21.9765 ], [ 88.59818, 21.97573 ], [ 88.59848, 21.97531 ], [ 88.59836, 21.97504 ], [ 88.59811, 21.97492 ], [ 88.59822, 21.97472 ], [ 88.59815, 21.97391 ], [ 88.59792, 21.97336 ], [ 88.59812, 21.97288 ], [ 88.59777, 21.97144 ], [ 88.59794, 21.97083 ], [ 88.59762, 21.97043 ], [ 88.59788, 21.96979 ], [ 88.59762, 21.96988 ], [ 88.59767, 21.96939 ], [ 88.59742, 21.96933 ], [ 88.59729, 21.9691 ], [ 88.59784, 21.96843 ], [ 88.59793, 21.96762 ], [ 88.59759, 21.9674 ], [ 88.59795, 21.96707 ], [ 88.59797, 21.96683 ], [ 88.59765, 21.96676 ], [ 88.59835, 21.96561 ], [ 88.59848, 21.96462 ], [ 88.59836, 21.96366 ], [ 88.59881, 21.96333 ], [ 88.59886, 21.9628 ], [ 88.5993, 21.96202 ], [ 88.59939, 21.96145 ], [ 88.59994, 21.96016 ], [ 88.60061, 21.95924 ], [ 88.6007, 21.95874 ], [ 88.60173, 21.95755 ], [ 88.60185, 21.95706 ], [ 88.60206, 21.95696 ], [ 88.60256, 21.95533 ], [ 88.60307, 21.95486 ], [ 88.60318, 21.95447 ], [ 88.60303, 21.95388 ], [ 88.60361, 21.95364 ], [ 88.60402, 21.95325 ], [ 88.60465, 21.95224 ], [ 88.60476, 21.95169 ], [ 88.60457, 21.9514 ], [ 88.60526, 21.95104 ], [ 88.60563, 21.95017 ], [ 88.60559, 21.94967 ], [ 88.60578, 21.94949 ], [ 88.60579, 21.94906 ], [ 88.60595, 21.94905 ], [ 88.60659, 21.94795 ], [ 88.60759, 21.94554 ], [ 88.60796, 21.94546 ], [ 88.60811, 21.94503 ], [ 88.60854, 21.94456 ], [ 88.60933, 21.94397 ], [ 88.60934, 21.94363 ], [ 88.61013, 21.94329 ], [ 88.61044, 21.94282 ], [ 88.61037, 21.9424 ], [ 88.61089, 21.94228 ], [ 88.61127, 21.94201 ], [ 88.61251, 21.94061 ], [ 88.61293, 21.93999 ], [ 88.61301, 21.93944 ], [ 88.61351, 21.93914 ], [ 88.61433, 21.93775 ], [ 88.61444, 21.93732 ], [ 88.61466, 21.93731 ], [ 88.6148, 21.93707 ], [ 88.61477, 21.93655 ], [ 88.61414, 21.93481 ], [ 88.61281, 21.93292 ], [ 88.61191, 21.93241 ], [ 88.61048, 21.93201 ], [ 88.60927, 21.93227 ], [ 88.60769, 21.93278 ], [ 88.60636, 21.93338 ], [ 88.60522, 21.93446 ], [ 88.60455, 21.93463 ], [ 88.6038, 21.93458 ], [ 88.60283, 21.9351 ], [ 88.60122, 21.93655 ], [ 88.59988, 21.93838 ], [ 88.5955, 21.9474 ], [ 88.59335, 21.95004 ], [ 88.59016, 21.95221 ], [ 88.58499, 21.95533 ], [ 88.5816, 21.95716 ], [ 88.57798, 21.95869 ], [ 88.57718, 21.95933 ], [ 88.57715, 21.96324 ], [ 88.57545, 21.97456 ], [ 88.57559, 21.97672 ], [ 88.57589, 21.97813 ], [ 88.5772, 21.98067 ], [ 88.57863, 21.98229 ], [ 88.58129, 21.98397 ], [ 88.58364, 21.9851 ], [ 88.58454, 21.98591 ], [ 88.58502, 21.98662 ], [ 88.58583, 21.98846 ], [ 88.5866, 21.98904 ] ] ], [ [ [ 88.68628, 21.95645 ], [ 88.68542, 21.95606 ], [ 88.68488, 21.95532 ], [ 88.68523, 21.95283 ], [ 88.68541, 21.95253 ], [ 88.68434, 21.95188 ], [ 88.68404, 21.95143 ], [ 88.68354, 21.95127 ], [ 88.68321, 21.95068 ], [ 88.68289, 21.95055 ], [ 88.68294, 21.9502 ], [ 88.68254, 21.94905 ], [ 88.6819, 21.94865 ], [ 88.6815, 21.94865 ], [ 88.68134, 21.94785 ], [ 88.68147, 21.94733 ], [ 88.68123, 21.94723 ], [ 88.68119, 21.94704 ], [ 88.68078, 21.94706 ], [ 88.68063, 21.94685 ], [ 88.6807, 21.94656 ], [ 88.68042, 21.94608 ], [ 88.68009, 21.94603 ], [ 88.67983, 21.94532 ], [ 88.67957, 21.94546 ], [ 88.67932, 21.94532 ], [ 88.67903, 21.94538 ], [ 88.67884, 21.94468 ], [ 88.67849, 21.94421 ], [ 88.67815, 21.94404 ], [ 88.67777, 21.94414 ], [ 88.67758, 21.94391 ], [ 88.6775, 21.94411 ], [ 88.67705, 21.9441 ], [ 88.67691, 21.94434 ], [ 88.67614, 21.94434 ], [ 88.67567, 21.94493 ], [ 88.67544, 21.94497 ], [ 88.67537, 21.94517 ], [ 88.67513, 21.94516 ], [ 88.67477, 21.94573 ], [ 88.67437, 21.94584 ], [ 88.67316, 21.94689 ], [ 88.67297, 21.94721 ], [ 88.67186, 21.94777 ], [ 88.67181, 21.94812 ], [ 88.67152, 21.94803 ], [ 88.67147, 21.9483 ], [ 88.67111, 21.94852 ], [ 88.67101, 21.94886 ], [ 88.67041, 21.9489 ], [ 88.66993, 21.94963 ], [ 88.66951, 21.94966 ], [ 88.66923, 21.95025 ], [ 88.66899, 21.95025 ], [ 88.6689, 21.95009 ], [ 88.66875, 21.95042 ], [ 88.66845, 21.95049 ], [ 88.66816, 21.95013 ], [ 88.66796, 21.95011 ], [ 88.66758, 21.9505 ], [ 88.66726, 21.95011 ], [ 88.66694, 21.95065 ], [ 88.66664, 21.95078 ], [ 88.66655, 21.95118 ], [ 88.66621, 21.95119 ], [ 88.66578, 21.95081 ], [ 88.66528, 21.9516 ], [ 88.66513, 21.95159 ], [ 88.66504, 21.95195 ], [ 88.66459, 21.95204 ], [ 88.66456, 21.95226 ], [ 88.66442, 21.95223 ], [ 88.66373, 21.95385 ], [ 88.66296, 21.95396 ], [ 88.66265, 21.95377 ], [ 88.66236, 21.95332 ], [ 88.66218, 21.95382 ], [ 88.66161, 21.95365 ], [ 88.66114, 21.95406 ], [ 88.66088, 21.95401 ], [ 88.66049, 21.95457 ], [ 88.66018, 21.95449 ], [ 88.65961, 21.95471 ], [ 88.65921, 21.95438 ], [ 88.65866, 21.95444 ], [ 88.65855, 21.95435 ], [ 88.65825, 21.9552 ], [ 88.65813, 21.95494 ], [ 88.65791, 21.95522 ], [ 88.65755, 21.95514 ], [ 88.6571, 21.95524 ], [ 88.65691, 21.95545 ], [ 88.65677, 21.95533 ], [ 88.65542, 21.9555 ], [ 88.65516, 21.95571 ], [ 88.65401, 21.95493 ], [ 88.65395, 21.9551 ], [ 88.65377, 21.95502 ], [ 88.65316, 21.95521 ], [ 88.65237, 21.95477 ], [ 88.65212, 21.95491 ], [ 88.65143, 21.95493 ], [ 88.64981, 21.9547 ], [ 88.64946, 21.95495 ], [ 88.64929, 21.95474 ], [ 88.64852, 21.95473 ], [ 88.64832, 21.95476 ], [ 88.64814, 21.95505 ], [ 88.64789, 21.95476 ], [ 88.6474, 21.95468 ], [ 88.64649, 21.95495 ], [ 88.64597, 21.95472 ], [ 88.64526, 21.95482 ], [ 88.64505, 21.95517 ], [ 88.64477, 21.95481 ], [ 88.64401, 21.95488 ], [ 88.64267, 21.95475 ], [ 88.64117, 21.95429 ], [ 88.64072, 21.95381 ], [ 88.63976, 21.95321 ], [ 88.63885, 21.9522 ], [ 88.63801, 21.95178 ], [ 88.63751, 21.95169 ], [ 88.63527, 21.95183 ], [ 88.63458, 21.95205 ], [ 88.63279, 21.95328 ], [ 88.6315, 21.9548 ], [ 88.63147, 21.95531 ], [ 88.63106, 21.95572 ], [ 88.63103, 21.95628 ], [ 88.6298, 21.95822 ], [ 88.62923, 21.95987 ], [ 88.62872, 21.96291 ], [ 88.62853, 21.96552 ], [ 88.62978, 21.97129 ], [ 88.63115, 21.97606 ], [ 88.63144, 21.97788 ], [ 88.63179, 21.98263 ], [ 88.63335, 21.98836 ], [ 88.63489, 21.99577 ], [ 88.63504, 21.99602 ], [ 88.63858, 21.99859 ], [ 88.64088, 22.00009 ], [ 88.64391, 22.00255 ], [ 88.64644, 22.00423 ], [ 88.64774, 22.00455 ], [ 88.6492, 22.00455 ], [ 88.65089, 22.00439 ], [ 88.65165, 22.00418 ], [ 88.65191, 22.00458 ], [ 88.65122, 22.00494 ], [ 88.64862, 22.00534 ], [ 88.64751, 22.00572 ], [ 88.64822, 22.00705 ], [ 88.65286, 22.01341 ], [ 88.65646, 22.01785 ], [ 88.65685, 22.01789 ], [ 88.6576, 22.01761 ], [ 88.66081, 22.01698 ], [ 88.66539, 22.01686 ], [ 88.66669, 22.01695 ], [ 88.66736, 22.01715 ], [ 88.67141, 22.01871 ], [ 88.6718, 22.01859 ], [ 88.67225, 22.01875 ], [ 88.67413, 22.01864 ], [ 88.67485, 22.01841 ], [ 88.67501, 22.01858 ], [ 88.67507, 22.01832 ], [ 88.67544, 22.01836 ], [ 88.67625, 22.01806 ], [ 88.67819, 22.01678 ], [ 88.68163, 22.01515 ], [ 88.68763, 22.01293 ], [ 88.68888, 22.0122 ], [ 88.69001, 22.01219 ], [ 88.69047, 22.01183 ], [ 88.69125, 22.01189 ], [ 88.69116, 22.01145 ], [ 88.69147, 22.01101 ], [ 88.69175, 22.01095 ], [ 88.69209, 22.01108 ], [ 88.69583, 22.00709 ], [ 88.69786, 22.00546 ], [ 88.6997, 22.00434 ], [ 88.70266, 22.00349 ], [ 88.70506, 22.00304 ], [ 88.70764, 22.00182 ], [ 88.71017, 22.00185 ], [ 88.7115, 22.00171 ], [ 88.71471, 22.00112 ], [ 88.715, 22.0009 ], [ 88.71466, 21.99955 ], [ 88.71373, 21.99807 ], [ 88.71353, 21.99809 ], [ 88.7134, 21.99788 ], [ 88.71325, 21.99729 ], [ 88.71267, 21.99635 ], [ 88.71226, 21.99589 ], [ 88.70959, 21.99389 ], [ 88.70334, 21.98786 ], [ 88.70178, 21.98613 ], [ 88.7006, 21.98435 ], [ 88.70032, 21.98381 ], [ 88.70048, 21.98344 ], [ 88.7004, 21.983 ], [ 88.70021, 21.98302 ], [ 88.70014, 21.98252 ], [ 88.69985, 21.98212 ], [ 88.69946, 21.98198 ], [ 88.69957, 21.98129 ], [ 88.69904, 21.98115 ], [ 88.69899, 21.98035 ], [ 88.69875, 21.98017 ], [ 88.69871, 21.97992 ], [ 88.69827, 21.97995 ], [ 88.69842, 21.9797 ], [ 88.69832, 21.9794 ], [ 88.69846, 21.97925 ], [ 88.69817, 21.97881 ], [ 88.69771, 21.97864 ], [ 88.69774, 21.97832 ], [ 88.6972, 21.97812 ], [ 88.69717, 21.97781 ], [ 88.69694, 21.97774 ], [ 88.69695, 21.97749 ], [ 88.69626, 21.97718 ], [ 88.69616, 21.97678 ], [ 88.69568, 21.97629 ], [ 88.69526, 21.97546 ], [ 88.69527, 21.97479 ], [ 88.6947, 21.9747 ], [ 88.69487, 21.97414 ], [ 88.69424, 21.97222 ], [ 88.69418, 21.97136 ], [ 88.69268, 21.9675 ], [ 88.69332, 21.96662 ], [ 88.69381, 21.96552 ], [ 88.69342, 21.96398 ], [ 88.69277, 21.9633 ], [ 88.69253, 21.96228 ], [ 88.6921, 21.96202 ], [ 88.69176, 21.96206 ], [ 88.69158, 21.96226 ], [ 88.6911, 21.96194 ], [ 88.69019, 21.96058 ], [ 88.68922, 21.9598 ], [ 88.68743, 21.95763 ], [ 88.68692, 21.95745 ], [ 88.68628, 21.95645 ] ] ] ] } },
{ "type": "Feature", "properties": { "district": "Kolkata", "osm_relation": 10371838, "land_area_km2": 183.8, "protected_area_km2": 0.0, "inhabited_area_km2": 183.8 }, "geometry": { "type": "Polygon", "coordinates": [ [ [ 88.36512, 22.61839 ], [ 88.36895, 22.61876 ], [ 88.37625, 22.61813 ], [ 88.37943, 22.61827 ], [ 88.38263, 22.61877 ], [ 88.38413, 22.61883 ], [ 88.38643, 22.61811 ], [ 88.38816, 22.6181 ], [ 88.39119, 22.61869 ], [ 88.39232, 22.61816 ], [ 88.39284, 22.61648 ], [ 88.39318, 22.61357 ], [ 88.39284, 22.61115 ], [ 88.39335, 22.60873 ], [ 88.3933, 22.60414 ], [ 88.3928, 22.59943 ], [ 88.39201, 22.59619 ], [ 88.39226, 22.59521 ], [ 88.39476, 22.59255 ], [ 88.39496, 22.59206 ], [ 88.39547, 22.592 ], [ 88.39672, 22.59008 ], [ 88.4013, 22.58059 ], [ 88.40329, 22.5728 ], [ 88.40376, 22.57169 ], [ 88.40592, 22.56748 ], [ 88.40833, 22.56217 ], [ 88.40927, 22.56075 ], [ 88.41161, 22.55815 ], [ 88.41206, 22.55735 ], [ 88.41236, 22.55627 ], [ 88.41283, 22.55533 ], [ 88.41404, 22.55457 ], [ 88.41492, 22.55371 ], [ 88.41749, 22.55168 ], [ 88.41865, 22.55099 ], [ 88.42325, 22.54556 ], [ 88.42394, 22.54591 ], [ 88.42505, 22.54491 ], [ 88.42613, 22.54311 ], [ 88.42744, 22.54174 ], [ 88.42821, 22.54132 ], [ 88.42984, 22.53993 ], [ 88.43385, 22.5371 ], [ 88.43376, 22.53689 ], [ 88.43434, 22.5363 ], [ 88.43506, 22.53498 ], [ 88.43931, 22.53014 ], [ 88.44018, 22.52962 ], [ 88.44133, 22.52765 ], [ 88.44247, 22.52725 ], [ 88.44319, 22.5266 ], [ 88.44432, 22.52704 ], [ 88.44554, 22.5272 ], [ 88.44606, 22.52713 ], [ 88.45006, 22.52576 ], [ 88.45868, 22.52312 ], [ 88.46108, 22.52256 ], [ 88.46049, 22.52016 ], [ 88.45957, 22.51914 ], [ 88.45861, 22.51896 ], [ 88.45571, 22.51885 ], [ 88.45599, 22.51842 ], [ 88.45659, 22.51811 ], [ 88.45787, 22.51784 ], [ 88.45848, 22.51736 ], [ 88.45831, 22.51675 ], [ 88.45589, 22.51507 ], [ 88.45522, 22.51318 ], [ 88.45466, 22.50958 ], [ 88.45429, 22.50916 ], [ 88.45252, 22.50932 ], [ 88.45075, 22.50888 ], [ 88.44843, 22.50853 ], [ 88.44629, 22.50989 ], [ 88.44516, 22.51125 ], [ 88.44425, 22.51175 ], [ 88.44341, 22.51122 ], [ 88.44154, 22.50958 ], [ 88.44057, 22.5092 ], [ 88.43974, 22.50949 ], [ 88.43776, 22.51233 ], [ 88.43709, 22.51305 ], [ 88.43653, 22.51337 ], [ 88.43649, 22.51376 ], [ 88.43682, 22.51493 ], [ 88.43651, 22.51577 ], [ 88.43508, 22.51715 ], [ 88.43398, 22.51753 ], [ 88.43253, 22.51734 ], [ 88.43169, 22.51738 ], [ 88.43104, 22.51718 ], [ 88.43013, 22.51761 ], [ 88.42908, 22.51781 ], [ 88.42714, 22.51857 ], [ 88.4268, 22.51907 ], [ 88.42673, 22.51953 ], [ 88.42636, 22.51968 ], [ 88.42623, 22.52014 ], [ 88.42569, 22.52027 ], [ 88.42404, 22.52134 ], [ 88.42218, 22.52354 ], [ 88.42111, 22.52392 ], [ 88.42055, 22.52384 ], [ 88.42005, 22.52334 ], [ 88.42011, 22.51741 ], [ 88.41895, 22.5158 ], [ 88.41724, 22.51578 ], [ 88.41675, 22.51545 ], [ 88.41634, 22.5142 ], [ 88.41568, 22.50967 ], [ 88.41605, 22.50645 ], [ 88.41581, 22.50554 ], [ 88.41505, 22.50472 ], [ 88.41393, 22.50495 ], [ 88.41377, 22.50474 ], [ 88.41376, 22.50374 ], [ 88.41303, 22.50322 ], [ 88.41157, 22.50271 ], [ 88.41063, 22.5022 ], [ 88.41028, 22.50175 ], [ 88.41115, 22.49959 ], [ 88.41069, 22.4987 ], [ 88.41082, 22.49823 ], [ 88.41116, 22.49797 ], [ 88.41273, 22.49831 ], [ 88.4132, 22.49765 ], [ 88.41323, 22.49483 ], [ 88.41252, 22.49422 ], [ 88.4116, 22.49393 ], [ 88.40904, 22.49386 ], [ 88.40797, 22.49337 ], [ 88.40718, 22.49276 ], [ 88.40644, 22.49164 ], [ 88.40631, 22.49087 ], [ 88.40668, 22.48999 ], [ 88.40715, 22.48991 ], [ 88.41053, 22.49072 ], [ 88.4111, 22.49108 ], [ 88.4121, 22.49123 ], [ 88.41438, 22.49043 ], [ 88.41472, 22.48947 ], [ 88.41602, 22.48862 ], [ 88.41655, 22.48758 ], [ 88.41636, 22.48695 ], [ 88.41605, 22.48653 ], [ 88.41705, 22.48451 ], [ 88.41646, 22.48352 ], [ 88.41508, 22.48207 ], [ 88.41508, 22.47994 ], [ 88.41492, 22.47865 ], [ 88.41448, 22.47779 ], [ 88.41387, 22.47733 ], [ 88.41299, 22.47738 ], [ 88.41223, 22.47794 ], [ 88.41142, 22.47828 ], [ 88.40869, 22.47896 ], [ 88.40688, 22.47872 ], [ 88.40631, 22.47826 ], [ 88.40607, 22.4777 ], [ 88.4062, 22.47687 ], [ 88.40602, 22.47592 ], [ 88.40558, 22.47502 ], [ 88.40477, 22.47441 ], [ 88.40345, 22.47395 ], [ 88.40016, 22.47388 ], [ 88.39814, 22.47191 ], [ 88.39641, 22.47393 ], [ 88.39591, 22.47357 ], [ 88.39544, 22.47271 ], [ 88.39636, 22.4723 ], [ 88.39691, 22.47176 ], [ 88.3957, 22.47062 ], [ 88.39434, 22.46843 ], [ 88.39347, 22.46756 ], [ 88.3924, 22.46787 ], [ 88.39161, 22.46787 ], [ 88.39059, 22.46721 ], [ 88.38897, 22.46697 ], [ 88.38755, 22.46609 ], [ 88.3842, 22.46517 ], [ 88.38232, 22.4651 ], [ 88.38143, 22.46568 ], [ 88.38054, 22.46581 ], [ 88.37954, 22.46522 ], [ 88.3787, 22.46522 ], [ 88.37779, 22.46551 ], [ 88.37755, 22.46532 ], [ 88.37852, 22.46425 ], [ 88.37957, 22.46339 ], [ 88.38089, 22.46141 ], [ 88.3824, 22.46018 ], [ 88.38271, 22.45943 ], [ 88.38247, 22.45906 ], [ 88.38206, 22.45884 ], [ 88.38114, 22.4588 ], [ 88.38054, 22.4585 ], [ 88.38072, 22.45799 ], [ 88.37994, 22.45607 ], [ 88.37912, 22.45614 ], [ 88.37868, 22.4558 ], [ 88.37659, 22.4555 ], [ 88.37561, 22.45607 ], [ 88.37486, 22.45697 ], [ 88.37322, 22.45392 ], [ 88.37203, 22.45203 ], [ 88.37001, 22.45213 ], [ 88.36891, 22.45288 ], [ 88.36912, 22.45393 ], [ 88.36988, 22.45524 ], [ 88.37017, 22.45639 ], [ 88.36936, 22.45697 ], [ 88.36868, 22.45687 ], [ 88.36797, 22.4557 ], [ 88.36661, 22.45502 ], [ 88.3653, 22.45415 ], [ 88.36389, 22.45417 ], [ 88.36284, 22.45464 ], [ 88.36197, 22.45529 ], [ 88.36171, 22.45624 ], [ 88.36116, 22.45678 ], [ 88.36135, 22.45736 ], [ 88.36229, 22.45807 ], [ 88.36218, 22.45875 ], [ 88.35962, 22.46084 ], [ 88.35951, 22.46172 ], [ 88.36022, 22.46233 ], [ 88.36009, 22.46274 ], [ 88.35975, 22.46289 ], [ 88.3587, 22.46291 ], [ 88.35802, 22.46245 ], [ 88.35749, 22.4616 ], [ 88.35679, 22.46123 ], [ 88.35506, 22.46126 ], [ 88.35427, 22.46109 ], [ 88.35257, 22.45851 ], [ 88.35056, 22.45692 ], [ 88.34896, 22.45653 ], [ 88.34587, 22.45673 ], [ 88.34467, 22.45758 ], [ 88.3443, 22.45857 ], [ 88.34417, 22.45948 ], [ 88.34435, 22.46023 ], [ 88.34417, 22.46086 ], [ 88.34441, 22.46162 ], [ 88.34287, 22.46213 ], [ 88.34265, 22.46274 ], [ 88.34187, 22.46315 ], [ 88.34101, 22.46322 ], [ 88.3404, 22.46264 ], [ 88.33917, 22.46215 ], [ 88.3364, 22.46217 ], [ 88.33417, 22.46156 ], [ 88.33244, 22.46227 ], [ 88.33189, 22.46332 ], [ 88.33168, 22.46441 ], [ 88.33192, 22.46517 ], [ 88.33375, 22.46682 ], [ 88.33378, 22.46711 ], [ 88.32896, 22.46804 ], [ 88.32514, 22.46779 ], [ 88.32367, 22.46738 ], [ 88.32108, 22.46563 ], [ 88.31974, 22.45964 ], [ 88.31956, 22.45811 ], [ 88.31893, 22.45752 ], [ 88.31608, 22.45693 ], [ 88.31336, 22.45678 ], [ 88.31098, 22.45647 ], [ 88.3103, 22.45659 ], [ 88.30948, 22.45713 ], [ 88.30854, 22.45897 ], [ 88.30733, 22.45937 ], [ 88.30559, 22.45881 ], [ 88.30471, 22.45904 ], [ 88.30399, 22.45828 ], [ 88.30367, 22.4556 ], [ 88.30267, 22.45542 ], [ 88.30027, 22.45546 ], [ 88.29859, 22.45507 ], [ 88.29464, 22.45492 ], [ 88.29256, 22.4554 ], [ 88.29085, 22.45562 ], [ 88.29004, 22.45533 ], [ 88.28945, 22.45479 ], [ 88.28981, 22.4534 ], [ 88.28962, 22.45307 ], [ 88.28899, 22.45366 ], [ 88.28844, 22.45394 ], [ 88.2876, 22.4537 ], [ 88.2863, 22.4539 ], [ 88.28752, 22.45694 ], [ 88.28853, 22.46048 ], [ 88.28901, 22.46431 ], [ 88.28862, 22.46624 ], [ 88.28579, 22.47036 ], [ 88.28384, 22.47198 ], [ 88.27888, 22.47446 ], [ 88.27705, 22.47498 ], [ 88.27599, 22.47558 ], [ 88.27638, 22.47865 ], [ 88.27617, 22.48194 ], [ 88.27581, 22.48307 ], [ 88.27447, 22.48391 ], [ 88.27383, 22.48558 ], [ 88.27321, 22.48622 ], [ 88.27194, 22.48679 ], [ 88.27036, 22.48777 ], [ 88.26933, 22.49024 ], [ 88.2698, 22.49123 ], [ 88.27011, 22.49151 ], [ 88.27205, 22.49184 ], [ 88.27264, 22.49113 ], [ 88.27279, 22.49023 ], [ 88.27333, 22.48928 ], [ 88.27428, 22.48873 ], [ 88.27537, 22.48869 ], [ 88.27849, 22.48782 ], [ 88.28036, 22.48646 ], [ 88.28121, 22.48551 ], [ 88.28258, 22.48588 ], [ 88.28497, 22.48481 ], [ 88.289, 22.4833 ], [ 88.29423, 22.48207 ], [ 88.29511, 22.48227 ], [ 88.29706, 22.48325 ], [ 88.29848, 22.48423 ], [ 88.30036, 22.48603 ], [ 88.30356, 22.49027 ], [ 88.30641, 22.49084 ], [ 88.31056, 22.49089 ], [ 88.31083, 22.49193 ], [ 88.31146, 22.49262 ], [ 88.3114, 22.49646 ], [ 88.31109, 22.49801 ], [ 88.30942, 22.4985 ], [ 88.30789, 22.49913 ], [ 88.30717, 22.49999 ], [ 88.30598, 22.50397 ], [ 88.3058, 22.5068 ], [ 88.30532, 22.50802 ], [ 88.30297, 22.51018 ], [ 88.30237, 22.51106 ], [ 88.30185, 22.51383 ], [ 88.3012, 22.51537 ], [ 88.30063, 22.51623 ], [ 88.29912, 22.51692 ], [ 88.29645, 22.51705 ], [ 88.29396, 22.51741 ], [ 88.29223, 22.51691 ], [ 88.29165, 22.51709 ], [ 88.29148, 22.51816 ], [ 88.29115, 22.51893 ], [ 88.29046, 22.51975 ], [ 88.29004, 22.52069 ], [ 88.28996, 22.52165 ], [ 88.29016, 22.52346 ], [ 88.29084, 22.52503 ], [ 88.28988, 22.52629 ], [ 88.28943, 22.52664 ], [ 88.2892, 22.5274 ], [ 88.28957, 22.52813 ], [ 88.29116, 22.52987 ], [ 88.29072, 22.531 ], [ 88.29095, 22.53263 ], [ 88.29192, 22.53564 ], [ 88.29193, 22.53722 ], [ 88.29161, 22.53853 ], [ 88.29026, 22.53972 ], [ 88.28926, 22.54007 ], [ 88.28667, 22.54012 ], [ 88.28519, 22.54044 ], [ 88.28386, 22.54102 ], [ 88.2815, 22.54151 ], [ 88.27757, 22.54298 ], [ 88.2758, 22.54257 ], [ 88.27469, 22.54122 ], [ 88.27317, 22.5405 ], [ 88.27249, 22.53937 ], [ 88.27125, 22.53919 ], [ 88.27088, 22.53874 ], [ 88.27078, 22.53793 ], [ 88.27035, 22.53784 ], [ 88.26917, 22.53825 ], [ 88.26817, 22.53814 ], [ 88.26716, 22.53764 ], [ 88.26598, 22.5376 ], [ 88.26506, 22.53695 ], [ 88.26425, 22.53462 ], [ 88.26345, 22.53428 ], [ 88.26239, 22.53429 ], [ 88.26109, 22.53464 ], [ 88.26086, 22.53443 ], [ 88.26097, 22.53364 ], [ 88.26072, 22.53293 ], [ 88.26029, 22.5328 ], [ 88.25969, 22.53314 ], [ 88.2587, 22.53456 ], [ 88.25807, 22.53578 ], [ 88.25744, 22.53655 ], [ 88.2568, 22.53655 ], [ 88.25616, 22.53622 ], [ 88.25568, 22.53628 ], [ 88.25562, 22.53667 ], [ 88.25602, 22.53738 ], [ 88.25645, 22.53774 ], [ 88.25733, 22.53782 ], [ 88.25816, 22.53872 ], [ 88.25856, 22.5398 ], [ 88.2583, 22.54082 ], [ 88.25797, 22.54133 ], [ 88.25555, 22.5424 ], [ 88.25513, 22.54308 ], [ 88.25502, 22.54412 ], [ 88.25513, 22.54613 ], [ 88.25444, 22.54692 ], [ 88.25353, 22.54747 ], [ 88.25128, 22.54655 ], [ 88.25, 22.54516 ], [ 88.24649, 22.54738 ], [ 88.24003, 22.54925 ], [ 88.23363, 22.54916 ], [ 88.237, 22.55774 ], [ 88.24047, 22.56097 ], [ 88.24429, 22.5617 ], [ 88.24806, 22.56154 ], [ 88.25659, 22.55895 ], [ 88.27635, 22.55481 ], [ 88.29367, 22.55222 ], [ 88.29569, 22.55215 ], [ 88.30474, 22.5495 ], [ 88.30853, 22.54928 ], [ 88.31298, 22.54966 ], [ 88.31867, 22.55083 ], [ 88.32408, 22.55465 ], [ 88.34118, 22.57219 ], [ 88.34518, 22.57924 ], [ 88.34791, 22.58516 ], [ 88.35052, 22.59653 ], [ 88.36117, 22.60905 ], [ 88.36512, 22.61839 ] ], [ [ 88.39081, 22.58722 ], [ 88.3921, 22.5869 ], [ 88.39235, 22.58779 ], [ 88.39107, 22.58811 ], [ 88.39081, 22.58722 ] ], [ [ 88.39687, 22.58953 ], [ 88.39681, 22.58958 ], [ 88.39674, 22.58957 ], [ 88.39663, 22.58949 ], [ 88.39655, 22.58942 ], [ 88.39651, 22.58935 ], [ 88.39653, 22.5893 ], [ 88.39658, 22.58927 ], [ 88.39669, 22.58924 ], [ 88.39678, 22.5892 ], [ 88.39693, 22.58912 ], [ 88.39707, 22.58906 ], [ 88.39704, 22.58911 ], [ 88.39696, 22.5893 ], [ 88.39687, 22.58953 ] ] ] } }
]
}
